,1000PEPEUSDT,1000SHIBUSDT,AAVEUSDT,ADAUSDT,AKEUSDT,APTUSDT,ARBUSDT,ASTERUSDT,AVAXUSDT,BCHUSDT,BNBUSDT,BRUSDT,BTCUSDT,BTWUSDT,DASHUSDT,DOGEUSDT,DOTUSDT,ENAUSDT,ETCUSDT,ETHUSDT,FETUSDT,FILUSDT,HBARUSDT,HYPEUSDT,INJUSDT,KORUUSDT,LINKUSDT,LITUSDT,LSKUSDT,LTCUSDT,MUBARAKUSDT,MUUUSDT,NEARUSDT,ONDOUSDT,ONEUSDT,OPUSDT,PENGUUSDT,PUMPUSDT,SAGAUSDT,SNXXUSDT,SOLUSDT,SUIUSDT,TAOUSDT,TRUMPUSDT,UNIUSDT,USELESSUSDT,VVVUSDT,WLDUSDT,XLMUSDT,XMRUSDT,XPLUSDT,XRPUSDT,ZECUSDT,龙虾USDT,ICPUSDT,NILUSDT,QNTUSDT,USUSDT,ZROUSDT
2026-09-01 00:00:00+00:00,0.0035607,0.005087,125.31,0.1993,0.008147,0.5379,0.11695,0.7031,7.272,247.52,693.61,0.21293,78618,0.41193,45,0.08304,0.8481,0.15087,7.327,2470.75,0.1571,0.6877,0.07384,84.073,4.923,21.37,11.378,3.5701,0.10123,48.72,0.02121,30.89,1.951,0.3474,0.0007614,0.09728,0.008818,0.004605,0.01503,13.98,103.14,0.7321,231.67,2.413,5.248,0.0912,16.933,0.3683,0.17845,520.36,0.0842,1.3836,856.46,0.065262,2.415,0.05268,61.28,0.016644,1.0355
2026-09-01 01:00:00+00:00,0.0035566,0.005081,124.51,0.1991,0.008264,0.5361,0.11441,0.7043,7.263,247.18,691.9,0.212,78375.7,0.41934,45.94,0.08276,0.8481,0.14991,7.303,2461.77,0.1557,0.685,0.07399,84.235,4.905,21.07,11.357,3.6152,0.1003,48.68,0.02118,30.74,1.938,0.3467,0.0007583,0.09576,0.008764,0.004537,0.01521,13.89,103.19,0.7312,230.47,2.393,5.267,0.09315,16.809,0.3663,0.17796,518.19,0.08365,1.3762,853.51,0.064479,2.417,0.05187,61.3,0.016569,1.0337
2026-09-01 02:00:00+00:00,0.0035488,0.005086,124.26,0.2003,0.008597,0.536,0.11239,0.6994,7.256,247.39,692.78,0.21098,78420.7,0.42078,45.16,0.08282,0.8519,0.14924,7.283,2463.83,0.1548,0.6845,0.07397,83.95,4.935,21.06,11.355,3.6614,0.10076,48.73,0.02145,30.57,1.96,0.3473,0.0007595,0.09409,0.00875,0.004499,0.01513,13.84,103.34,0.7295,229.67,2.394,5.221,0.09279,16.919,0.3662,0.17755,515.99,0.08347,1.375,850.8,0.063119,2.407,0.05128,61.34,0.016545,1.0152
2026-09-01 03:00:00+00:00,0.0035579,0.005132,125.46,0.2007,0.008653,0.5404,0.11147,0.7022,7.273,247.52,693.85,0.21038,78653.9,0.43418,45.52,0.08315,0.8576,0.151,7.303,2471.39,0.1569,0.6907,0.0744,84.29,4.944,21.13,11.427,3.6832,0.10047,48.95,0.02148,30.73,1.976,0.3488,0.000756,0.09441,0.008758,0.004517,0.01516,13.92,103.59,0.733,230.37,2.404,5.366,0.09524,17.134,0.3685,0.17794,519.21,0.08394,1.3862,856.54,0.063454,2.416,0.05157,61.35,0.016594,1.0209
2026-09-01 04:00:00+00:00,0.0035269,0.005119,125.79,0.2007,0.008525,0.541,0.11098,0.6979,7.261,247.67,692.61,0.21041,78695.9,0.4122,46.22,0.08312,0.851,0.14994,7.302,2468.94,0.1563,0.689,0.07457,83.9,4.923,21.13,11.411,3.6451,0.09887,48.74,0.02149,30.71,1.959,0.3482,0.0007528,0.09622,0.008746,0.004495,0.01509,13.89,103.56,0.7291,229.04,2.402,5.372,0.09552,17.093,0.3705,0.17766,517.43,0.08373,1.3801,852.14,0.06382,2.425,0.05154,61.45,0.016406,1.0197
2026-09-01 05:00:00+00:00,0.0035647,0.00519,127.09,0.2026,0.008768,0.5425,0.11177,0.7005,7.321,251.06,694.35,0.21104,79149.8,0.40737,46.49,0.08381,0.8543,0.15267,7.381,2483.51,0.1577,0.692,0.07505,84.367,4.972,21.42,11.504,3.6445,0.10003,49.13,0.02194,30.9,1.982,0.3528,0.0007553,0.09575,0.008859,0.004523,0.01511,14,104.24,0.7351,231.11,2.429,5.591,0.09332,17.112,0.3737,0.17922,518.43,0.0843,1.3942,864.2,0.064782,2.434,0.05158,61.56,0.016523,1.0331
2026-09-01 06:00:00+00:00,0.003529,0.005185,126.38,0.2002,0.008886,0.5371,0.11137,0.6977,7.296,248.99,690.93,0.21085,78705.8,0.39024,46.94,0.08339,0.8695,0.15101,7.355,2470.69,0.1572,0.6973,0.0748,84.038,4.938,21.22,11.478,3.6179,0.09975,48.84,0.02138,30.84,1.954,0.3511,0.0007476,0.09669,0.008759,0.004462,0.01502,13.91,103.32,0.7307,229.18,2.353,5.739,0.09374,16.875,0.369,0.17748,523.29,0.08346,1.3834,858.55,0.065871,2.422,0.05148,61.2,0.016294,1.0191
2026-09-01 07:00:00+00:00,0.0035309,0.005173,126.93,0.2003,0.008917,0.541,0.1129,0.6976,7.312,250.68,690.87,0.2071,78600.2,0.39219,46.81,0.08333,0.8691,0.15224,7.346,2471.44,0.1564,0.6935,0.0747,83.471,4.95,21.1,11.467,3.6898,0.09958,48.87,0.02138,30.63,1.939,0.3499,0.0007446,0.09673,0.008764,0.00449,0.01496,13.88,103.09,0.7297,228.48,2.358,5.806,0.09199,16.891,0.3694,0.17776,525.03,0.08352,1.3792,851.76,0.065528,2.414,0.05165,61.43,0.016302,1.0138
2026-09-01 08:00:00+00:00,0.0034692,0.005082,125.27,0.1966,0.00854,0.5307,0.1068,0.6955,7.21,245.34,686.74,0.20865,77850,0.38738,44.95,0.08226,0.8546,0.14989,7.235,2447.09,0.1526,0.6932,0.07382,83.035,4.829,20.42,11.335,3.6193,0.09843,48.34,0.02108,29.66,1.93,0.3444,0.0007321,0.09575,0.008633,0.004401,0.01472,13.34,102.03,0.7192,225.74,2.337,5.696,0.08835,16.709,0.3608,0.17514,526.59,0.08242,1.3622,844.11,0.064267,2.382,0.05155,61.02,0.016239,0.9968
2026-09-01 09:00:00+00:00,0.0034831,0.00511,124.94,0.1971,0.008812,0.5336,0.10983,0.6978,7.241,245.38,686.45,0.20922,77875.5,0.40878,44.91,0.08236,0.8538,0.15185,7.261,2451.1,0.1512,0.6943,0.07419,83.055,4.821,20.29,11.326,3.6697,0.09884,48.59,0.0213,29.77,1.918,0.3451,0.000736,0.09533,0.008637,0.004385,0.01479,13.43,101.9,0.72,225.88,2.355,5.679,0.09117,16.704,0.3612,0.17568,523.59,0.08119,1.3663,840.51,0.063218,2.397,0.05146,61.35,0.01615,1.0022
2026-09-01 10:00:00+00:00,0.0034854,0.00515,126.6,0.199,0.008863,0.5395,0.11244,0.7012,7.275,247.46,687.01,0.20986,77988,0.38841,45.3,0.08282,0.8632,0.15625,7.3,2455.78,0.1529,0.7048,0.07473,83.487,4.843,20.14,11.43,3.7302,0.09905,48.93,0.02151,29.63,1.938,0.3482,0.0007349,0.09748,0.008731,0.004405,0.01487,13.4,102.31,0.7262,227.42,2.377,5.736,0.09947,16.727,0.3665,0.17736,529.23,0.08152,1.3768,843.86,0.062232,2.412,0.05023,61.53,0.016013,1.0042
2026-09-01 11:00:00+00:00,0.0035082,0.005185,128.22,0.1995,0.008623,0.5501,0.11327,0.7046,7.278,248.88,687.69,0.20794,78056.4,0.38951,45.9,0.08316,0.8685,0.16537,7.319,2457.87,0.1542,0.7028,0.07517,83.888,4.855,20.01,11.463,3.7953,0.0991,49.06,0.02154,29.59,1.978,0.3492,0.0007368,0.09838,0.008814,0.004425,0.0149,13.48,102.22,0.7305,226.81,2.394,5.896,0.10278,16.909,0.3722,0.17854,527.6,0.08288,1.3815,857.82,0.061507,2.419,0.0505,61.84,0.015857,1.0184
2026-09-01 12:00:00+00:00,0.0035073,0.005149,125.58,0.1981,0.008573,0.5446,0.10937,0.6992,7.264,247.01,687,0.20618,77960.9,0.38987,45.38,0.08253,0.8588,0.16149,7.236,2445.22,0.1527,0.6933,0.07528,83.173,4.822,20.03,11.384,3.7263,0.09908,49.11,0.02132,29.54,1.967,0.3458,0.0007347,0.09711,0.00873,0.004373,0.01473,13.49,101.86,0.7253,224.54,2.349,5.729,0.10097,16.385,0.3676,0.17775,516.65,0.08249,1.3691,846.83,0.06245,2.437,0.0498,62.71,0.016034,1.0097
2026-09-01 13:00:00+00:00,0.0035288,0.005168,126.68,0.1987,0.008568,0.5549,0.1097,0.6977,7.289,247.67,687.52,0.20741,78039,0.40033,45.66,0.08269,0.8627,0.16014,7.278,2442.99,0.1544,0.7014,0.07438,83.674,4.91,20.23,11.396,3.7551,0.0998,49.41,0.02175,29.57,2.014,0.3464,0.000736,0.09832,0.00879,0.004467,0.01477,13.78,101.89,0.7303,226.24,2.365,5.693,0.10395,16.355,0.3689,0.17769,509.32,0.08401,1.375,852.67,0.061554,2.442,0.05011,62.75,0.01631,1.0046
2026-09-01 14:00:00+00:00,0.0035176,0.005182,127.54,0.1995,0.008663,0.5562,0.1098,0.7002,7.33,249.13,687.65,0.20911,78136.5,0.39852,44.97,0.08274,0.8681,0.1632,7.291,2448.24,0.1544,0.7123,0.07465,83.818,4.88,20.28,11.443,3.8146,0.10141,49.6,0.02152,30.59,2.025,0.346,0.0007364,0.10063,0.008812,0.004455,0.01481,14.28,101.96,0.7313,225.65,2.377,5.723,0.10401,16.312,0.371,0.17854,506.02,0.08429,1.378,853.57,0.060522,2.458,0.04982,63.26,0.016176,1.01
2026-09-01 15:00:00+00:00,0.0035141,0.0052,127.11,0.1993,0.008611,0.5588,0.10967,0.695,7.301,248.48,687.09,0.2087,77877.3,0.40384,44.55,0.08268,0.8679,0.16245,7.29,2447.9,0.1537,0.7086,0.07452,83.243,4.894,20.44,11.424,3.8614,0.10132,49.84,0.02156,31.07,2.016,0.3462,0.0007356,0.10022,0.008763,0.004488,0.01481,14.88,101.98,0.7315,225.73,2.369,5.72,0.10361,16.066,0.3714,0.17806,509.24,0.08601,1.3776,853.44,0.082599,2.459,0.04979,63.49,0.016192,1.0128
2026-09-01 16:00:00+00:00,0.0034779,0.005166,126.08,0.1971,0.008668,0.5525,0.10874,0.6962,7.261,246.12,684.3,0.20741,77559.4,0.41002,44,0.0821,0.8642,0.1607,7.238,2431.68,0.1529,0.724,0.07442,82.306,4.838,19.77,11.359,3.6876,0.0996,49.7,0.02124,29.86,1.964,0.3432,0.0007326,0.09845,0.008591,0.004377,0.0147,14.37,100.87,0.7259,223.68,2.331,5.695,0.09974,16.138,0.3652,0.17612,501.04,0.08479,1.3647,837.84,0.078322,2.481,0.04967,63.58,0.016212,1.0007
2026-09-01 17:00:00+00:00,0.0034831,0.005172,126.08,0.1972,0.008745,0.5645,0.10728,0.6971,7.242,246.4,683.24,0.20582,77239.9,0.41971,43.92,0.082,0.8745,0.16104,7.271,2417.3,0.1548,0.7725,0.07434,81.728,4.84,19.36,11.304,3.6786,0.09884,49.63,0.02101,29.44,1.948,0.3428,0.0007298,0.09881,0.008504,0.004272,0.01467,14.21,100.55,0.7259,222.29,2.285,5.743,0.10506,15.935,0.3662,0.17648,496.48,0.08529,1.3621,828.55,0.072472,2.478,0.04913,64.07,0.01618,0.9928
2026-09-01 18:00:00+00:00,0.0035003,0.005166,126.03,0.1965,0.008769,0.5563,0.10643,0.6933,7.221,246.2,679.9,0.20776,77119.9,0.42437,43.5,0.08167,0.8665,0.15735,7.281,2411.8,0.1539,0.7625,0.07426,81.57,4.865,19.19,11.209,3.7396,0.09852,49.32,0.02053,28.93,1.919,0.343,0.0007316,0.0967,0.00853,0.004313,0.01469,13.75,99.55,0.7242,222.46,2.296,5.657,0.11692,16.037,0.3613,0.1758,496.12,0.08334,1.3555,828.89,0.071944,2.464,0.04874,63.23,0.015945,1.0021
2026-09-01 19:00:00+00:00,0.0034852,0.00516,125.94,0.1964,0.008806,0.5568,0.10817,0.6919,7.228,246.6,680.21,0.20848,77286.3,0.42711,43.65,0.08193,0.8743,0.15703,7.29,2417.99,0.1545,0.7876,0.07434,82.715,4.807,19.2,11.216,3.6439,0.09968,49.49,0.02087,29.17,1.899,0.3423,0.0007322,0.09684,0.008476,0.004357,0.01469,13.73,100.02,0.7241,222.4,2.282,5.656,0.11616,16.081,0.3627,0.17642,502.2,0.08446,1.3538,830.95,0.069444,2.5,0.04925,63.33,0.016092,0.9963
2026-09-01 20:00:00+00:00,0.0034865,0.005151,125.84,0.1964,0.008762,0.5499,0.10709,0.692,7.229,246.13,681.42,0.20971,77415,0.42075,43.6,0.08194,0.8655,0.15894,7.27,2420.23,0.1531,0.7753,0.07442,82.567,4.807,19.31,11.242,3.7113,0.09971,49.6,0.02125,29.11,1.905,0.3425,0.0007329,0.09523,0.008474,0.004347,0.01466,13.67,100.05,0.7237,221.4,2.276,5.715,0.113,16.023,0.3623,0.17615,501.16,0.08453,1.3537,826.47,0.068143,2.483,0.04939,63.1,0.01606,1.0081
2026-09-01 21:00:00+00:00,0.003461,0.005127,126.27,0.1956,0.008761,0.5473,0.10847,0.6897,7.201,245.14,681.16,0.20804,77180.4,0.42102,43.53,0.08147,0.8651,0.1576,7.229,2414.27,0.1526,0.7745,0.07413,82.358,4.801,19.25,11.173,3.5932,0.09958,49.92,0.02104,28.99,1.889,0.3396,0.0007279,0.09564,0.008405,0.004334,0.0146,13.65,99.54,0.7192,220.19,2.274,5.771,0.10937,16.257,0.3597,0.17542,494.26,0.08447,1.3488,822.52,0.064127,2.474,0.04904,63.5,0.015948,0.9974
2026-09-01 22:00:00+00:00,0.0034609,0.005122,126.79,0.1951,0.008856,0.5417,0.10846,0.6894,7.181,244.65,681.46,0.20779,77240.1,0.42077,43.76,0.08142,0.8624,0.15621,7.197,2411.85,0.1525,0.7598,0.07382,82.439,4.791,19,11.163,3.5552,0.10076,49.47,0.02169,28.87,1.888,0.3387,0.0007277,0.09417,0.008396,0.004359,0.01456,13.57,99.64,0.717,219.51,2.258,5.81,0.11114,16.2,0.3595,0.17492,497.93,0.08308,1.3445,827.15,0.064835,2.458,0.04878,63.72,0.016243,0.993
2026-09-01 23:00:00+00:00,0.0034752,0.00514,127.86,0.1965,0.008744,0.546,0.11039,0.6937,7.214,245.92,683.35,0.20806,77400.1,0.42026,43.85,0.08164,0.8717,0.15938,7.235,2417.46,0.1547,0.7789,0.07403,82.788,4.802,19.08,11.227,3.5163,0.1016,49.54,0.02155,28.92,1.885,0.3403,0.0007328,0.09516,0.008456,0.004376,0.01468,13.65,99.93,0.7215,220.02,2.269,5.843,0.11159,16.298,0.3646,0.17568,505.75,0.08257,1.3512,829.6,0.06623,2.478,0.04895,63.56,0.01606,1.0248
2026-09-02 00:00:00+00:00,0.0034628,0.005138,126.9,0.1961,0.008798,0.5428,0.10801,0.6978,7.178,245.36,684.23,0.20619,77179.5,0.4191,43.03,0.08111,0.8663,0.15753,7.186,2407.68,0.1533,0.7728,0.07344,82.539,4.756,19.69,11.155,3.5373,0.10081,49.13,0.02152,28.92,1.863,0.3385,0.0007397,0.09452,0.008388,0.00433,0.01465,13.71,99.6,0.7178,217.89,2.238,5.888,0.11311,16.197,0.3605,0.17447,504.67,0.08073,1.3406,829.9,0.06486,2.451,0.05014,63.78,0.015993,1.0103
2026-09-02 01:00:00+00:00,0.0034429,0.005082,125.79,0.1945,0.008723,0.5404,0.11049,0.6898,7.136,244.12,682.93,0.20627,76983,0.43077,42.03,0.08067,0.8653,0.15715,7.148,2398.01,0.1519,0.7697,0.07319,81.964,4.76,19.48,11.114,3.4175,0.09901,49,0.0213,28.84,1.84,0.3369,0.0007342,0.09339,0.008288,0.004147,0.01452,13.66,99.05,0.7123,216.52,2.235,5.847,0.10943,16.248,0.3577,0.17348,506.42,0.08061,1.334,821.18,0.063069,2.442,0.04886,63.46,0.016092,0.9987
2026-09-02 02:00:00+00:00,0.0034777,0.005123,127.48,0.1973,0.008724,0.5508,0.11149,0.6953,7.182,246.94,685.78,0.20597,77299.9,0.43792,42.56,0.08115,0.8757,0.15872,7.23,2408.96,0.155,0.7786,0.07356,82.924,4.87,19.55,11.168,3.4229,0.1003,49.29,0.0215,28.88,1.866,0.3413,0.0007462,0.09494,0.008329,0.004246,0.01479,13.65,99.87,0.7216,218.94,2.239,6.019,0.11125,16.415,0.3627,0.1751,514.83,0.08285,1.3445,832.35,0.066779,2.443,0.04861,63.91,0.016133,1.0321
2026-09-02 03:00:00+00:00,0.0034799,0.005157,129.24,0.1976,0.008637,0.5572,0.11297,0.6999,7.198,248.76,687.83,0.20535,77534.3,0.43545,42.61,0.08149,0.8868,0.16003,7.253,2413.34,0.155,0.8032,0.07395,82.897,4.884,19.25,11.204,3.4845,0.10014,49.13,0.02141,28.78,1.871,0.3426,0.0007487,0.09597,0.008338,0.004272,0.01477,13.6,100.23,0.723,220.04,2.288,6.048,0.11004,16.487,0.3656,0.17561,514.89,0.08294,1.3512,839.52,0.07245,2.474,0.04796,64.06,0.01699,1.0319
2026-09-02 04:00:00+00:00,0.003476,0.005194,132.15,0.1972,0.008655,0.5582,0.11211,0.7026,7.228,248.31,688.04,0.2052,77526,0.42911,42.43,0.08169,0.8921,0.15884,7.283,2414.15,0.1555,0.8021,0.0741,83.073,4.867,19.17,11.246,3.4833,0.1008,49.39,0.02137,28.77,1.873,0.343,0.0007539,0.09623,0.008405,0.004308,0.01482,13.6,100.03,0.724,220.2,2.298,6.254,0.11098,16.417,0.3669,0.17557,518.87,0.08298,1.3476,837.62,0.072299,2.528,0.0479,64.18,0.016722,1.0251
2026-09-02 05:00:00+00:00,0.0034648,0.005188,134.33,0.1985,0.008615,0.5584,0.1134,0.7049,7.24,248.42,689.41,0.20671,77618.5,0.43436,42.54,0.08198,0.8748,0.15934,7.296,2421.31,0.155,0.7934,0.07405,83.664,4.85,19.22,11.286,3.4994,0.10233,49.41,0.02164,28.97,1.881,0.3439,0.0007523,0.09603,0.008433,0.004315,0.01477,13.69,100.21,0.7262,221.12,2.282,6.209,0.11105,16.311,0.3663,0.17572,520.42,0.08352,1.3509,835.27,0.071481,2.568,0.04743,64.78,0.01644,1.0253
2026-09-02 06:00:00+00:00,0.0034596,0.005181,133.21,0.1976,0.008718,0.5554,0.11413,0.7069,7.221,247.71,688.57,0.20539,77578.2,0.44525,42.12,0.08175,0.8604,0.15686,7.289,2419.55,0.1546,0.7929,0.07402,83.169,4.844,19.08,11.249,3.5321,0.1024,49.46,0.02171,28.92,1.868,0.3433,0.0007597,0.095,0.008391,0.004321,0.01474,13.65,100.02,0.7251,219.85,2.251,6.317,0.11408,16.355,0.3665,0.17567,523.79,0.08389,1.3461,835.49,0.06706,2.563,0.04725,65.47,0.016502,1.0313
2026-09-02 07:00:00+00:00,0.0034501,0.005171,131.4,0.1968,0.008628,0.5584,0.1146,0.7068,7.205,247.31,688.04,0.20412,77444.9,0.44084,42.05,0.08164,0.8624,0.15694,7.28,2416.65,0.1545,0.8019,0.07398,82.327,4.885,19.15,11.202,3.571,0.10024,49.15,0.02225,28.92,1.857,0.3425,0.0007607,0.09448,0.008368,0.004305,0.01469,13.64,99.79,0.724,218.91,2.243,6.298,0.1165,16.221,0.3649,0.17442,518.56,0.08442,1.3449,833.7,0.07254,2.546,0.04689,64.73,0.016627,1.0255
2026-09-02 08:00:00+00:00,0.0034204,0.005116,128.55,0.1946,0.008074,0.5557,0.11626,0.7035,7.138,244.35,683.92,0.20525,76819.7,0.44369,41.8,0.08095,0.8566,0.15614,7.244,2392.11,0.1524,0.7919,0.07347,81.481,4.825,18.99,11.088,3.4806,0.09998,48.78,0.02178,28.51,1.848,0.3404,0.0007598,0.09496,0.008247,0.004213,0.01466,13.42,98.96,0.7186,216.68,2.232,6.187,0.11211,16.078,0.3608,0.17364,517.83,0.08321,1.3302,820.74,0.072181,2.52,0.04697,64.43,0.016987,1.0108
2026-09-02 09:00:00+00:00,0.003421,0.005111,126.4,0.1941,0.008543,0.5551,0.11482,0.6983,7.104,244.21,683.89,0.20919,76716.6,0.44409,41.79,0.08086,0.8497,0.15458,7.21,2375.43,0.1519,0.7938,0.0734,81.279,4.8,18.79,11.059,3.5314,0.09972,48.79,0.02164,28.33,1.837,0.3405,0.0007522,0.09472,0.008266,0.004225,0.0146,13.44,98.58,0.7158,216.71,2.214,6.071,0.10669,15.933,0.3598,0.17285,520.34,0.08294,1.3266,809.87,0.070524,2.537,0.04689,64.42,0.016537,1.0102
2026-09-02 10:00:00+00:00,0.0034087,0.005089,126.96,0.1937,0.008436,0.5501,0.11083,0.6995,7.079,243.85,683.33,0.20994,76639.2,0.43698,41.6,0.08078,0.8435,0.15197,7.187,2371.5,0.1512,0.7783,0.07311,81.316,4.777,18.72,10.973,3.5895,0.09907,48.73,0.02201,28.48,1.846,0.3404,0.0007498,0.09443,0.00821,0.004208,0.01455,13.48,98.19,0.7098,216.41,2.205,6.052,0.10151,15.918,0.3594,0.17219,520.51,0.08304,1.3194,801.32,0.072052,2.492,0.0473,63.45,0.016377,1.0244
2026-09-02 11:00:00+00:00,0.0034142,0.005112,126.19,0.1949,0.008646,0.5605,0.10754,0.7001,7.114,244.65,684.21,0.20833,76788.6,0.43944,41.69,0.0812,0.8441,0.15088,7.221,2380.58,0.1511,0.7724,0.07335,81.201,4.785,19.23,11.018,3.609,0.09952,48.77,0.02187,28.94,1.857,0.3417,0.0007512,0.09493,0.008213,0.004232,0.01469,13.54,98.06,0.714,217.13,2.189,5.742,0.10523,15.785,0.3591,0.1724,511.36,0.08261,1.3244,798.64,0.073779,2.483,0.04754,63.86,0.016289,1.0092
2026-09-02 12:00:00+00:00,0.0033855,0.005094,125.95,0.1939,0.008596,0.5556,0.1086,0.7021,7.094,243.17,683.52,0.2081,76573.2,0.43745,41.62,0.08079,0.8393,0.14889,7.203,2376.55,0.1506,0.7714,0.07305,80.991,4.77,19.17,10.96,3.6056,0.09958,48.71,0.0224,29.03,1.836,0.3396,0.0007436,0.09483,0.008155,0.004169,0.01456,13.59,97.66,0.7101,215.9,2.179,5.817,0.10768,15.778,0.3561,0.17167,507.78,0.08175,1.3175,794.64,0.068788,2.476,0.04793,63.55,0.016452,0.9982
2026-09-02 13:00:00+00:00,0.0034211,0.005162,127.07,0.1963,0.010239,0.5588,0.11085,0.7155,7.165,244.45,687.88,0.21047,77115,0.44327,42.43,0.08169,0.8506,0.15156,7.245,2402.3,0.1533,0.773,0.07398,81.383,4.789,19.63,11.155,3.6334,0.10023,49.18,0.02259,29.52,1.86,0.3435,0.000746,0.09706,0.008268,0.0042,0.01469,13.5,99.17,0.7199,217.89,2.209,5.884,0.11096,15.991,0.3601,0.17371,511.7,0.08233,1.341,809.58,0.069694,2.528,0.04811,64.26,0.016771,1.0045
2026-09-02 14:00:00+00:00,0.0033955,0.005138,126.15,0.1951,0.008827,0.5587,0.11595,0.7349,7.133,242.53,686.51,0.21463,77023.7,0.44605,41.93,0.08146,0.8452,0.14991,7.215,2393.39,0.1511,0.7646,0.0734,80.945,4.743,19.66,11.058,3.5806,0.09881,49.07,0.02477,29.4,1.842,0.3408,0.000738,0.09634,0.008224,0.004107,0.01451,13.52,98.87,0.718,217.11,2.175,5.788,0.11202,16.027,0.3562,0.1727,519.46,0.08301,1.3319,812.06,0.069744,2.487,0.04813,64.11,0.016602,0.9952
2026-09-02 15:00:00+00:00,0.003413,0.005186,127.12,0.1963,0.010476,0.5603,0.11662,0.7286,7.145,242.73,688.02,0.21631,77249.9,0.4558,42.13,0.08164,0.8503,0.15091,7.241,2390.15,0.1519,0.7784,0.07331,81.68,4.773,19.86,11.082,3.6723,0.10003,49.37,0.02785,29.9,1.85,0.341,0.000741,0.09713,0.008275,0.004153,0.01457,13.87,99.27,0.7214,217.23,2.191,5.872,0.11811,15.905,0.3609,0.17343,519.86,0.08324,1.3364,814.68,0.068751,2.497,0.04834,64.21,0.016598,1.0221
2026-09-02 16:00:00+00:00,0.0033881,0.005184,126.65,0.1957,0.012941,0.5565,0.12192,0.7301,7.14,242.34,686.58,0.21352,77131.6,0.46697,42.45,0.08135,0.8525,0.14927,7.203,2385.27,0.1513,0.796,0.07327,81.421,4.755,19.85,11.064,3.6904,0.09907,49.33,0.02717,29.84,1.845,0.3397,0.0007447,0.0978,0.008199,0.004066,0.01448,13.73,98.75,0.7206,216.99,2.176,5.805,0.11999,15.853,0.3579,0.17279,517.06,0.08225,1.3318,812.79,0.071802,2.472,0.04793,64.44,0.016468,1.0035
2026-09-02 17:00:00+00:00,0.003396,0.005185,127.15,0.1965,0.01477,0.5593,0.12223,0.7263,7.162,243.79,688.17,0.21552,77350,0.47188,42.29,0.08142,0.8543,0.14998,7.229,2392.58,0.1513,0.806,0.07376,81.725,4.764,20.08,11.114,3.7796,0.09879,49.5,0.02656,29.97,1.852,0.341,0.00074,0.09729,0.008209,0.004087,0.01448,13.77,99.27,0.7225,217.31,2.181,5.834,0.12407,15.999,0.3601,0.17364,523.05,0.08313,1.3379,812.87,0.06957,2.483,0.04744,65.51,0.016483,1.0049
2026-09-02 18:00:00+00:00,0.0034048,0.00517,127.01,0.197,0.017907,0.5729,0.1241,0.731,7.171,244.12,687.5,0.21528,77341,0.50067,42.26,0.08143,0.8593,0.14978,7.246,2394.05,0.1521,0.8102,0.07389,81.646,4.766,20.07,11.128,3.7084,0.0985,49.69,0.02684,30.48,1.86,0.3422,0.0007409,0.09883,0.008237,0.004086,0.01452,13.95,99.48,0.7302,217.82,2.174,5.797,0.11903,16.054,0.3594,0.17385,529.45,0.08303,1.3417,812.52,0.069017,2.484,0.04744,64.92,0.016693,1.0099
2026-09-02 19:00:00+00:00,0.003403,0.005157,126.75,0.1971,0.018864,0.5779,0.12397,0.7315,7.163,244.02,686.99,0.2105,77301.3,0.51366,42.07,0.08126,0.8604,0.14895,7.209,2392.15,0.1514,0.7981,0.07393,81.051,4.749,20.16,11.108,3.7231,0.09891,49.76,0.02764,30.51,1.86,0.3419,0.00074,0.09823,0.008205,0.004052,0.01446,14,99.38,0.7284,216.88,2.176,5.841,0.12227,15.938,0.3569,0.17415,513.21,0.08311,1.3437,812.21,0.068999,2.48,0.04755,64.31,0.016561,1.0044
2026-09-02 20:00:00+00:00,0.0034194,0.005169,127.07,0.1983,0.020118,0.5854,0.12276,0.7366,7.18,244.75,687.87,0.2142,77364.4,0.53535,42.52,0.08166,0.8612,0.14928,7.245,2392.65,0.1524,0.8081,0.07403,81.446,4.753,20,11.122,3.7163,0.09839,49.7,0.02692,30.17,1.874,0.3462,0.0007398,0.09915,0.008255,0.004086,0.01453,13.85,99.65,0.7399,217.59,2.175,5.843,0.12363,15.959,0.3608,0.17458,508.31,0.08426,1.351,813.55,0.069934,2.503,0.04766,63.94,0.016336,1.0135
2026-09-02 21:00:00+00:00,0.0034096,0.005163,126.84,0.1987,0.016687,0.5732,0.12203,0.7349,7.175,243.9,687.55,0.23021,77252.1,0.56385,43.1,0.08164,0.8618,0.14821,7.247,2389.18,0.1522,0.8005,0.074,81.596,4.755,20.31,11.094,3.7449,0.09851,49.82,0.0283,30.42,1.873,0.345,0.0007441,0.09896,0.008263,0.004073,0.01443,13.84,99.59,0.7413,216.3,2.184,5.855,0.12187,16.093,0.3607,0.17463,499.94,0.08287,1.3476,813.68,0.072264,2.493,0.04754,63.85,0.016445,1.0118
2026-09-02 22:00:00+00:00,0.0033971,0.005144,126.55,0.1988,0.016964,0.5832,0.12329,0.7246,7.146,242.16,686.6,0.22641,76996.5,0.50527,42.78,0.08102,0.8596,0.14694,7.244,2378.79,0.151,0.7929,0.07399,81.237,4.73,20.23,11.032,3.6902,0.09832,49.5,0.02857,30.35,1.875,0.3433,0.000735,0.09808,0.008265,0.004014,0.01445,13.83,99.5,0.7363,215.83,2.179,5.842,0.12344,15.997,0.3587,0.17398,498.4,0.08232,1.3442,809.12,0.068809,2.447,0.04685,63.73,0.016362,1.0027
2026-09-02 23:00:00+00:00,0.0034306,0.005179,127.12,0.201,0.016551,0.5856,0.12401,0.7246,7.19,244.43,689.26,0.2353,77300,0.49024,42.64,0.08172,0.8668,0.14906,7.278,2390.91,0.1519,0.7986,0.07454,81.881,4.764,20.35,11.113,3.7821,0.0984,49.65,0.02853,30.49,1.887,0.3482,0.0007401,0.09916,0.008354,0.004086,0.01459,13.9,100.38,0.7458,217.18,2.212,5.851,0.12283,16.246,0.3664,0.17552,494.39,0.08315,1.3506,815.31,0.069507,2.463,0.04703,64.43,0.016478,1.0099
2026-09-03 00:00:00+00:00,0.003409,0.00518,126.48,0.2004,0.015711,0.5776,0.12292,0.7235,7.156,242.85,687.71,0.2327,77025.1,0.46504,42.19,0.08136,0.8585,0.14948,7.247,2378.66,0.1522,0.7957,0.07473,81.275,4.745,20.01,11.037,3.9057,0.09979,49.58,0.0278,30.21,1.861,0.347,0.0007435,0.09767,0.008252,0.004075,0.01451,13.8,99.47,0.7411,215.6,2.185,5.789,0.12676,16.056,0.3673,0.17545,503.47,0.08299,1.3435,808.29,0.068597,2.443,0.04635,64.36,0.016428,1.0321
2026-09-03 01:00:00+00:00,0.0034389,0.005204,126.18,0.2048,0.015496,0.5816,0.12448,0.723,7.19,244.8,690.52,0.23409,77321,0.4755,42.32,0.08216,0.871,0.14987,7.296,2385.72,0.1525,0.8125,0.07515,81.633,4.779,19.98,11.093,3.8766,0.10003,49.73,0.02781,30.32,1.862,0.3482,0.0007449,0.09786,0.008304,0.004167,0.01455,13.8,100.1,0.7548,216.34,2.227,5.699,0.12746,16.118,0.3688,0.17726,514.69,0.08344,1.3555,814.14,0.068881,2.466,0.0468,64.18,0.016364,1.0555
2026-09-03 02:00:00+00:00,0.0034757,0.005238,127.25,0.2067,0.014146,0.5906,0.13196,0.724,7.266,248.14,694.61,0.23386,77783.4,0.48474,42.93,0.08316,0.8832,0.1531,7.384,2405,0.1544,0.8171,0.07608,82.276,4.808,20.21,11.209,3.834,0.1003,50.2,0.02957,30.51,1.902,0.3524,0.0007508,0.0997,0.008393,0.004262,0.01464,13.87,101.06,0.7771,218.66,2.28,5.797,0.12994,16.296,0.3727,0.17866,508.32,0.08525,1.3691,824.04,0.068275,2.494,0.04681,64.61,0.016384,1.0537
2026-09-03 03:00:00+00:00,0.0034542,0.005212,127.03,0.2047,0.013771,0.5931,0.12718,0.7158,7.275,247.24,693.02,0.25058,77665.3,0.4862,42.38,0.08275,0.8722,0.15084,7.35,2402.39,0.1538,0.8049,0.07581,82.294,4.756,20.38,11.191,3.888,0.10021,50.12,0.02615,30.69,1.9,0.3495,0.0007523,0.09811,0.008344,0.00425,0.01461,13.98,100.46,0.7676,218.38,2.237,5.72,0.13213,16.449,0.3703,0.17744,507.62,0.08567,1.3662,818.86,0.067619,2.474,0.04663,64.5,0.01614,1.0714
2026-09-03 04:00:00+00:00,0.0034631,0.005228,127.52,0.2072,0.012762,0.5975,0.13062,0.723,7.295,249.17,695.2,0.2518,77748,0.46379,42.84,0.08295,0.879,0.15163,7.363,2407.55,0.1554,0.8138,0.07615,82.49,4.776,20.15,11.246,3.8811,0.10141,50.34,0.02613,30.48,1.903,0.3527,0.0007587,0.09806,0.008388,0.004294,0.01473,13.89,100.94,0.773,219.14,2.236,5.757,0.13376,16.448,0.3723,0.17785,511.08,0.08623,1.369,823.38,0.069715,2.495,0.04705,64.79,0.015902,1.058
2026-09-03 05:00:00+00:00,0.0034548,0.005228,127.63,0.2064,0.012998,0.6021,0.13149,0.7249,7.285,248.62,695.79,0.2605,77777.3,0.46839,42.69,0.08295,0.8784,0.15146,7.35,2403.87,0.1552,0.8159,0.07603,82.138,4.809,19.63,11.226,3.8799,0.10101,50.14,0.02665,30.42,1.899,0.3515,0.0007581,0.09836,0.008362,0.00434,0.01469,13.8,100.83,0.7697,220.37,2.245,5.711,0.1451,16.501,0.3747,0.17735,513.32,0.0856,1.3683,826.21,0.070553,2.491,0.04689,64.58,0.016036,1.0604
2026-09-03 06:00:00+00:00,0.0034526,0.005214,127.27,0.2049,0.013226,0.6104,0.13495,0.7246,7.277,248.39,698.17,0.27479,77795.4,0.45978,42.55,0.08296,0.8752,0.15097,7.348,2407.33,0.154,0.8074,0.07587,82.081,4.83,19.31,11.213,3.9009,0.10096,50.29,0.02689,30.36,1.896,0.3512,0.000758,0.09856,0.008361,0.004311,0.01472,13.8,100.85,0.7649,221.64,2.219,5.726,0.15261,16.377,0.3728,0.17641,513.26,0.08662,1.3641,830.75,0.070055,2.499,0.04729,64.49,0.016725,1.0711
2026-09-03 07:00:00+00:00,0.0034638,0.005195,127.5,0.205,0.012906,0.6173,0.13725,0.719,7.257,250.21,698.41,0.27468,77627.3,0.43923,42.4,0.08286,0.8751,0.15152,7.35,2397.33,0.1544,0.7947,0.07599,81.962,4.845,19.45,11.172,3.952,0.10098,50.4,0.02667,30.56,1.889,0.3511,0.0007608,0.09829,0.008315,0.00426,0.01473,13.85,100.34,0.767,221.99,2.221,5.714,0.14546,16.285,0.3744,0.17616,515.02,0.08794,1.365,827.16,0.070379,2.498,0.04689,64.62,0.0162,1.0658
2026-09-03 08:00:00+00:00,0.0034676,0.005214,130.03,0.208,0.01331,0.6141,0.13576,0.7246,7.274,250,701.62,0.29739,77807.6,0.42373,42.5,0.08313,0.877,0.15096,7.385,2402.65,0.1543,0.7839,0.07696,81.97,4.865,19.46,11.199,3.8876,0.10132,50.8,0.02735,30.22,1.877,0.3511,0.0007595,0.09822,0.008364,0.004307,0.01474,13.81,100.58,0.7709,221.83,2.235,5.814,0.14641,16.22,0.3748,0.17679,516.45,0.0883,1.3684,828.38,0.070714,2.497,0.04697,64.57,0.016429,1.059
2026-09-03 09:00:00+00:00,0.0034515,0.00519,129.22,0.2061,0.012927,0.6014,0.13809,0.7246,7.261,249.11,701.15,0.29018,77578,0.41566,42.5,0.08276,0.8746,0.15092,7.355,2392.65,0.1535,0.7829,0.07663,81.697,4.871,19.18,11.154,3.831,0.10103,50.55,0.0277,30.05,1.867,0.3516,0.0007545,0.09825,0.008302,0.004328,0.01468,13.68,100.12,0.763,221.03,2.21,6.071,0.15153,16.177,0.3735,0.17621,514.1,0.08936,1.361,828.74,0.070703,2.492,0.04752,64.56,0.01664,1.0669
2026-09-03 10:00:00+00:00,0.0034621,0.005206,128.71,0.2077,0.01277,0.6123,0.13532,0.7281,7.269,249.64,705.75,0.29359,77707.1,0.42095,42.64,0.08294,0.8775,0.15129,7.382,2395.74,0.1541,0.7932,0.07677,81.538,4.865,19.22,11.19,3.8319,0.10175,50.61,0.0278,30.18,1.886,0.3553,0.0007573,0.09924,0.00831,0.004399,0.01469,13.77,100.39,0.765,221.73,2.247,6.041,0.14832,16.297,0.376,0.17702,511.55,0.08894,1.3643,832.64,0.070263,2.497,0.04725,65.39,0.016809,1.0556
2026-09-03 11:00:00+00:00,0.003483,0.005214,129.98,0.2067,0.013155,0.6051,0.13588,0.7347,7.277,249.85,711.91,0.30919,77909.7,0.42802,43.3,0.08323,0.8764,0.15409,7.406,2406.12,0.1541,0.7905,0.07688,82.097,4.965,19.31,11.265,3.936,0.10138,50.9,0.02811,30.07,1.899,0.3548,0.0007589,0.09882,0.008357,0.004391,0.01474,13.72,100.76,0.7677,222.58,2.417,6.186,0.1567,16.615,0.3766,0.17756,511.34,0.08769,1.3727,844.98,0.070137,2.491,0.04804,65.59,0.017007,1.052
2026-09-03 12:00:00+00:00,0.0035038,0.005238,131.49,0.2087,0.013087,0.6064,0.13494,0.7347,7.311,250.31,714.15,0.32497,78616.5,0.44558,42.94,0.08362,0.8801,0.15624,7.445,2422.35,0.1557,0.7893,0.07747,82.73,4.961,20.11,11.414,3.9737,0.10229,50.99,0.02756,30.66,1.914,0.3565,0.0007597,0.09928,0.008458,0.004421,0.0148,13.99,101.62,0.7696,222.41,2.35,6.24,0.15826,16.677,0.3802,0.1789,511.25,0.09029,1.3858,846.27,0.070312,2.514,0.04898,65.46,0.016905,1.058
2026-09-03 13:00:00+00:00,0.0034979,0.005223,130.78,0.2099,0.01326,0.6031,0.13261,0.7278,7.304,249.7,712.07,0.3259,78802.2,0.45393,42.67,0.08346,0.8692,0.15578,7.391,2428.75,0.1543,0.7834,0.0774,82.92,4.913,20.07,11.43,3.9332,0.10109,50.75,0.02786,29.93,1.908,0.3549,0.0007543,0.09811,0.008437,0.004348,0.01469,13.88,101.42,0.7659,221.19,2.333,6.149,0.15407,16.625,0.3767,0.179,511.83,0.09251,1.3932,855.91,0.071284,2.486,0.04852,65.01,0.016943,1.057
2026-09-03 14:00:00+00:00,0.0037484,0.005448,134.1,0.217,0.012886,0.6126,0.13383,0.7311,7.456,257.31,722.86,0.33403,80508.4,0.46925,43.75,0.08788,0.891,0.1601,7.597,2488.32,0.1589,0.7997,0.07891,83.917,5.039,19.88,11.787,4.0473,0.10323,51.15,0.03082,30.03,1.946,0.3688,0.000764,0.10134,0.008822,0.004466,0.01488,13.58,104.77,0.7852,227.93,2.396,6.16,0.18226,16.967,0.3852,0.18368,516.41,0.09347,1.4494,872.05,0.075463,2.531,0.04861,65.9,0.017121,1.0863
2026-09-03 15:00:00+00:00,0.0038591,0.005443,134.16,0.2206,0.013303,0.6086,0.1321,0.7377,7.51,258.67,728.33,0.30028,81316.7,0.46692,47.33,0.08919,0.8934,0.16949,7.683,2515.99,0.1604,0.7988,0.0792,84.511,5.085,20.3,11.779,4.1912,0.10422,51.28,0.03057,29.87,1.988,0.371,0.000765,0.10346,0.008969,0.004461,0.01507,13.71,105.14,0.7889,229.96,2.392,6.216,0.18718,17,0.3917,0.18624,528.83,0.0931,1.4641,954.84,0.074033,2.548,0.04851,65.92,0.017451,1.1145
2026-09-03 16:00:00+00:00,0.0038363,0.005458,132.83,0.2222,0.013527,0.5991,0.13104,0.7321,7.516,257.88,722.5,0.3108,80937.3,0.43041,46.1,0.08946,0.8892,0.17249,7.637,2493.29,0.1605,0.8078,0.08058,84.063,5.041,20.5,11.717,4.139,0.10401,51.27,0.03025,30.21,1.983,0.3688,0.0007606,0.10363,0.00895,0.00453,0.01498,14.16,104.51,0.7887,229.15,2.499,6.13,0.19454,17.009,0.3948,0.18725,521.66,0.09839,1.4528,941.29,0.073563,2.528,0.04811,65.63,0.017602,1.137
2026-09-03 17:00:00+00:00,0.0038375,0.005418,134.04,0.2228,0.015321,0.6045,0.1328,0.7342,7.507,257.61,722.28,0.32101,81006.9,0.45853,46,0.08938,0.8883,0.17871,7.627,2499.36,0.1595,0.8005,0.07948,83.98,5.06,20.61,11.737,4.2077,0.10367,51.27,0.03299,29.91,1.996,0.3677,0.0007621,0.10314,0.008905,0.004454,0.01502,14.2,105.07,0.7917,228.57,2.429,6.128,0.18565,17.154,0.3996,0.18693,525.22,0.09682,1.4615,947.97,0.073853,2.532,0.04864,65.27,0.017502,1.1142
2026-09-03 18:00:00+00:00,0.0038285,0.005444,134.86,0.2227,0.015864,0.6139,0.14456,0.725,7.532,257.3,722.75,0.31017,81226.6,0.49397,46.04,0.08955,0.8946,0.17485,7.626,2511.92,0.1596,0.803,0.07948,84.477,5.084,20.69,11.811,4.2997,0.10388,51.32,0.03145,30.56,2,0.3675,0.0007642,0.10507,0.008941,0.004444,0.01508,14.22,105.17,0.7892,230.01,2.442,6.267,0.18768,17.229,0.4061,0.18595,524.1,0.09551,1.4626,964.05,0.07397,2.531,0.04873,65.24,0.01755,1.1208
2026-09-03 19:00:00+00:00,0.0038095,0.005443,134.05,0.2226,0.016319,0.6116,0.13846,0.7299,7.536,259.53,725.05,0.31617,81722.9,0.4981,46.38,0.08929,0.8958,0.17087,7.634,2517.03,0.1595,0.7954,0.07962,85.806,5.054,20.72,11.855,4.2428,0.10371,51.63,0.03052,30.71,1.98,0.3672,0.0007645,0.10344,0.008927,0.004433,0.01507,14.02,105.26,0.7892,229.75,2.404,6.229,0.18429,17.081,0.3991,0.18786,528.02,0.09718,1.4709,966.23,0.073809,2.534,0.04885,65.14,0.017697,1.1084
2026-09-03 20:00:00+00:00,0.0037542,0.005439,134.41,0.2241,0.014953,0.6102,0.14042,0.727,7.527,258.44,724.56,0.31737,81420.2,0.49176,46.65,0.08861,0.8971,0.16959,7.629,2503.82,0.1591,0.7988,0.07949,85.299,5.051,20.6,11.881,4.2378,0.1036,51.62,0.03102,30.48,1.976,0.3674,0.0007629,0.10277,0.008823,0.0044,0.01499,13.93,104.88,0.7902,229.46,2.389,6.346,0.18676,17,0.3998,0.18704,524.08,0.09574,1.4706,955.69,0.073401,2.537,0.04902,65.23,0.017624,1.1101
2026-09-03 21:00:00+00:00,0.0037637,0.005436,134.74,0.2234,0.015376,0.609,0.1386,0.7147,7.547,260.51,725.47,0.31315,81547,0.51575,46.46,0.08826,0.8952,0.16949,7.638,2510.13,0.1581,0.7981,0.07932,85.375,5.032,20.59,11.938,4.3327,0.10382,51.69,0.02966,30.48,1.976,0.3655,0.0007634,0.10266,0.008855,0.004386,0.01534,13.92,105.16,0.7881,229.24,2.378,6.38,0.19219,17.1,0.3976,0.18572,523.47,0.09572,1.4656,949.95,0.073292,2.528,0.04873,65.4,0.01757,1.1042
2026-09-03 22:00:00+00:00,0.0036694,0.005387,132.52,0.221,0.01495,0.6015,0.13857,0.7167,7.502,257.56,724.1,0.31628,81109.1,0.45116,46.41,0.08743,0.8871,0.1686,7.567,2495.52,0.156,0.7969,0.07893,85.828,4.968,20.58,11.829,4.3721,0.10371,51.23,0.0295,30.51,1.957,0.3627,0.0007602,0.10159,0.008724,0.004273,0.01512,13.96,104.11,0.7809,225.63,2.375,6.376,0.19488,17.08,0.3944,0.18368,522.36,0.09562,1.4552,952.14,0.072408,2.505,0.0484,65.16,0.017358,1.0935
2026-09-03 23:00:00+00:00,0.0037128,0.005405,132.65,0.2212,0.014898,0.6027,0.14087,0.7215,7.517,256.45,725.6,0.32796,81230.7,0.45493,47.44,0.08779,0.8878,0.16837,7.587,2506.42,0.1573,0.7919,0.07923,87.459,4.969,20.57,11.829,4.4399,0.10355,51.47,0.03005,30.39,1.954,0.363,0.0007608,0.10108,0.008702,0.004318,0.015,13.94,103.86,0.7831,225.59,2.387,6.323,0.20762,17.143,0.3954,0.18437,521.43,0.09646,1.4507,952.06,0.07152,2.513,0.04814,65.23,0.017209,1.1275
2026-09-04 00:00:00+00:00,0.0036626,0.00535,132.79,0.2196,0.014855,0.5989,0.14532,0.7123,7.49,254.87,722.25,0.30266,80936.9,0.45239,46.51,0.08705,0.8859,0.16625,7.548,2500.49,0.1587,0.7778,0.07884,86.479,4.965,20.37,11.787,4.3723,0.10229,51.03,0.02999,30.73,1.942,0.3613,0.0007581,0.10049,0.008536,0.004139,0.01483,14.16,103.43,0.775,224.85,2.334,6.332,0.20087,17.11,0.3911,0.18308,517.23,0.09513,1.4411,938.71,0.073871,2.518,0.0479,65.18,0.017059,1.1134
2026-09-04 01:00:00+00:00,0.0036655,0.005346,133.48,0.2223,0.014209,0.6003,0.13683,0.7146,7.496,255.67,722.84,0.31748,80935.3,0.43967,47.04,0.08713,0.8803,0.16857,7.559,2505.88,0.1583,0.7769,0.07874,87.227,4.985,20.29,11.892,4.3565,0.10214,51.08,0.02924,30.69,1.941,0.3634,0.0007602,0.10019,0.008621,0.004166,0.01492,14.07,103.76,0.7733,226.43,2.352,6.319,0.21609,17.188,0.3938,0.18288,508.93,0.09518,1.444,940.1,0.073362,2.534,0.0474,65.36,0.017106,1.1344
2026-09-04 02:00:00+00:00,0.0036881,0.005378,133.84,0.2257,0.014549,0.6022,0.13749,0.7209,7.517,255.78,724.74,0.31251,80800,0.44138,49.98,0.08725,0.88,0.16908,7.541,2506.99,0.1595,0.7746,0.07831,87.025,4.978,20.53,11.903,4.4302,0.10266,51.14,0.02933,30.91,1.955,0.3646,0.0007608,0.10009,0.008651,0.00422,0.01488,14.12,103.74,0.7756,228.19,2.405,6.419,0.20758,17.06,0.3951,0.18329,506.93,0.09438,1.4463,939.01,0.073777,2.53,0.04743,65.53,0.017212,1.1411
2026-09-04 03:00:00+00:00,0.003663,0.005351,133.26,0.2239,0.01479,0.597,0.1368,0.7177,7.494,255,724.01,0.30725,80808,0.44178,51.45,0.08712,0.876,0.16615,7.525,2503.73,0.1579,0.7773,0.07814,87.211,4.914,20.54,11.877,4.3204,0.10216,51.07,0.03017,30.86,1.952,0.3632,0.0007582,0.09946,0.008584,0.004304,0.01486,14.16,103.63,0.7721,228.24,2.379,6.345,0.20897,17.064,0.3943,0.18309,504.96,0.09244,1.4464,944.95,0.073032,2.551,0.0469,65.44,0.016941,1.136
2026-09-04 04:00:00+00:00,0.003664,0.005352,133.88,0.223,0.01491,0.5945,0.13515,0.7204,7.491,255.95,726.44,0.31079,81040.4,0.45464,50.2,0.08723,0.8737,0.16544,7.589,2508.48,0.1575,0.7745,0.07822,86.429,4.846,20.83,11.922,4.2682,0.10215,51.1,0.03057,31.31,1.945,0.3641,0.0007554,0.09977,0.008605,0.004343,0.01482,14.37,103.84,0.7727,229.52,2.379,6.219,0.22065,17.073,0.3924,0.1831,502.33,0.09352,1.4502,946.95,0.072358,2.553,0.04692,65.59,0.016798,1.1303
2026-09-04 05:00:00+00:00,0.0036349,0.005318,133.86,0.2211,0.014346,0.5901,0.13599,0.7181,7.455,254.81,725.18,0.31135,80952.8,0.45595,49.68,0.08692,0.8689,0.1621,7.561,2507.94,0.1555,0.7689,0.07783,86.2,4.79,21.01,11.88,4.3201,0.10194,50.83,0.03037,31.36,1.925,0.361,0.0007559,0.09856,0.008543,0.004331,0.01477,14.51,103.63,0.7678,228.93,2.366,6.311,0.22627,17.006,0.3886,0.1829,503.2,0.09298,1.4464,956.55,0.074017,2.528,0.04717,65.3,0.016682,1.1095
2026-09-04 06:00:00+00:00,0.0036406,0.005314,132.83,0.2211,0.013927,0.5905,0.13628,0.7187,7.468,255.1,720.75,0.31757,80763.9,0.45015,50.52,0.08704,0.8715,0.1642,7.559,2506.65,0.1553,0.7693,0.07787,86.012,4.801,20.75,11.876,4.3709,0.10346,50.98,0.03017,30.98,1.957,0.3609,0.0007576,0.09866,0.008541,0.004391,0.01478,14.33,103.56,0.77,229.03,2.379,6.353,0.24446,17.047,0.3897,0.18319,532.01,0.09235,1.4458,958.02,0.074353,2.539,0.04771,65.37,0.016509,1.1126
2026-09-04 07:00:00+00:00,0.0036312,0.005315,133.7,0.22,0.013935,0.591,0.13824,0.7228,7.473,256.41,714.95,0.30702,80628,0.45559,49.84,0.08698,0.8724,0.16562,7.576,2503.53,0.1566,0.7697,0.07778,86.269,4.787,20.87,11.922,4.3919,0.10258,51.18,0.02928,31.52,1.958,0.361,0.0007599,0.09886,0.008557,0.004357,0.01481,14.51,103.55,0.7696,228.66,2.354,6.229,0.24331,17.102,0.3894,0.18329,540.79,0.09321,1.4432,967.2,0.073161,2.524,0.04843,65.27,0.016447,1.115
2026-09-04 08:00:00+00:00,0.0036799,0.00535,135.89,0.2228,0.013739,0.5946,0.13695,0.7397,7.524,259.23,719.53,0.30895,81113.6,0.44952,53.32,0.08762,0.8806,0.16978,7.681,2526.43,0.158,0.7729,0.07852,86.888,4.833,21,12.08,4.563,0.10314,51.31,0.02971,31.78,1.981,0.368,0.0007605,0.09982,0.008781,0.004338,0.01487,14.77,104.32,0.7764,229.68,2.403,6.367,0.26276,17.38,0.3932,0.18552,551.23,0.09598,1.4566,1022.82,0.074665,2.559,0.04833,65.8,0.016361,1.1147
2026-09-04 09:00:00+00:00,0.0036646,0.005351,133.79,0.221,0.013643,0.5967,0.14032,0.7496,7.492,259.79,719.04,0.2957,81018,0.45039,52.91,0.08766,0.8752,0.16971,7.658,2520,0.158,0.7735,0.07904,86.934,4.852,21.09,12.04,4.5659,0.10287,51.15,0.03141,31.88,2.02,0.3666,0.0007628,0.09989,0.00875,0.004249,0.01487,14.87,104,0.7751,230.34,2.383,6.328,0.27967,17.269,0.3928,0.18523,566.78,0.09656,1.4513,1003.36,0.075268,2.574,0.04816,66.2,0.016102,1.1111
2026-09-04 10:00:00+00:00,0.0036687,0.005348,133.62,0.2209,0.013601,0.595,0.1364,0.7485,7.502,260.05,722.79,0.31601,81150,0.45034,52.38,0.08766,0.8777,0.16868,7.644,2525,0.1569,0.7718,0.07896,87.026,4.843,21.18,12.072,4.5867,0.10294,51.16,0.03089,31.88,2.001,0.367,0.0007662,0.09972,0.008716,0.004225,0.01486,14.79,104.08,0.7763,229.7,2.374,6.285,0.23732,17.242,0.3899,0.18482,551.17,0.09768,1.4487,1002.88,0.077097,2.564,0.04798,66.54,0.015691,1.1127
2026-09-04 11:00:00+00:00,0.0036851,0.005341,133.88,0.2212,0.01345,0.5931,0.13418,0.7547,7.491,259.77,724.74,0.32075,81188,0.44855,52.66,0.08771,0.8792,0.16966,7.647,2521.89,0.158,0.7707,0.0789,87.231,4.817,21.27,12.023,4.6332,0.1021,51.27,0.03044,31.84,2.022,0.3669,0.0007643,0.09928,0.00887,0.004223,0.01484,14.94,104.03,0.7763,231.21,2.375,6.283,0.25324,17.091,0.3899,0.18487,547.79,0.1014,1.4499,1009.66,0.077267,2.575,0.04923,66.32,0.015686,1.1148
2026-09-04 12:00:00+00:00,0.0035345,0.005211,131.21,0.2144,0.013251,0.5776,0.12874,0.7245,7.355,251.3,715.81,0.3135,79423.8,0.44986,49.99,0.08499,0.8499,0.16362,7.382,2450.12,0.1538,0.7461,0.07751,85.51,4.718,20.7,11.647,4.5471,0.10035,50.41,0.02966,31.29,1.942,0.3555,0.0007545,0.09647,0.008348,0.004101,0.01456,14.42,101.54,0.7516,223.49,2.239,6.085,0.23922,17.183,0.3771,0.17984,528.21,0.09203,1.4088,986.16,0.081981,2.47,0.04774,64.96,0.016317,1.0589
2026-09-04 13:00:00+00:00,0.0035486,0.005253,131.31,0.2149,0.013413,0.5809,0.13519,0.729,7.374,251.67,715.53,0.31944,79342.9,0.45414,50.21,0.08519,0.8588,0.16577,7.409,2451.02,0.1549,0.7502,0.07771,85.05,4.739,22.26,11.645,4.6908,0.10154,50.46,0.02987,33.29,1.975,0.3575,0.0007591,0.09726,0.008345,0.004287,0.01465,15.89,101.6,0.7533,224.21,2.247,6.282,0.2526,17.589,0.3798,0.18085,527.88,0.09292,1.4126,986.72,0.086015,2.47,0.04728,65.04,0.016267,1.0619
2026-09-04 14:00:00+00:00,0.0035023,0.005179,129.73,0.211,0.013621,0.5704,0.13193,0.7248,7.33,249.04,712.14,0.30548,78874,0.45343,50.08,0.08416,0.8465,0.16191,7.329,2438.84,0.1522,0.7445,0.07662,83.724,4.675,22.1,11.519,4.6523,0.10095,50,0.02898,33.37,1.921,0.3504,0.0007574,0.09561,0.008166,0.004197,0.0145,16.35,100.73,0.7434,221.64,2.24,6.177,0.24657,17.308,0.3716,0.17801,521.56,0.09261,1.3888,973.92,0.085925,2.44,0.04662,64.36,0.016291,1.0495
2026-09-04 15:00:00+00:00,0.0035176,0.0052,131.24,0.2129,0.013559,0.5763,0.13454,0.7342,7.363,251.36,717.1,0.31423,79384.8,0.45189,52.63,0.08436,0.854,0.1645,7.362,2450.95,0.1536,0.7426,0.07726,84.689,4.722,22.59,11.651,4.7318,0.10251,50.24,0.02913,33.28,1.943,0.3535,0.00076,0.09652,0.008221,0.004244,0.01455,16.65,101.39,0.7489,223.42,2.246,6.278,0.22562,17.451,0.375,0.17881,524.23,0.09398,1.3983,986.3,0.086471,2.457,0.04777,64.28,0.016188,1.0535
2026-09-04 16:00:00+00:00,0.0035458,0.005209,131.75,0.2136,0.013302,0.5795,0.13387,0.7442,7.379,252.61,719.88,0.31076,79709.2,0.45008,54.62,0.0846,0.858,0.16574,7.405,2459.15,0.1542,0.7447,0.07752,85.071,4.734,22.77,11.691,4.8597,0.10306,50.47,0.02966,33.68,1.973,0.3557,0.0007619,0.09761,0.008298,0.004345,0.01469,17.28,101.78,0.7526,224.67,2.242,6.258,0.23927,17.645,0.3766,0.17929,526.58,0.09497,1.4023,1033.12,0.089979,2.472,0.04867,64.36,0.016079,1.0688
2026-09-04 17:00:00+00:00,0.0035326,0.005182,130.16,0.2114,0.013102,0.5791,0.1319,0.734,7.332,251.67,717.33,0.31355,79430.1,0.44877,55.65,0.08407,0.8544,0.16395,7.338,2444.07,0.1524,0.7417,0.07713,84.955,4.729,22.55,11.592,4.7273,0.10255,50.22,0.02995,33.27,1.976,0.3526,0.0007566,0.09655,0.008194,0.00426,0.01467,17.01,101.18,0.7502,222.36,2.257,6.184,0.24011,17.5,0.3753,0.17794,522.42,0.09332,1.3934,1007.09,0.093034,2.467,0.0485,63.64,0.016216,1.0604
2026-09-04 18:00:00+00:00,0.0035488,0.005198,130.43,0.2127,0.013109,0.5809,0.13134,0.7351,7.363,252.15,719.31,0.3118,79576.1,0.44874,54.45,0.08466,0.8643,0.16493,7.357,2449.47,0.1534,0.7479,0.07726,85.116,4.742,22.96,11.653,4.889,0.10252,50.43,0.03014,33.61,2.022,0.3554,0.0007616,0.09723,0.008227,0.004293,0.01477,16.99,101.6,0.754,223.24,2.257,6.201,0.24017,17.398,0.3775,0.1787,525.84,0.09528,1.3983,1024.62,0.090329,2.47,0.04825,63.89,0.016348,1.0584
2026-09-04 19:00:00+00:00,0.0035831,0.005219,130.5,0.2134,0.013264,0.5835,0.1317,0.7392,7.388,253.08,720.54,0.31616,79754.7,0.4511,55.13,0.0847,0.8739,0.16342,7.378,2454.67,0.1547,0.7512,0.07729,84.849,4.768,23.46,11.704,4.6347,0.10251,50.63,0.02974,34.26,2.166,0.3579,0.0007599,0.0985,0.008299,0.00429,0.01476,17.35,101.64,0.7586,224.52,2.268,6.191,0.24874,18.257,0.3812,0.17949,529.45,0.09485,1.3983,1038.49,0.089753,2.481,0.04832,63.67,0.016147,1.0573
2026-09-04 20:00:00+00:00,0.003576,0.005215,129.89,0.2127,0.01321,0.5798,0.13153,0.7391,7.382,252.48,718.61,0.31512,79656.2,0.4542,57.61,0.08471,0.8689,0.16364,7.405,2450.15,0.1545,0.7487,0.07809,84.309,4.78,23.19,11.665,4.6713,0.10241,50.75,0.02954,34.13,2.106,0.3566,0.0007565,0.0979,0.008294,0.004267,0.01471,17.24,101.71,0.7567,224.2,2.256,6.189,0.24933,17.985,0.3808,0.17929,537.95,0.09457,1.3991,1022.84,0.087546,2.473,0.04862,63.68,0.016217,1.0589
2026-09-04 21:00:00+00:00,0.0034979,0.005195,129.51,0.2113,0.012974,0.5768,0.1309,0.7327,7.348,251.68,717.82,0.31481,79584.7,0.45009,59.26,0.08442,0.866,0.16313,7.375,2450.7,0.153,0.7489,0.07778,83.884,4.763,23.15,11.604,4.6356,0.10217,50.69,0.029,34.13,2.093,0.3557,0.0007565,0.09757,0.008246,0.004247,0.01467,17.19,101.51,0.7524,223.1,2.278,6.107,0.2506,17.766,0.378,0.17883,516.29,0.09322,1.3951,1016.6,0.089417,2.462,0.04774,63.5,0.016169,1.045
2026-09-04 22:00:00+00:00,0.0035108,0.005215,129.65,0.2098,0.012994,0.5755,0.12954,0.7379,7.341,248.64,719.1,0.31901,79600.3,0.45439,60.31,0.08448,0.87,0.16259,7.357,2449.99,0.1534,0.7497,0.07781,83.843,4.746,23.05,11.604,4.6927,0.10177,50.68,0.02916,34.12,2.128,0.3549,0.0007596,0.097,0.008244,0.004201,0.01468,17.2,101.69,0.7515,222.27,2.287,6.109,0.25469,17.856,0.3791,0.17879,518.57,0.09229,1.3949,1021.9,0.093542,2.456,0.04786,63.52,0.016237,1.0288
2026-09-04 23:00:00+00:00,0.0035217,0.005227,130.28,0.2112,0.013253,0.58,0.13176,0.7408,7.383,247.93,721.81,0.31569,79616.1,0.45704,62.54,0.08475,0.8992,0.16271,7.447,2454.57,0.155,0.7592,0.07837,84.399,4.807,22.88,11.627,4.818,0.10223,50.73,0.02984,34.18,2.172,0.3575,0.0007631,0.09809,0.008278,0.004239,0.0148,17.22,101.86,0.7552,224.79,2.303,6.181,0.26482,18.146,0.3833,0.17943,521.8,0.0931,1.3977,1022.34,0.088763,2.466,0.04872,63.6,0.01645,1.0354
2026-09-05 00:00:00+00:00,0.0034914,0.005214,130.87,0.2103,0.014145,0.5779,0.1311,0.7438,7.381,244.97,720,0.3084,79542.7,0.44303,64.7,0.0846,0.8913,0.1616,7.438,2450.95,0.157,0.7594,0.07878,84.323,4.784,22.81,11.614,4.7967,0.10223,50.99,0.02992,33.89,2.223,0.3639,0.0007627,0.09811,0.008301,0.004218,0.01483,17.16,101.78,0.7613,227.64,2.322,6.164,0.26565,18.045,0.3857,0.17868,528.26,0.09295,1.3946,1018.04,0.083581,2.477,0.04885,63.54,0.016499,1.0399
2026-09-05 01:00:00+00:00,0.0034868,0.005221,129.98,0.2098,0.017976,0.585,0.13185,0.7341,7.383,245.54,720.73,0.31046,79492.1,0.45092,66.96,0.08458,0.9031,0.16261,7.462,2450.71,0.1567,0.7615,0.07888,84.032,4.777,22.85,11.62,4.7268,0.10113,51.32,0.03042,33.96,2.213,0.364,0.0007694,0.09887,0.008326,0.004222,0.01488,17.23,101.8,0.7631,226.13,2.325,6.138,0.24099,17.988,0.3863,0.17886,529.31,0.09328,1.3958,1011.98,0.080618,2.479,0.04978,63.58,0.016544,1.0305
2026-09-05 02:00:00+00:00,0.0034628,0.005252,130.69,0.2102,0.019395,0.5901,0.13212,0.7334,7.388,246.94,721.24,0.308,79530,0.45398,67.93,0.08458,0.8959,0.16414,7.589,2452.27,0.1626,0.7651,0.07894,84.096,4.757,22.85,11.675,4.7558,0.10177,52.19,0.0295,34.06,2.215,0.3675,0.0007695,0.10002,0.00843,0.004247,0.01512,17.62,101.91,0.765,228.48,2.332,6.257,0.23856,18.174,0.386,0.17996,534.13,0.09329,1.3978,1029.34,0.078385,2.546,0.05011,63.73,0.01665,1.0377
2026-09-05 03:00:00+00:00,0.0034621,0.005253,130.22,0.2102,0.0196,0.5878,0.13148,0.7253,7.399,247.31,723.93,0.31237,79543.9,0.45318,66.44,0.08458,0.8926,0.16335,7.582,2451.57,0.1614,0.7645,0.07883,83.924,4.755,22.81,11.661,4.7303,0.10189,52.45,0.03021,34.03,2.225,0.3674,0.0007681,0.10005,0.008345,0.004258,0.01528,17.55,101.84,0.7656,228.38,2.321,6.316,0.23169,17.92,0.3858,0.17981,534.72,0.09381,1.3966,1024.09,0.0828,2.588,0.04989,63.47,0.016408,1.0325
2026-09-05 04:00:00+00:00,0.0034792,0.005285,129.65,0.2105,0.017003,0.5875,0.1304,0.7307,7.405,247.92,721.81,0.30987,79460,0.45894,69.38,0.08461,0.8885,0.16363,7.557,2448.01,0.1632,0.7668,0.07915,83.953,4.741,22.95,11.648,4.6963,0.1018,52.57,0.03009,34.22,2.223,0.371,0.0007645,0.1002,0.008366,0.004253,0.01513,17.75,101.71,0.7657,226.98,2.328,6.283,0.21878,17.847,0.3885,0.18102,534.5,0.09362,1.3973,1015.39,0.078617,2.625,0.04993,63.36,0.016509,1.0345
2026-09-05 05:00:00+00:00,0.003486,0.005321,129.37,0.211,0.016535,0.6058,0.13065,0.7288,7.416,248.47,722.92,0.31371,79540,0.45223,71.6,0.08462,0.9022,0.16289,7.574,2450.04,0.1624,0.7664,0.07956,84.144,4.768,23.1,11.643,4.6956,0.10208,52.75,0.03089,34.48,2.235,0.3729,0.0007656,0.10054,0.008366,0.00418,0.01531,17.95,101.83,0.7698,227.28,2.33,6.272,0.23486,17.796,0.3885,0.18104,529.94,0.09294,1.3986,1015.24,0.079722,2.627,0.05208,63.63,0.016518,1.0446
2026-09-05 06:00:00+00:00,0.003512,0.005398,130.05,0.213,0.017557,0.6086,0.13364,0.7295,7.456,250.99,727.69,0.30869,79603,0.44724,71.17,0.08551,0.9131,0.1657,7.715,2452.47,0.1641,0.7714,0.07969,84.259,4.861,23.16,11.703,4.6265,0.10273,53.58,0.03079,34.53,2.271,0.3731,0.000766,0.10163,0.008505,0.004176,0.0154,17.96,102.24,0.7812,236.12,2.393,6.286,0.23428,17.752,0.3929,0.1829,533.42,0.09327,1.4025,1015.31,0.078943,2.699,0.05183,63.93,0.016653,1.0557
2026-09-05 07:00:00+00:00,0.0035185,0.005398,129.81,0.2136,0.016656,0.6014,0.13335,0.7333,7.491,252.26,738.76,0.30834,79673,0.44963,65.85,0.08575,0.9061,0.16439,7.698,2456.23,0.167,0.7686,0.07974,84.52,4.94,23.04,11.736,4.6166,0.10257,53.73,0.03199,34.27,2.225,0.3695,0.0007649,0.10113,0.0086,0.00421,0.01531,17.69,102.16,0.7933,233.6,2.439,6.2,0.23583,17.672,0.3926,0.18235,530.87,0.09299,1.4039,1001.51,0.084669,2.638,0.05228,64.09,0.016565,1.0519
2026-09-05 08:00:00+00:00,0.0035226,0.005431,129.55,0.2134,0.018746,0.6001,0.13192,0.75,7.493,252.38,750.13,0.30656,79617.5,0.4474,67.5,0.08578,0.902,0.16374,7.69,2455.64,0.1649,0.7643,0.07994,84.748,4.913,23.06,11.781,4.609,0.10279,53.04,0.03189,34.21,2.222,0.3688,0.0007654,0.1002,0.00862,0.004184,0.01532,17.62,102.53,0.7868,236.6,2.389,6.21,0.24264,17.864,0.3957,0.18262,530.37,0.09313,1.4056,1004.57,0.088572,2.647,0.05227,63.76,0.016464,1.0595
2026-09-05 09:00:00+00:00,0.0035346,0.005401,130.37,0.2133,0.018954,0.6,0.13574,0.7576,7.504,251.74,747.98,0.30753,79594.6,0.45049,66.84,0.08604,0.9133,0.16345,7.689,2457.56,0.1654,0.7691,0.08042,84.842,4.916,23.15,11.795,4.6032,0.10294,53.01,0.03138,34.33,2.232,0.3682,0.0007679,0.10073,0.008586,0.004183,0.01543,17.68,102.5,0.7846,235.68,2.373,6.373,0.24486,18.026,0.3981,0.18317,526.36,0.09474,1.4066,1009.14,0.089063,2.636,0.05236,63.93,0.016402,1.0549
2026-09-05 10:00:00+00:00,0.0035292,0.005401,130.21,0.2127,0.019511,0.6013,0.13367,0.767,7.498,251.56,748.64,0.30458,79581.2,0.45893,67.86,0.08583,0.9086,0.16323,7.661,2453.11,0.1676,0.7706,0.08033,84.575,4.925,23.13,11.744,4.6615,0.10249,52.91,0.03215,34.36,2.261,0.3678,0.0007662,0.10141,0.008619,0.00422,0.01531,17.65,102.46,0.7834,238,2.389,6.256,0.2339,17.878,0.4016,0.18359,537.87,0.09359,1.4043,1009.71,0.08787,2.625,0.05258,63.76,0.016264,1.0417
2026-09-05 11:00:00+00:00,0.0035263,0.005401,129.51,0.2134,0.019532,0.6006,0.13202,0.7887,7.493,252.49,748.4,0.29135,79577.4,0.44997,67.96,0.08609,0.9051,0.16355,7.65,2452.6,0.1689,0.7752,0.08037,84.813,4.934,23.17,11.721,4.615,0.10292,52.93,0.03083,34.43,2.281,0.3693,0.0007637,0.10145,0.008615,0.004165,0.01534,17.78,102.3,0.7846,239.47,2.375,6.255,0.23734,17.789,0.4012,0.1833,538.51,0.0939,1.4036,1013.85,0.085197,2.623,0.05286,63.67,0.016142,1.0455
2026-09-05 12:00:00+00:00,0.0035717,0.005446,130.65,0.2162,0.019232,0.6056,0.13447,0.8276,7.543,249.01,763.55,0.28796,79666,0.43469,68.4,0.08728,0.9174,0.16563,7.787,2457.71,0.1682,0.7875,0.08088,85.172,4.954,23.15,11.831,4.6144,0.10367,53.58,0.03137,34.38,2.23,0.373,0.0007653,0.10121,0.008673,0.004119,0.01543,17.72,103.19,0.8001,237.25,2.382,6.239,0.24043,17.659,0.402,0.1843,547.62,0.095,1.414,1013.44,0.084499,2.63,0.05189,64.2,0.016306,1.0485
2026-09-05 13:00:00+00:00,0.0035536,0.005483,129.8,0.2155,0.019309,0.5983,0.13312,0.8193,7.533,249.57,761.48,0.28917,79573.9,0.46359,68.99,0.0872,0.9158,0.16361,7.709,2452.91,0.1656,0.7809,0.08034,85.04,4.915,23.14,11.841,4.6534,0.10235,53.81,0.03199,34.25,2.198,0.3699,0.0007629,0.10039,0.008568,0.004093,0.01542,17.69,102.62,0.7935,236.05,2.385,6.239,0.25641,17.503,0.3977,0.18333,541.03,0.09346,1.4116,1013.01,0.083297,2.603,0.05088,63.77,0.016119,1.0444
2026-09-05 14:00:00+00:00,0.0035715,0.005458,130.61,0.2175,0.018743,0.5993,0.13439,0.8167,7.555,250.13,770.35,0.28965,79672.3,0.44983,68.3,0.08773,0.9138,0.16298,7.726,2456.11,0.1661,0.7846,0.08074,85.127,4.902,23.16,11.881,4.7105,0.10249,53.78,0.03274,34.25,2.19,0.369,0.0007662,0.10055,0.008554,0.004091,0.01541,17.74,102.8,0.799,236.21,2.38,6.348,0.25609,17.438,0.3977,0.18378,540.66,0.09367,1.4136,1012.86,0.089962,2.604,0.05151,63.88,0.016312,1.0522
2026-09-05 15:00:00+00:00,0.0035685,0.005445,131.9,0.2172,0.018664,0.598,0.13252,0.8123,7.541,251.86,770.44,0.28277,79760.2,0.45714,68.4,0.08757,0.9108,0.16243,7.704,2458.65,0.1645,0.7796,0.08044,85.365,4.898,23.18,11.942,4.6743,0.10254,53.65,0.03358,34.25,2.176,0.3686,0.0007629,0.09995,0.008525,0.004033,0.0156,17.78,102.88,0.7966,235.64,2.372,6.341,0.2659,17.247,0.3974,0.18349,541.48,0.0928,1.4117,1014.97,0.087615,2.598,0.05178,63.84,0.016318,1.0524
2026-09-05 16:00:00+00:00,0.003583,0.005472,131.71,0.2179,0.019002,0.5983,0.13553,0.791,7.563,253.54,774.01,0.28219,80001.5,0.43851,69.28,0.088,0.9095,0.16353,7.712,2470.06,0.1657,0.7785,0.08045,85.996,4.901,23.06,11.966,4.731,0.10257,54.37,0.03586,34.32,2.206,0.369,0.0007606,0.10016,0.00858,0.004069,0.01552,17.79,103.36,0.798,235.3,2.391,6.713,0.29441,17.277,0.3986,0.18415,541.05,0.09304,1.4148,1034.53,0.085884,2.608,0.05118,64.14,0.016184,1.0594
2026-09-05 17:00:00+00:00,0.0036721,0.005563,132.93,0.2211,0.020645,0.6019,0.1392,0.7804,7.62,257.72,776.55,0.27994,80030,0.45026,66.96,0.0942,0.911,0.16582,7.786,2480.13,0.1649,0.7796,0.08114,85.662,4.907,23.12,12.093,4.7693,0.10286,54.9,0.03501,34.32,2.251,0.3691,0.0007599,0.10076,0.00868,0.004061,0.01545,17.87,104.18,0.8026,235.22,2.398,6.739,0.29816,17.299,0.399,0.18535,545.74,0.09307,1.4257,1028.54,0.0869,2.625,0.05105,64.7,0.016195,1.0658
2026-09-05 18:00:00+00:00,0.0036197,0.005504,134.49,0.2199,0.018886,0.6019,0.14328,0.7924,7.603,257.43,777.27,0.27544,79959.2,0.45704,67.86,0.09179,0.9078,0.16436,7.744,2479.49,0.1642,0.7815,0.08066,85.787,4.909,23.12,12.037,4.7501,0.10288,54.48,0.0332,34.29,2.224,0.3689,0.0007567,0.1014,0.008649,0.003947,0.01551,17.88,103.86,0.8026,233.27,2.382,7.047,0.29421,17.306,0.3954,0.18463,542.26,0.0927,1.4173,1023.97,0.086244,2.627,0.05139,64.59,0.016201,1.0636
2026-09-05 19:00:00+00:00,0.0036081,0.005477,134.76,0.2193,0.019453,0.6036,0.14942,0.7836,7.595,256.08,773.88,0.2735,79719.9,0.45014,67.16,0.09075,0.9101,0.16372,7.778,2476.54,0.1639,0.7879,0.0807,85.342,4.922,23.09,12.005,4.73,0.10249,54.21,0.03317,34.41,2.187,0.3688,0.0007581,0.10309,0.008619,0.003921,0.01562,17.89,103.36,0.8022,232.94,2.365,7.192,0.28803,17.178,0.3959,0.18427,541.13,0.09293,1.4154,1014.48,0.09077,2.655,0.05142,64.74,0.01628,1.0582
2026-09-05 20:00:00+00:00,0.0036213,0.005465,134.04,0.2189,0.01897,0.6029,0.16162,0.7775,7.582,255.19,770.74,0.27393,79702.2,0.45015,67.02,0.09066,0.9113,0.16732,7.803,2476.49,0.164,0.7886,0.08073,85.223,4.91,23.13,12.016,4.7499,0.10326,53.84,0.03223,34.42,2.165,0.3692,0.0007622,0.10364,0.008612,0.003952,0.01567,17.83,103.19,0.798,233.42,2.357,7.127,0.25253,17.245,0.3966,0.18408,548.5,0.09326,1.4142,1008.06,0.08808,2.672,0.05126,64.57,0.016243,1.044
2026-09-05 21:00:00+00:00,0.0036437,0.005496,134.56,0.2205,0.019122,0.6222,0.1722,0.7852,7.619,257.64,771.71,0.27197,79872.4,0.449,67.95,0.09057,0.9241,0.17398,7.831,2487.97,0.1653,0.7955,0.08079,85.535,4.933,23.09,12.08,4.8013,0.1037,54.49,0.0326,34.39,2.18,0.373,0.0007655,0.11067,0.008683,0.003961,0.01568,17.81,103.68,0.8043,236.18,2.385,7.148,0.2731,17.257,0.3983,0.18513,552.22,0.09452,1.4196,1015.08,0.087911,2.694,0.05158,64.85,0.016126,1.0709
2026-09-05 22:00:00+00:00,0.003627,0.005482,135.3,0.2193,0.018779,0.617,0.17904,0.7854,7.6,256.9,770.93,0.27273,79757.7,0.45879,67.34,0.09008,0.9196,0.16979,7.782,2479.93,0.1651,0.7913,0.08031,85.329,4.905,23.09,12,4.7262,0.10363,54.82,0.03203,34.34,2.183,0.3701,0.0007663,0.11095,0.008615,0.003951,0.01558,17.8,103.31,0.7982,235.7,2.37,7.089,0.26917,17.266,0.3964,0.18438,556.79,0.09344,1.4137,1018.64,0.086405,2.681,0.05154,64.9,0.016305,1.062
2026-09-05 23:00:00+00:00,0.0036134,0.005464,134.37,0.2181,0.018618,0.6138,0.17713,0.7762,7.589,256.04,766.95,0.26946,79797.7,0.45278,65.47,0.08963,0.9148,0.17179,7.728,2479.17,0.1646,0.7866,0.08016,85.382,4.939,23.06,12.045,4.7479,0.10355,54.66,0.03162,34.33,2.19,0.37,0.0007644,0.10751,0.00861,0.003841,0.01546,17.78,103.12,0.7949,235.99,2.37,7.047,0.25802,17.283,0.3974,0.18387,556.9,0.093,1.4118,1025.42,0.087674,2.668,0.05174,64.82,0.016337,1.059
2026-09-06 00:00:00+00:00,0.0036176,0.005478,138.21,0.2193,0.018314,0.6262,0.19318,0.7925,7.618,257.03,767.21,0.27982,79832.8,0.45066,67.62,0.09018,0.9221,0.18157,7.756,2489.03,0.1659,0.7909,0.08054,85.361,5.029,23.11,12.142,4.6594,0.10342,54.41,0.0321,34.35,2.175,0.3736,0.000765,0.11276,0.008742,0.003902,0.01558,17.76,103.24,0.797,236.89,2.381,7.288,0.2674,17.234,0.399,0.18458,553.81,0.09444,1.4136,1029.4,0.089367,2.692,0.05182,65.35,0.01632,1.0783
2026-09-06 01:00:00+00:00,0.0036456,0.005488,138.94,0.2212,0.0171,0.6244,0.19279,0.7872,7.691,259.03,765.68,0.27081,79915,0.45191,67.63,0.09076,0.9273,0.18487,7.802,2504.67,0.1669,0.8138,0.08115,85.379,5.081,23.15,12.357,4.6722,0.10348,54.83,0.03233,34.38,2.207,0.3779,0.0007675,0.1123,0.008833,0.003913,0.01575,17.81,103.99,0.8022,237.19,2.386,7.356,0.26622,17.287,0.4022,0.18548,556.73,0.09379,1.4169,1061.86,0.086333,2.706,0.053,66.14,0.016307,1.0882
2026-09-06 02:00:00+00:00,0.0036533,0.005493,135.15,0.221,0.017792,0.6176,0.18879,0.7856,7.676,263.06,764.53,0.27366,79872.1,0.45235,69.18,0.0909,0.928,0.17851,7.77,2502.32,0.1657,0.8335,0.08113,85.504,5.103,23.21,12.228,4.6357,0.10347,54.66,0.03185,34.57,2.225,0.3748,0.0007585,0.1089,0.008729,0.00403,0.01558,17.9,104.32,0.7979,236.02,2.379,7.159,0.24746,17.264,0.3996,0.18598,556.47,0.09237,1.4176,1064.64,0.084824,2.674,0.05323,65.58,0.016217,1.069
2026-09-06 03:00:00+00:00,0.0036674,0.005509,135.68,0.2227,0.017914,0.6201,0.19794,0.7853,7.707,262.25,765.24,0.2702,79991,0.45181,68.48,0.09126,0.9297,0.17775,7.787,2508.57,0.166,0.817,0.08216,85.841,5.109,23.24,12.218,4.7477,0.10386,54.72,0.03139,34.62,2.216,0.3763,0.0007613,0.11058,0.008859,0.004101,0.01556,17.93,105.92,0.8013,238.62,2.387,7.228,0.24299,17.276,0.3998,0.18685,558.06,0.09305,1.4234,1072.82,0.087019,2.668,0.05293,65.67,0.016147,1.0704
2026-09-06 04:00:00+00:00,0.0036321,0.005477,134.38,0.2208,0.018039,0.6131,0.19377,0.7994,7.64,259.65,763.35,0.26412,79824,0.45037,74.69,0.09049,0.9275,0.17531,7.749,2503.24,0.1644,0.8122,0.08139,86.616,5.1,23.26,12.148,4.8199,0.10345,54.26,0.03165,34.61,2.217,0.3725,0.000756,0.10933,0.008802,0.004026,0.01541,17.99,105.69,0.7965,237.79,2.368,7.072,0.24879,17.19,0.3966,0.18616,558.69,0.0923,1.4194,1139.36,0.083696,2.649,0.05326,65.33,0.016117,1.0714
2026-09-06 05:00:00+00:00,0.0036542,0.005494,136.87,0.2214,0.017641,0.6157,0.1938,0.7922,7.685,262,762.22,0.25968,79959.9,0.45097,77.57,0.09149,0.9305,0.17528,7.81,2512.43,0.1656,0.8073,0.08153,86.763,5.11,23.35,12.291,4.7407,0.10396,54.3,0.03174,34.94,2.213,0.3766,0.0007563,0.10964,0.008797,0.003951,0.01549,18.09,106.4,0.7995,238.19,2.387,7.068,0.25384,17.206,0.4008,0.18748,552.9,0.09226,1.4239,1167.66,0.082103,2.654,0.05332,66.91,0.016455,1.0671
2026-09-06 06:00:00+00:00,0.0036407,0.005471,135.69,0.22,0.014501,0.6178,0.19435,0.7873,7.655,261.25,760.59,0.25655,79737.9,0.4507,74.23,0.09109,0.939,0.17568,7.774,2504.63,0.1652,0.8038,0.08102,86.27,5.095,23.38,12.244,4.6595,0.1035,54.22,0.0316,35.05,2.261,0.375,0.0007562,0.10919,0.008713,0.00396,0.01551,18.16,105.32,0.7956,235.85,2.376,7.082,0.24849,17.076,0.4012,0.18615,551.98,0.0917,1.4175,1178.41,0.08347,2.643,0.05302,66.3,0.016446,1.0661
2026-09-06 07:00:00+00:00,0.0036322,0.005454,134.69,0.2189,0.014576,0.6295,0.20162,0.7715,7.648,259.32,756.95,0.25231,79766.2,0.45094,70.41,0.09081,0.9417,0.17533,7.719,2495.61,0.1662,0.8034,0.08101,86.541,5.115,23.38,12.206,4.6325,0.10349,53.92,0.03237,35.11,2.301,0.3756,0.0007513,0.11064,0.008717,0.00397,0.01546,18.2,105.19,0.794,235.84,2.351,6.934,0.23748,17.073,0.4015,0.18545,548.61,0.09291,1.4159,1162.72,0.086478,2.661,0.05231,66.01,0.016586,1.0726
2026-09-06 08:00:00+00:00,0.0036143,0.005435,133.97,0.2176,0.014616,0.6219,0.19564,0.7763,7.628,259.71,757.53,0.25086,79809.7,0.45071,68.32,0.09063,0.9387,0.17552,7.712,2494.37,0.1665,0.7983,0.08108,86.646,5.106,23.44,12.194,4.5944,0.10369,54.13,0.03178,35.15,2.321,0.374,0.0007525,0.11033,0.008691,0.003984,0.01546,18.23,105.14,0.7934,234.51,2.344,6.894,0.23555,17.032,0.3987,0.18531,544.94,0.09291,1.4149,1171.78,0.083329,2.675,0.05144,65.41,0.016444,1.0687
2026-09-06 09:00:00+00:00,0.0036351,0.005443,134.31,0.2195,0.014185,0.6233,0.1936,0.7797,7.656,260.25,757.99,0.24542,79851.9,0.461,69.31,0.09021,0.9424,0.176,7.734,2497.99,0.1677,0.7993,0.08133,87.813,5.164,23.39,12.276,4.5731,0.10356,54.19,0.03161,35.27,2.38,0.3752,0.0007523,0.11067,0.00876,0.004018,0.01551,18.27,106.45,0.7999,236.06,2.36,7.002,0.21399,17.02,0.4022,0.18604,545.26,0.09253,1.4185,1182.59,0.084952,2.679,0.05174,65.55,0.016408,1.079
2026-09-06 10:00:00+00:00,0.00364,0.005453,135,0.2194,0.0141,0.6254,0.19534,0.7841,7.685,260.91,757.91,0.2461,79964.3,0.46338,67.89,0.09004,0.9721,0.17498,7.741,2500.52,0.1715,0.797,0.08139,87.872,5.135,23.33,12.304,4.6794,0.10368,54.3,0.03195,35.32,2.399,0.3784,0.0007539,0.11029,0.008807,0.004045,0.01552,18.33,106.61,0.8,236.06,2.368,6.982,0.22659,17.092,0.4167,0.18704,536.95,0.09253,1.4209,1185.92,0.083733,2.67,0.05164,65.79,0.016422,1.0827
2026-09-06 11:00:00+00:00,0.0036365,0.00546,135.47,0.2206,0.013939,0.6237,0.19371,0.7875,7.687,260.53,758.59,0.23644,79878.4,0.44834,67.98,0.09008,0.9844,0.17467,7.738,2500.62,0.1716,0.7969,0.0815,88.535,5.132,23.41,12.272,4.6439,0.1037,54.59,0.03194,35.51,2.391,0.3798,0.0007566,0.10925,0.008819,0.003979,0.01558,18.39,106.41,0.8047,241.84,2.359,7.071,0.22489,17.042,0.4173,0.18696,539.98,0.0919,1.4201,1183.99,0.080402,2.672,0.0519,65.71,0.016316,1.1022
2026-09-06 12:00:00+00:00,0.0036245,0.005428,134.83,0.2204,0.013613,0.6144,0.18961,0.7808,7.694,258.62,756.12,0.23693,79882,0.45019,67.14,0.08964,0.9697,0.17226,7.709,2499.45,0.1698,0.7921,0.08104,89.171,5.071,23.47,12.335,4.5335,0.10365,54.26,0.0316,35.49,2.348,0.3795,0.0007543,0.10887,0.008764,0.004045,0.01569,18.44,106.76,0.7978,243.48,2.343,7.038,0.22441,17.003,0.4217,0.18627,540.49,0.09088,1.4177,1171.02,0.081214,2.706,0.05145,65.49,0.016204,1.0958
2026-09-06 13:00:00+00:00,0.0036163,0.005443,135.1,0.2192,0.014199,0.6209,0.19322,0.7734,7.679,258.66,751.65,0.24281,79794.4,0.45028,69.01,0.08968,0.9739,0.17301,7.727,2493.61,0.1705,0.7938,0.08101,89.421,5.095,23.22,12.323,4.5846,0.10343,54.58,0.03119,34.82,2.469,0.3795,0.0007546,0.10959,0.008785,0.004046,0.01558,18.26,107.03,0.7972,244.52,2.34,6.996,0.22157,17.034,0.4165,0.18616,530.65,0.09161,1.4158,1182.24,0.076289,2.771,0.05161,65.77,0.016211,1.1084
2026-09-06 14:00:00+00:00,0.003572,0.005398,133.89,0.2173,0.014014,0.6114,0.18629,0.7608,7.6,255.21,742.12,0.24681,79507.3,0.44973,67.52,0.08852,0.9569,0.17236,7.656,2477.18,0.1688,0.7851,0.08036,88.985,5.088,23.12,12.161,4.5168,0.10307,54.22,0.03065,34.44,2.4,0.3735,0.0007482,0.10801,0.008556,0.003926,0.01545,17.87,105.67,0.7908,243.11,2.314,6.973,0.22249,17.07,0.4081,0.18354,529.05,0.09072,1.4094,1161.99,0.073368,2.719,0.05083,65.35,0.016127,1.085
2026-09-06 15:00:00+00:00,0.0035789,0.005406,133.6,0.2173,0.014004,0.6173,0.18729,0.7626,7.626,255.32,746.32,0.24458,79677.8,0.44931,66.84,0.08891,0.9543,0.17144,7.717,2478.43,0.1713,0.7884,0.08046,88.429,5.149,23.17,12.213,4.5497,0.10322,54.45,0.03144,34.67,2.386,0.3743,0.0007498,0.10867,0.008599,0.003895,0.01556,18.04,105.7,0.7919,248.62,2.309,6.972,0.21603,17.006,0.4083,0.18377,525.96,0.09077,1.4104,1167.47,0.072145,2.676,0.05328,65.56,0.016489,1.1078
2026-09-06 16:00:00+00:00,0.0036021,0.005426,133.17,0.2185,0.013876,0.6199,0.18834,0.7631,7.64,256.12,748.18,0.23646,79649.9,0.4488,68.06,0.08924,0.97,0.17398,7.744,2483.33,0.171,0.794,0.08068,88.024,5.168,23.13,12.343,4.585,0.10322,54.56,0.03128,34.52,2.426,0.3785,0.0007496,0.10999,0.008705,0.003844,0.01554,17.94,106.03,0.799,250.61,2.315,7.225,0.22646,17.031,0.4129,0.18454,528.69,0.09116,1.4117,1181.86,0.075201,2.693,0.05221,65.79,0.016384,1.1007
2026-09-06 17:00:00+00:00,0.0035948,0.00543,133.16,0.2178,0.014223,0.6164,0.18279,0.7602,7.619,256.43,748.54,0.2361,79708,0.45598,68.81,0.08914,0.9599,0.17351,7.723,2490.16,0.1698,0.793,0.08039,88.151,5.135,23.22,12.31,4.6313,0.10308,54.15,0.03151,34.61,2.376,0.3781,0.0007471,0.10875,0.008665,0.003824,0.01551,17.98,106.13,0.7956,256.96,2.309,7.167,0.21667,17.184,0.411,0.18377,530.19,0.09078,1.4084,1206.7,0.075317,2.678,0.05199,65.83,0.016278,1.092
2026-09-06 18:00:00+00:00,0.0036002,0.005426,133.34,0.2197,0.015021,0.6149,0.18524,0.7693,7.625,256.24,750.01,0.23778,79912.1,0.44221,70.93,0.08941,0.9609,0.17517,7.708,2493.14,0.1727,0.7931,0.0804,87.665,5.126,23.24,12.374,4.6945,0.10306,54.17,0.03153,34.61,2.428,0.378,0.0007439,0.10828,0.008681,0.003871,0.01549,18,105.93,0.7942,257.33,2.303,7.156,0.22336,17.072,0.413,0.18376,530.93,0.09103,1.4121,1225.35,0.074612,2.67,0.05171,65.9,0.016182,1.0973
2026-09-06 19:00:00+00:00,0.003596,0.005428,132.48,0.2189,0.014584,0.6169,0.18345,0.7779,7.654,256.32,749.64,0.23351,79804.7,0.43789,70.9,0.08953,0.9634,0.1755,7.695,2489.64,0.1724,0.7963,0.08049,87.289,5.193,23.35,12.374,4.4678,0.10314,54.05,0.03143,34.72,2.421,0.3775,0.0007435,0.1094,0.008666,0.003837,0.01548,18.19,105.45,0.7957,267.85,2.313,7.127,0.22115,17.005,0.4131,0.18333,525.08,0.09025,1.4096,1213.91,0.074149,2.672,0.05202,65.91,0.016162,1.0894
2026-09-06 20:00:00+00:00,0.0036264,0.005453,133.55,0.2207,0.014365,0.6174,0.18477,0.7813,7.8,257.84,751.92,0.23226,79873.1,0.43804,70.5,0.09023,0.9665,0.17545,7.759,2498.52,0.1764,0.8042,0.08139,88.158,5.162,23.42,13.094,4.563,0.10281,54.34,0.03158,34.74,2.412,0.3787,0.0007468,0.10925,0.008762,0.003945,0.01546,18.25,105.7,0.8149,267.24,2.322,7.112,0.22341,17.006,0.4116,0.18529,534.95,0.08996,1.4216,1222.96,0.074598,2.684,0.05199,66.35,0.016089,1.0938
2026-09-06 21:00:00+00:00,0.003641,0.005491,134.91,0.2216,0.014212,0.6265,0.18979,0.7846,7.785,259.09,751.83,0.2311,79902.7,0.44555,71.27,0.09044,0.9835,0.1769,7.786,2507.2,0.1766,0.807,0.08168,87.783,5.203,23.48,12.878,4.4822,0.10296,54.6,0.03162,34.75,2.492,0.3823,0.000748,0.11045,0.00878,0.004006,0.01554,18.24,105.86,0.8139,265.63,2.331,7.179,0.22738,17.024,0.4237,0.1863,548.59,0.08931,1.4246,1245.39,0.074743,2.712,0.05222,66.91,0.015989,1.0993
2026-09-06 22:00:00+00:00,0.0036233,0.0055,134.18,0.2212,0.01406,0.6212,0.18935,0.7859,7.812,258.63,751.91,0.23619,80005.4,0.44703,71.06,0.09024,0.9743,0.17493,7.797,2506.97,0.1745,0.8038,0.08116,87.408,5.199,23.31,13.041,4.5552,0.10294,54.7,0.03136,34.65,2.442,0.3839,0.0007458,0.10914,0.00874,0.003956,0.01545,18.22,105.8,0.8051,260.68,2.312,7.161,0.21932,17.094,0.4163,0.18538,540.37,0.08906,1.418,1229.45,0.074337,2.703,0.052,66.64,0.016091,1.0931
2026-09-06 23:00:00+00:00,0.0036559,0.005527,136.79,0.2234,0.013832,0.6245,0.18918,0.7866,7.902,260.78,753.48,0.23735,80301.1,0.44784,71.25,0.09087,0.9784,0.17619,7.857,2513.47,0.175,0.8068,0.08156,87.985,5.305,23.33,13.227,4.5143,0.10362,54.94,0.03162,34.86,2.439,0.3875,0.0007513,0.11016,0.008793,0.004017,0.01553,18.16,106.5,0.8116,265.74,2.334,7.292,0.21561,17.005,0.42,0.18766,540.74,0.08949,1.4231,1226.76,0.074227,2.733,0.05231,66.97,0.016059,1.1022
2026-09-07 00:00:00+00:00,0.0036528,0.005518,135.71,0.2238,0.013944,0.6241,0.18958,0.7795,7.901,259.87,750.94,0.23733,80122,0.4489,69.96,0.09095,1.0253,0.17586,7.874,2512,0.1768,0.8111,0.0818,87.671,5.406,23.42,13.147,4.4736,0.1034,55.43,0.03127,34.9,2.411,0.3888,0.0007485,0.11102,0.008764,0.003981,0.0155,18.06,106.1,0.8146,264.57,2.306,7.157,0.2148,17.013,0.4186,0.18833,539.08,0.08918,1.4177,1196.23,0.074834,2.736,0.05308,66.84,0.016079,1.0956
2026-09-07 01:00:00+00:00,0.0035903,0.00547,133.64,0.2214,0.014363,0.6156,0.18966,0.781,7.82,256.95,749.17,0.23884,79886.9,0.451,69.67,0.0901,0.9858,0.17287,7.768,2502.83,0.172,0.8011,0.08104,86.81,5.494,23.29,13.001,4.4676,0.10291,54.31,0.03077,35.12,2.359,0.3821,0.0007388,0.10877,0.008571,0.003941,0.0153,17.96,105.25,0.7964,261.88,2.254,7.078,0.21959,17.033,0.4106,0.1863,535.78,0.08815,1.4058,1183.08,0.074327,2.693,0.05198,66.51,0.015963,1.0861
2026-09-07 02:00:00+00:00,0.0036093,0.005501,133.9,0.2221,0.012841,0.6194,0.18502,0.7893,7.861,257.39,749,0.24425,79842.9,0.41641,71.07,0.0901,0.9839,0.17382,7.832,2510.81,0.1737,0.8053,0.08121,86.984,5.577,23.35,13.09,4.4608,0.10335,54.25,0.03047,35.31,2.4,0.3869,0.0007415,0.11055,0.008631,0.003958,0.01542,17.98,105.73,0.8037,274.24,2.267,7.123,0.21601,17.099,0.419,0.18841,533.74,0.0897,1.4134,1190.1,0.073217,2.736,0.05141,66.57,0.016272,1.097
2026-09-07 03:00:00+00:00,0.0035746,0.005452,133.43,0.2192,0.014172,0.613,0.17522,0.7823,7.765,255.05,746.7,0.2363,79560,0.44364,69.65,0.08931,0.9708,0.17281,7.776,2496.01,0.1724,0.8012,0.08058,86.281,5.47,23.45,13.022,4.4066,0.10323,54.12,0.03048,35.57,2.402,0.3812,0.0007388,0.10865,0.008581,0.004007,0.01533,18.09,104.89,0.794,269.78,2.254,6.993,0.22122,17.018,0.4141,0.1871,533.35,0.08837,1.4055,1190.77,0.07021,2.715,0.05138,66.44,0.016148,1.0778
2026-09-07 04:00:00+00:00,0.0035949,0.005473,133.91,0.2188,0.014476,0.6193,0.17501,0.7821,7.813,256.73,747.58,0.23268,79686,0.42957,69.96,0.08971,0.9799,0.17516,7.815,2496.83,0.1745,0.7985,0.08084,86.251,5.577,23.57,13.07,4.3398,0.10339,54.42,0.02985,35.9,2.433,0.3824,0.0007411,0.10882,0.00865,0.004044,0.01536,18.23,105.02,0.7979,273.52,2.246,6.971,0.22267,17.01,0.4165,0.19127,535.06,0.08819,1.4056,1193.18,0.064535,2.797,0.05131,66.51,0.016244,1.1054
2026-09-07 05:00:00+00:00,0.0036062,0.005503,135.53,0.2195,0.015624,0.6172,0.17134,0.7844,7.883,257.01,749.04,0.23745,79717.7,0.43034,67.3,0.0901,0.9752,0.17545,7.829,2503.42,0.1739,0.8089,0.08074,86.581,5.603,23.63,13.425,4.4022,0.10356,54.43,0.02983,36.01,2.39,0.3853,0.0007339,0.10862,0.008679,0.004079,0.01531,18.25,105.08,0.7951,270.26,2.246,7.021,0.22052,17.686,0.4231,0.18988,537.47,0.08816,1.4074,1198.27,0.062254,2.944,0.05146,66.54,0.01608,1.1293
2026-09-07 06:00:00+00:00,0.0035986,0.005483,134.57,0.2183,0.014908,0.6285,0.17151,0.7815,7.853,256.86,745.97,0.24252,79617.1,0.43047,68.07,0.0898,0.9723,0.17393,7.832,2496.86,0.1737,0.8188,0.08077,86.895,5.557,23.73,13.342,4.4087,0.10388,54.48,0.02968,36.23,2.426,0.3852,0.000731,0.1092,0.008688,0.00406,0.01542,18.4,105.03,0.7984,267.58,2.255,7.114,0.21966,17.29,0.437,0.18975,537.54,0.08832,1.4083,1208.68,0.061456,2.939,0.05175,66.33,0.016296,1.1153
2026-09-07 07:00:00+00:00,0.003562,0.00543,132.52,0.2165,0.015006,0.6201,0.1676,0.7887,7.78,254.11,744.39,0.2421,79357.7,0.43811,67.86,0.08936,0.9635,0.16991,7.715,2488,0.1726,0.817,0.08036,86.364,5.552,23.56,13.186,4.4079,0.10412,54.47,0.02959,36.13,2.301,0.3818,0.0007204,0.10793,0.008579,0.004017,0.01527,18.31,104.42,0.7959,263.61,2.254,7.084,0.19634,17.055,0.4485,0.1885,539.91,0.08656,1.3981,1186.22,0.060253,3.016,0.05153,65.74,0.016254,1.1134
2026-09-07 08:00:00+00:00,0.0035898,0.005475,133.74,0.2184,0.014965,0.6264,0.16506,0.7896,7.884,255.29,745.67,0.2535,79395,0.44749,67.76,0.08952,0.9738,0.17083,7.764,2490.15,0.1743,0.8165,0.08045,86.862,5.608,23.55,13.365,4.4699,0.10413,54.52,0.03055,36.21,2.342,0.3909,0.0007256,0.10896,0.008689,0.004154,0.01531,18.3,104.65,0.8123,268.51,2.263,7.044,0.22095,17.005,0.4534,0.19031,543.67,0.08741,1.4029,1182.17,0.060499,2.989,0.05136,65.96,0.01618,1.1346
2026-09-07 09:00:00+00:00,0.0035762,0.005451,133.38,0.217,0.015838,0.6295,0.16492,0.7867,7.884,255.08,743.29,0.25185,79278.5,0.45159,67.73,0.08923,0.9771,0.16957,7.76,2483.38,0.1753,0.8199,0.08036,87.229,5.616,23.6,13.36,4.4528,0.10272,55.48,0.03099,35.97,2.334,0.3861,0.0007148,0.10902,0.00866,0.004109,0.01531,18.27,104.6,0.8055,266.7,2.267,6.972,0.22894,17,0.4513,0.18939,531.17,0.08845,1.3966,1187.17,0.059614,3.029,0.05133,65.45,0.016108,1.1499
2026-09-07 10:00:00+00:00,0.0036028,0.005465,134.24,0.2185,0.016972,0.6286,0.16622,0.8046,7.849,256.37,744.19,0.25687,79325.7,0.4541,68.33,0.08954,0.9841,0.17053,7.772,2487.76,0.1762,0.8161,0.08079,87.782,5.665,23.65,13.232,4.4909,0.10274,55.93,0.03086,35.93,2.349,0.3855,0.0007173,0.10988,0.008724,0.004412,0.01542,18.27,104.95,0.8098,265.87,2.27,7.053,0.23739,17.088,0.4512,0.19203,531.31,0.08888,1.3983,1204.89,0.05949,2.979,0.0519,65.18,0.016148,1.1593
2026-09-07 11:00:00+00:00,0.0035983,0.005445,133.67,0.2193,0.017216,0.6271,0.16522,0.7962,7.858,255.94,745.4,0.25537,79376.8,0.45245,67.85,0.08976,0.9782,0.16961,7.747,2487.97,0.1756,0.8216,0.08063,87.823,5.644,23.56,13.171,4.5044,0.10256,55.84,0.0309,35.74,2.347,0.3847,0.0007256,0.10956,0.008699,0.004523,0.01554,18.15,104.88,0.8096,264.43,2.259,7.028,0.22683,17.109,0.445,0.19105,534.59,0.09028,1.3984,1192.92,0.060648,2.91,0.05192,65.49,0.01618,1.1753
2026-09-07 12:00:00+00:00,0.0036953,0.005552,135.21,0.224,0.017024,0.642,0.16401,0.7957,8.04,261.14,747.57,0.25098,79567.4,0.45355,68.17,0.09131,1.0214,0.17109,8.04,2504.38,0.1813,0.856,0.08297,88.1,5.736,23.54,13.261,4.5569,0.1035,59.06,0.03108,35.64,2.376,0.3929,0.0007276,0.11169,0.008894,0.004519,0.01569,18.13,105.68,0.8393,266.02,2.298,7.094,0.23308,17.594,0.4477,0.19533,538.5,0.09122,1.4116,1196.89,0.059531,2.978,0.05223,66.3,0.016281,1.1735
2026-09-07 13:00:00+00:00,0.0036637,0.005521,132.91,0.2226,0.016563,0.6423,0.1679,0.8048,8.065,260.26,745.99,0.25244,79314.4,0.45177,67.13,0.09088,1.0561,0.16967,7.921,2497.86,0.1841,0.8601,0.08288,87.54,5.721,23.63,13.137,4.5309,0.10314,57.46,0.03113,35.69,2.386,0.3877,0.0007245,0.11148,0.008779,0.004366,0.01569,18.23,105.02,0.8316,264.34,2.283,7.08,0.2286,17.827,0.4669,0.19229,537.76,0.09067,1.4024,1184.22,0.060716,2.977,0.05276,65.95,0.016183,1.1542
2026-09-07 14:00:00+00:00,0.0036548,0.005516,132.78,0.2214,0.016694,0.6426,0.17132,0.7893,8.056,261.9,743.97,0.25587,79152.2,0.45494,66.44,0.09057,1.0682,0.16843,7.916,2489.08,0.1817,0.8623,0.08247,86.804,5.701,23.66,13.047,4.4783,0.10316,57.02,0.03067,35.82,2.357,0.3878,0.0007263,0.11316,0.008782,0.004339,0.01585,18.27,104.58,0.8263,263.96,2.289,6.996,0.22487,17.663,0.4713,0.19179,537.7,0.0918,1.3978,1173.69,0.058855,2.971,0.0528,65.84,0.016178,1.1526
2026-09-07 15:00:00+00:00,0.003565,0.005399,130.52,0.217,0.016237,0.6326,0.16227,0.7657,8.087,259.54,735.12,0.25687,78786.1,0.45256,64.66,0.08893,1.0782,0.16401,7.781,2468.99,0.1791,0.852,0.08067,85.131,5.666,23.63,12.865,4.3991,0.10156,55.39,0.02946,35.78,2.294,0.3781,0.0007132,0.10926,0.008526,0.004194,0.01533,18.17,103.22,0.8037,256.91,2.249,6.778,0.22701,17.362,0.4537,0.1885,530.95,0.08983,1.3828,1146.27,0.056025,2.893,0.05153,65.46,0.015999,1.1132
2026-09-07 16:00:00+00:00,0.0036318,0.005499,131.85,0.2207,0.015937,0.6421,0.16507,0.7693,8.063,264.81,740.4,0.25732,78989.3,0.45783,65.52,0.09006,1.0993,0.16584,7.937,2481.76,0.1824,0.8644,0.08291,85.429,5.659,23.82,12.914,4.4403,0.10247,55.55,0.02959,35.93,2.31,0.3887,0.0007209,0.11104,0.008636,0.004253,0.01558,18.24,103.82,0.8149,261.46,2.277,6.853,0.22345,17.322,0.4625,0.19204,516.29,0.08996,1.3947,1159.07,0.05929,2.983,0.05261,65.6,0.015629,1.1509
2026-09-07 17:00:00+00:00,0.0036145,0.00547,132.33,0.2207,0.015877,0.6376,0.16601,0.7735,8.114,260.04,741.16,0.25747,79153.5,0.45293,65.46,0.09005,1.0956,0.16709,7.861,2494.31,0.1819,0.8601,0.08252,85.017,5.806,24.23,12.944,4.5581,0.10226,55.18,0.0294,36.11,2.318,0.3875,0.0007191,0.11031,0.008585,0.004388,0.01549,18.32,103.95,0.8194,261.03,2.267,6.901,0.22217,17.655,0.4657,0.19093,514.96,0.09009,1.3978,1167.86,0.059176,3.026,0.05309,65.85,0.015405,1.1431
2026-09-07 18:00:00+00:00,0.003597,0.005415,131.87,0.2197,0.016246,0.634,0.16617,0.7697,8.107,260.28,740.2,0.26828,79158.6,0.45435,63.95,0.08984,1.0892,0.16552,7.81,2490.69,0.1821,0.8337,0.08211,85.045,6.002,24.34,12.748,4.6041,0.10228,55.07,0.02965,36.09,2.304,0.3842,0.0007168,0.10951,0.008514,0.004308,0.01551,18.3,103.87,0.8254,260.04,2.258,6.879,0.22993,17.755,0.4555,0.18997,518.46,0.0902,1.394,1156.69,0.057234,2.995,0.05243,65.59,0.015521,1.1228
2026-09-07 19:00:00+00:00,0.0036296,0.005471,132.4,0.2209,0.015965,0.6421,0.17047,0.7724,8.102,261.11,742.27,0.28055,79325.3,0.45317,64.22,0.09051,1.0597,0.16621,7.844,2494.68,0.1842,0.8371,0.08241,85.653,6.261,24.44,12.82,4.698,0.10236,55.22,0.03011,36.11,2.32,0.3871,0.0007205,0.11033,0.008596,0.004451,0.01566,18.33,104.3,0.829,259.19,2.271,6.947,0.23381,18.322,0.4642,0.19338,522.58,0.09179,1.4013,1163.9,0.056653,3.03,0.05284,66.58,0.015347,1.1313
2026-09-07 20:00:00+00:00,0.0036281,0.005479,132.39,0.2208,0.017593,0.6443,0.16888,0.7696,8.11,260.6,740.6,0.27808,79207,0.45179,64.16,0.09053,1.0642,0.16466,7.843,2494.15,0.1848,0.8359,0.08238,85.296,6.1,24.49,12.772,4.7788,0.10237,55.34,0.02975,35.76,2.32,0.3854,0.0007223,0.11023,0.00854,0.004377,0.01571,18.27,104.05,0.8284,261.1,2.26,6.939,0.2249,18.612,0.4617,0.19237,518.91,0.09163,1.3982,1154.83,0.056256,3.083,0.05268,66.6,0.015477,1.135
2026-09-07 21:00:00+00:00,0.0036217,0.005458,132.06,0.2202,0.017176,0.6465,0.1699,0.7687,8.101,260.56,739.68,0.28015,79129.2,0.45011,64.77,0.09032,1.0716,0.1646,7.929,2490.08,0.1851,0.8347,0.08235,85.199,6.201,24.54,12.745,4.7152,0.10222,55.56,0.02986,35.88,2.309,0.3834,0.000721,0.10939,0.008468,0.004352,0.01563,18.3,103.85,0.8221,260.33,2.261,6.895,0.2305,18.495,0.4697,0.19326,517.09,0.09255,1.3965,1151.78,0.055593,3.061,0.05263,66.52,0.015341,1.1396
2026-09-07 22:00:00+00:00,0.0035761,0.005401,131.07,0.2181,0.016844,0.6363,0.16878,0.7687,8.053,256.54,738.86,0.2707,78916.3,0.4485,63.9,0.09007,1.0429,0.16329,7.831,2481.69,0.1812,0.8291,0.08166,85.078,6.065,24.23,12.691,4.7146,0.10187,55.26,0.02939,35.64,2.293,0.3802,0.0007163,0.10924,0.008352,0.004407,0.01538,18.14,103.49,0.8125,258.27,2.255,6.818,0.22868,18.439,0.4701,0.19111,513.81,0.09221,1.3875,1129.19,0.055234,2.974,0.05284,65.93,0.015126,1.1223
2026-09-07 23:00:00+00:00,0.0036232,0.005438,132.07,0.2203,0.016469,0.64,0.1694,0.7719,8.072,258.86,740.39,0.27865,79075.9,0.45187,62.81,0.09047,1.0621,0.16408,7.896,2488.92,0.183,0.8365,0.0818,85.176,6.181,24.22,12.741,4.7145,0.10248,55.17,0.02988,35.56,2.307,0.3836,0.0007211,0.1104,0.008443,0.004361,0.01549,18.19,103.75,0.818,259.87,2.303,6.856,0.23049,18.475,0.4775,0.19358,519.65,0.09286,1.3962,1139.53,0.054584,2.989,0.05294,66.51,0.015175,1.1365
2026-09-08 00:00:00+00:00,0.0036422,0.00549,132.61,0.2221,0.016148,0.6471,0.16873,0.771,8.116,261.72,741.04,0.27312,79286.9,0.45072,63.74,0.09131,1.0711,0.16587,8.016,2494.49,0.1855,0.8442,0.08255,85.243,6.37,24.9,12.781,4.7306,0.10236,55.61,0.03,36.48,2.366,0.3882,0.0007275,0.11179,0.008544,0.004385,0.01546,18.71,104.05,0.8293,262.35,2.305,6.893,0.2302,18.455,0.4915,0.19389,517.69,0.0936,1.4012,1137.85,0.054379,3.033,0.05338,66.6,0.015205,1.1385
2026-09-08 01:00:00+00:00,0.003655,0.005506,132.66,0.2223,0.016323,0.6464,0.16852,0.7795,8.135,261.89,742.93,0.28136,79409,0.45064,64.49,0.09119,1.0574,0.16849,7.998,2503.33,0.1885,0.8464,0.0826,85.392,6.532,25.48,12.782,4.749,0.10266,55.83,0.03006,36.49,2.338,0.3873,0.0007324,0.11165,0.008593,0.004525,0.01548,18.66,104.34,0.8291,261.04,2.317,7.121,0.22765,18.981,0.4907,0.19332,520.93,0.09363,1.4036,1154.16,0.059894,3.027,0.05338,66.75,0.015202,1.1491
2026-09-08 02:00:00+00:00,0.003595,0.005426,130.8,0.2175,0.016914,0.6274,0.16834,0.7598,8.027,257.12,738.8,0.273,78898.8,0.44966,63.12,0.08993,1.0621,0.16424,7.998,2483.43,0.186,0.8425,0.08163,84.157,6.481,25.34,12.62,4.7065,0.1022,55.17,0.02952,36.33,2.299,0.3794,0.0007267,0.10902,0.008394,0.004391,0.01531,18.56,103.22,0.8169,256.75,2.272,6.954,0.23181,18.466,0.4784,0.18874,512.31,0.09261,1.391,1130.06,0.057705,3.01,0.05191,65.97,0.015168,1.1299
2026-09-08 03:00:00+00:00,0.0036051,0.005445,130.99,0.2183,0.018034,0.6344,0.17028,0.7626,8.045,258.8,743.28,0.27612,78880,0.4467,62.99,0.08992,1.0777,0.16413,8.072,2484.91,0.1855,0.8514,0.08163,84.089,6.505,25.71,12.652,4.5902,0.10275,55.07,0.0295,36.91,2.28,0.3791,0.0007371,0.10936,0.008383,0.004346,0.01536,18.73,103.29,0.8235,256.36,2.271,6.992,0.22083,17.885,0.4749,0.1893,510.05,0.09275,1.3941,1133.98,0.057658,3,0.05204,66.27,0.015081,1.1279
2026-09-08 04:00:00+00:00,0.0036007,0.005406,130.91,0.2172,0.018268,0.6279,0.17086,0.7585,8.045,257.76,745.89,0.27502,78650,0.44245,62.72,0.0896,1.0627,0.16433,7.951,2477.81,0.1828,0.8366,0.08108,84.272,6.452,25.07,12.638,4.6271,0.10231,55.08,0.02977,36.59,2.273,0.3757,0.0007344,0.1086,0.008303,0.004285,0.01536,18.59,102.95,0.8131,255.71,2.255,6.991,0.22172,17.789,0.4671,0.18986,518.66,0.09231,1.3903,1123.2,0.055071,3.015,0.05167,66.19,0.015019,1.1438
2026-09-08 05:00:00+00:00,0.0035995,0.005413,131.52,0.2172,0.017949,0.6297,0.1746,0.7649,8.059,258.13,751.31,0.27101,78553,0.45088,63.3,0.08957,1.0716,0.1648,8.013,2472.23,0.184,0.8494,0.08105,84.105,6.421,24.11,12.652,4.6325,0.10216,55.02,0.0303,35.86,2.283,0.3762,0.0007322,0.10918,0.008348,0.00427,0.01542,18.1,102.91,0.8194,255.63,2.251,7.028,0.24079,17.767,0.4696,0.19026,518.3,0.09153,1.3866,1127.6,0.056403,3.028,0.05143,65.89,0.015027,1.1471
2026-09-08 06:00:00+00:00,0.0035822,0.005379,130.81,0.2163,0.018753,0.6273,0.17221,0.7616,8.042,257.03,748,0.25481,78292.8,0.45052,63.02,0.08923,1.0628,0.16233,8.008,2467.28,0.1855,0.8482,0.08042,83.873,6.276,23.49,12.613,4.5903,0.10109,54.81,0.02983,35.53,2.276,0.3735,0.0007353,0.10851,0.008251,0.004182,0.01521,17.81,102.63,0.8127,254.4,2.248,7.011,0.24356,17.598,0.4632,0.18884,514.9,0.09064,1.3824,1128.81,0.05643,3.011,0.05144,65.51,0.014967,1.1453
2026-09-08 07:00:00+00:00,0.0036092,0.005394,131.07,0.2169,0.01864,0.6342,0.17077,0.7722,8.057,257.36,755.1,0.25546,78445,0.44947,62.31,0.08925,1.0595,0.16217,8.093,2478.32,0.1861,0.8387,0.08031,84.113,6.247,23.53,12.674,4.5952,0.10172,55.12,0.02992,35.31,2.319,0.3758,0.0007305,0.10859,0.008285,0.004234,0.01536,17.82,102.91,0.8191,255.35,2.252,7.049,0.23274,17.876,0.4787,0.18984,520.08,0.09179,1.3877,1123.74,0.057869,3.036,0.0514,66.03,0.015243,1.1308
2026-09-08 08:00:00+00:00,0.0036108,0.005428,130.64,0.2172,0.018756,0.639,0.17147,0.7686,8.044,255.85,755.36,0.26136,78395.8,0.45158,61.77,0.08928,1.0675,0.16213,8.201,2476.76,0.1836,0.846,0.07999,84.061,6.247,23.11,12.648,4.7265,0.10171,55.42,0.02967,35,2.306,0.3762,0.0007223,0.10879,0.008267,0.004249,0.0153,17.47,103,0.8176,253.16,2.259,7.058,0.24063,17.855,0.4726,0.18981,524.56,0.0941,1.3894,1130.77,0.056764,3.074,0.0516,66.55,0.015072,1.1212
2026-09-08 09:00:00+00:00,0.0036383,0.00549,131.65,0.2204,0.018491,0.668,0.17501,0.7698,8.112,258.32,755.06,0.26107,78728.4,0.45213,62.84,0.09039,1.0864,0.16495,8.254,2490.82,0.1861,0.8617,0.08061,84.373,6.335,23.75,12.72,4.8183,0.10223,55.67,0.02967,35.59,2.335,0.3821,0.0007227,0.11087,0.008365,0.004326,0.01537,17.99,103.65,0.8279,256.16,2.278,7.119,0.26531,18.139,0.4838,0.19121,520.6,0.0981,1.3985,1150.06,0.056592,3.097,0.05195,67.07,0.014848,1.1329
2026-09-08 10:00:00+00:00,0.0036137,0.00545,130.65,0.219,0.018459,0.656,0.17412,0.7629,8.064,256.73,756.67,0.25516,78529.4,0.45064,62.77,0.0901,1.0847,0.16243,8.161,2480.13,0.1837,0.861,0.08023,83.687,6.232,23.91,12.636,4.7692,0.1032,55.54,0.02975,35.61,2.307,0.3783,0.0007206,0.10961,0.008295,0.004365,0.01526,18.02,103.34,0.8211,255.57,2.261,7.011,0.24435,18.278,0.4747,0.19003,511.85,0.09538,1.3973,1147.01,0.055776,3.012,0.05156,66.54,0.014975,1.1267
2026-09-08 11:00:00+00:00,0.0036093,0.005413,129.9,0.2176,0.018837,0.6477,0.17533,0.7572,8.04,255.32,752.75,0.25939,78400,0.4481,63.16,0.08951,1.0779,0.16032,8.049,2473.35,0.1819,0.8591,0.07995,83.191,6.268,23.82,12.498,4.7308,0.10308,55.37,0.02954,34.97,2.281,0.3765,0.0007162,0.10852,0.008219,0.004321,0.01509,17.55,102.83,0.8098,253.81,2.256,6.972,0.26217,18.502,0.4678,0.18858,506.8,0.09507,1.3939,1157.54,0.059666,3.006,0.0517,66.76,0.014975,1.1198
2026-09-08 12:00:00+00:00,0.0036305,0.00544,129.35,0.2186,0.018974,0.6472,0.17202,0.7578,8.035,256.01,752.14,0.2586,78419.7,0.44817,63.62,0.08927,1.0894,0.1595,8.229,2471.72,0.1817,0.852,0.08017,83.288,6.269,24.37,12.526,4.8476,0.10292,55.4,0.02957,35.5,2.291,0.3771,0.0007201,0.10882,0.008234,0.004323,0.01513,17.8,103.03,0.8133,253.51,2.248,6.923,0.25715,19.215,0.474,0.18847,505.16,0.09502,1.3983,1159.97,0.058706,3.062,0.05088,66.74,0.015004,1.1273
2026-09-08 13:00:00+00:00,0.0035989,0.005395,127.7,0.2185,0.018837,0.6378,0.17199,0.7537,7.91,254.08,747.4,0.25812,77936.5,0.44425,62.79,0.08905,1.0732,0.1592,8.263,2458.37,0.1782,0.845,0.07972,82.637,6.296,24.33,12.455,4.8314,0.10148,54.86,0.02957,34.81,2.293,0.374,0.000699,0.10662,0.008136,0.004318,0.01495,18.17,102.64,0.8037,252.02,2.223,6.91,0.27857,19.52,0.4684,0.18803,502.26,0.09501,1.403,1153.39,0.059238,3.013,0.05014,67.11,0.015025,1.105
2026-09-08 14:00:00+00:00,0.0036456,0.005456,129.1,0.2212,0.019358,0.6473,0.16888,0.7592,7.981,257.03,751.12,0.25577,78524.8,0.45072,63.1,0.08967,1.1225,0.16127,8.439,2484.82,0.1808,0.8615,0.08014,83.603,6.536,24.41,12.576,4.7704,0.10279,54.57,0.03,34.37,2.357,0.3782,0.0007058,0.10734,0.008214,0.004385,0.01512,18.14,103.28,0.8172,258.05,2.258,6.881,0.29575,22.983,0.4771,0.19023,502.5,0.09792,1.4169,1173.55,0.058905,3.031,0.05064,67.44,0.015443,1.1267
2026-09-08 15:00:00+00:00,0.0036729,0.005514,130.9,0.2293,0.019699,0.6634,0.17027,0.7627,8.051,258.4,756.66,0.2688,78870,0.45689,64.39,0.0906,1.1954,0.16309,8.747,2497.77,0.1858,0.8663,0.08082,83.915,6.41,24.32,12.684,4.7119,0.10322,54.95,0.03018,34.9,2.413,0.3855,0.0007108,0.10848,0.008332,0.004395,0.01518,18.52,104.25,0.827,262.59,2.274,6.928,0.30041,24.837,0.4869,0.19242,498.25,0.09686,1.4338,1182.48,0.059644,3.025,0.05124,67.88,0.016171,1.137
2026-09-08 16:00:00+00:00,0.0036686,0.005486,130.25,0.2264,0.019046,0.6539,0.16761,0.764,8.036,259.05,756.16,0.27478,78700,0.4571,63.79,0.09061,1.1896,0.162,8.807,2495.73,0.1827,0.8552,0.08016,84.21,6.39,24.03,12.74,4.8697,0.1028,54.47,0.03016,34.33,2.385,0.3821,0.00071,0.10741,0.008298,0.004399,0.01511,18.13,104.16,0.829,268.72,2.265,6.852,0.29763,23.41,0.4845,0.19148,503.31,0.09598,1.4352,1193.17,0.06091,2.963,0.05124,67.84,0.016364,1.1266
2026-09-08 17:00:00+00:00,0.0036442,0.005428,128.99,0.2237,0.016494,0.6533,0.16784,0.7571,8.003,256.62,752.38,0.27718,78467.9,0.45331,62.76,0.09002,1.2237,0.15971,8.664,2487.3,0.1795,0.8445,0.07959,83.848,6.346,24.29,12.663,4.7868,0.10247,54.17,0.02948,34.38,2.346,0.3755,0.0007071,0.10586,0.008183,0.00438,0.01502,18.31,103.64,0.8191,261.22,2.252,6.834,0.28234,22.643,0.4758,0.18972,502.2,0.0974,1.4264,1175.29,0.061966,2.946,0.05144,68.39,0.016726,1.1131
2026-09-08 18:00:00+00:00,0.0036196,0.005395,128.84,0.2215,0.015994,0.6499,0.16768,0.7551,7.976,256.5,749.59,0.26736,78399.1,0.44768,61.7,0.0895,1.2109,0.15909,8.421,2485.68,0.1773,0.8395,0.07935,84.367,6.425,24.22,12.627,4.8132,0.10201,53.94,0.02895,34.2,2.343,0.3753,0.0007,0.10522,0.008128,0.004374,0.01482,18.38,103.32,0.8098,258.69,2.233,6.82,0.27461,22.76,0.4712,0.18864,501.46,0.09908,1.4302,1159.94,0.062193,2.921,0.05064,67.94,0.015561,1.1007
2026-09-08 19:00:00+00:00,0.0036365,0.005389,128.93,0.2205,0.015774,0.6538,0.1682,0.7503,7.97,255.9,749.27,0.2692,78407.3,0.44193,61.84,0.08954,1.242,0.1595,8.47,2480.99,0.178,0.8425,0.07927,84.164,6.404,23.87,12.563,4.8166,0.10208,54.18,0.02888,33.25,2.327,0.3759,0.0006989,0.105,0.008084,0.004373,0.01483,17.35,103.18,0.8117,257.86,2.233,6.76,0.278,24.726,0.4634,0.18834,499.64,0.09989,1.4226,1147.54,0.061316,2.906,0.05037,67.41,0.015772,1.1066
2026-09-08 20:00:00+00:00,0.003645,0.005396,129.06,0.2208,0.015425,0.652,0.16881,0.7504,7.985,256.08,751.35,0.27193,78447.9,0.44177,61.57,0.08962,1.2459,0.15939,8.634,2481.95,0.1789,0.852,0.07931,84.214,6.431,23.82,12.512,4.7481,0.10248,54.14,0.02913,33.5,2.309,0.3754,0.0006978,0.10534,0.008086,0.004328,0.01475,17.46,103.05,0.8102,259.6,2.224,6.745,0.27714,23.901,0.4594,0.1881,498.66,0.09859,1.4141,1155.72,0.0598,2.939,0.0501,67.23,0.015672,1.1155
2026-09-08 21:00:00+00:00,0.0036482,0.005381,128.48,0.2189,0.015701,0.6483,0.16726,0.7476,7.951,256.63,752.25,0.27228,78458.7,0.43772,61.78,0.08953,1.2396,0.15954,8.666,2481.91,0.1779,0.8504,0.07899,84.356,6.359,23.82,12.469,4.722,0.1021,54.08,0.02928,33.51,2.295,0.3743,0.0006942,0.10514,0.008055,0.004266,0.01466,17.47,102.97,0.8089,257.02,2.219,6.693,0.28054,23.701,0.4528,0.18833,499.83,0.09779,1.4165,1163.58,0.059614,2.92,0.05041,66.85,0.01572,1.1352
2026-09-08 22:00:00+00:00,0.0036685,0.005416,129.31,0.2204,0.016114,0.6536,0.16576,0.7525,7.992,258.64,755.21,0.27124,78526.1,0.44441,62.28,0.08997,1.2466,0.15982,8.611,2488.07,0.1797,0.8501,0.07927,84.958,6.388,23.84,12.534,4.842,0.10246,54.35,0.02923,33.64,2.308,0.3758,0.0006969,0.10581,0.008104,0.00434,0.0147,17.54,103.36,0.8136,259.79,2.228,6.802,0.27825,24.98,0.4547,0.18841,506.07,0.09877,1.4177,1178.48,0.05901,2.939,0.05071,66.91,0.01567,1.1382
2026-09-08 23:00:00+00:00,0.0036571,0.005407,128.74,0.2193,0.016269,0.6474,0.16489,0.7505,8.004,258.1,752.46,0.27279,78425.6,0.4381,62.45,0.09001,1.2458,0.15915,8.612,2483.87,0.1791,0.8444,0.07899,85.121,6.402,23.64,12.509,4.8265,0.10302,54.26,0.02938,33.31,2.318,0.3744,0.0006915,0.10524,0.008075,0.004314,0.01472,17.4,103.33,0.8107,258.49,2.224,6.748,0.28472,25.869,0.4526,0.18767,500.59,0.09827,1.4164,1177.14,0.058728,2.935,0.0504,67,0.015694,1.1308
2026-09-09 00:00:00+00:00,0.0036924,0.005432,129.27,0.2203,0.015944,0.6546,0.16471,0.7512,7.992,258.59,755.04,0.2781,78746,0.43564,63.14,0.09051,1.2175,0.16032,8.691,2495.54,0.1803,0.8495,0.07888,85.674,6.5,24.36,12.52,4.8846,0.1031,54.3,0.02948,33.64,2.338,0.3752,0.0006905,0.10533,0.008114,0.004414,0.01478,17.64,103.72,0.8175,258.34,2.238,6.776,0.28682,24.11,0.4569,0.18813,496.2,0.09941,1.4199,1187.13,0.058231,2.913,0.05098,67,0.015536,1.1195
2026-09-09 01:00:00+00:00,0.0036547,0.005414,129.27,0.2193,0.015942,0.6528,0.16537,0.7565,7.969,258.2,755,0.27755,78848.9,0.43614,62.88,0.09023,1.1942,0.16108,8.917,2496.73,0.178,0.8406,0.07879,85.571,6.474,24.42,12.491,4.9192,0.10383,54.19,0.02943,33.69,2.327,0.3739,0.0006903,0.10495,0.008116,0.00444,0.01481,17.6,103.73,0.8158,257.39,2.227,6.785,0.29414,24.861,0.4578,0.18808,496.64,0.10022,1.417,1184.21,0.057924,2.882,0.05065,67.33,0.015537,1.1144
2026-09-09 02:00:00+00:00,0.0036418,0.005379,128.73,0.2175,0.015911,0.6476,0.1659,0.7541,7.971,258.11,752.06,0.27804,78689.5,0.43531,61.96,0.08989,1.2033,0.15967,8.84,2492.64,0.1771,0.8341,0.07853,85.635,6.394,24.75,12.436,4.9379,0.10271,54.03,0.02927,33.91,2.283,0.3725,0.0006932,0.10374,0.008084,0.004437,0.01465,17.71,103.42,0.8106,255.95,2.21,6.79,0.29783,25.409,0.4544,0.18757,500.3,0.09934,1.4156,1180.41,0.056428,2.872,0.05061,67.17,0.015716,1.1107
2026-09-09 03:00:00+00:00,0.0036431,0.005365,128.19,0.2163,0.01536,0.6422,0.16494,0.7502,7.947,257.6,749.8,0.27536,78593.7,0.44613,62.04,0.08956,1.2041,0.15924,8.674,2487.79,0.1751,0.8333,0.07851,85.22,6.254,24.28,12.388,4.9142,0.1034,53.71,0.0294,33.61,2.273,0.3701,0.0006914,0.103,0.008069,0.004483,0.01464,17.5,103.25,0.8063,255.19,2.205,6.789,0.28649,25.247,0.4497,0.18684,501.59,0.09705,1.4162,1185.93,0.057496,2.841,0.05053,67.05,0.015641,1.1045
2026-09-09 04:00:00+00:00,0.0037244,0.00545,130.11,0.2207,0.015285,0.65,0.16848,0.76,8.033,260.41,755.05,0.27728,79136,0.44868,64.8,0.09058,1.2195,0.163,8.603,2508.68,0.179,0.8437,0.07955,86.138,6.299,24.7,12.58,5.1341,0.10349,54.39,0.02949,33.8,2.336,0.3766,0.0006969,0.10422,0.00822,0.004503,0.01476,17.62,104.38,0.8218,258.41,2.249,6.907,0.29416,25.885,0.4578,0.19007,504.92,0.09886,1.436,1243.32,0.055552,2.879,0.05082,68.34,0.015542,1.1412
2026-09-09 05:00:00+00:00,0.0036722,0.005422,129.03,0.2188,0.015483,0.6501,0.16625,0.758,7.979,258.35,751.99,0.27832,78906.5,0.44938,64.09,0.09006,1.1901,0.1636,8.57,2495.45,0.1773,0.8341,0.07899,85.632,6.249,24.62,12.498,5.1906,0.10337,54.03,0.02966,33.79,2.327,0.3741,0.0006927,0.10367,0.008185,0.004451,0.01471,17.62,104.03,0.8122,256.75,2.22,6.861,0.32319,26.22,0.4514,0.18889,505.35,0.09683,1.4269,1212.57,0.055995,2.867,0.0508,69.3,0.015498,1.1331
2026-09-09 06:00:00+00:00,0.003694,0.00544,129.67,0.2203,0.01605,0.6567,0.17222,0.7637,8.02,258.53,755.21,0.2984,79125.5,0.45052,65.29,0.09041,1.179,0.16659,8.497,2500.05,0.1786,0.8368,0.07935,86.74,6.304,24.72,12.562,5.2627,0.104,54.41,0.02991,33.76,2.393,0.3775,0.0006953,0.10531,0.008265,0.004547,0.01476,17.65,104.48,0.8214,260.46,2.244,6.897,0.33392,26.919,0.4551,0.18983,503.06,0.09726,1.4331,1224.56,0.0573,2.901,0.05102,68.59,0.015422,1.1337
2026-09-09 07:00:00+00:00,0.0037129,0.005461,129.75,0.2214,0.01633,0.6523,0.17072,0.7617,8.028,259.02,754.94,0.30401,79246,0.45011,65.32,0.09084,1.1713,0.16703,8.4,2509.49,0.1797,0.8353,0.07956,86.865,6.323,24.76,12.481,5.2923,0.10504,54.4,0.02973,33.78,2.434,0.3789,0.0006981,0.10518,0.008257,0.004544,0.01484,17.67,104.53,0.8228,261.4,2.244,6.8,0.32095,27.79,0.4566,0.19024,503.74,0.09741,1.4406,1237.92,0.056196,2.871,0.05072,69.08,0.015492,1.1479
2026-09-09 08:00:00+00:00,0.0037359,0.005482,130.91,0.222,0.015498,0.6531,0.1697,0.7655,8.027,260.56,757.82,0.30302,79660.5,0.45182,65.78,0.09138,1.1856,0.16779,8.488,2519,0.1787,0.8366,0.0799,86.545,6.341,24.64,12.49,5.2453,0.10838,54.67,0.02979,33.74,2.469,0.38,0.0006981,0.106,0.008281,0.004536,0.01494,17.68,104.78,0.8264,262.47,2.276,6.83,0.32024,27.285,0.4569,0.19027,503.64,0.09756,1.4377,1244.65,0.057009,2.881,0.0511,68.92,0.015533,1.1483
2026-09-09 09:00:00+00:00,0.003655,0.005401,128.37,0.2178,0.015276,0.6419,0.16646,0.7509,7.893,256.56,751.41,0.30374,78913.1,0.44562,64.28,0.09005,1.173,0.16345,8.349,2489.13,0.1754,0.8262,0.07883,85.662,6.249,23.94,12.237,5.1326,0.10712,54.07,0.02935,32.87,2.428,0.3735,0.0006904,0.10332,0.008088,0.004404,0.01484,17.12,103.44,0.8069,256.79,2.224,6.649,0.30576,25.659,0.4457,0.18717,496.94,0.09462,1.4196,1235.95,0.058012,2.835,0.05026,67.84,0.015307,1.1208
2026-09-09 10:00:00+00:00,0.003683,0.005409,128.91,0.2185,0.015313,0.6466,0.16563,0.7548,7.939,258.19,750.9,0.31407,78882.4,0.45032,65.18,0.09073,1.1769,0.16385,8.284,2486.3,0.1766,0.832,0.07852,86.153,6.28,24,12.072,5.1223,0.10965,53.97,0.02931,32.98,2.544,0.3761,0.0006904,0.10348,0.008146,0.004442,0.01484,17.19,103.73,0.8085,260.16,2.221,6.647,0.32207,26.227,0.4469,0.18806,496.11,0.09586,1.422,1242.06,0.05944,2.865,0.05038,68.13,0.015304,1.1188
2026-09-09 11:00:00+00:00,0.0037176,0.005434,129.37,0.2201,0.015319,0.6493,0.16645,0.7508,7.969,258.31,750.54,0.321,79281.7,0.45138,65.28,0.09081,1.1796,0.1643,8.358,2499.86,0.1795,0.8477,0.07865,86.299,6.333,24.07,12.104,5.155,0.10934,54.27,0.02939,33.03,2.593,0.3775,0.0006926,0.10382,0.008157,0.004603,0.01485,17.16,104.19,0.8124,265.44,2.238,6.684,0.31022,26.976,0.4512,0.18885,494.94,0.09584,1.4265,1267.16,0.061058,2.87,0.05027,67.91,0.015205,1.1214
2026-09-09 12:00:00+00:00,0.0037177,0.00545,129.22,0.2204,0.01547,0.6625,0.16728,0.7514,7.978,259.29,750.69,0.32136,79566.3,0.45087,64.59,0.09131,1.1728,0.16386,8.349,2510.66,0.1795,0.8408,0.07886,86.755,6.275,23.94,12.198,5.0357,0.10968,54.18,0.02944,32.98,2.602,0.3788,0.0006927,0.10436,0.008184,0.004684,0.01492,17.16,104.63,0.8179,267.6,2.252,6.675,0.31302,27.803,0.4524,0.18925,498.32,0.09717,1.436,1264.68,0.061626,2.877,0.05037,67.69,0.014997,1.1355
2026-09-09 13:00:00+00:00,0.0036718,0.005417,129.33,0.218,0.015584,0.6751,0.16487,0.7497,7.943,257.86,745.6,0.31937,79104.5,0.4498,63.86,0.09028,1.1604,0.16235,8.31,2501.44,0.1769,0.8424,0.07839,86.526,6.163,24.98,12.121,5.037,0.10954,54.1,0.02933,35.46,2.574,0.3762,0.0006867,0.1035,0.008119,0.004637,0.01474,18.4,103.73,0.8106,261.65,2.23,6.625,0.30912,25.395,0.4467,0.18791,503.43,0.09672,1.4284,1269.99,0.064756,2.855,0.04952,67.09,0.014848,1.1138
2026-09-09 14:00:00+00:00,0.0036562,0.005406,129.73,0.2178,0.015386,0.6701,0.16354,0.7469,7.944,257.79,743.84,0.31865,78932.2,0.451,64.05,0.08976,1.132,0.16146,8.284,2498.16,0.1768,0.8473,0.07825,86.083,6.105,24.83,12.066,5.012,0.1114,54.21,0.02929,35.51,2.616,0.3748,0.0006814,0.10297,0.008072,0.004649,0.01469,18.36,103.42,0.8089,261.91,2.215,6.622,0.30299,25.868,0.4453,0.18704,513.91,0.09604,1.4246,1284.69,0.064644,2.869,0.04944,66.96,0.014629,1.1175
2026-09-09 15:00:00+00:00,0.0035875,0.005329,128.81,0.2154,0.015576,0.6494,0.15347,0.7436,7.891,257.41,739.39,0.31807,78570,0.45275,62.83,0.08888,1.1357,0.1562,8.177,2488.97,0.174,0.8499,0.0777,85.008,6.091,24.19,11.995,4.9943,0.11223,54.03,0.02904,34.84,2.589,0.3688,0.0006708,0.1014,0.007902,0.004632,0.01457,17.89,103.02,0.7942,257.94,2.178,6.525,0.27407,24.666,0.4374,0.18408,501.02,0.09562,1.4165,1269,0.063844,2.86,0.04806,66.89,0.01458,1.1386
2026-09-09 16:00:00+00:00,0.003616,0.005396,129.47,0.2177,0.015169,0.6554,0.15126,0.7405,7.945,258.48,741.04,0.31925,78769.6,0.4501,64.23,0.08912,1.1257,0.15623,8.222,2494.84,0.175,0.8428,0.07851,85.672,6.14,24.15,12.006,4.9644,0.11304,54.07,0.02975,34.67,2.598,0.3707,0.0006817,0.10217,0.007969,0.004769,0.01475,18.11,103.33,0.798,258.06,2.175,6.587,0.26592,24.143,0.4341,0.18509,508.2,0.09676,1.4219,1272.48,0.060495,2.837,0.04874,67.15,0.014482,1.1252
2026-09-09 17:00:00+00:00,0.0036228,0.005392,128.98,0.2172,0.015364,0.6653,0.15466,0.7454,7.928,258.28,741.66,0.31535,78737.9,0.45092,64.59,0.08906,1.1305,0.15725,8.179,2492.54,0.1751,0.8428,0.07803,86.965,6.181,24.31,11.992,4.9873,0.11484,54.33,0.02999,34.8,2.621,0.3706,0.0006767,0.10281,0.007937,0.004749,0.01472,17.96,103.49,0.7991,259.28,2.187,6.601,0.26265,25.336,0.4358,0.18536,511.29,0.09629,1.4216,1265.93,0.058879,2.87,0.04828,67.01,0.014296,1.1512
2026-09-09 18:00:00+00:00,0.0035893,0.005354,127.95,0.2165,0.015194,0.6629,0.15361,0.7475,7.926,257.47,740.26,0.31597,78383.9,0.45081,63.98,0.08854,1.1227,0.15655,8.117,2480.15,0.1745,0.8447,0.07784,85.927,6.204,24.42,11.923,4.9521,0.11211,54.09,0.03003,34.83,2.585,0.3695,0.0006748,0.10291,0.007865,0.004714,0.01471,17.76,103.23,0.7969,260.64,2.163,6.593,0.25364,24.411,0.4329,0.18476,509.2,0.0944,1.4165,1271.33,0.055702,2.88,0.04788,66.7,0.015137,1.1666
2026-09-09 19:00:00+00:00,0.003531,0.005285,126,0.2146,0.01507,0.6437,0.15115,0.7384,7.852,254.29,737.59,0.31958,78194.4,0.44986,61.98,0.08698,1.1191,0.15265,8.052,2464.28,0.1722,0.8298,0.07699,84.807,6.132,24.2,11.861,4.7355,0.11382,53.49,0.02948,35.07,2.511,0.3647,0.0006639,0.10066,0.007706,0.004328,0.01447,17.82,102.3,0.7851,256.25,2.135,6.498,0.25512,23.564,0.4266,0.18205,509.75,0.09092,1.4009,1250.56,0.052169,2.828,0.04745,66.38,0.014991,1.1163
2026-09-09 20:00:00+00:00,0.0035226,0.00529,126.02,0.2142,0.01522,0.6488,0.15076,0.7394,7.879,255.19,734.16,0.31612,78282,0.45045,62.73,0.08699,1.1152,0.15375,8.072,2470.37,0.1724,0.8341,0.07711,85.399,6.105,24.44,11.801,4.7104,0.11505,53.68,0.02938,35.01,2.503,0.3661,0.000666,0.10131,0.007714,0.004306,0.0147,17.83,102.52,0.7853,258.2,2.151,6.387,0.24068,24.677,0.4281,0.1829,510.86,0.09041,1.4028,1249.21,0.053481,2.847,0.04799,66.82,0.014687,1.1201
2026-09-09 21:00:00+00:00,0.0034952,0.005254,125.36,0.2123,0.015205,0.6437,0.15235,0.7309,7.813,253.13,725.75,0.32014,78109.8,0.45008,61.85,0.08644,1.1105,0.15248,8.049,2460.58,0.1706,0.833,0.07674,84.348,6.038,24.28,11.74,4.6623,0.11546,53.38,0.02905,34.91,2.452,0.3606,0.0006535,0.10037,0.007676,0.004178,0.0144,17.78,102.03,0.7772,254.08,2.087,6.288,0.23296,23.087,0.423,0.18168,510.32,0.0882,1.3955,1235.28,0.05172,2.822,0.0472,67.36,0.014711,1.0993
2026-09-09 22:00:00+00:00,0.0034293,0.005189,124.11,0.2097,0.01547,0.6234,0.15167,0.7289,7.692,248.59,719.26,0.31384,77885.1,0.45066,58.34,0.08552,1.1014,0.14989,7.938,2449.12,0.167,0.8107,0.07583,82.577,6.038,24.17,11.672,4.531,0.11469,52.66,0.02823,34.78,2.444,0.3554,0.0006406,0.09825,0.007577,0.004071,0.01369,17.71,100.74,0.7641,251.78,1.992,6.13,0.23527,22.256,0.4116,0.17989,506.97,0.08852,1.3836,1228.12,0.051334,2.762,0.04357,66.66,0.014416,1.0682
2026-09-09 23:00:00+00:00,0.0034751,0.005251,125.73,0.2118,0.016057,0.6272,0.14938,0.7335,7.791,251.62,722.77,0.3166,78264.1,0.45124,58.55,0.0861,1.1214,0.15194,8.011,2466.97,0.1696,0.8196,0.0765,83.525,6.129,24.13,11.797,4.5227,0.11604,53.16,0.0287,34.96,2.482,0.3594,0.0006445,0.09945,0.00767,0.004087,0.01397,17.81,101.51,0.7717,254.11,2.026,6.155,0.22521,22.644,0.415,0.18102,512.67,0.08911,1.3941,1243.68,0.049329,2.779,0.04404,67.09,0.014349,1.0775
2026-09-10 00:00:00+00:00,0.0034532,0.005208,124.14,0.2108,0.015447,0.6178,0.1479,0.7275,7.758,250.27,721.1,0.31032,78137.6,0.44818,58.2,0.08557,1.1166,0.14951,7.937,2463.76,0.1681,0.8147,0.07643,82.705,6.063,23.52,11.709,4.6089,0.11528,52.99,0.0287,34.48,2.455,0.3557,0.0006409,0.09785,0.007527,0.004021,0.01381,17.47,100.95,0.7643,251.17,2.009,6.137,0.22307,23.037,0.4058,0.17955,508.16,0.08794,1.3867,1230.63,0.046601,2.779,0.0435,66.72,0.014198,1.0404
2026-09-10 01:00:00+00:00,0.0034476,0.00519,124.13,0.2107,0.015568,0.6195,0.14626,0.7177,7.738,249.73,721.11,0.31312,78061,0.45005,56.89,0.08547,1.1021,0.14882,7.883,2463,0.1681,0.8109,0.07639,83.201,5.974,23.61,11.701,4.6253,0.11142,52.68,0.02806,34.6,2.451,0.3559,0.0006336,0.0977,0.007457,0.003984,0.01397,17.57,101.01,0.7612,252.5,1.999,5.997,0.22443,22.715,0.4045,0.179,510.19,0.0872,1.3826,1212.86,0.047399,2.73,0.04307,66.67,0.014055,1.0436
2026-09-10 02:00:00+00:00,0.003477,0.005241,125.33,0.213,0.01577,0.6278,0.14921,0.7254,7.804,251.97,725.35,0.31246,78323.7,0.45095,58.27,0.08596,1.1166,0.15098,7.937,2473.99,0.1707,0.8145,0.07706,84.01,6.093,23.87,11.84,4.6518,0.11298,52.98,0.02849,34.69,2.488,0.3598,0.0006399,0.09884,0.007554,0.004072,0.01421,17.68,101.83,0.7696,253.68,2.02,6.019,0.22268,23.675,0.413,0.18015,513.89,0.08785,1.3916,1246.82,0.044898,2.789,0.04374,66.98,0.01414,1.0508
2026-09-10 03:00:00+00:00,0.0034665,0.00523,125.47,0.2135,0.015061,0.6249,0.15054,0.7247,7.799,250.95,723.79,0.30559,78297.4,0.45047,57.71,0.08593,1.1078,0.15009,7.919,2474.34,0.1699,0.8164,0.07688,84.01,6.075,24.01,11.807,4.622,0.1132,52.78,0.02806,34.71,2.534,0.3592,0.0006339,0.09852,0.007573,0.004058,0.01414,17.67,101.78,0.7696,256.08,2.016,6.073,0.23007,23.826,0.4153,0.18009,515.47,0.08772,1.3898,1241.76,0.041448,2.776,0.04343,67.31,0.014198,1.0488
2026-09-10 04:00:00+00:00,0.0034662,0.005236,125.18,0.2134,0.015457,0.6258,0.15144,0.7263,7.833,250.35,722.83,0.29691,78376.2,0.45255,57.86,0.08571,1.1056,0.15082,7.917,2477.69,0.1697,0.8159,0.07693,84.23,6.06,24.48,11.808,4.6585,0.11258,52.69,0.02819,35.03,2.518,0.3592,0.0006329,0.09863,0.007594,0.004065,0.01433,17.83,101.92,0.7693,256.26,2.001,6.068,0.23016,24.196,0.4147,0.18003,512.46,0.0882,1.3882,1243.78,0.040808,2.75,0.04365,66.88,0.014684,1.0535
2026-09-10 05:00:00+00:00,0.0034747,0.005243,125.29,0.2142,0.01517,0.6304,0.15185,0.7283,7.858,251.17,723.62,0.2883,78503.4,0.45455,57.86,0.08602,1.1074,0.1515,7.948,2481.11,0.1706,0.8165,0.07708,84.028,6.122,24.38,11.86,4.6215,0.11394,52.85,0.02805,35.02,2.494,0.3598,0.0006364,0.09902,0.007653,0.004037,0.01448,17.84,102.07,0.7708,255.3,2.007,6.101,0.22953,23.848,0.4164,0.18106,515.84,0.08892,1.3911,1235.89,0.039217,2.768,0.04378,66.8,0.014528,1.0517
2026-09-10 06:00:00+00:00,0.0034649,0.00522,124.79,0.2147,0.015284,0.6358,0.15047,0.7247,7.841,250.03,721.24,0.27603,78388.7,0.46051,57.76,0.08574,1.1129,0.1519,7.958,2479.25,0.1699,0.8134,0.0769,83.822,6.031,24.19,11.857,4.596,0.11529,52.79,0.02765,34.84,2.49,0.3582,0.0006641,0.09872,0.007645,0.004016,0.01444,17.83,101.9,0.7712,255.53,1.999,6.015,0.23784,24.421,0.4139,0.18101,513.38,0.08906,1.3883,1230.13,0.038378,2.8,0.04358,66.58,0.014506,1.0627
2026-09-10 07:00:00+00:00,0.003438,0.00517,124.07,0.2134,0.015388,0.6244,0.1495,0.7168,7.744,247.77,719.22,0.26888,78071.1,0.45433,56.47,0.08531,1.1045,0.14942,7.85,2471.5,0.1667,0.8,0.07625,83.24,6.041,24.06,11.776,4.4807,0.1148,52.39,0.02765,34.69,2.419,0.3535,0.0006462,0.09783,0.007585,0.003912,0.01442,17.73,101.25,0.7636,251.56,1.991,5.983,0.24182,24.26,0.4106,0.17905,512.98,0.08736,1.3819,1215.27,0.040705,2.75,0.04296,66.43,0.014442,1.0415
2026-09-10 08:00:00+00:00,0.003435,0.005164,124.39,0.2127,0.015499,0.6213,0.14903,0.7153,7.759,247.5,718.66,0.26753,78072.8,0.45999,56.84,0.08525,1.1013,0.14922,7.85,2470.18,0.1669,0.7957,0.07626,83.009,5.98,23.79,11.767,4.512,0.11478,52.39,0.02769,34.46,2.412,0.3534,0.0006549,0.09731,0.007618,0.003951,0.01452,17.56,101.12,0.7637,252.68,1.996,5.99,0.2449,24.284,0.4105,0.17899,512.44,0.0876,1.3814,1224.23,0.041555,2.765,0.04327,66.53,0.014457,1.0434
2026-09-10 09:00:00+00:00,0.0034228,0.005155,123.66,0.2132,0.015653,0.619,0.14943,0.7116,7.733,247.25,717.62,0.2772,77964.1,0.46312,56.98,0.08492,1.0967,0.1491,7.812,2467.65,0.1657,0.7978,0.07602,82.835,5.976,23.77,11.797,4.5249,0.12325,52.37,0.02768,34.2,2.4,0.3523,0.0006374,0.09764,0.007589,0.003976,0.01463,17.51,101.08,0.7613,251.39,1.986,6.014,0.2382,24.006,0.4078,0.17918,509.43,0.08663,1.3777,1222.35,0.03946,2.751,0.04375,66.2,0.014404,1.0479
2026-09-10 10:00:00+00:00,0.0034009,0.005127,122.88,0.2121,0.01581,0.618,0.14779,0.7131,7.712,245.25,717.23,0.27399,77837,0.46358,57.27,0.08501,1.093,0.14905,7.807,2463.08,0.1644,0.8015,0.07594,82.662,5.998,23.76,11.77,4.5189,0.11065,52.23,0.0276,34.16,2.402,0.3523,0.0006346,0.09764,0.007588,0.003994,0.01471,17.5,101.01,0.7588,250.86,1.99,5.993,0.24391,23.758,0.408,0.17888,505.34,0.08669,1.3745,1219.7,0.039658,2.744,0.04316,66.08,0.014567,1.0504
2026-09-10 11:00:00+00:00,0.0034122,0.005131,122.81,0.2123,0.015772,0.6209,0.14813,0.7127,7.722,245.08,716.66,0.27924,77816.4,0.4686,57.04,0.08509,1.0982,0.14866,7.863,2461.03,0.165,0.8056,0.07613,82.788,6.007,23.31,11.811,4.4555,0.1079,52.17,0.02754,33.77,2.405,0.3524,0.0006344,0.09807,0.007574,0.003979,0.01477,17.29,100.97,0.76,250.97,1.993,6.015,0.2529,23.918,0.4091,0.17911,506.72,0.0869,1.3756,1221.07,0.039631,2.744,0.0431,66.09,0.014853,1.0534
2026-09-10 12:00:00+00:00,0.0033359,0.005057,121.57,0.2081,0.016053,0.6135,0.14811,0.702,7.578,238.11,705.78,0.27372,76859.9,0.47183,56.65,0.08371,1.0942,0.14685,7.687,2413.44,0.1636,0.7982,0.07502,80.691,5.977,22.7,11.612,4.445,0.10571,51.81,0.02736,33.04,2.4,0.3481,0.0006381,0.09647,0.007482,0.003865,0.01489,16.91,98.87,0.7503,243.65,1.957,5.88,0.22527,23.289,0.4041,0.17671,499.28,0.08583,1.3579,1189.05,0.039727,2.733,0.04312,64.7,0.015296,1.0298
2026-09-10 13:00:00+00:00,0.0033375,0.005087,122.33,0.2109,0.015996,0.619,0.14951,0.7069,7.62,227.77,710.64,0.27671,77137.6,0.46877,56.76,0.08394,1.0896,0.14631,7.74,2433.87,0.1652,0.802,0.07563,81.05,5.947,21.68,11.701,4.5426,0.10774,52.39,0.02752,32.18,2.43,0.3506,0.000652,0.0967,0.007504,0.003895,0.01518,16.36,99.67,0.7499,242.81,1.967,5.928,0.23428,23.717,0.405,0.17775,503.4,0.08704,1.3636,1169.8,0.038305,2.751,0.04319,65.28,0.015551,1.037
2026-09-10 14:00:00+00:00,0.0033129,0.005086,122.36,0.2115,0.015902,0.6329,0.15205,0.7066,7.597,227.11,710.2,0.28223,77376.4,0.46457,56.53,0.08376,1.0818,0.14999,7.71,2442.29,0.1636,0.8005,0.07561,81.252,5.844,22.28,11.66,4.5675,0.10892,52.36,0.02754,32.2,2.418,0.3502,0.0006442,0.0963,0.00752,0.003888,0.01567,16.4,100.15,0.747,239.54,1.96,5.945,0.2324,23.415,0.4039,0.1778,501.6,0.08769,1.3595,1179.21,0.039219,2.773,0.04311,65.57,0.01615,1.0371
2026-09-10 15:00:00+00:00,0.0032782,0.005072,122.14,0.2094,0.015675,0.6314,0.1499,0.7046,7.593,225.63,708.16,0.2833,77218.5,0.45057,56.28,0.08368,1.0887,0.14842,7.703,2440.01,0.1637,0.8012,0.07547,80.671,5.842,21.79,11.63,4.5774,0.11002,52.19,0.02708,32.06,2.471,0.3482,0.0006513,0.09631,0.007494,0.003846,0.01645,16.5,99.69,0.7443,240.64,1.981,5.996,0.2347,23.959,0.4058,0.17768,506.29,0.0864,1.356,1168.17,0.038612,2.762,0.04234,65.55,0.016165,1.0492
2026-09-10 16:00:00+00:00,0.0032637,0.00505,122.05,0.2082,0.01557,0.6269,0.14827,0.6997,7.585,226.94,708.67,0.27234,77172,0.47292,55.62,0.0835,1.0848,0.14738,7.692,2447.62,0.1627,0.7986,0.07502,79.981,5.893,21.63,11.614,4.5735,0.11053,52.24,0.02722,31.85,2.479,0.3468,0.0006454,0.09627,0.0074,0.003819,0.0178,16.39,99.63,0.7408,240.8,1.965,5.991,0.23858,23.767,0.4017,0.17725,506.25,0.08513,1.3537,1131.28,0.037199,2.718,0.04257,65.39,0.016296,1.0343
2026-09-10 17:00:00+00:00,0.0032989,0.005074,122.83,0.2097,0.015564,0.628,0.15018,0.7054,7.616,226.67,713.05,0.27481,77296.6,0.48462,56.03,0.08384,1.1033,0.14774,7.754,2464.85,0.1643,0.8038,0.07529,80.25,5.965,21.34,11.672,4.4995,0.1123,52.3,0.02734,31.89,2.493,0.3493,0.000649,0.09622,0.007425,0.003864,0.0171,16.71,99.93,0.7427,242.3,1.988,6.059,0.24507,25.001,0.4049,0.17859,511.19,0.08585,1.3597,1142.63,0.037268,2.742,0.04247,65.99,0.016336,1.0325
2026-09-10 18:00:00+00:00,0.0033194,0.005099,122.95,0.2105,0.015518,0.639,0.14998,0.7051,7.617,227.43,714.34,0.27183,77222.7,0.48666,56.37,0.08397,1.1036,0.14681,7.74,2467.37,0.1651,0.8041,0.07522,80.89,6.022,21.46,11.67,4.5038,0.11256,52.39,0.02828,32.02,2.514,0.3494,0.0006433,0.09651,0.007455,0.003885,0.01719,16.75,99.87,0.7414,241.04,1.991,6.078,0.25088,25.442,0.4054,0.17898,515.47,0.08594,1.3555,1139.51,0.038906,2.762,0.04241,65.67,0.016122,1.0375
2026-09-10 19:00:00+00:00,0.0033067,0.00509,122.87,0.209,0.015345,0.6271,0.14752,0.7032,7.586,226.7,714.69,0.27372,77129.1,0.48618,55.75,0.0839,1.0978,0.14379,7.693,2461.46,0.164,0.7955,0.0752,80.165,5.953,21.19,11.61,4.5204,0.11378,52.11,0.02832,31.79,2.47,0.3469,0.0006439,0.09543,0.007405,0.003865,0.01765,16.42,99.63,0.7385,239.1,1.974,6.074,0.24257,24.617,0.4012,0.17788,514.28,0.08593,1.3499,1124.54,0.037586,2.758,0.04198,65.48,0.016134,1.0373
2026-09-10 20:00:00+00:00,0.0033141,0.005105,122.87,0.209,0.015411,0.6467,0.14824,0.7036,7.596,226.79,715.37,0.26917,77233.2,0.49459,56.32,0.08412,1.111,0.14512,7.733,2460.53,0.166,0.8008,0.07568,80.393,5.995,21.25,11.588,4.5088,0.11525,52.31,0.02858,31.63,2.509,0.348,0.0006468,0.09605,0.007473,0.003837,0.01919,16.31,100,0.7403,239.5,1.995,6.064,0.24427,24.846,0.4026,0.1773,512.62,0.08596,1.3533,1130.92,0.038353,2.795,0.04191,65.24,0.01651,1.0488
2026-09-10 21:00:00+00:00,0.0033065,0.005094,122.67,0.2083,0.015303,0.6416,0.14656,0.7046,7.567,225.82,714.78,0.27086,77113.5,0.50095,55.88,0.08403,1.1201,0.14525,7.706,2459.27,0.1645,0.7911,0.07558,80.15,5.974,21.3,11.58,4.5763,0.11648,52.35,0.02859,31.74,2.509,0.3467,0.0006422,0.09565,0.007459,0.003799,0.01823,16.33,99.77,0.7383,239.77,1.989,6.008,0.24497,24.414,0.4025,0.17686,510.53,0.08497,1.351,1133.27,0.037561,2.79,0.04194,64.89,0.016463,1.0362
2026-09-10 22:00:00+00:00,0.0032641,0.005062,121.84,0.2064,0.015276,0.6487,0.14238,0.7011,7.509,224.4,712.32,0.26819,76794.1,0.49504,55.1,0.0835,1.1087,0.14397,7.646,2443.84,0.1632,0.785,0.07522,79.452,5.949,21.23,11.514,4.521,0.11605,52.31,0.02849,31.47,2.48,0.3445,0.0006381,0.09491,0.007417,0.00372,0.0179,16.22,99.23,0.7313,238.37,1.968,5.986,0.24166,24.296,0.3989,0.17564,509.25,0.08415,1.3423,1093.25,0.038424,2.798,0.0416,64.71,0.016174,1.0224
2026-09-10 23:00:00+00:00,0.0032335,0.005032,120.55,0.2046,0.015204,0.6416,0.13984,0.6983,7.419,223.7,709.13,0.26747,76535.7,0.50014,54.02,0.08286,1.0959,0.14286,7.568,2437.04,0.162,0.7794,0.07472,78.571,5.94,21.24,11.45,4.2865,0.11763,52.08,0.02863,31.23,2.442,0.3423,0.0006317,0.09377,0.007345,0.003651,0.01735,16.07,98.6,0.7273,235.26,1.941,5.947,0.23092,24.102,0.3955,0.17452,508.52,0.08401,1.334,1079.65,0.038215,2.809,0.0413,64.42,0.016424,1.0189
2026-09-11 00:00:00+00:00,0.0032665,0.005062,121.95,0.2064,0.015452,0.6545,0.14332,0.701,7.473,225.95,713.91,0.2737,76881,0.5004,54.83,0.08341,1.1291,0.14458,7.629,2455.46,0.1641,0.7883,0.07512,79.232,6.004,22.1,11.506,4.372,0.1169,52.58,0.02883,31.72,2.498,0.3458,0.0006381,0.09509,0.007446,0.003704,0.01714,16.26,99.12,0.7327,235.35,1.957,6.042,0.23016,24.282,0.4002,0.17558,512.2,0.08465,1.3411,1084.37,0.037725,2.814,0.04228,64.75,0.016118,1.038
2026-09-11 01:00:00+00:00,0.0032826,0.005069,121.97,0.2066,0.0155,0.6521,0.14374,0.7,7.474,227.3,713.91,0.2731,76946.8,0.50025,54.87,0.08352,1.1148,0.14475,7.597,2453.25,0.164,0.7845,0.07533,79.122,5.932,22.06,11.483,4.3543,0.12013,52.78,0.02938,31.58,2.417,0.3462,0.000647,0.09512,0.007439,0.003681,0.01676,16.2,99.4,0.7342,234.83,1.974,5.997,0.21915,24.138,0.3994,0.17568,509.73,0.08422,1.3455,1081.2,0.038512,2.78,0.04232,64.31,0.016081,1.025
2026-09-11 02:00:00+00:00,0.003284,0.005067,121.5,0.2066,0.015289,0.6555,0.14458,0.6984,7.455,226.11,711.64,0.26887,76813.3,0.50118,55.08,0.08345,1.1093,0.14537,7.543,2445.86,0.1645,0.7852,0.07502,78.642,5.922,22.07,11.475,4.3145,0.11802,52.78,0.02908,31.35,2.386,0.3456,0.000644,0.09538,0.007413,0.003598,0.01592,16.09,99.27,0.7342,235.21,1.973,5.987,0.20866,23.449,0.3976,0.17553,507.4,0.08438,1.3419,1069.92,0.040152,2.766,0.04196,64.17,0.0156,1.0184
2026-09-11 03:00:00+00:00,0.003293,0.005081,121.91,0.2077,0.014556,0.6495,0.14607,0.7054,7.458,227.54,712.62,0.27042,76860.8,0.5001,55.36,0.08369,1.1212,0.14596,7.556,2446.2,0.1669,0.7873,0.07516,78.734,5.999,22.11,11.491,4.3862,0.12468,53.03,0.02894,31.23,2.419,0.3475,0.0006434,0.0956,0.007446,0.003664,0.01569,15.91,99.26,0.7361,235.07,1.97,6.011,0.21698,23.682,0.3978,0.17584,502.14,0.08485,1.3422,1066.89,0.041157,2.779,0.04196,64.45,0.015963,1.035
2026-09-11 04:00:00+00:00,0.003312,0.005099,122.66,0.2099,0.013395,0.6478,0.1477,0.7074,7.502,227.76,717.04,0.27111,77076.5,0.49951,55.96,0.08403,1.1384,0.14653,7.636,2457.96,0.1673,0.7924,0.07547,79.274,5.982,22.28,11.53,4.5,0.12657,52.81,0.02896,31.79,2.455,0.3502,0.0006513,0.09592,0.007477,0.003734,0.0162,16.18,99.64,0.7398,236.61,1.981,6.156,0.21288,24.4,0.4013,0.17607,514.99,0.08621,1.3474,1086.66,0.043505,2.788,0.04192,64.6,0.015884,1.0358
2026-09-11 05:00:00+00:00,0.0033148,0.005102,123.41,0.2096,0.014315,0.6424,0.14708,0.7092,7.521,227.2,717.03,0.26895,77220.2,0.50052,55.92,0.08405,1.1478,0.14724,7.655,2467.78,0.1674,0.796,0.07547,79.825,5.983,22.73,11.571,4.495,0.1289,52.89,0.0289,32.12,2.466,0.351,0.0006531,0.09597,0.007512,0.003773,0.01591,16.37,99.85,0.74,237.04,1.986,6.16,0.22309,24.534,0.402,0.17616,514.57,0.08634,1.3488,1097.09,0.044,2.785,0.04248,64.66,0.015775,1.0379
2026-09-11 06:00:00+00:00,0.003314,0.005086,123.18,0.2085,0.014369,0.6321,0.14475,0.7067,7.519,226.68,715.6,0.26784,77263.9,0.50922,55.78,0.08396,1.1515,0.14602,7.697,2465.9,0.1659,0.7919,0.07502,79.985,5.963,22.68,11.518,4.5011,0.13206,52.95,0.02892,32.13,2.477,0.35,0.0006508,0.09509,0.007509,0.003773,0.01603,16.45,99.77,0.7369,235.99,1.974,6.151,0.21939,24.073,0.401,0.17655,511.25,0.08605,1.3526,1102.46,0.043223,2.753,0.04254,64.86,0.015883,1.041
2026-09-11 07:00:00+00:00,0.0033114,0.005088,122.8,0.2076,0.014189,0.632,0.14383,0.7082,7.478,227.13,714.09,0.2768,77188.1,0.50041,55.71,0.08377,1.1237,0.14477,7.645,2466.51,0.1649,0.7868,0.07447,79.841,5.987,22.66,11.469,4.509,0.13508,53.07,0.02951,32.17,2.453,0.3492,0.000647,0.09533,0.007442,0.003701,0.01664,16.46,99.69,0.737,235.52,1.971,6.088,0.22103,24.173,0.4006,0.17613,507.61,0.08595,1.3509,1111.23,0.043272,2.739,0.04188,64.61,0.015969,1.0374
2026-09-11 08:00:00+00:00,0.0033137,0.005089,122.88,0.2075,0.014608,0.6242,0.14328,0.7055,7.498,226.91,714.4,0.272,77324.1,0.50041,55.61,0.08399,1.1258,0.14478,7.654,2475.8,0.1649,0.7865,0.07448,80.315,5.969,22.92,11.494,4.4979,0.13659,53.08,0.0293,32.39,2.471,0.3511,0.000646,0.09578,0.00743,0.00369,0.01659,16.67,99.88,0.7364,237.57,1.974,6.078,0.22475,24.147,0.4013,0.17615,511.98,0.08684,1.3529,1114.66,0.043318,2.758,0.04182,64.56,0.01581,1.041
2026-09-11 09:00:00+00:00,0.0032784,0.00506,122.33,0.2037,0.014377,0.6158,0.14199,0.7026,7.4,225.05,713.26,0.26634,77001.2,0.50295,54.94,0.08364,1.096,0.14378,7.584,2468.39,0.1638,0.7803,0.0741,79.489,5.886,22.92,11.424,4.5,0.13672,52.56,0.02883,32.23,2.467,0.3483,0.0006399,0.09475,0.00736,0.003668,0.01637,16.53,99.34,0.7305,233.75,1.954,6.032,0.22701,23.58,0.3973,0.17499,511.84,0.08433,1.3408,1103.54,0.042531,2.744,0.04155,64.32,0.015809,1.0236
2026-09-11 10:00:00+00:00,0.0032561,0.005048,121.83,0.2023,0.014297,0.6066,0.14024,0.6837,7.356,224.7,712.94,0.26477,76960.1,0.50103,54.57,0.08334,1.0833,0.1425,7.526,2461.09,0.163,0.7797,0.07365,79.077,5.843,22.8,11.361,4.5441,0.13612,52.19,0.02892,32.12,2.455,0.3459,0.0006392,0.09382,0.007318,0.003664,0.01595,16.51,99.12,0.7257,231.32,1.931,5.947,0.22615,24.128,0.3965,0.17409,508.7,0.08267,1.3322,1098.68,0.040853,2.728,0.04092,63.99,0.015448,1.0174
2026-09-11 11:00:00+00:00,0.003257,0.005048,122.09,0.2022,0.014321,0.6005,0.14011,0.6848,7.354,224.87,713.64,0.26156,77000.1,0.50163,54.72,0.08363,1.0872,0.14282,7.512,2457.19,0.1642,0.7813,0.07385,79.228,5.834,22.83,11.391,4.5106,0.12709,52.35,0.02871,32.29,2.458,0.3472,0.0006411,0.09374,0.007348,0.003656,0.01606,16.59,99.44,0.7183,232.22,1.947,5.962,0.22513,24.665,0.3964,0.17439,510.85,0.08257,1.3283,1101.11,0.039237,2.748,0.04154,64.04,0.015081,1.0117
2026-09-11 12:00:00+00:00,0.0033651,0.005161,124.95,0.2088,0.014593,0.6137,0.14376,0.7006,7.577,229.44,723.99,0.27117,77992.7,0.50392,57.29,0.08512,1.0968,0.14776,7.697,2509.74,0.1697,0.7976,0.07549,81.968,5.923,23.67,11.677,4.658,0.1315,53.33,0.02927,32.71,2.577,0.3569,0.0006509,0.09582,0.007522,0.003738,0.01638,16.99,101.61,0.7395,239.26,2.012,6.187,0.25204,25.383,0.4105,0.17916,513.8,0.08539,1.366,1151.41,0.042304,2.814,0.04251,65,0.015328,1.0346
2026-09-11 13:00:00+00:00,0.0035206,0.005345,129.02,0.2143,0.014595,0.6286,0.15131,0.7124,7.768,236,737.1,0.26553,79208,0.50539,58.82,0.08738,1.1043,0.15577,8.003,2628.21,0.1731,0.817,0.07683,83.399,6.077,23.32,12.058,4.7725,0.13093,54.18,0.02953,31.5,2.656,0.3663,0.0006607,0.09914,0.007745,0.003842,0.01632,15.24,104.82,0.7587,244.44,2.067,6.48,0.25143,26.899,0.4242,0.18413,520.62,0.08836,1.4152,1207.63,0.046311,2.844,0.04314,65.73,0.01563,1.0577
2026-09-11 14:00:00+00:00,0.0034541,0.005333,128.05,0.2113,0.014173,0.6241,0.14679,0.6975,7.715,234.84,733.3,0.26745,78757.7,0.50417,57.42,0.08646,1.0691,0.15295,7.886,2606.52,0.1722,0.8167,0.07624,82.888,5.966,23.11,11.924,4.836,0.12352,53.72,0.02913,31.38,2.668,0.3619,0.0006565,0.09889,0.007583,0.003742,0.0163,15.28,103.24,0.7488,241.85,2.034,6.318,0.25157,25.884,0.4213,0.1824,518.67,0.08695,1.3944,1187.6,0.052906,2.85,0.04308,65.43,0.015531,1.055
2026-09-11 15:00:00+00:00,0.0033582,0.005235,125.73,0.2081,0.014421,0.6068,0.14396,0.6902,7.571,232.06,728.94,0.26535,77682.9,0.50325,56.19,0.08495,1.051,0.1487,7.729,2558.01,0.1686,0.7966,0.07526,81.948,5.912,23.33,11.702,4.6862,0.12145,53.31,0.02883,31.73,2.616,0.3555,0.0006497,0.09717,0.007406,0.003647,0.01619,15.39,101.55,0.7368,237.82,1.981,6.159,0.23955,25.209,0.409,0.18059,514.6,0.08587,1.3738,1163.63,0.056239,2.771,0.04285,64.52,0.015298,1.028
2026-09-11 16:00:00+00:00,0.00337,0.00531,126.45,0.2097,0.013971,0.6122,0.1454,0.6962,7.594,233.82,730.74,0.25662,77873,0.50085,56.78,0.08579,1.0677,0.14727,7.816,2576.38,0.171,0.8068,0.07551,82.011,5.844,23.27,11.786,4.6482,0.12384,54.02,0.02892,31.55,2.598,0.3586,0.0006579,0.09809,0.007382,0.003642,0.01634,15.22,102.3,0.7415,237.35,1.995,6.178,0.2371,24.648,0.4123,0.18196,515.58,0.08563,1.3758,1186.42,0.058231,2.818,0.04299,64.7,0.015328,1.0296
2026-09-11 17:00:00+00:00,0.0033261,0.005215,125.27,0.2068,0.014263,0.6074,0.14393,0.6938,7.535,230.74,727.79,0.25777,77493.9,0.50103,56.87,0.08492,1.0519,0.14537,7.72,2565.31,0.1695,0.7906,0.07472,81.526,5.854,23.41,11.691,4.5664,0.12176,53.78,0.02871,31.59,2.572,0.3559,0.0006511,0.09661,0.007302,0.003692,0.0162,15.25,101.9,0.7321,236.86,1.985,6.09,0.23904,24.294,0.4076,0.17945,515.11,0.08444,1.3671,1176.96,0.061072,2.79,0.04285,64.43,0.015199,1.0132
2026-09-11 18:00:00+00:00,0.0032602,0.005134,123.66,0.2036,0.013964,0.5971,0.14022,0.6762,7.426,226.2,722.64,0.25437,77020.7,0.5005,55.7,0.08405,1.0429,0.14185,7.588,2536.23,0.1663,0.7771,0.07393,79.889,5.812,23,11.531,4.4169,0.12096,53.06,0.0285,31.41,2.523,0.35,0.000648,0.09505,0.007185,0.003538,0.01619,15.22,101.03,0.7219,233.62,1.958,6.023,0.22302,24.04,0.3977,0.17738,515.71,0.08294,1.3517,1165.54,0.06509,2.74,0.04227,63.82,0.014995,0.9951
2026-09-11 19:00:00+00:00,0.0032921,0.005171,124.4,0.206,0.014019,0.6036,0.14154,0.6793,7.462,228.43,725.38,0.25248,77250.7,0.49998,56.32,0.08445,1.047,0.14236,7.67,2538.3,0.1672,0.7824,0.07442,80.728,5.88,23.1,11.609,4.4643,0.12612,53.44,0.02849,31.44,2.505,0.3524,0.0006525,0.09579,0.007273,0.003595,0.01629,15.24,101.96,0.7264,235.88,1.976,6.075,0.21968,24.113,0.4018,0.17864,519.16,0.08313,1.3606,1174.5,0.064921,2.76,0.04278,64.01,0.015231,0.9976
2026-09-11 20:00:00+00:00,0.0032932,0.005162,124.61,0.2056,0.014005,0.5988,0.13961,0.6807,7.447,228.85,726.54,0.253,77295.6,0.50135,56.47,0.08433,1.0456,0.14042,7.657,2529.4,0.1668,0.7809,0.07436,80.61,5.864,23.17,11.576,4.394,0.1321,53.54,0.0284,31.39,2.473,0.352,0.0006524,0.09533,0.007264,0.003579,0.01611,15.17,102.43,0.7275,235.36,1.981,6.057,0.22299,24.172,0.3997,0.17843,519.19,0.08209,1.3613,1182.08,0.064441,2.756,0.04312,63.89,0.015179,0.9984
2026-09-11 21:00:00+00:00,0.0032688,0.005133,124.28,0.2045,0.014128,0.5916,0.13841,0.676,7.423,226.02,723.58,0.25247,77080.3,0.50038,55.53,0.08394,1.0347,0.13878,7.602,2515.07,0.1649,0.7762,0.07404,79.872,5.761,23.14,11.514,4.3377,0.13479,53.06,0.02818,31.37,2.44,0.3486,0.0006485,0.09444,0.007201,0.003524,0.01603,15.16,102.05,0.7215,233.33,1.951,5.987,0.21668,23.934,0.3962,0.1774,516.57,0.08148,1.3522,1157.8,0.064618,2.729,0.04285,63.52,0.015108,0.9795
2026-09-11 22:00:00+00:00,0.0032713,0.005114,123.86,0.2046,0.014023,0.5923,0.13769,0.6778,7.409,226.2,724.65,0.25345,77110.1,0.50059,55.48,0.08378,1.0313,0.13836,7.573,2510.64,0.1647,0.7786,0.07405,78.968,5.708,23.27,11.479,4.2951,0.13641,52.92,0.02841,31.37,2.41,0.3474,0.0006503,0.0944,0.007184,0.003553,0.01612,15.18,101.84,0.7203,233.28,1.961,5.978,0.21274,23.526,0.3956,0.17713,514.91,0.08175,1.3492,1158.71,0.070292,2.715,0.04283,62.76,0.015098,0.9784
2026-09-11 23:00:00+00:00,0.003306,0.005171,125,0.2062,0.013839,0.5962,0.13944,0.682,7.459,227.92,727.1,0.25426,77191.1,0.5093,56.85,0.08426,1.04,0.14036,7.625,2515.47,0.1661,0.7854,0.07435,79.429,5.734,23.26,11.545,4.3512,0.14071,53.24,0.0289,31.44,2.364,0.3505,0.0006588,0.09548,0.007252,0.003585,0.01637,15.21,102.4,0.7254,235.41,1.98,6.008,0.21445,23.487,0.3997,0.17818,523.05,0.08237,1.3557,1164.19,0.071475,2.722,0.04304,63.28,0.016059,0.9829
2026-09-12 00:00:00+00:00,0.0033036,0.005189,125.07,0.2061,0.014032,0.6017,0.14163,0.6823,7.46,229.11,727.03,0.26093,77251.8,0.503,57.05,0.08416,1.0487,0.14093,7.622,2509.5,0.1672,0.7981,0.07439,78.755,5.779,23.45,11.501,4.3789,0.15918,53.17,0.02943,31.41,2.33,0.3496,0.0006631,0.09596,0.007217,0.003612,0.01667,15.38,101.87,0.7266,235.73,1.982,6.013,0.21458,23.295,0.4026,0.17928,522.31,0.08252,1.3563,1155.41,0.071782,2.725,0.04289,63.82,0.015845,0.9816
2026-09-12 01:00:00+00:00,0.0033087,0.005196,125.23,0.2074,0.013822,0.6059,0.14196,0.6831,7.454,230.03,730.68,0.25991,77236.4,0.50252,56.76,0.08437,1.0539,0.14148,7.64,2512.46,0.1676,0.8,0.0745,78.72,5.858,23.37,11.526,4.4117,0.16647,53.63,0.0306,31.37,2.357,0.3505,0.0006676,0.09612,0.007224,0.003592,0.0166,15.32,101.96,0.7284,234.83,1.987,6.048,0.22283,23.515,0.4044,0.18018,525.4,0.0828,1.3602,1139.67,0.08831,2.74,0.04343,63.77,0.015874,0.9845
2026-09-12 02:00:00+00:00,0.0033171,0.005208,125.23,0.2088,0.013849,0.6179,0.14084,0.6823,7.453,230.38,732.15,0.25814,77248.4,0.50328,56.39,0.08443,1.0472,0.14133,7.627,2513.11,0.1679,0.7952,0.07456,79.04,5.904,23.39,11.512,4.3786,0.18688,53.98,0.03025,31.42,2.36,0.351,0.0006772,0.09612,0.007264,0.003568,0.01658,15.3,101.83,0.726,234.93,1.989,6.094,0.2228,23.544,0.404,0.18047,524.92,0.0825,1.3629,1140.24,0.095054,2.759,0.04328,64.05,0.016009,0.9866
2026-09-12 03:00:00+00:00,0.0033396,0.005214,125.64,0.2088,0.01402,0.6187,0.14104,0.6864,7.45,230.79,733.92,0.25405,77236.8,0.51671,56.38,0.08441,1.0461,0.14166,7.645,2511.98,0.1677,0.7966,0.07453,78.862,5.938,23.35,11.48,4.3522,0.19932,53.97,0.03044,31.42,2.383,0.3502,0.0006732,0.09617,0.007264,0.003532,0.01617,15.3,101.6,0.727,234.29,1.982,6.148,0.22052,23.692,0.4036,0.18079,531.65,0.08249,1.3633,1134.2,0.115211,2.775,0.0433,64.12,0.016215,0.988
2026-09-12 04:00:00+00:00,0.0033258,0.005216,125,0.2076,0.013811,0.6189,0.1407,0.6845,7.444,229.47,734.1,0.25239,77186.4,0.50013,56.4,0.08434,1.0484,0.14032,7.647,2511.5,0.1676,0.7991,0.07437,78.492,5.907,23.33,11.495,4.3033,0.1934,53.71,0.03074,31.39,2.339,0.3504,0.0006752,0.09569,0.007234,0.003533,0.01611,15.25,101.55,0.7227,233.64,1.98,6.175,0.21844,23.773,0.4014,0.1804,532.26,0.0822,1.3625,1134.73,0.121991,2.765,0.04306,64.05,0.016085,0.9806
2026-09-12 05:00:00+00:00,0.0033214,0.005216,125.14,0.2075,0.014343,0.6115,0.1406,0.6832,7.437,229.66,733.41,0.25088,77177.7,0.50219,56.18,0.08437,1.0456,0.14036,7.687,2510.61,0.1688,0.7998,0.07424,78.582,5.902,23.34,11.509,4.3334,0.20306,53.79,0.03115,31.43,2.348,0.3492,0.0006755,0.09566,0.007232,0.003525,0.01613,15.27,101.6,0.7224,233.51,1.978,6.225,0.21705,23.366,0.3995,0.17982,539.11,0.08281,1.3632,1126.32,0.124166,2.76,0.04298,63.95,0.016069,0.9817
2026-09-12 06:00:00+00:00,0.0033231,0.005211,125.59,0.2077,0.015108,0.6108,0.14296,0.6813,7.43,229.97,732.24,0.25076,77260.1,0.50053,55.99,0.08437,1.045,0.14147,7.688,2518.21,0.169,0.8026,0.07424,78.763,5.906,23.27,11.511,4.3109,0.2184,53.74,0.03226,31.36,2.348,0.3495,0.00068,0.09595,0.007237,0.003545,0.0164,15.22,101.64,0.723,233.51,1.988,6.285,0.2223,23.655,0.4003,0.17958,537.41,0.08367,1.3624,1130.59,0.122547,2.77,0.04267,63.9,0.016003,0.9898
2026-09-12 07:00:00+00:00,0.0033507,0.005239,126.22,0.2089,0.014721,0.6099,0.14437,0.6871,7.449,231.56,733.89,0.25085,77236.9,0.50208,56.85,0.08471,1.0501,0.14259,7.744,2522.99,0.1713,0.81,0.07455,79.052,5.956,23.33,11.561,4.3666,0.19739,54.02,0.03225,31.36,2.361,0.3516,0.0006747,0.09664,0.007285,0.003582,0.01623,15.22,101.61,0.7278,234.89,2.003,6.351,0.23398,23.681,0.4038,0.18071,545.6,0.08414,1.3685,1149.17,0.118351,2.784,0.04264,63.85,0.015956,1.0037
2026-09-12 08:00:00+00:00,0.0033856,0.005275,126.22,0.2088,0.014835,0.6112,0.14341,0.6858,7.434,231.27,735.29,0.25046,77325.1,0.53128,56.41,0.08475,1.0458,0.14199,7.707,2532.29,0.1708,0.8121,0.0744,79.368,6.015,23.26,11.534,4.3459,0.19556,54.16,0.03201,31.34,2.371,0.3514,0.0006749,0.09655,0.007285,0.003569,0.01603,15.21,101.77,0.7271,235.5,2,6.353,0.23589,23.198,0.4021,0.18095,542.65,0.08361,1.3662,1151.2,0.122725,2.777,0.04242,63.87,0.01614,1.0094
2026-09-12 09:00:00+00:00,0.0033788,0.005276,126.39,0.2086,0.014668,0.6166,0.14289,0.6847,7.446,231.69,735.81,0.24746,77320,0.55903,56.13,0.08492,1.0388,0.14169,7.689,2529.99,0.1701,0.8103,0.07436,79.486,5.985,23.25,11.536,4.3971,0.20445,54.1,0.03218,31.27,2.371,0.3511,0.0006754,0.09726,0.007312,0.003584,0.01599,15.21,101.97,0.7265,235.43,2,6.352,0.23164,23.172,0.4012,0.18102,537.05,0.083,1.3692,1151.44,0.127762,2.771,0.04225,64.33,0.01607,1.0184
2026-09-12 10:00:00+00:00,0.0033859,0.005287,126.77,0.2084,0.014901,0.62,0.14294,0.686,7.436,230.63,738.25,0.24686,77298.6,0.55587,56.14,0.08497,1.0398,0.14141,7.717,2532.52,0.1696,0.8123,0.07456,79.813,5.956,23.3,11.532,4.3825,0.21221,54.09,0.0336,31.34,2.377,0.3519,0.0006741,0.09727,0.007368,0.00356,0.01603,15.2,102.1,0.7261,235.77,2.006,6.365,0.2354,23.214,0.4012,0.18178,529.97,0.08326,1.3728,1152.48,0.132329,2.763,0.04229,64.34,0.016091,1.0181
2026-09-12 11:00:00+00:00,0.0033965,0.005373,127.46,0.2092,0.014776,0.6192,0.14346,0.6863,7.441,230.94,737.16,0.24707,77325.8,0.54974,56.21,0.08503,1.0452,0.14136,7.769,2535.21,0.1705,0.8132,0.07475,80.215,5.956,23.35,11.565,4.3766,0.21226,54,0.03259,31.37,2.367,0.3524,0.0006733,0.09767,0.007375,0.003564,0.01597,15.22,102.08,0.7285,236.77,2.011,6.38,0.23892,23.203,0.4024,0.18215,534.5,0.08294,1.3717,1151.07,0.136953,2.752,0.0423,64.31,0.015954,1.0218
2026-09-12 12:00:00+00:00,0.0033896,0.005322,126.78,0.2085,0.01543,0.6162,0.14439,0.6858,7.434,230.79,736.76,0.24958,77294.9,0.5533,56.3,0.08502,1.0428,0.14166,7.75,2534.39,0.1695,0.8115,0.07459,80.263,5.938,23.34,11.542,4.3576,0.22373,53.96,0.03236,31.33,2.362,0.3511,0.0006711,0.09723,0.007347,0.003599,0.01594,15.22,102,0.7276,235.49,2.016,6.366,0.23855,23.231,0.4009,0.18145,529.66,0.08272,1.3697,1159.21,0.133329,2.748,0.04231,64.38,0.016118,1.0287
2026-09-12 13:00:00+00:00,0.0033844,0.0053,125.86,0.2082,0.015477,0.6126,0.14325,0.6837,7.43,230.55,737.1,0.25091,77329.2,0.54854,56.05,0.08495,1.0363,0.14143,7.747,2543.62,0.169,0.8065,0.07445,80.151,5.925,23.3,11.548,4.3296,0.23214,53.84,0.03154,31.29,2.359,0.3499,0.0006687,0.09724,0.007328,0.003596,0.0159,15.21,101.94,0.7254,234.49,1.997,6.385,0.23629,22.971,0.4003,0.18098,531.18,0.08257,1.3675,1151.2,0.134005,2.76,0.04246,64.29,0.016036,1.0246
2026-09-12 14:00:00+00:00,0.0033894,0.005296,125.62,0.2083,0.015365,0.6134,0.14348,0.6854,7.422,230.38,736.18,0.25156,77430.5,0.54969,56.25,0.08511,1.0348,0.14267,7.725,2538.99,0.1693,0.8084,0.07461,80.274,5.952,23.31,11.572,4.3147,0.25707,53.98,0.03157,31.39,2.39,0.3504,0.0006743,0.09749,0.007331,0.003667,0.01593,15.22,101.94,0.7263,234.51,1.999,6.414,0.23787,23.157,0.405,0.18107,528.02,0.08245,1.3693,1142.92,0.132473,2.754,0.04251,64.3,0.016074,1.0498
2026-09-12 15:00:00+00:00,0.003396,0.005301,126.01,0.2085,0.015333,0.614,0.14367,0.6896,7.428,230.64,735.59,0.25477,77343.7,0.55007,56.22,0.08507,1.0364,0.14347,7.761,2534,0.1698,0.8097,0.07489,80.215,5.933,23.35,11.583,4.326,0.25521,54.01,0.0308,31.45,2.403,0.3531,0.0006763,0.09748,0.007357,0.003659,0.01587,15.25,102.02,0.728,235.37,2.01,6.515,0.23763,23.41,0.4067,0.18233,529.14,0.08239,1.3719,1138.38,0.132604,2.763,0.04253,64.28,0.015989,1.0513
2026-09-12 16:00:00+00:00,0.0034018,0.005283,125.9,0.208,0.015849,0.6096,0.14252,0.6969,7.395,228.66,732.63,0.24986,77326.1,0.5617,55.85,0.08499,1.0383,0.14267,7.708,2530.69,0.1692,0.8086,0.07466,80.289,5.951,23.39,11.527,4.2855,0.24298,53.91,0.03075,31.49,2.404,0.3514,0.0006709,0.09729,0.007312,0.003673,0.0159,15.28,102.03,0.727,234.98,2.007,6.376,0.22788,23.305,0.4075,0.18181,527.56,0.08163,1.3693,1141.07,0.13921,2.744,0.04264,64.25,0.015943,1.0371
2026-09-12 17:00:00+00:00,0.0033991,0.005296,126.42,0.208,0.01594,0.6054,0.14092,0.6904,7.397,227.87,731.36,0.2506,77173.5,0.5548,55.81,0.08495,1.0326,0.14227,7.701,2524.93,0.1677,0.8043,0.07468,80.497,6.056,23.38,11.517,4.3264,0.25321,53.96,0.03065,31.42,2.376,0.3502,0.000671,0.09665,0.007295,0.003903,0.01602,15.24,101.92,0.7253,234.14,2.001,6.346,0.23269,23.475,0.4045,0.18109,533.25,0.08151,1.3662,1137.64,0.141816,2.741,0.0424,64.15,0.015849,1.0401
2026-09-12 18:00:00+00:00,0.0034029,0.005276,126.57,0.2074,0.016047,0.6021,0.14072,0.6873,7.373,226.91,729.83,0.24494,77105.7,0.55167,55.35,0.08471,1.027,0.14165,7.663,2521.58,0.1669,0.8018,0.07451,80.085,6.079,23.39,11.512,4.2981,0.25928,53.71,0.03083,31.4,2.359,0.3481,0.0006736,0.09616,0.00725,0.003904,0.0161,15.22,101.59,0.7216,232.3,1.995,6.302,0.22819,23.528,0.4015,0.18036,533.68,0.08104,1.3628,1124.61,0.152898,2.73,0.04236,64.16,0.015723,1.0239
2026-09-12 19:00:00+00:00,0.0034132,0.005284,126.02,0.2071,0.016336,0.6005,0.13929,0.6836,7.361,225.33,726.62,0.24729,77084.1,0.55744,54.85,0.08476,1.025,0.14073,7.636,2518.15,0.1666,0.799,0.07435,79.661,6.045,23.16,11.472,4.2378,0.25406,53.64,0.03001,31.14,2.34,0.3474,0.0006705,0.09593,0.007249,0.003896,0.01622,15.15,101.24,0.721,231.51,1.996,6.31,0.22733,23.414,0.3999,0.17971,534.64,0.07902,1.3623,1119.24,0.157239,2.734,0.04215,64.02,0.015723,1.0176
2026-09-12 20:00:00+00:00,0.0034111,0.005293,125.84,0.2075,0.016298,0.5998,0.13974,0.6845,7.378,225.14,726.9,0.24585,77129.2,0.55003,54.81,0.08473,1.0252,0.14126,7.629,2519.44,0.1668,0.8003,0.07453,79.764,6.039,23.13,11.496,4.1822,0.22672,53.64,0.03004,30.91,2.347,0.3475,0.0006709,0.09597,0.00727,0.003821,0.01641,15.09,101.31,0.7221,232.11,1.996,6.324,0.22741,23.961,0.4003,0.17984,537.8,0.07967,1.3638,1122.53,0.154408,2.734,0.0422,63.86,0.015771,1.021
2026-09-12 21:00:00+00:00,0.0034076,0.00529,125.4,0.2068,0.016252,0.5984,0.13921,0.6864,7.391,225.34,726.88,0.24594,77218.4,0.55161,54.95,0.0846,1.0238,0.14129,7.617,2523.01,0.1666,0.8012,0.07444,79.512,6.004,23.1,11.503,4.2064,0.23863,53.53,0.03004,30.92,2.344,0.3478,0.0006711,0.09564,0.007245,0.003789,0.0168,15.08,101.44,0.7213,232.19,1.991,6.345,0.23056,24.437,0.3987,0.17978,538.21,0.07974,1.3622,1121.54,0.159629,2.733,0.04211,63.65,0.015694,1.017
2026-09-12 22:00:00+00:00,0.0034056,0.005291,125.17,0.2066,0.01634,0.5995,0.13985,0.6832,7.373,225.45,726.57,0.24545,77195.3,0.54919,54.73,0.08461,1.0156,0.14175,7.595,2521.78,0.1663,0.798,0.07452,79.641,5.985,23.12,11.478,4.2146,0.29225,53.49,0.02998,30.91,2.355,0.3475,0.000671,0.09539,0.00723,0.003781,0.01732,15.11,101.62,0.7218,232.48,1.985,6.345,0.23205,24.251,0.3994,0.17962,539.02,0.07971,1.3626,1123.28,0.154876,2.736,0.0422,63.65,0.015696,1.016
2026-09-12 23:00:00+00:00,0.0034238,0.005295,125.46,0.2072,0.016295,0.6006,0.14041,0.6871,7.395,226.22,727.96,0.24726,77242.8,0.55024,54.71,0.08479,1.0189,0.14227,7.609,2524.76,0.167,0.8007,0.07463,79.639,5.986,23.18,11.502,4.2118,0.32583,53.63,0.03,30.93,2.369,0.3484,0.0006709,0.09562,0.007241,0.003775,0.01724,15.12,101.7,0.7246,232.63,1.988,6.368,0.23221,24.245,0.3992,0.17989,539.74,0.07998,1.3655,1122.61,0.154823,2.733,0.04249,63.85,0.01563,1.0204
2026-09-13 00:00:00+00:00,0.0034272,0.005297,125.83,0.2077,0.016231,0.6025,0.14036,0.6918,7.391,226.19,728.36,0.25095,77239.5,0.54757,54.85,0.0848,1.014,0.14146,7.613,2524.22,0.1676,0.8069,0.07476,79.228,6.042,23.12,11.498,4.2085,0.39317,53.73,0.02973,30.97,2.37,0.3483,0.0006793,0.09582,0.007273,0.003782,0.01762,15.15,101.68,0.7278,232.12,1.987,6.421,0.23311,24.237,0.3991,0.17992,541.88,0.07959,1.3665,1126.31,0.148464,2.725,0.04282,63.97,0.015896,1.0283
2026-09-13 01:00:00+00:00,0.0034434,0.005302,126.35,0.2078,0.015922,0.5975,0.14042,0.6903,7.395,226.51,728.63,0.25221,77285.5,0.55241,54.92,0.08494,1.0143,0.14141,7.634,2524.81,0.1675,0.8051,0.0751,79.348,5.927,23.06,11.512,4.2241,0.52267,53.88,0.02968,31,2.365,0.3486,0.0006772,0.09581,0.007304,0.003846,0.01898,15.14,102.24,0.7277,233.58,1.985,6.38,0.23135,24.295,0.3975,0.1803,544.69,0.07935,1.367,1127.14,0.159644,2.724,0.04277,64.03,0.015498,1.0263
2026-09-13 02:00:00+00:00,0.0034399,0.005287,126.88,0.2074,0.016474,0.5975,0.14015,0.6924,7.4,225.16,728.41,0.25557,77263.9,0.5545,54.79,0.08491,1.0126,0.14105,7.59,2520.48,0.1661,0.8073,0.07494,79.201,5.92,23.05,11.5,4.2232,0.74288,53.6,0.0298,30.95,2.363,0.3477,0.0006731,0.09533,0.007279,0.00382,0.01922,15.12,101.84,0.726,235.04,1.984,6.408,0.23074,24.044,0.3975,0.18015,542.56,0.07995,1.3674,1125.51,0.148801,2.734,0.0425,64.27,0.015434,1.0236
2026-09-13 03:00:00+00:00,0.003451,0.005258,127.33,0.2065,0.016191,0.5925,0.14158,0.6924,7.403,224.76,727.33,0.25108,77162.2,0.55111,54.54,0.08467,1.0086,0.14064,7.572,2519.76,0.1672,0.8072,0.07489,79.022,5.885,23.05,11.475,4.196,1.16296,53.52,0.02961,30.88,2.346,0.3465,0.0006734,0.09509,0.007259,0.003749,0.01853,15.07,101.57,0.7219,234.36,1.98,6.358,0.23189,23.856,0.3959,0.17956,541.05,0.07991,1.3629,1132.92,0.172778,2.72,0.04235,63.94,0.015323,1.0132
2026-09-13 04:00:00+00:00,0.003448,0.005253,127.17,0.2072,0.016094,0.5924,0.14115,0.6946,7.394,225.32,726.73,0.24938,77179,0.54974,55.19,0.08466,1.0049,0.14124,7.603,2519.23,0.1678,0.8137,0.07516,79.114,5.907,23.02,11.488,4.1827,1.09512,53.78,0.03017,30.84,2.344,0.3469,0.0006783,0.09543,0.007274,0.003796,0.0195,15.09,101.65,0.7225,236.24,1.988,6.361,0.23075,23.938,0.3961,0.17988,530.99,0.07983,1.3636,1142.09,0.156418,2.697,0.0426,63.96,0.015338,1.0187
2026-09-13 05:00:00+00:00,0.003478,0.005263,127.46,0.2081,0.013589,0.5961,0.14288,0.6952,7.44,226.13,726.66,0.24891,77280.7,0.54978,56.02,0.08479,1.0146,0.14175,7.641,2521.59,0.1694,0.8149,0.07558,79.386,5.965,22.88,11.537,4.2123,0.78457,54.26,0.03031,30.52,2.346,0.3473,0.0006736,0.09614,0.007297,0.003837,0.01893,14.84,101.75,0.7252,237.35,2.002,6.406,0.23003,23.908,0.3976,0.18075,532.83,0.08022,1.3674,1147.86,0.147368,2.715,0.04272,63.99,0.015607,1.0208
2026-09-13 06:00:00+00:00,0.0034339,0.005249,126.49,0.2069,0.013912,0.592,0.13964,0.6925,7.395,224.57,722.24,0.24771,77082,0.55562,55.5,0.08438,1.0179,0.13977,7.614,2511.73,0.1686,0.8124,0.07538,78.76,5.887,22.87,11.446,4.1547,0.8865,54.02,0.03031,30.38,2.312,0.3456,0.000672,0.0956,0.007223,0.003747,0.01908,14.59,101.19,0.7187,236.93,1.988,6.337,0.22444,23.464,0.3925,0.17969,531.02,0.07979,1.36,1134.93,0.129825,2.699,0.04244,64.05,0.015635,1.0109
2026-09-13 07:00:00+00:00,0.003438,0.005233,126.48,0.2061,0.015187,0.5898,0.13884,0.692,7.359,224.48,722.55,0.24706,77087.7,0.55626,55.09,0.08413,1.0116,0.13922,7.581,2516.62,0.1675,0.8098,0.07538,78.508,5.854,22.77,11.426,4.1033,0.77132,54.06,0.03035,30.31,2.3,0.345,0.0006727,0.09592,0.007229,0.003717,0.01887,14.6,100.67,0.7163,235.82,1.986,6.298,0.22424,23.209,0.3925,0.17919,537.91,0.07978,1.357,1129.93,0.134516,2.667,0.04234,63.97,0.015553,1.004
2026-09-13 08:00:00+00:00,0.0033852,0.005198,124.53,0.2038,0.014672,0.5819,0.13511,0.6895,7.296,222.15,718.48,0.25711,76767.8,0.55248,53.9,0.0835,1.0032,0.13854,7.495,2493.25,0.1647,0.8017,0.07485,77.825,5.777,22.55,11.312,4.0946,0.81911,53.68,0.02981,29.27,2.302,0.3421,0.0006707,0.09465,0.007172,0.003677,0.01916,14.31,99.95,0.7085,232.05,1.957,6.217,0.22485,22.673,0.3885,0.17777,539.85,0.07887,1.3473,1109.02,0.142242,2.645,0.04173,63.61,0.015407,1.0009
2026-09-13 09:00:00+00:00,0.0034081,0.005206,124.54,0.2047,0.014855,0.5886,0.13752,0.6885,7.332,223.01,716.8,0.25611,76766.3,0.60427,54.48,0.08352,1.0048,0.13956,7.541,2483.69,0.1658,0.813,0.0753,77.937,5.82,22.59,11.362,4.1546,0.78979,53.73,0.03017,29.19,2.311,0.3438,0.0006747,0.09526,0.007183,0.003684,0.01837,14.32,99.8,0.7121,233.37,1.977,6.219,0.22357,22.958,0.3908,0.17815,538.35,0.08059,1.3437,1085.7,0.151034,2.66,0.04198,63.63,0.015383,1.0105
2026-09-13 10:00:00+00:00,0.0033999,0.005184,124.14,0.2036,0.014785,0.5838,0.13732,0.6864,7.3,222.67,715.6,0.26565,76643.6,0.57933,54.04,0.08329,0.9988,0.1391,7.508,2471.09,0.1645,0.8139,0.07492,77.291,5.789,22.46,11.298,4.1266,1.01514,53.55,0.02991,28.93,2.282,0.343,0.0006808,0.09469,0.007128,0.003708,0.01834,14.25,99.52,0.7083,231.4,1.962,6.22,0.22228,22.814,0.3884,0.17727,540.2,0.08034,1.3398,1092.14,0.153633,2.648,0.04187,63.55,0.015157,1.0048
2026-09-13 11:00:00+00:00,0.0034143,0.005196,124,0.2045,0.014584,0.5897,0.13823,0.6939,7.322,223.43,716.77,0.26606,76752.9,0.67508,53.95,0.0835,1.0058,0.13993,7.54,2480.13,0.1653,0.8188,0.07531,77.528,5.814,22.46,11.29,4.1,0.82698,53.77,0.03038,28.82,2.299,0.3437,0.0006822,0.0951,0.007167,0.003725,0.01741,14.19,99.76,0.7107,232.64,1.976,6.268,0.21757,22.613,0.3901,0.17837,536.68,0.08126,1.3426,1093.61,0.148764,2.656,0.04179,63.97,0.015238,1.0136
2026-09-13 12:00:00+00:00,0.0034126,0.005203,125.56,0.2049,0.014742,0.5931,0.13712,0.6945,7.307,223.62,715.98,0.25971,76725.7,0.63158,53.97,0.0834,1.0124,0.13982,7.525,2476.21,0.1657,0.8355,0.07517,77.75,5.868,22.33,11.255,4.0736,0.92174,53.61,0.02977,28.7,2.308,0.3442,0.0006979,0.09559,0.007174,0.003705,0.01689,14.08,99.65,0.7101,233.92,1.969,6.263,0.21613,22.115,0.3907,0.17838,531.62,0.08162,1.3394,1093.21,0.151035,2.676,0.04165,64.08,0.015024,1.0141
2026-09-13 13:00:00+00:00,0.0034194,0.005212,126.87,0.2065,0.014939,0.5939,0.13775,0.6967,7.371,224.34,718.46,0.26245,76813.8,0.69316,53.98,0.08336,1.0145,0.13952,7.543,2477.84,0.1658,0.8541,0.07587,78.005,6.019,22.52,11.295,4.0676,0.93768,53.68,0.02953,28.82,2.304,0.3461,0.0006925,0.09655,0.007206,0.003696,0.01682,14.26,100.04,0.7128,235.97,1.972,6.272,0.21377,21.963,0.3927,0.17942,531.32,0.08112,1.3416,1097.08,0.147827,2.696,0.04137,64.33,0.015082,1.0134
2026-09-13 14:00:00+00:00,0.0034314,0.005223,126.64,0.2074,0.014949,0.6033,0.13962,0.6987,7.402,225.07,718.96,0.27125,77175.1,0.70287,54.27,0.08372,1.0217,0.14002,7.627,2491.3,0.1673,0.9114,0.0762,78.431,6.172,22.56,11.308,4.1168,0.85375,54.23,0.02952,28.96,2.311,0.3473,0.0006894,0.09726,0.007237,0.003684,0.01698,14.22,100.63,0.7166,235.19,1.987,6.306,0.21342,21.915,0.3967,0.1797,537.39,0.08098,1.3497,1095.66,0.141208,2.725,0.04149,64.14,0.015059,1.0153
2026-09-13 15:00:00+00:00,0.0033965,0.005201,125.44,0.2056,0.014848,0.5971,0.13828,0.6968,7.357,223.58,719.14,0.2954,77098,0.66225,53.32,0.08345,1.0161,0.13839,7.612,2489.55,0.1666,0.9467,0.0755,77.95,6.11,22.38,11.252,4.0911,0.92857,54.46,0.02912,28.93,2.285,0.3444,0.0006794,0.09636,0.00721,0.003569,0.01698,14.11,100.2,0.7108,233.01,1.962,6.236,0.2071,21.432,0.3915,0.17807,536.19,0.07953,1.3427,1086.89,0.144641,2.78,0.04095,63.97,0.014817,0.9996
2026-09-13 16:00:00+00:00,0.0034146,0.005224,126.52,0.2072,0.015286,0.6088,0.14068,0.6988,7.39,224.5,721.36,0.30396,77252.6,0.68916,54.03,0.08392,1.0177,0.13974,7.648,2503.44,0.168,0.9828,0.07583,78.45,6.123,22.47,11.347,4.2167,0.99564,54.72,0.02925,29.29,2.311,0.3467,0.0006772,0.09713,0.00731,0.003644,0.01711,14.26,100.77,0.7161,234.87,1.975,6.298,0.21558,21.593,0.3926,0.17878,537.16,0.08139,1.3504,1102.51,0.145695,2.755,0.04126,64.21,0.01488,1.0097
2026-09-13 17:00:00+00:00,0.0034114,0.005242,126.95,0.2085,0.015262,0.6077,0.13944,0.6992,7.422,224.41,721.59,0.31023,77295.8,0.70035,54.71,0.08442,1.0194,0.14088,7.63,2503.99,0.171,0.9665,0.07628,78.404,6.157,22.55,11.4,4.225,0.95621,54.6,0.02932,29.32,2.35,0.3487,0.0006808,0.09829,0.007325,0.003621,0.01719,14.32,100.98,0.7198,236.35,1.987,6.32,0.21785,22.044,0.3947,0.17932,534.38,0.08132,1.3548,1107.11,0.144725,2.781,0.0414,64.62,0.014876,1.0309
2026-09-13 18:00:00+00:00,0.0034236,0.005251,126.9,0.209,0.015493,0.6081,0.13882,0.6995,7.426,224.08,722.45,0.31327,77314.2,0.69989,54.82,0.08448,1.023,0.14064,7.621,2508.35,0.1717,0.9841,0.07661,78.34,6.165,22.45,11.436,4.2054,0.95639,54.99,0.02936,29.32,2.359,0.352,0.00068,0.09854,0.007285,0.003596,0.01726,14.26,101.15,0.7229,236.63,1.992,6.335,0.2194,22.144,0.3941,0.17988,533.53,0.0812,1.3575,1107.34,0.149333,2.784,0.0417,65,0.014849,1.0307
2026-09-13 19:00:00+00:00,0.0034079,0.005238,126.13,0.208,0.015189,0.6034,0.13758,0.6976,7.409,223.87,721.45,0.31516,77254.1,0.70856,54.08,0.08413,1.0167,0.13884,7.576,2505.09,0.1712,0.9799,0.07601,78.097,6.079,22.32,11.409,4.2055,0.95788,54.84,0.02961,29.13,2.327,0.3498,0.0006788,0.09755,0.007221,0.00357,0.01719,13.98,100.93,0.7184,234.44,1.974,6.239,0.21994,21.816,0.3878,0.17919,530.88,0.08036,1.3545,1085.53,0.146114,2.769,0.04123,64.32,0.014729,1.0229
2026-09-13 20:00:00+00:00,0.0034398,0.005262,126.82,0.2091,0.01519,0.6042,0.13806,0.6987,7.445,224.7,722.64,0.31479,77312.1,0.70738,54.76,0.08442,1.0182,0.14007,7.604,2511.98,0.1724,0.99,0.07681,78.895,6.101,22.37,11.456,4.2763,0.9327,54.89,0.03007,29.24,2.349,0.3513,0.0006804,0.09777,0.007255,0.003622,0.01728,14.18,101.43,0.7216,236.14,1.989,6.281,0.22875,21.956,0.3905,0.18049,534.55,0.08069,1.3606,1105.01,0.142689,2.781,0.04164,64.42,0.014917,1.0271
2026-09-13 21:00:00+00:00,0.003416,0.005243,126.13,0.2076,0.015062,0.6029,0.13704,0.6969,7.433,224.26,722.52,0.31451,77277.3,0.72027,54.24,0.08398,1.0186,0.13928,7.569,2507.94,0.1711,0.9875,0.07644,78.549,6.091,22.46,11.407,4.2553,0.99938,54.63,0.02989,29.29,2.335,0.3501,0.0006816,0.09739,0.007221,0.003589,0.01702,14.21,101.3,0.718,236.44,1.986,6.25,0.22526,21.97,0.3891,0.1802,532.11,0.08042,1.3568,1095.45,0.143931,2.803,0.04138,63.69,0.01482,1.0262
2026-09-13 22:00:00+00:00,0.0033521,0.005121,124.43,0.2025,0.014807,0.5861,0.13251,0.6843,7.284,220.15,716.24,0.31754,76689.3,0.72323,52.88,0.08223,0.9991,0.1367,7.396,2474.41,0.1654,0.9377,0.07484,77.431,5.895,22.07,11.161,4.1545,0.95018,53.56,0.02965,29.01,2.307,0.3424,0.0006674,0.09466,0.006991,0.003519,0.01694,13.99,99.66,0.6997,231.55,1.939,6.141,0.21685,21.466,0.3797,0.17644,521.08,0.07755,1.3366,1071.1,0.145059,2.757,0.04058,62.92,0.014601,1.0032
2026-09-13 23:00:00+00:00,0.0033613,0.005133,124.28,0.2033,0.015099,0.5876,0.13294,0.6855,7.284,220.59,716.74,0.31609,76805,0.73396,52.96,0.08235,0.9985,0.13601,7.423,2475.48,0.1658,0.9512,0.07505,77.284,5.9,21.28,11.197,4.1111,0.77947,53.72,0.02994,28.69,2.296,0.3425,0.0006704,0.09468,0.006979,0.003471,0.01714,13.93,99.23,0.7012,231.26,1.927,6.121,0.21381,21.427,0.3785,0.17699,517.97,0.07775,1.3402,1062.13,0.144762,2.763,0.04099,62.97,0.014695,1.0116
2026-09-14 00:00:00+00:00,0.003371,0.00515,125.08,0.2039,0.015091,0.5859,0.1348,0.6902,7.318,221.95,719.28,0.31642,76771.5,0.73175,53.33,0.08262,1.0089,0.13707,7.501,2483.28,0.1675,0.9761,0.07543,77.788,5.947,20.78,11.264,4.1582,0.7061,54.08,0.02982,28.9,2.3,0.3428,0.0006738,0.09504,0.007026,0.003501,0.01714,13.7,99.61,0.7031,232.48,1.949,6.2,0.21361,21.544,0.3798,0.17831,516.08,0.07814,1.3463,1061.31,0.143052,2.763,0.04109,62.52,0.014972,1.0074
2026-09-14 01:00:00+00:00,0.0033949,0.005191,125.27,0.205,0.014896,0.5925,0.13603,0.6947,7.364,222.93,720.59,0.31429,77089.5,0.66474,53.62,0.08308,1.0177,0.13835,7.546,2492.22,0.1694,0.9868,0.07588,78.233,6.082,21.08,11.314,4.2297,0.84331,54.27,0.0295,29.24,2.333,0.3454,0.0006804,0.09554,0.007114,0.003557,0.01726,14.02,100.11,0.7081,235.42,1.958,6.236,0.20971,21.613,0.3835,0.17895,519.32,0.0788,1.3512,1074.79,0.141349,2.792,0.04126,62.83,0.015073,1.0107
2026-09-14 02:00:00+00:00,0.0034337,0.005216,126.13,0.2075,0.01486,0.5996,0.13936,0.6949,7.409,223.89,724.1,0.33201,77583.6,0.70759,54.12,0.08405,1.0226,0.14026,7.635,2510,0.1712,0.9831,0.07596,79.416,6.133,21.28,11.362,4.4542,0.79719,54.32,0.02991,29.34,2.364,0.349,0.0006881,0.09632,0.007141,0.003638,0.01769,14.04,100.95,0.7138,236.39,1.974,6.338,0.21032,22.252,0.386,0.18071,523.84,0.08,1.3695,1107.07,0.144205,2.828,0.04188,63.14,0.015282,1.0287
2026-09-14 03:00:00+00:00,0.0034395,0.005215,125.91,0.2071,0.014968,0.5963,0.13865,0.6948,7.4,223.82,722.95,0.38229,77558.7,0.72093,54.28,0.08388,1.015,0.14046,7.608,2511.98,0.1703,0.9676,0.07614,79.881,6.186,21.12,11.373,4.6248,0.77662,54.3,0.03013,29.12,2.376,0.3527,0.000685,0.09622,0.007148,0.003645,0.01767,14,100.94,0.7164,235.77,1.997,6.392,0.20279,22.705,0.3864,0.18182,524.82,0.08019,1.3723,1113.51,0.141803,2.812,0.04185,63.54,0.014913,1.0378
2026-09-14 04:00:00+00:00,0.0034442,0.005217,126.15,0.2071,0.014861,0.5956,0.13737,0.6964,7.413,223.96,725.19,0.38268,77644,0.74884,54.25,0.08401,1.0174,0.14069,7.6,2513.72,0.1697,0.967,0.07635,80.016,6.174,20.99,11.392,4.5853,0.83967,54.33,0.03039,29.26,2.391,0.3518,0.0006889,0.09568,0.00713,0.003625,0.01814,14.02,101.13,0.7179,234.54,2,6.384,0.2049,22.624,0.3848,0.18229,521.32,0.08025,1.3766,1115.78,0.139514,2.773,0.04169,63.72,0.01488,1.0519
2026-09-14 05:00:00+00:00,0.0034518,0.005225,125.88,0.2073,0.014911,0.5913,0.13678,0.6975,7.416,223.81,725.67,0.38103,77579,0.75501,54.08,0.08422,1.0165,0.1407,7.592,2515.48,0.1696,0.9633,0.07636,79.568,6.163,20.66,11.416,4.5671,0.83278,54.04,0.03042,28.95,2.404,0.3525,0.000692,0.09546,0.00713,0.003626,0.01807,13.9,101.08,0.7178,234.06,1.995,6.352,0.20621,22.688,0.3836,0.18297,519.55,0.07969,1.3795,1131.84,0.13601,2.77,0.0415,63.72,0.014809,1.0532
2026-09-14 06:00:00+00:00,0.0034466,0.005247,125.74,0.2087,0.014804,0.5921,0.13631,0.6968,7.403,223.65,724.09,0.39745,77554.2,0.76056,54.13,0.08427,1.0186,0.14041,7.632,2513.41,0.1708,0.9957,0.07664,79.663,6.106,20.57,11.407,4.5702,0.87364,54.03,0.02996,28.91,2.432,0.3557,0.0006975,0.09577,0.007136,0.003619,0.01748,13.84,101.5,0.7233,234.18,1.995,6.301,0.20519,22.75,0.3835,0.18486,512.56,0.08025,1.3859,1135.28,0.141586,2.789,0.04153,63.69,0.014842,1.0444
2026-09-14 07:00:00+00:00,0.0034498,0.005256,126.29,0.2106,0.014813,0.5929,0.13713,0.6972,7.417,221.88,725.34,0.40108,77854,0.76,54.11,0.0843,1.0183,0.14095,7.624,2521.97,0.1705,1.0014,0.07658,79.929,6.098,20.49,11.404,4.5714,0.91865,53.9,0.03035,28.72,2.419,0.3556,0.0006926,0.09568,0.007152,0.003628,0.01759,13.7,101.56,0.7241,234.94,2.003,6.35,0.20936,23.184,0.3824,0.18477,511.24,0.08043,1.3899,1140.45,0.138911,2.776,0.04148,63.66,0.014717,1.0403
2026-09-14 08:00:00+00:00,0.0034404,0.005214,126.22,0.21,0.015523,0.5926,0.13599,0.6962,7.38,221.94,724.55,0.41892,77700,0.76272,54.19,0.08411,1.0196,0.14158,7.627,2517.67,0.169,1.0154,0.07668,79.804,6.095,20.32,11.371,4.6197,0.96499,53.81,0.03015,28.42,2.421,0.3542,0.0006924,0.09519,0.00713,0.003649,0.01754,13.7,101.46,0.724,235.3,1.987,6.297,0.20271,23.134,0.383,0.18384,517.42,0.08057,1.3848,1139.04,0.137175,2.784,0.04135,63.71,0.014812,1.0376
2026-09-14 09:00:00+00:00,0.0034452,0.005236,127.08,0.2114,0.016784,0.5937,0.13642,0.6985,7.394,223.21,725.26,0.46985,78109.3,0.7806,54.5,0.0844,1.0145,0.14217,7.651,2522.82,0.1702,1.0058,0.07663,80.029,6.089,20.15,11.435,4.5703,0.87756,53.96,0.03006,28.2,2.414,0.3571,0.0006843,0.09532,0.007148,0.003651,0.01719,13.67,101.9,0.7263,236.6,1.998,6.314,0.20532,22.898,0.3854,0.18587,514.65,0.08104,1.4022,1143.59,0.136498,2.768,0.04139,63.85,0.014999,1.0343
2026-09-14 10:00:00+00:00,0.0034456,0.005244,126.99,0.2106,0.015561,0.5909,0.13524,0.6997,7.379,223.37,723.39,0.46125,77864.8,0.59266,54.3,0.08432,1.0137,0.14139,7.629,2512.25,0.1686,1.0007,0.07647,79.823,6.056,20.16,11.371,4.5114,0.78374,53.78,0.02981,28.39,2.406,0.3558,0.0006797,0.09511,0.007127,0.003611,0.01709,13.7,101.74,0.7233,235.8,1.993,6.305,0.20693,23,0.3841,0.189,514.93,0.08138,1.3964,1135.92,0.154139,2.757,0.04124,63.87,0.015451,1.0301
2026-09-14 11:00:00+00:00,0.0034471,0.005236,126.32,0.2097,0.015394,0.5887,0.13487,0.699,7.457,222.98,722.63,0.48368,77745.8,0.67399,54.22,0.08408,1.0152,0.14125,7.632,2508.4,0.1689,0.9998,0.07667,80.121,6.051,19.93,11.384,4.47,0.72162,53.53,0.02955,27.86,2.418,0.354,0.0006811,0.09564,0.007127,0.003616,0.01731,13.39,101.34,0.724,234.64,1.993,6.303,0.19764,22.805,0.3851,0.1891,512.47,0.08262,1.3981,1132.29,0.143783,2.747,0.04141,63.9,0.015442,1.0316
2026-09-14 12:00:00+00:00,0.0034334,0.005231,125.44,0.2085,0.015322,0.5883,0.13443,0.6957,7.451,221.79,720.58,0.51331,77663.8,0.69905,53.39,0.08366,1.0089,0.13996,7.59,2504.49,0.167,0.9996,0.07676,79.793,5.98,19.48,11.313,4.4238,0.60774,53.49,0.02925,27.48,2.396,0.3508,0.0006775,0.09555,0.007089,0.003599,0.01721,13.36,101.34,0.7209,232.99,2.013,6.266,0.19328,22.67,0.3819,0.1916,511.41,0.08218,1.3944,1118.79,0.147944,2.728,0.04145,63.7,0.015487,1.0173
2026-09-14 13:00:00+00:00,0.0034374,0.005242,125.72,0.2082,0.015422,0.5896,0.13439,0.6932,7.456,222.96,721.05,0.52398,78139.2,0.70054,53.82,0.08367,1.0095,0.14007,7.582,2499.52,0.1678,0.9936,0.07668,80.269,6.157,18.97,11.34,4.4126,0.53966,53.62,0.02952,27.02,2.41,0.3514,0.0006792,0.09597,0.007091,0.003627,0.01755,13.34,101.32,0.7215,232.64,2.021,6.359,0.19318,22.031,0.3826,0.1906,512.36,0.08151,1.3939,1140.83,0.146612,2.732,0.04184,64.13,0.016243,1.0128
2026-09-14 14:00:00+00:00,0.0034359,0.005233,125.67,0.2082,0.015332,0.5861,0.135,0.6927,7.443,222.1,722,0.52129,78479.3,0.70568,53.76,0.08378,1.0102,0.13966,7.586,2500.38,0.1675,0.985,0.07642,79.752,6.136,18.54,11.399,4.3788,0.41818,53.75,0.02965,27.56,2.398,0.3512,0.0006772,0.09697,0.007086,0.003612,0.01728,13.55,101.58,0.7197,232.24,2.011,6.34,0.20271,21.967,0.3812,0.1898,510.81,0.08097,1.3992,1141.19,0.164322,2.724,0.0414,64.07,0.016249,1.0167
2026-09-14 15:00:00+00:00,0.0034772,0.005257,126.33,0.2089,0.015797,0.5884,0.13554,0.6978,7.457,223.06,722.9,0.5304,78543.1,0.71896,53.98,0.08401,1.0084,0.14165,7.597,2507.28,0.1683,0.9528,0.0766,79.845,6.221,19.17,11.458,4.3893,0.4186,53.63,0.02995,27.91,2.396,0.3518,0.0006775,0.09839,0.007115,0.003633,0.01731,13.41,101.92,0.7243,233.53,2.034,6.368,0.20171,22.336,0.3836,0.19243,512.24,0.08148,1.4026,1137.57,0.162355,2.732,0.04186,64.53,0.016289,1.0116
2026-09-14 16:00:00+00:00,0.0035018,0.005287,126.94,0.2108,0.016044,0.5906,0.13667,0.7025,7.547,225.21,725.35,0.52952,78726.1,0.70338,54.57,0.08444,1.0162,0.14191,7.629,2528.14,0.1689,0.9695,0.07771,80.479,6.256,19.44,11.503,4.4536,0.45444,54.17,0.0303,28.16,2.464,0.3548,0.0006831,0.10193,0.007165,0.003729,0.01744,13.78,102.57,0.7316,234.84,2.031,6.395,0.1999,22.296,0.3859,0.19467,516.81,0.08217,1.4183,1138.58,0.170859,2.755,0.04234,64.6,0.015852,1.0092
2026-09-14 17:00:00+00:00,0.003513,0.005334,127.59,0.2119,0.015801,0.598,0.14029,0.7012,7.609,226.15,726.79,0.53768,78911,0.70437,55.09,0.08479,1.0131,0.14352,7.645,2532.44,0.1707,0.9595,0.07794,81.29,6.368,19.52,11.605,4.4145,0.41571,54.13,0.03026,28.53,2.579,0.3572,0.0006836,0.10371,0.00722,0.003719,0.01758,14.2,103.04,0.7351,236.32,2.037,6.434,0.2152,22.31,0.3917,0.19651,512.75,0.08295,1.4339,1150.21,0.166978,2.77,0.04293,63.88,0.015802,1.0134
2026-09-14 18:00:00+00:00,0.0035495,0.005352,129.32,0.2137,0.015814,0.6015,0.14038,0.7044,7.606,227.06,727.71,0.5219,79184.8,0.68219,55.4,0.08501,1.0199,0.14532,7.676,2537.48,0.1713,0.9589,0.07837,81.643,6.375,19.52,11.698,4.4296,0.44064,54.12,0.03029,28.55,2.565,0.3595,0.0006846,0.10505,0.007264,0.003724,0.01844,13.94,103.57,0.7423,238.74,2.053,6.62,0.21966,22.794,0.3949,0.19564,513.89,0.08432,1.4766,1201.3,0.164585,2.787,0.04266,64.13,0.015689,1.014
2026-09-14 19:00:00+00:00,0.0035177,0.005305,131.03,0.2124,0.016087,0.5971,0.14022,0.7022,7.597,226.34,725.82,0.51281,78952.1,0.65372,55.01,0.08469,1.0145,0.14537,7.648,2538.48,0.1687,0.9474,0.07783,81.262,6.317,18.6,11.734,4.5448,0.4103,53.82,0.03024,28.15,2.531,0.3588,0.0006841,0.10344,0.007199,0.003678,0.01808,13.7,103.23,0.7353,236.85,2.038,6.687,0.21233,22.263,0.3903,0.19434,513.85,0.08518,1.4636,1192.58,0.165131,2.773,0.04228,63.87,0.01561,0.9994
2026-09-14 20:00:00+00:00,0.0035432,0.005341,131.24,0.213,0.01593,0.6041,0.1408,0.705,7.722,228.24,727.34,0.5073,79065.5,0.6322,55.26,0.08514,1.024,0.14658,7.711,2569.67,0.1694,0.9451,0.07891,81.44,6.353,18.9,11.751,4.5258,0.40718,53.93,0.03011,28.31,2.53,0.361,0.000687,0.10414,0.007247,0.00372,0.01879,13.84,103.96,0.7412,237.9,2.041,6.717,0.21466,22.771,0.3938,0.19519,514.61,0.08501,1.4631,1199.13,0.158736,2.793,0.04244,64.14,0.015621,1.0101
2026-09-14 21:00:00+00:00,0.003509,0.005293,129.45,0.2106,0.015782,0.5938,0.13597,0.7049,7.626,225.73,723.92,0.52619,78728.2,0.59351,54.01,0.08433,1.0087,0.1448,7.611,2545.54,0.1679,0.9396,0.07791,80.557,6.37,19.01,11.641,4.4536,0.39612,53.34,0.02992,28.29,2.501,0.3579,0.0007007,0.10259,0.00716,0.003659,0.01902,13.81,103.16,0.7307,234.48,2.018,6.551,0.2049,22.204,0.3878,0.19355,514.35,0.08539,1.4424,1175.14,0.156923,2.765,0.04206,64.33,0.015439,0.9985
2026-09-14 22:00:00+00:00,0.0034832,0.005264,128.74,0.2096,0.01593,0.5896,0.13409,0.7037,7.613,224.29,722.88,0.53682,78517.8,0.60192,53.82,0.08403,1.0084,0.1435,7.591,2532.2,0.1669,0.935,0.07769,80.031,6.317,19.08,11.564,4.449,0.38048,53.36,0.02985,28.29,2.496,0.3557,0.0007029,0.10248,0.007127,0.003701,0.0188,13.82,102.86,0.7254,233.43,2.01,6.534,0.20182,22.168,0.3867,0.19362,515.09,0.0842,1.4352,1169.72,0.158974,2.74,0.04213,64.43,0.015378,0.9928
2026-09-14 23:00:00+00:00,0.0034548,0.005234,128.14,0.2084,0.01586,0.589,0.13362,0.7016,7.558,223.13,720.82,0.53498,78153.3,0.58381,53.74,0.08361,1.0027,0.14311,7.563,2513.93,0.1629,0.9352,0.07767,80.316,6.28,19.45,11.51,4.3873,0.37727,53.1,0.02975,28.61,2.468,0.3546,0.0007007,0.10218,0.007106,0.003679,0.0188,13.91,102.51,0.7207,232.2,2.003,6.529,0.19629,23.125,0.3852,0.19157,514.99,0.08382,1.4228,1163.04,0.161407,2.743,0.04205,64.43,0.01539,0.9842
2026-09-15 00:00:00+00:00,0.003454,0.005214,128.28,0.2082,0.016183,0.5856,0.13287,0.704,7.572,223.11,719.6,0.53752,77928.5,0.57741,54.05,0.08368,0.9911,0.14413,7.565,2514.7,0.1632,0.9069,0.07834,80.182,6.233,19.75,11.561,4.3795,0.38272,52.61,0.02945,28.83,2.47,0.3536,0.0007027,0.10382,0.007122,0.003687,0.01859,14.05,102.42,0.719,232.01,2.001,6.689,0.19933,22.741,0.3858,0.19328,514.32,0.08453,1.4188,1163.86,0.16288,2.731,0.04186,64.41,0.01559,0.9837
2026-09-15 01:00:00+00:00,0.0034578,0.005202,128.39,0.2075,0.016039,0.5861,0.13455,0.6953,7.545,222.31,720.55,0.5187,77888.2,0.70462,53.77,0.08372,0.9908,0.14315,7.536,2514.11,0.1632,0.8985,0.0779,80.223,6.193,19.69,11.588,4.3751,0.38601,52.81,0.02958,28.82,2.436,0.3539,0.000708,0.10207,0.007128,0.00372,0.01856,14.04,102.2,0.719,232.38,1.992,6.672,0.2037,22.625,0.3824,0.19476,516.05,0.08431,1.4214,1162.96,0.157825,2.722,0.04266,64.58,0.015401,0.9801
2026-09-15 02:00:00+00:00,0.0034762,0.005219,127.88,0.2075,0.015869,0.5882,0.134,0.6947,7.568,222.62,722.21,0.51172,77878.3,0.7092,53.62,0.08374,0.9941,0.1435,7.507,2511.01,0.1627,0.8988,0.07839,79.942,6.133,19.84,11.554,4.3595,0.37503,52.96,0.0301,28.91,2.44,0.3535,0.0007131,0.10115,0.007123,0.003708,0.01869,14.11,101.93,0.7209,232.59,1.996,6.618,0.20056,22.283,0.381,0.19583,515.49,0.08328,1.4226,1156.69,0.155006,2.732,0.04193,64.59,0.01551,0.977
2026-09-15 03:00:00+00:00,0.0034551,0.005199,127.02,0.2051,0.016418,0.5854,0.13296,0.691,7.538,221.74,721.55,0.49436,77658.6,0.70986,53.33,0.08326,0.9912,0.14203,7.463,2497.64,0.162,0.8911,0.07732,79.472,6.114,19.5,11.5,4.3884,0.36458,52.92,0.03011,28.65,2.417,0.352,0.0007142,0.10175,0.007044,0.003647,0.01872,13.94,101.5,0.7161,231.01,1.979,6.55,0.19837,22.111,0.378,0.19346,514.25,0.08239,1.4153,1140.37,0.163437,2.663,0.04217,64.64,0.015358,0.9668
2026-09-15 04:00:00+00:00,0.0034497,0.005191,127.44,0.2048,0.016921,0.587,0.13264,0.6902,7.52,222.68,720.96,0.42965,77537,0.59,53.36,0.08313,0.9899,0.14162,7.461,2489.43,0.1616,0.8985,0.07695,79.369,6.103,19.25,11.446,4.3379,0.37264,52.74,0.03021,28.29,2.441,0.3511,0.0007217,0.1018,0.007046,0.003654,0.01904,13.81,101.21,0.7124,232.38,1.959,6.626,0.20513,22.045,0.3782,0.19319,514.23,0.08254,1.4129,1144.3,0.175798,2.602,0.04184,64.34,0.015871,0.9639
2026-09-15 05:00:00+00:00,0.003424,0.005193,127.8,0.205,0.016583,0.5833,0.13421,0.6904,7.516,222.72,721.82,0.42419,77590.5,0.70013,53.24,0.08314,0.9959,0.14232,7.466,2495,0.1619,0.8888,0.07699,79.712,6.134,19.15,11.48,4.4154,0.40336,52.7,0.03001,28.46,2.433,0.3528,0.000715,0.10079,0.007067,0.003642,0.01874,13.85,101.25,0.7114,232.82,1.967,6.721,0.20404,22.22,0.3756,0.19374,511.45,0.08234,1.4075,1146.41,0.176554,2.613,0.04142,63.98,0.0159,0.9602
2026-09-15 06:00:00+00:00,0.003392,0.005156,126.78,0.2043,0.018964,0.5809,0.13334,0.6877,7.47,221.8,718.81,0.4188,77251.5,0.6993,53.11,0.08265,0.9898,0.14028,7.418,2484.63,0.1603,0.8943,0.07669,79.215,6.069,19.16,11.41,4.3911,0.448,52.76,0.02965,28.54,2.388,0.3499,0.0007031,0.09965,0.007015,0.003589,0.01812,13.86,100.83,0.7082,230.36,1.96,6.593,0.20194,22.022,0.3733,0.19221,513.78,0.08158,1.399,1144.91,0.174876,2.613,0.04128,63.69,0.015994,0.9519
2026-09-15 07:00:00+00:00,0.0034161,0.005138,126.39,0.2034,0.018566,0.5792,0.13272,0.6849,7.459,220.58,715.42,0.36863,76895.3,0.72375,52.94,0.08251,0.9825,0.14024,7.387,2472.77,0.1585,0.8866,0.07659,78.655,5.995,19.07,11.335,4.3866,0.42582,52.53,0.02907,28.51,2.357,0.3466,0.0007055,0.0991,0.006963,0.003572,0.01891,13.89,100.39,0.7049,226.72,1.958,6.566,0.19873,21.926,0.3727,0.1909,515.57,0.0817,1.3935,1138.23,0.176272,2.578,0.0411,63.24,0.015982,0.9442
2026-09-15 08:00:00+00:00,0.0034251,0.005153,127.26,0.2047,0.019737,0.5834,0.13313,0.6861,7.519,221.53,717.85,0.36709,76964.9,0.72568,53.38,0.08261,0.9875,0.14277,7.406,2475.77,0.159,0.8898,0.0772,79.034,5.986,18.76,11.4,4.4399,0.41893,52.52,0.02921,28.16,2.385,0.3485,0.0006953,0.0995,0.007078,0.003615,0.0192,13.7,100.59,0.7087,227.07,1.971,6.63,0.20048,22.132,0.3752,0.19282,517.94,0.08184,1.3972,1145.24,0.173701,2.588,0.04186,63.24,0.015794,0.9501
2026-09-15 09:00:00+00:00,0.0034355,0.005161,127.54,0.2046,0.021517,0.5838,0.13422,0.688,7.52,222.18,718,0.34989,76946.8,0.71685,53.31,0.0826,0.9966,0.14324,7.414,2472.87,0.1584,0.8937,0.07752,79.188,6.004,19.03,11.383,4.4039,0.38934,52.56,0.02902,28.49,2.394,0.3484,0.0006956,0.09943,0.007061,0.003621,0.02072,13.89,100.76,0.7105,226.93,1.977,6.638,0.20238,21.99,0.3739,0.19337,519.8,0.08332,1.4015,1139.46,0.173352,2.588,0.04165,63,0.015898,0.9502
2026-09-15 10:00:00+00:00,0.0034464,0.005161,127.68,0.2051,0.021797,0.5806,0.1357,0.6898,7.517,221.97,719.86,0.29041,77023.7,0.70396,53.39,0.08273,0.9925,0.14259,7.414,2482.24,0.1579,0.8857,0.07763,79.411,5.994,19.27,11.376,4.4182,0.37237,52.54,0.02938,28.6,2.387,0.349,0.0006939,0.09966,0.007041,0.003605,0.02045,13.95,100.9,0.7105,226.24,1.977,6.737,0.20612,22.102,0.3741,0.19499,516.4,0.08294,1.4016,1142.57,0.167573,2.577,0.04131,62.57,0.015828,0.9463
2026-09-15 11:00:00+00:00,0.0034351,0.00514,127.18,0.2044,0.023718,0.5709,0.13717,0.6872,7.47,221.74,719.28,0.28395,76899.8,0.72081,52.91,0.08247,0.9885,0.1413,7.386,2475.15,0.1572,0.8736,0.07706,79.025,5.918,19.36,11.376,4.4172,0.37605,52.37,0.02932,28.84,2.37,0.3471,0.0006884,0.09923,0.006998,0.003612,0.02056,14.03,100.79,0.7072,224.71,1.963,6.691,0.204,22.081,0.3742,0.19409,514.97,0.0815,1.4002,1133.1,0.169306,2.556,0.04146,62.79,0.01596,0.9371
2026-09-15 12:00:00+00:00,0.003467,0.005179,128,0.2053,0.026616,0.5713,0.14077,0.6929,7.548,223.26,720.85,0.26042,76916.1,0.70575,53.06,0.08278,0.9876,0.14255,7.413,2477.88,0.1579,0.8757,0.07899,79.484,5.934,19.35,11.408,4.4115,0.37335,52.57,0.02949,28.81,2.383,0.3492,0.0006907,0.09969,0.007051,0.003641,0.02059,14.02,100.93,0.7104,224.35,1.972,6.707,0.21346,22.606,0.3757,0.19515,519.59,0.08272,1.416,1130.4,0.175776,2.571,0.04171,62.73,0.015908,0.9396
2026-09-15 13:00:00+00:00,0.0034666,0.005167,127.54,0.2052,0.025856,0.5763,0.14051,0.6936,7.538,224.45,720.84,0.25514,76588.4,0.70904,52.64,0.08279,0.9929,0.14305,7.407,2452.58,0.1589,0.8799,0.07861,79.159,5.899,19.17,11.383,4.3323,0.37662,52.45,0.02956,28.89,2.385,0.3476,0.0006952,0.10105,0.007048,0.003608,0.02052,13.82,100.52,0.7104,225.39,1.985,6.49,0.20533,22.414,0.3775,0.19562,517.38,0.08222,1.4144,1135.63,0.178898,2.563,0.0416,62.6,0.016253,0.9408
2026-09-15 14:00:00+00:00,0.0033731,0.00508,124.37,0.2002,0.026802,0.5669,0.13733,0.6843,7.402,218.11,716.07,0.26789,75907,0.70174,51.26,0.08125,0.9746,0.1412,7.291,2406.73,0.1551,0.8616,0.07715,76.95,5.68,18.53,11.176,4.2095,0.41026,51.56,0.02958,28.55,2.349,0.3396,0.0006928,0.09865,0.006909,0.003536,0.02072,13.55,98.81,0.6961,223.03,1.942,6.252,0.20257,21.685,0.3697,0.19042,513.8,0.08081,1.384,1113.93,0.180754,2.54,0.04071,62.13,0.016216,0.922
2026-09-15 15:00:00+00:00,0.0033834,0.00511,125.05,0.2018,0.027445,0.5712,0.14895,0.6918,7.426,220.37,719.07,0.26725,76473.6,0.69966,51.68,0.08163,0.9828,0.14368,7.344,2423.27,0.1557,0.8599,0.07796,77.255,5.683,18.45,11.269,4.1688,0.41384,51.82,0.03016,28.2,2.367,0.3428,0.0006985,0.10102,0.006957,0.003553,0.02079,13.34,99.32,0.7015,225.45,1.978,6.328,0.20434,22.66,0.3714,0.19208,516.49,0.08147,1.3889,1123.08,0.183237,2.541,0.04074,62.47,0.016118,0.9306
2026-09-15 16:00:00+00:00,0.003402,0.005108,124.78,0.2018,0.026705,0.5725,0.14904,0.6909,7.435,221.04,720.02,0.26656,76352.3,0.70052,51.91,0.08157,0.9812,0.14306,7.379,2421.14,0.1553,0.8596,0.07762,76.72,5.558,18.62,11.258,4.0845,0.42174,51.77,0.03043,28.17,2.373,0.3408,0.0006903,0.10066,0.006978,0.003527,0.02169,13.34,99.04,0.7013,224.83,1.979,6.404,0.21035,22.496,0.371,0.18955,513.19,0.08188,1.3867,1116.27,0.182732,2.52,0.04094,62.5,0.016163,0.9589
2026-09-15 17:00:00+00:00,0.003428,0.005123,126.56,0.2031,0.027718,0.5721,0.15,0.6929,7.503,222.38,723.6,0.26202,76931,0.69856,52.5,0.08206,0.9814,0.14477,7.429,2439.91,0.155,0.8452,0.078,77.361,5.595,18.6,11.308,4.1482,0.4014,51.97,0.03042,28.21,2.404,0.3435,0.0006937,0.10069,0.007026,0.003565,0.02369,13.2,100.17,0.7097,225.18,1.986,6.479,0.2128,22.44,0.3735,0.1924,506.75,0.0824,1.4044,1134.8,0.186934,2.532,0.04097,62.7,0.016216,0.9807
2026-09-15 18:00:00+00:00,0.0033725,0.005025,124.65,0.1984,0.028483,0.5573,0.1454,0.6792,7.35,218.03,718.6,0.25968,75955.6,0.70244,51.42,0.08077,0.9552,0.14192,7.269,2401.7,0.1541,0.8247,0.07598,77.075,5.542,18.7,11.099,4.281,0.39171,51.7,0.02986,28.04,2.36,0.3378,0.0006825,0.09709,0.006865,0.003583,0.02377,13.08,98.12,0.6938,222.64,1.907,6.396,0.21017,22.039,0.3675,0.18152,504.61,0.08108,1.3246,1136.52,0.190608,2.505,0.04026,62.03,0.016016,0.9602
2026-09-15 19:00:00+00:00,0.0033698,0.00501,123.91,0.198,0.029406,0.5586,0.1487,0.6814,7.348,218.05,719.94,0.25987,76149.1,0.69949,51.13,0.08085,0.9584,0.14109,7.264,2415.49,0.1531,0.8124,0.07561,77.21,5.507,18.64,11.087,4.1648,0.38458,51.66,0.03033,28.34,2.336,0.3346,0.0006821,0.09729,0.00688,0.00358,0.02396,13.34,97.82,0.6907,222.04,1.901,6.403,0.21844,21.883,0.3677,0.17928,500.05,0.08099,1.2953,1131.53,0.190618,2.481,0.0404,61.37,0.01607,0.9711
2026-09-15 20:00:00+00:00,0.0033466,0.004975,122.65,0.1968,0.026413,0.5535,0.1462,0.6778,7.31,216.91,715.57,0.25757,75900,0.6937,50.95,0.08047,0.9498,0.13962,7.226,2407,0.1525,0.817,0.07554,77.258,5.458,18.82,10.99,4.1012,0.38231,51.41,0.03027,28.33,2.333,0.332,0.0006766,0.0962,0.00685,0.003539,0.02362,13.3,97.38,0.6887,219.69,1.888,6.305,0.218,21.739,0.3668,0.17581,501.11,0.08042,1.2928,1122.98,0.190906,2.472,0.03988,61.47,0.016198,0.9694
2026-09-15 21:00:00+00:00,0.0033129,0.0049,120.94,0.1941,0.027008,0.5437,0.14436,0.6748,7.227,214.02,711.46,0.25513,75413.7,0.69709,50.26,0.07954,0.9413,0.13743,7.135,2389.24,0.1508,0.8058,0.07456,76.517,5.395,18.73,10.874,4.0977,0.37221,50.9,0.02962,28.19,2.31,0.327,0.0006706,0.09381,0.006774,0.003504,0.02314,13.28,96.49,0.678,216.94,1.857,6.215,0.2154,21.591,0.36,0.17467,500.07,0.07945,1.277,1107.54,0.193175,2.449,0.03954,60.56,0.016169,0.9619
2026-09-15 22:00:00+00:00,0.0033867,0.00495,122.13,0.1952,0.026459,0.5488,0.15083,0.6812,7.274,216.7,713.87,0.25336,75632.1,0.68612,50.61,0.08016,0.9452,0.13987,7.201,2395.77,0.1502,0.8123,0.07439,76.792,5.427,18.82,10.894,4.0524,0.37394,51.23,0.02996,28.24,2.336,0.3285,0.0006775,0.09428,0.006845,0.003518,0.02445,13.31,97.09,0.685,218.34,1.874,6.347,0.21785,21.325,0.3621,0.17643,505.6,0.08131,1.2881,1120.07,0.194302,2.474,0.04036,61.34,0.016375,0.9871
2026-09-15 23:00:00+00:00,0.003389,0.004941,122.13,0.1952,0.026954,0.5472,0.15163,0.6796,7.265,216.64,712.54,0.25246,75599.9,0.70515,50.38,0.08003,0.9437,0.13956,7.188,2397.15,0.1507,0.8154,0.07425,76.955,5.433,18.77,10.88,4.0185,0.34049,51.24,0.02999,28.22,2.337,0.3279,0.0006861,0.0936,0.006845,0.003514,0.02417,13.26,96.82,0.6865,217.8,1.88,6.36,0.2152,21.333,0.3623,0.17596,507.04,0.08185,1.2826,1110.03,0.19597,2.48,0.04038,61.11,0.016278,0.9943
2026-09-16 00:00:00+00:00,0.0033758,0.00492,122.42,0.1941,0.027314,0.5438,0.14959,0.6818,7.239,217.59,714.45,0.2508,75734,0.68905,50.82,0.08005,0.9391,0.13874,7.176,2397.64,0.1514,0.8092,0.07421,77.296,5.419,18.87,10.901,4.0285,0.37979,51.1,0.02998,28.34,2.349,0.3267,0.0006764,0.09361,0.006843,0.003507,0.02301,13.38,97.04,0.6859,217.25,1.878,6.385,0.22009,21.348,0.362,0.176,507.69,0.08051,1.2861,1117.27,0.196664,2.483,0.04048,60.69,0.016388,0.97
2026-09-16 01:00:00+00:00,0.0033356,0.004884,120.44,0.1923,0.027535,0.5404,0.14923,0.6733,7.198,216.4,709.34,0.24218,75465,0.68281,49.98,0.07944,0.9397,0.13766,7.115,2389.65,0.1491,0.8042,0.0738,76.717,5.382,18.48,10.782,4.0605,0.378,50.61,0.02974,27.99,2.302,0.3232,0.0006614,0.09228,0.006754,0.003405,0.02159,13.09,96.42,0.6814,215.77,1.848,6.241,0.21795,21.41,0.3576,0.17399,505.44,0.07965,1.275,1102.83,0.200269,2.454,0.04006,60.27,0.016233,0.9486
2026-09-16 02:00:00+00:00,0.0033758,0.00492,121.29,0.1942,0.029118,0.546,0.15137,0.6764,7.265,218.76,713.31,0.23033,75853.1,0.6898,50.18,0.08003,0.9475,0.13996,7.183,2401.81,0.1498,0.8127,0.07435,77.454,5.443,18.98,10.858,4.0948,0.42198,50.94,0.02983,28.43,2.332,0.3276,0.0006636,0.09354,0.006804,0.003443,0.02168,13.31,97.17,0.6885,217.92,1.869,6.292,0.22014,21.758,0.3604,0.17599,506.51,0.08093,1.2886,1120.02,0.201562,2.462,0.03999,60.71,0.01643,0.961
2026-09-16 03:00:00+00:00,0.0033852,0.004924,120.35,0.1946,0.027233,0.5467,0.1525,0.6763,7.283,219.57,714.54,0.21813,75787.4,0.70022,50.42,0.07999,0.952,0.14033,7.213,2400.77,0.1504,0.8149,0.07428,77.536,5.464,19.27,10.82,4.0633,0.496,51.19,0.02932,28.56,2.345,0.3278,0.0006665,0.09312,0.006814,0.003462,0.02098,13.43,97.2,0.6896,218.65,1.867,6.338,0.22401,21.551,0.361,0.17681,508.95,0.08062,1.2968,1131.18,0.209808,2.475,0.04059,60.6,0.016118,0.9605
2026-09-16 04:00:00+00:00,0.0033928,0.004923,121.07,0.1956,0.028075,0.5443,0.15308,0.6784,7.319,219.82,715.73,0.21885,75825.6,0.76071,50.86,0.08024,0.9494,0.14089,7.225,2402.5,0.1511,0.8193,0.07454,77.264,5.423,19.14,10.84,4.1286,0.54108,51.13,0.02974,28.58,2.348,0.3288,0.0006684,0.09332,0.006832,0.003484,0.0203,13.41,97.21,0.6917,217.96,1.883,6.398,0.22834,21.617,0.3635,0.17663,507.49,0.08081,1.3002,1148.88,0.225746,2.516,0.04031,60.92,0.016239,0.9703
2026-09-16 05:00:00+00:00,0.0033832,0.004908,120.97,0.1955,0.028313,0.5426,0.15452,0.6788,7.327,219.76,715.63,0.2137,75925.3,0.77991,51.16,0.08009,0.9547,0.14005,7.227,2406.12,0.1509,0.8133,0.07445,77.299,5.421,19.11,10.88,4.1826,0.49108,51.1,0.02957,28.81,2.347,0.3276,0.0006651,0.09308,0.006828,0.003517,0.02003,13.46,97.17,0.691,217.57,1.87,6.351,0.22293,21.827,0.3631,0.17573,505.12,0.08107,1.296,1155.92,0.216026,2.512,0.04032,60.11,0.016326,0.9754
2026-09-16 06:00:00+00:00,0.0033896,0.004904,120.58,0.1957,0.028754,0.5393,0.15205,0.6794,7.323,221.2,714.71,0.21727,76001,0.76206,52.25,0.08019,0.9496,0.14073,7.222,2405.54,0.1509,0.8099,0.07464,77.555,5.451,19.39,10.814,4.281,0.49274,51.19,0.02944,28.96,2.353,0.3287,0.0006643,0.09269,0.006856,0.003536,0.01952,13.58,97.34,0.692,217.16,1.878,6.318,0.23745,21.922,0.3644,0.17682,508.94,0.08185,1.297,1187.81,0.22471,2.525,0.04055,59.98,0.016114,0.9747
2026-09-16 07:00:00+00:00,0.003353,0.004854,119.38,0.1938,0.02864,0.5334,0.15444,0.6695,7.239,218.99,710.01,0.20988,75726,0.76987,51.64,0.07964,0.9465,0.13977,7.161,2395.53,0.1494,0.8091,0.07442,77.587,5.385,19.25,10.751,4.2463,0.51058,50.98,0.02917,28.97,2.332,0.326,0.0006622,0.0923,0.006806,0.003497,0.01999,13.59,96.91,0.6856,215.79,1.862,6.267,0.24114,22.164,0.3615,0.17518,510.11,0.08098,1.2847,1178.95,0.208528,2.497,0.04049,59.65,0.016142,0.9524
2026-09-16 08:00:00+00:00,0.0033625,0.004851,118.53,0.193,0.028236,0.5294,0.15437,0.6704,7.214,217.97,707.52,0.20737,75697.8,0.77843,51.92,0.07949,0.9413,0.1397,7.152,2401.7,0.1494,0.8074,0.07405,77.628,5.357,19.27,10.759,4.2673,0.52589,50.77,0.02906,28.72,2.349,0.3254,0.0006625,0.09178,0.006778,0.003509,0.0188,13.57,96.97,0.6856,214.44,1.865,6.259,0.24754,22.313,0.361,0.17411,504.59,0.08093,1.2843,1188,0.205291,2.484,0.04035,59.43,0.016293,0.9532
2026-09-16 09:00:00+00:00,0.0033569,0.004867,119.59,0.1943,0.027982,0.5316,0.15858,0.671,7.276,218.6,711.23,0.29757,75959.6,0.77868,52.72,0.07989,0.9578,0.14387,7.177,2404.73,0.1505,0.8043,0.07436,77.802,5.4,19.34,10.836,4.2895,0.54618,50.89,0.02903,28.8,2.424,0.3276,0.0006682,0.09284,0.006853,0.003627,0.01927,13.59,97.23,0.6893,216.16,1.871,6.351,0.23852,22.314,0.3651,0.17542,502.07,0.08132,1.2908,1205.69,0.205519,2.504,0.04007,59.67,0.016235,0.96
2026-09-16 10:00:00+00:00,0.0033482,0.004887,119.7,0.1943,0.028761,0.5322,0.15954,0.673,7.259,218.79,712.03,0.38678,75960.5,0.78386,52.75,0.08,0.9596,0.14409,7.181,2405.42,0.1508,0.8075,0.07434,77.895,5.39,19.4,10.819,4.3057,0.61295,50.7,0.02863,28.78,2.44,0.3272,0.0006635,0.09273,0.006846,0.003631,0.02036,13.55,97.26,0.6898,216.59,1.874,6.301,0.23869,22.463,0.366,0.1754,504.75,0.08087,1.2889,1216.21,0.204767,2.512,0.04033,59.52,0.016492,0.9627
2026-09-16 11:00:00+00:00,0.0033561,0.004877,120.1,0.1946,0.028809,0.5328,0.16405,0.6785,7.313,219.1,714.89,0.54551,76210.2,0.78242,53.9,0.08016,0.9605,0.14387,7.208,2421.33,0.1527,0.805,0.07441,79.313,5.397,19.58,10.87,4.3186,0.66889,50.84,0.02917,28.91,2.482,0.3288,0.0006669,0.09377,0.006854,0.003644,0.02021,13.66,97.98,0.6916,218.85,1.872,6.381,0.23589,23.168,0.3685,0.1762,506.22,0.08222,1.2953,1229.28,0.205953,2.528,0.04033,59.98,0.016689,0.9685
2026-09-16 12:00:00+00:00,0.0033447,0.004817,119.08,0.1928,0.027278,0.5313,0.16938,0.6788,7.279,217.86,713.32,0.57043,75933.5,0.76557,53.85,0.07931,0.9825,0.14354,7.192,2405.66,0.1515,0.784,0.0741,78.805,5.358,19.63,10.759,4.2561,0.61336,50.59,0.0294,28.84,2.475,0.3263,0.0006623,0.09433,0.006783,0.003606,0.02033,13.61,97.52,0.6894,217.5,1.848,6.282,0.24183,22.703,0.365,0.17454,501.25,0.08147,1.2821,1224.48,0.188774,2.497,0.03999,59.29,0.016591,0.9713
2026-09-16 13:00:00+00:00,0.003351,0.004809,117.04,0.1921,0.027232,0.531,0.16594,0.6792,7.252,217.82,711.66,0.53716,75615.4,0.76344,54.99,0.07924,0.9773,0.14549,7.186,2393,0.1504,0.7864,0.07303,78.666,5.409,19.44,10.704,4.2357,0.57625,50.71,0.02918,28.76,2.468,0.3293,0.0006618,0.09408,0.006776,0.00363,0.02041,13.31,97.13,0.6894,216.24,1.845,6.209,0.237,22.661,0.3656,0.17433,496.61,0.08108,1.2747,1250.06,0.198129,2.488,0.04001,59.12,0.01618,0.9657
2026-09-16 14:00:00+00:00,0.0033303,0.00477,116.32,0.1911,0.027445,0.5277,0.15987,0.6754,7.242,217.05,709.98,0.60625,75660.9,0.77347,54.02,0.079,0.9763,0.14308,7.121,2389.47,0.1491,0.7757,0.07258,78.174,5.356,19.48,10.67,4.1981,0.61179,50.28,0.02877,28.58,2.43,0.3298,0.0006551,0.0928,0.006753,0.003574,0.01949,13.45,97,0.6852,214.95,1.821,6.052,0.23282,22.165,0.3622,0.17375,490.95,0.07994,1.2663,1244.68,0.197801,2.464,0.03966,59.28,0.015841,0.9546
2026-09-16 15:00:00+00:00,0.0033199,0.00476,115.91,0.191,0.027125,0.5257,0.15678,0.6785,7.223,216.37,712.03,0.62078,75753.7,0.75618,54.12,0.07899,0.9711,0.14213,7.121,2391.66,0.1496,0.7755,0.07202,78.65,5.296,19.31,10.673,4.2399,0.73488,50.4,0.02872,28.32,2.454,0.3274,0.000657,0.09151,0.006719,0.003609,0.01906,13.3,97.06,0.6835,214.17,1.815,6.19,0.225,22.318,0.3582,0.17318,492.45,0.07963,1.2655,1246.79,0.202027,2.45,0.03947,59.89,0.015807,0.9679
2026-09-16 16:00:00+00:00,0.0033366,0.004775,115.37,0.1923,0.019745,0.5293,0.15622,0.6832,7.248,216.1,713.84,0.62388,75734,0.75985,55.1,0.07926,0.9791,0.14233,7.166,2390.71,0.1501,0.7717,0.0727,78.941,5.312,19.33,10.725,4.2671,0.8268,50.62,0.02834,28.53,2.468,0.3301,0.0006546,0.0925,0.006774,0.003668,0.01959,13.38,97.2,0.6869,215.7,1.838,6.178,0.22797,22.209,0.3586,0.17393,491.35,0.08045,1.2678,1267.71,0.208399,2.461,0.03975,59.4,0.01579,0.9747
2026-09-16 17:00:00+00:00,0.0033338,0.004775,114.19,0.1928,0.019645,0.5292,0.1558,0.6782,7.231,215.38,713.87,0.65481,75747.6,0.74921,53.41,0.07887,0.9739,0.14291,7.13,2389.49,0.1499,0.7733,0.07241,78.723,5.316,19.37,10.698,4.3647,0.77724,50.64,0.02888,28.67,2.464,0.3302,0.0006543,0.09144,0.006779,0.003658,0.01935,13.4,96.99,0.6855,216.62,1.84,6.162,0.22527,22.371,0.3602,0.17419,486.1,0.07981,1.2613,1249.63,0.208363,2.461,0.03909,59.19,0.015936,0.9692
2026-09-16 18:00:00+00:00,0.0033478,0.004802,116.04,0.1922,0.020148,0.5366,0.16329,0.6882,7.27,216.96,716.02,0.6704,75600.5,0.7468,56.13,0.07954,0.9787,0.14687,7.189,2397.23,0.1513,0.7782,0.07271,79.063,5.324,18.28,10.8,4.5078,0.73634,50.7,0.02878,28.11,2.498,0.3364,0.0006612,0.09306,0.006853,0.003627,0.01938,13.28,97.79,0.6944,217.56,1.863,6.299,0.22735,23.264,0.3668,0.17807,494.54,0.08043,1.2781,1335.15,0.217831,2.472,0.03931,59.66,0.015994,0.97
2026-09-16 19:00:00+00:00,0.003383,0.004842,116.56,0.1943,0.019645,0.5383,0.16082,0.689,7.336,218.35,719.56,0.64274,76043.5,0.73609,54.94,0.08038,1.0006,0.14643,7.232,2407.4,0.1524,0.7878,0.07351,78.67,5.291,18.36,10.924,4.4797,0.70881,50.85,0.02872,28.31,2.548,0.338,0.0006625,0.09338,0.00685,0.003665,0.01959,13.16,98.03,0.7074,218.22,1.873,6.362,0.22358,22.72,0.3671,0.18058,496.99,0.07945,1.2999,1289.74,0.222724,2.492,0.03924,59.83,0.015924,0.9794
2026-09-16 20:00:00+00:00,0.0033867,0.004911,117.39,0.1956,0.019338,0.5464,0.1634,0.6919,7.377,218.76,721.04,0.63731,76144.1,0.7295,55.74,0.08067,1.0078,0.14734,7.294,2410.03,0.1552,0.8027,0.07366,78.718,5.4,18.62,10.989,4.5802,0.72855,51.36,0.02896,28.45,2.577,0.3404,0.0006677,0.09425,0.006918,0.00368,0.01981,13.27,98.67,0.7112,221.22,1.915,6.5,0.2306,23.26,0.3701,0.18317,492.6,0.07985,1.3017,1319.32,0.227679,2.529,0.03973,60.48,0.015965,0.9832
2026-09-16 21:00:00+00:00,0.0033848,0.004926,117.45,0.1948,0.019249,0.5433,0.16346,0.6943,7.379,218.42,721.32,0.65909,75938.2,0.74049,56.59,0.08049,1.0066,0.14631,7.291,2403.61,0.1547,0.7997,0.07306,78.359,5.412,18.62,10.936,4.5653,0.66946,51.3,0.0287,28.51,2.585,0.3401,0.0006686,0.09393,0.006902,0.003618,0.01995,13.27,98.34,0.7052,219.7,1.912,6.458,0.23283,23.225,0.3692,0.18089,494.14,0.07994,1.2919,1321.62,0.231516,2.516,0.03977,61.13,0.016,0.9789
2026-09-16 22:00:00+00:00,0.0033535,0.004885,117.09,0.1926,0.019076,0.5369,0.16337,0.695,7.339,217.71,719.36,0.65053,75647.1,0.74186,54.9,0.07994,0.9974,0.1447,7.237,2391.22,0.1539,0.799,0.07264,77.726,5.347,18.6,10.881,4.5009,0.52401,50.96,0.0284,28.65,2.565,0.3365,0.0007482,0.0935,0.006872,0.003584,0.01986,13.39,97.43,0.7004,218.16,1.894,6.412,0.22476,22.669,0.3644,0.17959,491.2,0.07928,1.2857,1286.74,0.228911,2.525,0.03968,60.61,0.015693,0.9729
2026-09-16 23:00:00+00:00,0.0034056,0.004986,119.45,0.1962,0.020332,0.5543,0.16801,0.7021,7.474,221.04,726.59,0.65679,76174.6,0.74934,56.09,0.08088,1.0186,0.14873,7.372,2417.49,0.1579,0.8061,0.07385,78.269,5.408,19.14,11.051,4.6023,0.47018,51.66,0.02885,28.77,2.619,0.3474,0.0010691,0.0958,0.006982,0.00362,0.01974,13.48,98.62,0.7132,221.9,1.932,6.707,0.23113,23.71,0.3727,0.18391,499.41,0.08095,1.2987,1336.76,0.212541,2.568,0.04029,61.04,0.015949,0.9928
2026-09-17 00:00:00+00:00,0.0033918,0.004951,120.32,0.1956,0.019224,0.5575,0.16571,0.7124,7.503,220.61,724.91,0.64753,76301.9,0.73176,58.09,0.08063,1.0325,0.15165,7.352,2417.58,0.1575,0.8013,0.07353,78.159,5.458,19.16,11.008,4.751,0.50466,51.71,0.02873,28.77,2.674,0.3512,0.0009899,0.09523,0.006969,0.003682,0.02005,13.44,98.65,0.7104,224.69,1.924,6.662,0.23366,23.966,0.3722,0.18462,501.97,0.08092,1.2941,1347.47,0.222131,2.549,0.04008,60.87,0.015777,0.9903
2026-09-17 01:00:00+00:00,0.0034467,0.004974,120.9,0.1961,0.019035,0.5572,0.16457,0.714,7.527,221.07,726.06,0.56811,76334.8,0.7195,59.1,0.081,1.015,0.15194,7.381,2426.53,0.1569,0.8003,0.07384,78.931,5.486,18.98,11.104,4.6877,0.49988,51.98,0.02898,28.71,2.625,0.3529,0.0009725,0.09579,0.007038,0.003749,0.01967,13.39,99.2,0.7184,224.06,1.939,6.766,0.2352,24.388,0.3734,0.18409,501.46,0.08114,1.2998,1365,0.223109,2.555,0.0404,60.78,0.015803,1.0041
2026-09-17 02:00:00+00:00,0.0034386,0.004974,120.85,0.1952,0.019785,0.5583,0.16309,0.7146,7.522,220.42,724.26,0.64463,76343.2,0.73966,58.73,0.08087,1.016,0.15064,7.381,2427.87,0.1576,0.7979,0.07393,79.329,5.517,19.01,11.132,4.7602,0.5081,51.97,0.02895,28.64,2.635,0.3511,0.0010097,0.09607,0.007049,0.003803,0.01938,13.32,99.32,0.7176,223.38,1.937,6.699,0.24274,24.442,0.3718,0.18314,501.46,0.08067,1.2993,1376.49,0.231639,2.563,0.0404,60.62,0.015917,1.0153
2026-09-17 03:00:00+00:00,0.0034604,0.004992,121.63,0.1959,0.019506,0.561,0.16561,0.7239,7.549,220.86,726,0.62184,76401.8,0.73535,60.07,0.08112,1.0162,0.15118,7.415,2434.77,0.1579,0.7996,0.07438,79.31,5.528,19.24,11.128,4.8418,0.49775,52.21,0.02916,28.8,2.696,0.3504,0.0011477,0.0963,0.007109,0.00383,0.01954,13.41,99.91,0.7205,224.5,1.939,6.782,0.25908,24.824,0.3722,0.18288,500.44,0.0817,1.3021,1378.7,0.218197,2.572,0.04038,60.33,0.015848,1.012
2026-09-17 04:00:00+00:00,0.0034708,0.004997,122.2,0.1964,0.02049,0.5655,0.16804,0.7263,7.543,221.18,726.16,0.63863,76504.4,0.72831,58.08,0.08104,1.0131,0.15116,7.429,2441,0.157,0.7981,0.07411,79.147,5.51,19.27,11.141,4.8225,0.48049,52.1,0.02905,28.83,2.67,0.3507,0.00113,0.0958,0.00717,0.003833,0.01996,13.42,99.86,0.7226,224.67,1.944,6.82,0.27443,25.06,0.3727,0.18269,500.78,0.08277,1.2996,1362.75,0.217067,2.571,0.04061,60.56,0.015781,1.021
2026-09-17 05:00:00+00:00,0.0034563,0.004987,122,0.1961,0.021561,0.5669,0.16677,0.7249,7.502,220.65,725.48,0.63571,76294.3,0.72687,58.39,0.08077,1.0081,0.15021,7.401,2435.98,0.1554,0.7982,0.07354,78.767,5.478,18.67,11.109,4.7326,0.50107,51.91,0.02901,28.59,2.655,0.3497,0.0011186,0.09556,0.007147,0.003822,0.02145,13.29,99.49,0.7193,223.63,1.951,6.736,0.26649,24.956,0.3709,0.1821,503.35,0.08492,1.2952,1357.68,0.220714,2.556,0.04048,60.54,0.015607,1.0246
2026-09-17 06:00:00+00:00,0.0034638,0.005005,122.73,0.1977,0.021228,0.5683,0.16631,0.7313,7.521,221.3,726.23,0.6164,76448.3,0.7187,57.85,0.08093,1.0117,0.15145,7.431,2440.37,0.1557,0.7986,0.0739,79.152,5.474,18.96,11.151,4.7722,0.48193,52.36,0.02907,28.77,2.695,0.3519,0.0011465,0.09713,0.00724,0.003883,0.0217,13.37,99.7,0.7228,224.94,1.958,6.763,0.27196,24.865,0.3716,0.18274,495.52,0.0855,1.3008,1354,0.22302,2.566,0.04066,60.5,0.015632,1.0312
2026-09-17 07:00:00+00:00,0.0034872,0.005045,123.36,0.1986,0.022185,0.5687,0.16481,0.7378,7.536,221.61,724.81,0.60293,76433.1,0.7056,57.99,0.08115,1.011,0.15236,7.411,2443.38,0.1568,0.7982,0.07382,79.572,5.562,18.85,11.174,4.8229,0.47992,52.7,0.02852,28.93,2.719,0.352,0.0011311,0.09721,0.007293,0.003885,0.021,13.44,100,0.7224,226.93,1.952,6.805,0.26535,24.927,0.3755,0.18272,496.97,0.08533,1.3015,1370.45,0.22467,2.566,0.04093,60.58,0.015489,1.0257
2026-09-17 08:00:00+00:00,0.0034842,0.005037,123.52,0.1996,0.021739,0.5796,0.16609,0.7388,7.584,222.92,726.58,0.56218,76543.5,0.7105,58.77,0.08154,1.0176,0.15393,7.412,2444.49,0.1578,0.7976,0.07413,80.343,5.561,19.03,11.224,5.0019,0.48276,52.85,0.02849,29.16,2.746,0.3531,0.001013,0.09799,0.007271,0.003892,0.02228,13.59,100.27,0.7238,227.83,1.956,7.022,0.27352,25.227,0.3759,0.18326,494.12,0.08552,1.3033,1384.54,0.22134,2.571,0.04105,61.54,0.015459,1.0297
2026-09-17 09:00:00+00:00,0.0034681,0.005031,122.15,0.1985,0.021415,0.5751,0.16322,0.7336,7.52,224.98,725.9,0.64242,76438.3,0.7031,57.29,0.08102,1.0183,0.15122,7.366,2437.24,0.1574,0.7975,0.07431,79.802,5.574,19.08,11.124,4.8686,0.47144,52.68,0.02844,29.21,2.803,0.3505,0.0010483,0.09746,0.007215,0.003866,0.02095,13.56,100.19,0.7215,226.94,1.938,6.866,0.27563,25.207,0.3731,0.18141,496.19,0.08548,1.299,1353,0.22416,2.561,0.0408,61.41,0.01545,1.0257
2026-09-17 10:00:00+00:00,0.0034586,0.005024,122.37,0.1981,0.021134,0.5734,0.16464,0.7326,7.539,224.42,723.94,0.6309,76374.9,0.7037,57.07,0.08075,1.0236,0.15121,7.345,2434.37,0.1569,0.801,0.07438,79.721,5.556,19.23,11.118,4.8549,0.46914,52.73,0.0306,29.33,2.806,0.3497,0.0010836,0.09684,0.007177,0.003896,0.02063,13.64,99.8,0.7187,227.19,1.942,6.846,0.2738,25.299,0.3727,0.18107,498.34,0.08681,1.2951,1345.73,0.22718,2.542,0.04099,61.47,0.015437,1.0237
2026-09-17 11:00:00+00:00,0.003475,0.005035,123.12,0.1984,0.021087,0.5741,0.16595,0.7377,7.559,223.75,724.89,0.65647,76449.7,0.6934,57.84,0.08095,1.024,0.15086,7.35,2441.39,0.1577,0.8005,0.0744,79.812,5.577,19.47,11.176,4.8949,0.45787,52.86,0.02985,29.4,2.873,0.3501,0.0010676,0.09736,0.007198,0.0039,0.02074,13.7,100.09,0.7216,226.74,1.94,6.87,0.2639,25.151,0.3739,0.18179,503,0.08591,1.299,1366,0.22499,2.55,0.0409,61.33,0.015454,1.0163
2026-09-17 12:00:00+00:00,0.0035053,0.005068,123.8,0.2007,0.021132,0.5744,0.16334,0.7378,7.607,225.65,729.19,0.65195,76698.6,0.6835,57.49,0.08125,1.0306,0.15184,7.376,2458.83,0.1618,0.8118,0.07489,81.215,5.625,19.97,11.273,4.9488,0.46808,52.8,0.02972,29.87,2.868,0.3651,0.0010971,0.09786,0.007235,0.003949,0.0207,14.02,100.7,0.7242,227.13,1.951,6.91,0.25349,24.819,0.3748,0.18432,502.53,0.08548,1.3045,1355.38,0.22238,2.557,0.04089,61.69,0.015505,1.0134
2026-09-17 13:00:00+00:00,0.0035687,0.005075,125.02,0.2007,0.021477,0.5778,0.16401,0.7375,7.595,227.48,727.64,0.65101,76671.5,0.6693,57.23,0.08143,1.0363,0.15244,7.363,2461.26,0.1624,0.8169,0.07462,82.109,5.671,20.56,11.284,4.8871,0.4824,52.81,0.02981,31.74,2.869,0.3706,0.0011295,0.09831,0.007255,0.004058,0.02113,14.76,100.7,0.7278,227.28,1.949,7.242,0.25715,25.093,0.3776,0.18419,504.26,0.0859,1.303,1373.35,0.22592,2.541,0.04078,61.15,0.01545,1.0269
2026-09-17 14:00:00+00:00,0.003601,0.005125,125.32,0.2016,0.021408,0.5758,0.16394,0.737,7.57,234.31,726.16,0.67205,76469.5,0.7478,58.28,0.08163,1.0336,0.15102,7.402,2460.5,0.1619,0.8244,0.07589,82.198,5.625,20.28,11.267,4.8001,0.46373,53,0.02989,31.35,2.813,0.3679,0.0012802,0.09772,0.007222,0.003976,0.02091,14.59,101.02,0.7263,226.45,1.942,7.178,0.25246,24.563,0.3757,0.18407,509.55,0.0849,1.3,1422.97,0.23446,2.556,0.04109,61.3,0.015523,1.0229
2026-09-17 15:00:00+00:00,0.003644,0.005169,126.11,0.2022,0.021076,0.5807,0.17087,0.7448,7.6,232.92,728.28,0.67537,76751.8,0.7308,60.1,0.08196,1.0657,0.15284,7.443,2469.46,0.1638,0.8282,0.07635,82.606,5.594,20.5,11.374,4.7632,0.44708,53.69,0.03024,31.31,2.875,0.3729,0.0013485,0.0998,0.007265,0.003975,0.02083,14.49,101.23,0.7335,227.83,1.952,7.122,0.25571,24.309,0.3764,0.18646,516.04,0.08554,1.3073,1481.26,0.24164,2.583,0.04159,61.47,0.015514,1.0362
2026-09-17 16:00:00+00:00,0.0036508,0.00526,127.39,0.2024,0.021097,0.5839,0.17314,0.7412,7.626,233.15,729.11,0.67509,76732.7,0.704,61.4,0.08208,1.0557,0.155,7.431,2469.59,0.1674,0.8233,0.07602,82.275,5.596,20.68,11.373,4.6756,0.4575,53.73,0.03102,31.25,2.975,0.3704,0.0015768,0.10067,0.007279,0.003943,0.02078,14.35,101.36,0.7336,229.22,1.956,7.662,0.25939,24.423,0.3788,0.18616,510.35,0.08548,1.3041,1468.32,0.24179,2.607,0.04154,61.14,0.015489,1.0279
2026-09-17 17:00:00+00:00,0.0036265,0.005174,128.69,0.2028,0.021036,0.5798,0.18387,0.7441,7.608,232.03,729.48,0.68212,76641.4,0.7086,61.55,0.08172,1.0664,0.15802,7.387,2461.9,0.1678,0.8153,0.07559,82.677,5.628,20.63,11.358,4.7228,0.45329,53.75,0.03087,31.26,3.046,0.3763,0.0016025,0.10149,0.007253,0.003949,0.02054,14.43,101.49,0.733,229.22,1.954,7.658,0.26361,24.372,0.3795,0.18616,513.37,0.08541,1.2999,1472.92,0.24201,2.612,0.04161,61.2,0.015409,1.0384
2026-09-17 18:00:00+00:00,0.0036125,0.005147,126.28,0.2012,0.02079,0.5802,0.17907,0.7406,7.59,231.75,728.38,0.67902,76539.2,0.716,60.78,0.08143,1.0659,0.15349,7.386,2450.76,0.167,0.8115,0.07515,81.901,5.627,20.6,11.309,4.6491,0.44046,53.4,0.03168,31.29,2.987,0.3749,0.0016384,0.10064,0.007214,0.003917,0.02127,14.69,100.81,0.7314,230.77,1.952,7.543,0.25749,25.152,0.3787,0.18487,510.7,0.08514,1.2946,1458.44,0.24641,2.61,0.0415,61.18,0.015607,1.047
2026-09-17 19:00:00+00:00,0.0036277,0.005137,127.86,0.2016,0.020946,0.5808,0.1754,0.7433,7.585,231.6,733.09,0.6793,76561.1,0.7054,61.49,0.08166,1.0612,0.15355,7.417,2447.95,0.1678,0.8169,0.0751,83.232,5.68,20.45,11.312,4.6599,0.43293,53.83,0.03148,31.33,3.046,0.3743,0.0015598,0.10119,0.00722,0.00391,0.0211,14.76,100.93,0.732,230.37,1.954,7.633,0.2581,25.123,0.3796,0.18622,511.91,0.08578,1.2949,1490.13,0.23508,2.625,0.04126,61.12,0.015385,1.0686
2026-09-17 20:00:00+00:00,0.0036473,0.005136,128.69,0.2021,0.02149,0.5823,0.17878,0.7454,7.616,232.98,735.38,0.67218,76530.1,0.7033,61.27,0.08174,1.075,0.15347,7.457,2452.5,0.1688,0.8244,0.07543,83.293,5.713,20.62,11.369,4.6546,0.4374,53.87,0.03131,31.52,3.011,0.3744,0.001602,0.10092,0.007233,0.003929,0.02148,14.7,101.25,0.7366,230.04,1.956,7.627,0.26288,25.064,0.3798,0.18553,515.17,0.08648,1.2976,1481.22,0.23503,2.64,0.04127,61.25,0.015319,1.0407
2026-09-17 21:00:00+00:00,0.0036172,0.005097,127.26,0.2006,0.021096,0.5823,0.17379,0.7424,7.584,232.16,734.46,0.66242,76376.4,0.6966,60.84,0.08138,1.0618,0.15184,7.437,2446.31,0.1673,0.819,0.07477,83.322,5.631,20.68,11.313,4.6574,0.43836,53.88,0.03109,31.58,3.02,0.369,0.0016139,0.09975,0.007211,0.003954,0.02163,14.75,101.11,0.7322,228.89,1.942,7.699,0.26263,25.049,0.3764,0.18362,513.96,0.08636,1.2911,1462.31,0.23555,2.603,0.04144,60.83,0.01526,1.0309
2026-09-17 22:00:00+00:00,0.0036083,0.005117,128.18,0.201,0.021304,0.5938,0.17622,0.74,7.596,233.02,736.19,0.66888,76386.5,0.7085,61.23,0.08149,1.0749,0.15304,7.457,2444.89,0.1709,0.8284,0.07448,84.217,5.697,20.62,11.359,4.6632,0.44053,53.85,0.03107,31.49,3.139,0.3709,0.0023376,0.10061,0.007219,0.004024,0.02175,14.74,101.39,0.7349,230.7,1.941,7.646,0.2646,25.258,0.3796,0.18384,517.51,0.08704,1.295,1477.05,0.22652,2.621,0.04164,60.79,0.015365,1.0248
2026-09-17 23:00:00+00:00,0.0036109,0.005155,128.55,0.2025,0.021287,0.5979,0.17717,0.7432,7.608,233.88,738.89,0.66468,76385.9,0.72,61.04,0.08168,1.0788,0.15459,7.506,2446.32,0.1742,0.8403,0.07454,85.131,5.72,20.43,11.382,4.8109,0.43128,53.91,0.03127,31.67,3.146,0.3724,0.0019634,0.101,0.007258,0.004085,0.0221,14.77,101.59,0.7411,232.36,1.952,7.791,0.26505,25.698,0.3833,0.18333,518.23,0.08729,1.2954,1466.21,0.23031,2.632,0.04176,61.14,0.015435,1.0439
2026-09-18 00:00:00+00:00,0.003631,0.005213,128.73,0.2049,0.021143,0.6056,0.18273,0.7471,7.644,235.58,738.43,0.66648,76553.7,0.7102,60.77,0.08178,1.0982,0.15599,7.58,2447.2,0.1778,0.8504,0.07508,86.325,5.733,19.93,11.429,4.7376,0.4448,54.35,0.03139,31.27,3.154,0.3838,0.0017135,0.1025,0.007301,0.004036,0.02171,14.64,101.35,0.7505,234.17,1.964,7.757,0.25826,25.087,0.3874,0.18356,519.73,0.08806,1.3,1462.79,0.23241,2.653,0.04205,61.37,0.0154,1.0652
2026-09-18 01:00:00+00:00,0.0036558,0.005255,130.96,0.2094,0.021577,0.6196,0.19785,0.7455,7.705,236.32,744.13,0.6851,76705,0.7158,60.94,0.08239,1.1049,0.16159,7.609,2456.23,0.1785,0.8567,0.0752,86.813,5.764,19.75,11.529,4.8652,0.4317,54.51,0.03156,31.32,3.225,0.3858,0.0016337,0.10529,0.007478,0.004048,0.02188,14.62,102.44,0.7617,236.75,1.992,8.002,0.26628,25.689,0.3986,0.18456,520.68,0.08842,1.3045,1481.89,0.23637,2.688,0.04231,61.86,0.015452,1.0656
2026-09-18 02:00:00+00:00,0.0036591,0.005277,130.58,0.214,0.021572,0.6589,0.20503,0.7461,7.723,240.24,749.23,0.64928,76947.8,0.7028,61.4,0.08285,1.121,0.16319,7.662,2461.79,0.1798,0.8539,0.07627,86.322,5.751,19.86,11.594,4.9095,0.42865,54.38,0.03115,31.58,3.361,0.3869,0.0015371,0.10613,0.007524,0.004107,0.02206,14.7,102.71,0.7665,239.03,2.016,7.905,0.26769,25.43,0.4089,0.18533,519.13,0.08818,1.3056,1485.31,0.23989,2.701,0.04227,61.85,0.015404,1.0686
2026-09-18 03:00:00+00:00,0.0036747,0.005392,134.78,0.2165,0.021609,0.6776,0.22628,0.7527,7.947,248.55,751.83,0.65365,77349,0.6926,61.62,0.08448,1.1213,0.16471,7.867,2478.19,0.1826,0.8648,0.07735,86.937,5.835,20.1,11.757,5.031,0.43104,54.7,0.03157,31.77,3.5,0.3889,0.0014872,0.11248,0.0076,0.004131,0.02185,14.96,104.57,0.7884,239.9,2.061,8.632,0.27802,25.304,0.42,0.18921,518.39,0.08908,1.326,1517.49,0.24035,2.781,0.0426,62.58,0.015581,1.121
2026-09-18 04:00:00+00:00,0.0036795,0.005364,134.06,0.215,0.02125,0.6784,0.21269,0.7468,7.936,249.06,752.2,0.65453,77545.4,0.6854,62.32,0.08453,1.137,0.16361,7.812,2481.75,0.1814,0.8619,0.07707,87.354,5.915,20.08,11.785,5.0268,0.44168,54.74,0.03234,31.99,3.54,0.3896,0.0017276,0.11123,0.007557,0.004261,0.02207,15.11,105.79,0.784,244.29,2.045,8.508,0.26963,24.815,0.425,0.18886,518.63,0.08881,1.3251,1520.91,0.245,2.788,0.0426,62.69,0.015357,1.154
2026-09-18 05:00:00+00:00,0.0036536,0.005315,133.3,0.2126,0.021622,0.6643,0.21264,0.7476,7.874,247.15,752.99,0.64446,77457.7,0.6784,61.33,0.08414,1.1257,0.16306,7.769,2479.46,0.1784,0.8612,0.07628,87.767,5.922,20.03,11.718,5.0092,0.43358,54.8,0.03325,31.98,3.446,0.3854,0.0017489,0.10929,0.007475,0.004265,0.02172,15.04,105.33,0.7743,240.91,2.019,8.516,0.25685,25.104,0.4137,0.18722,528.39,0.08725,1.3178,1512.16,0.25281,2.746,0.04276,62.84,0.015294,1.119
2026-09-18 06:00:00+00:00,0.0036646,0.005328,134.93,0.2133,0.022974,0.6708,0.21377,0.752,7.91,246.84,755.52,0.65287,77561.3,0.6858,60.82,0.0842,1.1424,0.16697,7.777,2486.11,0.1809,0.8691,0.07599,87.836,5.992,20.15,11.805,5.099,0.42732,54.95,0.03452,32.23,3.48,0.3857,0.001842,0.10969,0.007488,0.004265,0.02195,15.31,105.55,0.7786,243.67,2.033,8.634,0.26061,25.644,0.4281,0.18642,530.75,0.08795,1.3218,1492.35,0.25422,2.754,0.04281,62.68,0.015211,1.1134
2026-09-18 07:00:00+00:00,0.0037073,0.005356,134.18,0.2144,0.023917,0.6652,0.21168,0.7483,7.926,249.64,753.69,0.65038,77776.1,0.6786,60.76,0.08446,1.1486,0.16945,7.821,2488.99,0.1813,0.8718,0.07653,88.289,6.147,20.09,11.823,5.1296,0.42845,55.17,0.03369,32.22,3.501,0.3845,0.0017712,0.10964,0.007533,0.004236,0.02157,15.27,105.75,0.7825,245.9,2.034,8.768,0.26396,26.855,0.4323,0.18766,539.44,0.08988,1.3282,1483.33,0.25401,2.754,0.04286,62.58,0.01517,1.1246
2026-09-18 08:00:00+00:00,0.0036971,0.005378,135.15,0.215,0.02403,0.669,0.20921,0.7541,7.933,250.03,755.42,0.65553,78229,0.6742,60.47,0.08487,1.1622,0.16845,7.861,2504.37,0.1857,0.8668,0.07714,88.667,6.344,20.05,11.822,4.9939,0.42481,55.82,0.03319,32.17,3.453,0.3887,0.0016984,0.11081,0.007575,0.004257,0.02171,15.27,106.29,0.7863,247.8,2.051,8.874,0.26002,27.583,0.4333,0.18825,544.58,0.08974,1.3363,1484.13,0.26915,2.781,0.04293,62.7,0.014924,1.1449
2026-09-18 09:00:00+00:00,0.0037151,0.005417,135.38,0.2163,0.024635,0.668,0.20899,0.7544,7.944,248.69,752.05,0.67189,78168.8,0.6769,59.58,0.08571,1.1608,0.16727,7.889,2507.21,0.1875,0.8773,0.07746,89.006,6.416,19.78,11.888,4.971,0.43454,55.69,0.03359,31.9,3.535,0.3894,0.0018187,0.11064,0.007645,0.004245,0.02157,15.18,106.39,0.7974,249.69,2.051,9.132,0.25652,27.54,0.4379,0.18772,542.29,0.08884,1.3342,1480.54,0.24114,2.806,0.04294,62.55,0.014958,1.1457
2026-09-18 10:00:00+00:00,0.0037263,0.005398,135.22,0.2152,0.02525,0.6784,0.20785,0.7579,8.01,249.04,753.06,0.668,78246.8,0.6698,58.63,0.08578,1.1416,0.16515,7.893,2512.9,0.1861,0.8704,0.07751,90.637,6.915,19.93,11.887,5.0782,0.4406,55.51,0.03337,32.11,3.529,0.3895,0.0017524,0.10948,0.0077,0.004272,0.0208,15.22,106.25,0.7935,248.72,2.04,9.002,0.2524,26.842,0.4333,0.18704,538,0.0887,1.3313,1476.1,0.24281,2.772,0.04268,63.23,0.015479,1.149
2026-09-18 11:00:00+00:00,0.0037003,0.005371,134.8,0.2142,0.02568,0.6831,0.20522,0.7505,7.943,248.49,749.71,0.64937,78031,0.6695,58.3,0.08533,1.1269,0.16398,7.89,2507.31,0.1845,0.8573,0.07712,89.91,6.713,19.83,11.826,4.8597,0.44665,55.19,0.03285,31.94,3.505,0.3911,0.0017738,0.10951,0.007614,0.004182,0.02066,15.2,105.71,0.7921,245.9,2.031,8.691,0.24797,25.951,0.4421,0.18588,538.47,0.08801,1.3232,1456.06,0.23766,2.749,0.04281,62.79,0.015961,1.1253
2026-09-18 12:00:00+00:00,0.0036953,0.005385,137.43,0.2148,0.026456,0.692,0.21209,0.7505,8.002,249.99,746.84,0.75684,78004.8,0.6737,58.74,0.08544,1.1418,0.16294,7.961,2501.47,0.1851,0.8635,0.07699,91.257,6.5,19.62,11.821,4.9035,0.45589,55.21,0.03276,31.49,3.61,0.3952,0.0017597,0.11145,0.007619,0.004218,0.02041,14.84,105.75,0.8001,246.83,2.054,8.627,0.24467,26.073,0.4408,0.18608,536.06,0.08838,1.3233,1461.57,0.23341,2.814,0.04262,62.72,0.015746,1.1109
2026-09-18 13:00:00+00:00,0.0037765,0.00544,138.93,0.2172,0.026629,0.6831,0.20889,0.7486,8.077,252.1,758.97,0.86936,80046.5,0.6924,59.01,0.08726,1.1418,0.16348,7.978,2553.89,0.1836,0.8793,0.07764,90.634,6.467,19.44,11.999,4.8968,0.47593,55.51,0.03298,32.4,3.568,0.3944,0.0017687,0.11045,0.00767,0.004267,0.02045,16.23,108.52,0.8057,248.81,2.104,8.653,0.24847,26.175,0.4341,0.1898,540.29,0.08893,1.3609,1453.53,0.24631,2.814,0.04286,63.32,0.015986,1.1103
2026-09-18 14:00:00+00:00,0.003845,0.005492,138.18,0.2209,0.026085,0.6837,0.21041,0.7576,8.142,253.82,760.95,0.86123,80906,0.6702,59.8,0.08801,1.1426,0.16543,8.112,2581.86,0.186,0.8921,0.07886,92.553,6.591,19.26,12.171,4.9129,0.47422,55.97,0.03267,32.39,3.695,0.3995,0.0016952,0.112,0.007869,0.004333,0.02063,16.63,110.74,0.8054,253.11,2.129,8.732,0.25672,26.334,0.4316,0.19405,542.55,0.09063,1.3998,1482.05,0.23445,2.837,0.04398,63.67,0.016639,1.1122
2026-09-18 15:00:00+00:00,0.0038201,0.005476,138.06,0.2201,0.025818,0.6796,0.21079,0.7536,8.111,251.66,757.52,0.89603,80688.7,0.6794,58.85,0.08748,1.1332,0.16646,8.083,2583.25,0.1837,0.8924,0.07872,91.364,6.649,19.28,12.148,4.7922,0.44589,55.88,0.03274,32,3.654,0.3966,0.0016721,0.11094,0.007805,0.004326,0.0206,16.71,111.14,0.8037,251.14,2.112,8.749,0.2519,26.506,0.4316,0.19223,574.28,0.09308,1.3849,1482.39,0.22842,2.831,0.04407,63.73,0.016755,1.1186
2026-09-18 16:00:00+00:00,0.0038184,0.00546,137.86,0.2185,0.027924,0.6819,0.21792,0.7441,8.083,250.73,759.01,0.89725,80810,0.657,57.69,0.08773,1.1363,0.16476,8.134,2596.47,0.1833,0.8849,0.07831,90.838,6.599,19.4,12.146,4.7744,0.44397,56.2,0.03255,32.41,3.733,0.3971,0.001826,0.11244,0.007723,0.004284,0.02141,17.01,111.71,0.8003,248.9,2.108,8.927,0.25988,27.04,0.4163,0.19181,565.47,0.09365,1.3803,1444.9,0.22203,2.821,0.04404,63.35,0.016494,1.1226
2026-09-18 17:00:00+00:00,0.0038242,0.00546,138.35,0.2211,0.034481,0.695,0.22063,0.7498,8.135,251.65,762.18,0.91854,80977.9,0.6553,58.65,0.08763,1.141,0.16532,8.106,2606.24,0.1838,0.8913,0.07871,91.291,6.664,19.51,12.222,4.7126,0.44199,56.44,0.03259,32.74,3.801,0.3991,0.0017396,0.11317,0.007732,0.004321,0.02571,17.11,112.61,0.8047,250.09,2.101,8.874,0.27748,27.147,0.4183,0.19307,560.31,0.09452,1.3914,1451.63,0.22136,2.806,0.04437,63.5,0.016419,1.1372
2026-09-18 18:00:00+00:00,0.0038379,0.005462,137.77,0.2209,0.037781,0.6928,0.21792,0.7495,8.201,252.43,764.93,0.96507,80904.8,0.6623,59.54,0.08737,1.1298,0.16601,8.096,2611.92,0.1827,0.8927,0.07851,90.818,6.637,19.8,12.208,4.7731,0.44438,56.85,0.03269,33.31,3.744,0.3958,0.0017602,0.11484,0.007767,0.004316,0.02439,17.05,112.17,0.801,248.15,2.092,8.891,0.29134,27.499,0.4161,0.19198,556.16,0.09366,1.3864,1456.81,0.21966,2.808,0.04434,63.56,0.01642,1.1322
2026-09-18 19:00:00+00:00,0.0038378,0.005489,138.65,0.2224,0.040096,0.7028,0.21971,0.7554,8.276,254.2,767,0.9072,81169.1,0.6281,61.08,0.08798,1.1398,0.16786,8.223,2635.36,0.185,0.9163,0.07939,92.308,6.618,20.05,12.381,4.8587,0.44424,57.08,0.03266,33.72,3.674,0.3982,0.0017349,0.11781,0.007881,0.0044,0.02556,17.97,114.19,0.8133,250.4,2.113,9.02,0.29182,27.74,0.4199,0.19514,561.26,0.09476,1.4118,1470.41,0.22009,2.851,0.04533,63.61,0.01635,1.1354
2026-09-18 20:00:00+00:00,0.0038591,0.005499,140.12,0.2236,0.041085,0.7296,0.22595,0.7558,8.237,255.87,764.25,0.91637,81085.7,0.6302,60.79,0.08826,1.1344,0.16941,8.153,2630.76,0.1837,0.9224,0.07943,91.619,6.659,19.98,12.346,4.8666,0.43614,57.24,0.03267,33.62,3.639,0.3982,0.0016911,0.11862,0.007863,0.004381,0.02539,18,113.51,0.8133,249.85,2.108,9.062,0.29644,27.722,0.4239,0.19368,568.06,0.0941,1.4028,1501.54,0.22052,2.863,0.04528,63.64,0.016353,1.1272
2026-09-18 21:00:00+00:00,0.0038676,0.005512,138.57,0.2252,0.044958,0.7297,0.22122,0.7599,8.252,258.65,764.5,0.88478,81202.5,0.6344,61.35,0.08821,1.1411,0.16954,8.167,2625.85,0.184,0.9225,0.07924,91.534,6.638,19.96,12.371,4.8533,0.43627,57.2,0.03261,33.69,3.761,0.4002,0.0016952,0.11696,0.007895,0.004389,0.02524,18.05,113.19,0.8199,249.76,2.103,8.991,0.29776,27.322,0.4261,0.19387,567.97,0.09393,1.401,1492.15,0.21982,2.864,0.04536,63.53,0.016434,1.1211
2026-09-18 22:00:00+00:00,0.0038491,0.005486,138.35,0.2268,0.04545,0.7168,0.21853,0.779,8.201,261.21,764.71,0.85498,81103.9,0.6207,62.84,0.08811,1.1284,0.16776,8.161,2619.18,0.1852,0.9299,0.07927,92.59,6.561,19.85,12.297,4.8286,0.43335,57.78,0.03272,33.68,3.755,0.3973,0.0017972,0.11753,0.007927,0.004263,0.02493,18.01,113.2,0.8171,249.1,2.09,8.838,0.29272,27.606,0.4215,0.19265,566.01,0.09374,1.3981,1549.39,0.22177,2.857,0.04589,63.27,0.016316,1.1175
2026-09-18 23:00:00+00:00,0.0038207,0.005462,139.49,0.2246,0.046385,0.7311,0.22117,0.767,8.203,255.33,761.92,0.82493,80863,0.63171,63.55,0.08745,1.1339,0.16821,8.16,2611.15,0.1855,0.9429,0.07919,92.6,6.677,19.9,12.227,4.7675,0.43583,58.17,0.03277,33.85,3.763,0.3987,0.0020099,0.12055,0.007935,0.004242,0.02491,18.05,112.73,0.8145,250.24,2.084,8.866,0.29211,27.97,0.4244,0.19311,566.89,0.09378,1.3964,1561.02,0.22212,2.863,0.04627,63.22,0.016307,1.1194
2026-09-19 00:00:00+00:00,0.0038209,0.005456,142.98,0.2274,0.04629,0.7395,0.2186,0.7793,8.351,256.22,764.54,0.80926,81640.6,0.6456,62.42,0.08789,1.1349,0.1747,8.253,2625.69,0.1846,0.9542,0.07915,93.162,6.774,19.8,12.378,4.7392,0.42648,58.49,0.03252,33.73,3.735,0.4023,0.0019783,0.11946,0.00795,0.00422,0.02505,17.98,113.64,0.8221,252.95,2.082,8.878,0.30038,27.788,0.4275,0.19407,574.87,0.09364,1.4088,1575.45,0.23806,2.862,0.04694,63.31,0.016102,1.1267
2026-09-19 01:00:00+00:00,0.0037506,0.005468,142.14,0.2293,0.042915,0.7502,0.21507,0.7779,8.697,256.17,763.13,0.80245,81253,0.6391,62.34,0.08804,1.1311,0.17227,8.283,2612,0.1842,0.9659,0.0793,93.179,6.767,19.73,12.339,4.7898,0.42261,58.54,0.03239,33.2,3.817,0.4038,0.002322,0.11935,0.007909,0.004226,0.02523,17.84,113.41,0.8211,252.05,2.062,9.023,0.29421,28.185,0.4296,0.19388,583.21,0.09236,1.4125,1553.29,0.23075,2.871,0.04689,63.23,0.01607,1.1222
2026-09-19 02:00:00+00:00,0.0037652,0.005483,144.18,0.2348,0.042298,0.7656,0.21675,0.7854,8.605,257.03,762.42,0.87329,81265.2,0.6274,62.42,0.08829,1.1542,0.17414,8.299,2622.54,0.1834,0.9809,0.07947,94.26,6.826,19.72,12.454,4.955,0.4198,58.65,0.03238,33.24,3.828,0.4081,0.0026982,0.12361,0.007939,0.004288,0.02488,17.81,113.61,0.8287,256.25,2.054,9.04,0.29744,28.957,0.429,0.19498,578.98,0.09168,1.4132,1548.69,0.22344,2.899,0.0469,63.68,0.016235,1.1295
2026-09-19 03:00:00+00:00,0.0037739,0.005479,142.94,0.231,0.041961,0.7684,0.21393,0.7773,8.491,248.29,759.92,0.87657,81100.1,0.6116,61.4,0.08803,1.1486,0.18333,8.309,2619.08,0.1817,0.989,0.07946,93.496,6.855,19.74,12.397,4.8996,0.41326,59.12,0.03198,33.17,3.756,0.4078,0.0023485,0.12776,0.007931,0.004268,0.02534,17.81,113.24,0.8298,256.73,2.05,8.88,0.29698,28.034,0.4292,0.19533,571.47,0.0903,1.4179,1531.74,0.2286,2.871,0.04736,63.56,0.016035,1.1476
2026-09-19 04:00:00+00:00,0.0037729,0.005428,142.65,0.2258,0.048267,0.7721,0.21161,0.7715,8.406,246.84,760.79,0.90063,80996.6,0.623,60.83,0.08743,1.127,0.17417,8.191,2619,0.1794,0.9832,0.07894,92.352,6.9,19.76,12.332,4.8042,0.42267,58.22,0.03198,33.18,3.673,0.403,0.0022992,0.12457,0.007816,0.004132,0.02565,17.78,112.37,0.8239,253.93,2.023,8.897,0.28423,27.496,0.4198,0.19393,567.53,0.08927,1.4146,1526.98,0.22012,2.855,0.04574,63.41,0.0161,1.1049
2026-09-19 05:00:00+00:00,0.0037626,0.00542,142.33,0.2245,0.056771,0.7178,0.20955,0.7718,8.471,246.66,764.32,0.91961,81015.8,0.6062,60.3,0.08746,1.127,0.17526,8.196,2627.96,0.1783,0.9904,0.07921,92.007,7.033,19.71,12.354,4.8782,0.42558,57.58,0.03166,33.09,3.683,0.3997,0.0022454,0.12206,0.007777,0.004078,0.02616,17.76,111.93,0.8176,254.42,2.026,8.981,0.27935,28.045,0.4205,0.19533,575.07,0.08874,1.4266,1547.35,0.22427,2.869,0.04582,62.99,0.016012,1.1162
2026-09-19 06:00:00+00:00,0.0037662,0.005404,142.96,0.2231,0.056974,0.7077,0.21621,0.7575,8.474,247.21,762.44,0.95098,81027.2,0.6081,60.19,0.0871,1.1144,0.17905,8.21,2626.68,0.1781,0.961,0.07886,93.047,7.454,19.71,12.338,5.0202,0.44054,57.28,0.032,33.1,3.727,0.3986,0.0023344,0.12286,0.007763,0.004109,0.02543,17.8,111.86,0.8165,255.33,2.037,9.181,0.27488,28.412,0.4198,0.19334,575.52,0.08946,1.4218,1563.75,0.219,2.852,0.04711,63.26,0.016046,1.1235
2026-09-19 07:00:00+00:00,0.003749,0.005383,142.24,0.2216,0.06118,0.6972,0.21166,0.7541,8.539,245.37,761.29,0.96329,81077,0.6085,60.82,0.08669,1.1019,0.18009,8.18,2626.24,0.1767,0.9529,0.07827,92.918,7.603,19.71,12.299,4.9704,0.4302,56.85,0.03208,33.19,3.685,0.3947,0.0022821,0.12224,0.007721,0.004108,0.02592,17.78,111.61,0.8089,252.46,2.028,9.151,0.2785,28.32,0.4153,0.19174,573.21,0.09007,1.4106,1566.25,0.21767,2.85,0.04672,63.5,0.015865,1.1193
2026-09-19 08:00:00+00:00,0.0037795,0.005425,145.25,0.2239,0.059913,0.7264,0.2144,0.7581,8.797,247.96,766.4,0.87888,81288.1,0.60615,60.05,0.08728,1.1172,0.19387,8.29,2644.38,0.1804,0.9794,0.0791,91.899,7.495,19.68,12.408,5.0425,0.4343,57.29,0.03187,33.11,3.697,0.4016,0.0022784,0.12185,0.007827,0.004122,0.02578,17.76,112.23,0.8245,257.02,2.057,9.28,0.26883,28.812,0.4213,0.19243,576.75,0.09129,1.415,1551.8,0.20419,2.865,0.04743,63.91,0.015695,1.1312
2026-09-19 09:00:00+00:00,0.0037718,0.005422,144.75,0.2235,0.066514,0.7312,0.21421,0.7597,8.99,248.91,767.03,0.85192,81303,0.6046,60.67,0.08724,1.1203,0.18978,8.321,2640.01,0.1821,0.9716,0.07938,91.983,7.479,19.67,12.489,5.0842,0.44041,57.23,0.03173,33.18,3.703,0.4059,0.0024632,0.12255,0.00786,0.004147,0.02766,17.79,111.81,0.8367,264.93,2.044,9.231,0.26885,28.238,0.4224,0.1925,578.42,0.091,1.4125,1565.41,0.21066,2.863,0.04974,64.28,0.015666,1.1306
2026-09-19 10:00:00+00:00,0.0037998,0.005448,143.49,0.2247,0.061462,0.7336,0.21247,0.7602,9.149,249.54,765.61,0.93822,81193.3,0.5998,60.04,0.08763,1.122,0.19039,8.555,2637.25,0.1809,0.9788,0.0802,91.882,7.469,19.66,12.506,5.2407,0.44479,57.02,0.03171,33.18,3.66,0.4053,0.0026238,0.1242,0.007919,0.004133,0.02819,17.81,111.6,0.8538,267.38,2.041,9.043,0.26376,27.799,0.4229,0.19279,587.78,0.09048,1.4176,1532.15,0.22287,2.878,0.04912,64.59,0.015595,1.1371
2026-09-19 11:00:00+00:00,0.0038125,0.005477,142.73,0.2268,0.063168,0.7494,0.21173,0.7678,9.318,251.61,768.54,0.95637,81274.7,0.6083,60.29,0.08839,1.1363,0.19127,8.516,2638.49,0.1838,0.9869,0.08071,92.492,7.711,19.66,12.521,5.163,0.43833,58.02,0.03236,33.17,3.684,0.4094,0.0024573,0.12556,0.007963,0.004155,0.02717,17.83,111.87,0.8633,268.2,2.05,9.102,0.26705,27.924,0.4279,0.19503,590.12,0.09116,1.4342,1542.58,0.22392,2.878,0.04773,65.15,0.015905,1.1433
2026-09-19 12:00:00+00:00,0.0038251,0.005487,142.49,0.2269,0.061364,0.7412,0.21068,0.7685,9.348,252.11,773.76,1.04498,81306.6,0.5802,60.26,0.08898,1.1319,0.19654,8.466,2641.01,0.1831,0.9878,0.08069,92.48,7.564,19.72,12.528,5.0805,0.43717,58.05,0.03267,33.12,3.626,0.426,0.0025087,0.12443,0.007962,0.004149,0.02661,17.76,111.75,0.8511,265.49,2.054,9.062,0.27151,27.969,0.4315,0.19959,583.76,0.09134,1.434,1534.24,0.21581,2.9,0.04884,65.22,0.015641,1.1378
2026-09-19 13:00:00+00:00,0.0038161,0.005488,142.47,0.227,0.062352,0.7323,0.20894,0.7669,9.378,252.6,770.27,1.00445,81319.1,0.5768,59.63,0.08883,1.1314,0.19959,8.436,2637.28,0.1813,0.9883,0.08089,92.62,7.532,19.71,12.477,5.143,0.45156,57.81,0.03263,33.19,3.583,0.4256,0.0025037,0.12289,0.007889,0.004142,0.02614,17.78,111.59,0.8506,267.96,2.051,8.994,0.27086,28.237,0.4308,0.19926,580.06,0.09091,1.4371,1531.59,0.22932,2.871,0.04875,65.25,0.015494,1.1463
2026-09-19 14:00:00+00:00,0.0038146,0.005498,143.09,0.2272,0.063641,0.739,0.21144,0.7686,9.425,253.73,770.54,1.04166,81547,0.5755,59.55,0.08897,1.1286,0.19805,8.406,2637.49,0.181,0.9768,0.08075,92.845,7.5,19.72,12.532,5.1457,0.44813,57.83,0.03237,33.12,3.586,0.4363,0.0027408,0.12343,0.007899,0.004124,0.02564,17.76,111.75,0.8452,271.55,2.058,8.939,0.27694,28.224,0.4311,0.20001,576.34,0.09094,1.4377,1527.5,0.22599,2.876,0.0488,65.36,0.015343,1.1343
2026-09-19 15:00:00+00:00,0.0038467,0.005499,142.48,0.2272,0.062891,0.7382,0.20921,0.764,9.445,254.6,767.48,1.17501,81609.1,0.5955,59.51,0.08892,1.125,0.19945,8.402,2639.99,0.1807,0.9965,0.08101,93.059,7.434,19.7,12.568,5.153,0.41971,58.03,0.03209,33.1,3.617,0.435,0.0030576,0.12451,0.00789,0.004114,0.02563,17.76,111.61,0.8435,270.93,2.056,8.885,0.27564,28.07,0.4266,0.1981,571.65,0.0928,1.4306,1520.89,0.22932,2.863,0.04867,65.4,0.014977,1.1392
2026-09-19 16:00:00+00:00,0.0040522,0.005579,143.4,0.2297,0.06228,0.7408,0.20837,0.7626,9.693,256.28,768.9,1.12455,81795.1,0.5767,59.61,0.08964,1.1336,0.20506,8.483,2649.14,0.182,1.076,0.08183,93.29,7.536,19.7,12.595,5.1298,0.42195,57.97,0.03202,33.06,3.609,0.4392,0.0033437,0.12198,0.00804,0.004155,0.02532,17.78,111.96,0.857,269.7,2.094,8.86,0.27145,27.776,0.4405,0.20001,571.4,0.09308,1.434,1504.39,0.23342,2.895,0.04889,65.3,0.015,1.137
2026-09-19 17:00:00+00:00,0.0041915,0.005591,142.59,0.2297,0.062656,0.7332,0.20729,0.7602,9.644,254.64,763.07,1.2001,81426,0.5707,59,0.08984,1.1295,0.20126,8.512,2644.31,0.1806,1.1162,0.08151,92.223,7.702,19.78,12.535,4.9503,0.41836,57.6,0.03167,33.1,3.653,0.4352,0.0033309,0.12135,0.008105,0.00415,0.02541,17.77,111.37,0.8599,264.43,2.129,8.696,0.26239,27.051,0.4344,0.19784,554.01,0.09236,1.4272,1490.73,0.2301,2.904,0.04985,65.12,0.015517,1.1372
2026-09-19 18:00:00+00:00,0.0042572,0.005606,142.36,0.2299,0.064045,0.7367,0.20641,0.7596,9.759,254.42,763.76,1.1868,81397.2,0.5744,58.69,0.08971,1.1287,0.20097,8.579,2637.77,0.1787,1.0746,0.08172,92.33,7.797,19.84,12.54,4.9435,0.41195,57.55,0.03164,33.13,3.569,0.4315,0.004094,0.12257,0.008159,0.004171,0.02526,17.8,111.12,0.8622,263.81,2.117,8.699,0.2604,26.736,0.4335,0.19795,555.39,0.09188,1.43,1479.41,0.22778,2.964,0.05021,65.29,0.01541,1.1308
2026-09-19 19:00:00+00:00,0.0042276,0.005593,142.49,0.2304,0.0664,0.7378,0.20855,0.7695,9.616,254.92,763.54,1.18942,81330.5,0.5944,59.1,0.08923,1.132,0.20595,8.551,2633.95,0.1789,1.0386,0.08202,92.166,7.954,19.97,12.496,4.9238,0.4046,58.07,0.03192,33.25,3.523,0.4249,0.0043147,0.124,0.008113,0.004176,0.02502,17.82,111.15,0.8749,262.85,2.129,8.709,0.25826,26.395,0.4344,0.19917,550.54,0.09223,1.4277,1477.55,0.2266,2.914,0.05089,65.3,0.015591,1.1302
2026-09-19 20:00:00+00:00,0.0042264,0.005565,141.72,0.2293,0.06393,0.7276,0.20627,0.7678,9.748,252.89,762.57,1.1103,81131,0.5861,58.87,0.08898,1.1177,0.20312,8.527,2634.95,0.1771,1.0147,0.08125,91.667,7.687,20.04,12.49,4.8885,0.39711,57.76,0.03174,33.45,3.528,0.4172,0.0042203,0.1215,0.007999,0.004186,0.02488,17.84,111.1,0.8717,264.6,2.102,8.654,0.25512,25.897,0.4334,0.19847,546.43,0.09261,1.4288,1479.12,0.22164,2.894,0.05141,66.07,0.01544,1.1205
2026-09-19 21:00:00+00:00,0.0040714,0.005478,140.42,0.2273,0.064061,0.72,0.20482,0.762,9.693,251.8,760.15,1.09858,81070.1,0.5912,58.24,0.08735,1.1106,0.20129,8.47,2626.71,0.1761,0.9958,0.0807,91.428,7.863,20.06,12.346,4.8319,0.39223,57.14,0.03189,33.55,3.555,0.4148,0.0048139,0.11914,0.007867,0.00416,0.02515,17.84,110.52,0.855,262.15,2.07,8.527,0.25869,25.448,0.427,0.19531,539.34,0.0918,1.4096,1470.3,0.2275,2.844,0.04996,65.47,0.015331,1.1038
2026-09-19 22:00:00+00:00,0.0041195,0.005519,141.28,0.2282,0.064212,0.7302,0.2052,0.766,9.791,253.58,762.14,1.10659,81231.3,0.5916,58.62,0.0878,1.1167,0.20248,8.552,2629.85,0.177,0.9636,0.08132,91.587,8.196,20.01,12.409,4.7596,0.39798,57.78,0.0323,33.45,3.603,0.4214,0.0047324,0.1205,0.007989,0.004191,0.02524,17.83,110.64,0.8635,265.39,2.094,8.639,0.26131,25.56,0.4352,0.19658,547.28,0.09228,1.4166,1477.37,0.22866,2.861,0.05118,65.53,0.015282,1.1136
2026-09-19 23:00:00+00:00,0.0041222,0.005514,141.03,0.2279,0.064543,0.7252,0.20602,0.7639,10.092,254.72,762.52,1.10049,81225.6,0.5909,58.65,0.08771,1.1239,0.20434,8.579,2631.59,0.1769,0.9611,0.0814,92.208,7.925,20,12.416,4.8046,0.40415,58.28,0.03227,33.37,3.588,0.4202,0.003936,0.12159,0.007947,0.004253,0.02506,17.87,111.04,0.8574,263.82,2.099,8.672,0.25627,25.805,0.4311,0.19617,548.13,0.09218,1.4104,1470.71,0.22645,2.862,0.05042,65.61,0.015434,1.1152
2026-09-20 00:00:00+00:00,0.0041306,0.005521,140.34,0.2287,0.064374,0.7313,0.20195,0.7603,10.333,253.4,763.82,1.133,81252.8,0.5913,58.42,0.08754,1.1295,0.20848,8.672,2626.05,0.1773,0.9662,0.08218,92.284,8.204,20.1,12.395,4.7921,0.40829,58.03,0.03202,33.48,3.549,0.4201,0.0037621,0.12132,0.007971,0.004221,0.02574,17.83,110.91,0.8655,267.41,2.125,8.686,0.25798,25.98,0.4329,0.19582,542.67,0.09416,1.4059,1473.66,0.2339,2.857,0.05107,65.86,0.015411,1.1289
2026-09-20 01:00:00+00:00,0.0040694,0.005499,140.53,0.2275,0.064957,0.7264,0.2068,0.7589,9.739,251.27,761.36,1.11867,81066,0.5986,58.37,0.08721,1.1154,0.2131,8.513,2618.67,0.1768,0.9683,0.08181,91.746,7.994,20.16,12.302,4.7616,0.40223,57.88,0.03245,33.52,3.561,0.4133,0.0036865,0.12241,0.00795,0.004127,0.02632,17.84,110.16,0.8601,263.55,2.101,8.815,0.25479,26.859,0.433,0.19465,538.72,0.09171,1.4004,1474.19,0.22837,2.84,0.0506,65.58,0.01529,1.1175
2026-09-20 02:00:00+00:00,0.0039347,0.005344,137.53,0.2198,0.061253,0.7142,0.20317,0.7352,9.515,243.75,748.14,1.11249,80310,0.5976,56.41,0.0854,1.0754,0.19364,8.269,2572.92,0.1714,0.9488,0.07963,90.075,7.757,19.72,11.97,4.5801,0.38928,56.69,0.03217,32.74,3.486,0.4017,0.0038173,0.11909,0.007625,0.003941,0.02594,17.35,107.65,0.8198,253.41,2.007,8.547,0.24665,25.839,0.4223,0.1897,526.49,0.08924,1.3705,1451.25,0.22688,2.742,0.04985,64.38,0.014961,1.0777
2026-09-20 03:00:00+00:00,0.0040326,0.005395,137.48,0.2224,0.064762,0.7209,0.21587,0.7414,9.564,245.54,750.94,1.11408,80467.8,0.6044,57.07,0.08575,1.087,0.19708,8.31,2586.59,0.173,0.956,0.08052,91.116,7.584,19.79,12.079,4.674,0.39084,57.25,0.0327,32.99,3.51,0.4067,0.0041062,0.1245,0.007721,0.003971,0.02724,17.53,108.89,0.8262,253.47,2.031,8.738,0.25094,26.574,0.4246,0.19114,531.61,0.09149,1.3823,1456.97,0.23214,2.775,0.05137,64.5,0.014822,1.085
2026-09-20 04:00:00+00:00,0.0040129,0.005395,137.7,0.2213,0.065182,0.7244,0.21232,0.7407,9.614,247.13,749.48,1.12021,80411.9,0.614,57.18,0.08545,1.0877,0.1983,8.289,2578.75,0.1711,0.9583,0.08061,90.964,7.573,19.74,12.049,4.6615,0.38735,57.02,0.03264,32.9,3.49,0.4081,0.0038267,0.12245,0.007697,0.003991,0.02791,17.44,109.01,0.8253,252.92,2.027,8.813,0.25632,26.816,0.4275,0.19055,526.08,0.09105,1.3808,1454.16,0.22859,2.79,0.05098,64.39,0.015276,1.0876
2026-09-20 05:00:00+00:00,0.0040204,0.005399,137.96,0.2212,0.063647,0.7214,0.21278,0.7402,9.6,247.38,751.83,1.12074,80459.9,0.6047,57.18,0.08537,1.0879,0.19585,8.331,2577.05,0.1709,0.953,0.08105,91.08,7.64,19.81,12.006,4.7122,0.38767,57.2,0.03275,33.02,3.477,0.4091,0.0042182,0.122,0.007739,0.004007,0.02795,17.47,108.74,0.8241,254.6,2.034,8.893,0.26102,27.262,0.4307,0.19103,522.32,0.09196,1.3822,1451.06,0.23228,2.789,0.04999,64.07,0.015374,1.0813
2026-09-20 06:00:00+00:00,0.0040046,0.005388,136.92,0.22,0.064153,0.7188,0.20829,0.7352,9.758,246.3,752.13,1.11743,80280,0.609,56.77,0.08502,1.0851,0.19426,8.303,2573.16,0.1695,0.9495,0.08082,91.18,7.638,19.82,11.97,4.6869,0.40106,56.9,0.03246,32.99,3.46,0.4083,0.0039633,0.12059,0.0077,0.003974,0.02765,17.45,108.44,0.8217,252.91,2.022,8.708,0.25484,27.222,0.4249,0.19047,523.64,0.09,1.3803,1448.77,0.23091,2.79,0.05,64.15,0.015435,1.0718
2026-09-20 07:00:00+00:00,0.0039913,0.005366,136.59,0.2192,0.065862,0.7219,0.20906,0.7339,9.592,245.83,748.34,1.14015,80286.3,0.615,56.61,0.08485,1.0825,0.19524,8.283,2575.52,0.1679,0.9532,0.08141,91.001,7.665,19.81,11.971,4.6475,0.38456,56.73,0.03235,32.93,3.46,0.4077,0.0038133,0.12074,0.007654,0.003971,0.02772,17.44,108.44,0.8159,251.87,2.013,8.701,0.2608,27.707,0.4227,0.18965,526.44,0.08957,1.3791,1445.61,0.23444,2.786,0.04872,63.87,0.015114,1.0664
2026-09-20 08:00:00+00:00,0.0039751,0.005357,135.95,0.2195,0.071578,0.7326,0.21335,0.7335,9.636,245.55,749.31,1.14283,80235.2,0.6276,55.98,0.08475,1.0873,0.202,8.267,2573.8,0.1675,0.9465,0.08093,90.617,7.724,19.77,11.942,4.6152,0.37624,56.64,0.03219,32.93,3.51,0.407,0.0042396,0.12235,0.007661,0.003961,0.02785,17.41,108.07,0.8137,251.56,2.01,8.778,0.25919,27.97,0.4194,0.18955,522.81,0.0899,1.3765,1440.15,0.23425,2.783,0.04928,63.62,0.015155,1.0658
2026-09-20 09:00:00+00:00,0.0039531,0.00537,136.05,0.2201,0.087756,0.7268,0.21267,0.735,9.802,245.93,750.98,1.04029,80437.4,0.6277,56.05,0.08492,1.1032,0.20366,8.331,2578.85,0.169,0.9545,0.08109,90.881,7.862,19.75,12,4.645,0.37198,56.92,0.03237,32.93,3.54,0.4083,0.0037768,0.12369,0.007675,0.003965,0.0283,17.44,108.27,0.8193,251.88,2.015,8.797,0.25254,27.769,0.4226,0.18993,525.52,0.09016,1.3823,1441.49,0.2345,2.786,0.04941,63.77,0.015053,1.067
2026-09-20 10:00:00+00:00,0.0039316,0.00534,135.49,0.2192,0.077833,0.7217,0.21235,0.7315,9.761,244.95,749.46,1.23654,80286.1,0.751,55.77,0.08464,1.092,0.20279,8.275,2570.15,0.1696,0.9523,0.08017,90.794,7.774,19.69,11.979,4.6716,0.36961,56.9,0.03237,32.89,3.562,0.4102,0.0038912,0.12168,0.00761,0.004028,0.02853,17.4,107.99,0.8132,249.35,2.01,8.774,0.25709,28.483,0.4194,0.18878,522.92,0.09015,1.3757,1438.12,0.2521,2.783,0.04951,63.52,0.01501,1.063
2026-09-20 11:00:00+00:00,0.0039555,0.005371,135.74,0.2213,0.050986,0.7312,0.2141,0.7356,10.404,246.91,753.04,1.18849,80448.4,0.7183,55.48,0.0851,1.1011,0.20795,8.336,2577.9,0.1708,0.9564,0.08165,91.405,7.688,19.73,12.066,4.7104,0.37151,57.19,0.03254,32.91,3.616,0.4135,0.0040174,0.12361,0.007667,0.00405,0.02941,17.43,108.43,0.8223,251.28,2.03,8.757,0.25704,28.755,0.4224,0.19023,524.49,0.09022,1.3798,1444.94,0.23419,2.784,0.04946,63.82,0.015114,1.0678
2026-09-20 12:00:00+00:00,0.0039849,0.005372,134.65,0.2222,0.053308,0.7287,0.21165,0.7321,10.37,246.72,752.91,1.21573,80457,0.7293,55.94,0.08512,1.0993,0.20792,8.293,2579.03,0.1711,0.9485,0.08174,91.106,7.805,19.76,12.075,4.7649,0.3792,57.13,0.03218,32.89,3.72,0.4131,0.0038647,0.12363,0.007667,0.004072,0.02856,17.43,108.36,0.8232,252.73,2.021,8.658,0.26638,29.889,0.4216,0.19085,533.02,0.08843,1.3792,1454.1,0.24115,2.781,0.05003,63.79,0.015339,1.0639
2026-09-20 13:00:00+00:00,0.003932,0.005349,133.68,0.2216,0.051145,0.7201,0.20838,0.7272,10.576,246.1,752.29,1.22618,80532.9,0.6889,54.93,0.08491,1.099,0.20237,8.231,2579.57,0.1708,0.9177,0.0861,90.958,7.805,19.73,12.06,4.6891,0.39961,56.96,0.03181,32.78,3.704,0.4075,0.0038928,0.12177,0.007597,0.004022,0.02836,17.4,108.19,0.8204,251.53,2.009,8.565,0.25989,28.522,0.4182,0.19069,540.34,0.08676,1.3766,1441.56,0.24068,2.748,0.04994,63.5,0.01578,1.0611
2026-09-20 14:00:00+00:00,0.0038903,0.00535,134.32,0.2212,0.050822,0.7114,0.1991,0.7285,10.818,245.35,753.68,1.19244,80647,0.7259,54.52,0.08505,1.0953,0.19942,8.302,2584.39,0.1697,0.914,0.08748,90.997,7.82,19.73,12.135,4.6499,0.38054,56.94,0.03164,32.77,3.678,0.409,0.0036741,0.12105,0.007595,0.004045,0.02979,17.37,108.09,0.821,251.55,2.009,8.615,0.25439,28.995,0.42,0.19182,541.51,0.08655,1.3786,1435.36,0.23514,2.754,0.05009,63.45,0.016016,1.0692
2026-09-20 15:00:00+00:00,0.0039551,0.005416,135.93,0.2245,0.053345,0.7232,0.20372,0.7341,11.406,248.58,757.84,1.19772,80871.4,0.7151,55.05,0.08578,1.1101,0.20379,8.436,2611.68,0.1728,0.9286,0.08648,91.967,7.966,19.89,12.368,4.6707,0.40512,57.58,0.03204,33.14,3.911,0.417,0.0037337,0.12388,0.007709,0.0041,0.03267,17.74,108.75,0.8452,254.46,2.033,8.719,0.25229,29.137,0.4315,0.19418,544.9,0.08738,1.3902,1443.01,0.23615,2.811,0.05033,64.36,0.015592,1.0805
2026-09-20 16:00:00+00:00,0.004024,0.005524,137.44,0.2322,0.055815,0.7527,0.21147,0.7387,11.297,252.03,764.29,1.24989,81297.8,0.7194,56.55,0.08749,1.1649,0.22563,8.638,2638.88,0.1794,0.9577,0.08775,93.066,7.929,19.97,12.574,4.7978,0.40242,59.02,0.03242,33.2,4.251,0.43,0.0035351,0.12896,0.00797,0.004172,0.03389,17.66,110.27,0.9124,264.72,2.106,8.786,0.25011,28.188,0.4519,0.19782,545.7,0.09163,1.4099,1443.15,0.23652,2.931,0.05104,65.17,0.015652,1.1182
2026-09-20 17:00:00+00:00,0.0039868,0.005504,135.47,0.2278,0.061527,0.7627,0.21177,0.7363,11.018,250.77,764.77,1.2025,81115.5,0.7254,56.45,0.08696,1.1545,0.22544,8.507,2625.25,0.1775,0.948,0.08659,92.463,7.858,19.94,12.45,4.7736,0.39063,58.78,0.03263,33.14,4.051,0.4219,0.0037963,0.13125,0.007862,0.004147,0.03485,17.65,109.87,0.8951,262.06,2.083,8.754,0.24652,28.475,0.4378,0.19554,553.09,0.08984,1.4023,1451.23,0.2442,2.894,0.05656,64.5,0.01568,1.111
2026-09-20 18:00:00+00:00,0.0039938,0.005483,135.6,0.2265,0.062863,0.7379,0.20881,0.7358,11.098,250.14,767,1.09486,80998.3,0.741,56.56,0.08664,1.1408,0.22185,8.456,2625.16,0.1735,0.9382,0.08586,92.747,7.801,19.91,12.428,4.651,0.37861,58.26,0.03343,33.06,4.019,0.418,0.0038849,0.12601,0.007772,0.004159,0.03805,17.56,109.38,0.8786,262.1,2.061,8.691,0.24246,28.195,0.4304,0.19499,555.89,0.08852,1.4033,1468,0.23611,2.872,0.05801,64.22,0.015696,1.1252
2026-09-20 19:00:00+00:00,0.004014,0.005499,137.1,0.2278,0.061533,0.75,0.21088,0.7418,11.143,251.33,770.15,1.11586,81144,0.7416,57.49,0.08734,1.1643,0.22173,8.51,2632.18,0.1765,0.9505,0.08502,93.249,7.74,19.98,12.534,4.7017,0.37675,58.96,0.0331,33.17,4.157,0.4278,0.0037009,0.12581,0.007863,0.00424,0.0391,17.63,110.4,0.8803,264.68,2.073,8.734,0.24525,28.454,0.4359,0.19618,568.12,0.08947,1.4088,1514.92,0.2327,2.886,0.05895,64.49,0.015844,1.1591
2026-09-20 20:00:00+00:00,0.0039904,0.005503,136.74,0.227,0.058874,0.7442,0.21257,0.7372,11.176,251.34,768.81,1.1227,81049.9,0.7536,57.06,0.08731,1.1434,0.21691,8.502,2633.69,0.1762,0.9523,0.08579,92.73,7.726,20.06,12.498,4.7522,0.37231,58.67,0.033,33.19,4.168,0.4284,0.0036372,0.12608,0.007856,0.004235,0.03656,17.65,110.09,0.8899,262.68,2.067,8.707,0.24068,28.455,0.4384,0.19518,562.57,0.08912,1.4058,1490.25,0.23732,2.899,0.06366,64.29,0.015826,1.1651
2026-09-20 21:00:00+00:00,0.0039609,0.005498,136.99,0.227,0.060533,0.7432,0.21772,0.7393,11.29,250.18,766.42,1.12762,80897.4,0.7609,57.06,0.08689,1.1516,0.2181,8.482,2630,0.1762,0.9489,0.08642,92.689,7.722,19.98,12.448,4.7324,0.37199,58.84,0.03306,33.18,4.201,0.4288,0.003645,0.12625,0.007852,0.004251,0.03675,17.64,109.85,0.8845,261.29,2.063,8.814,0.23972,28.163,0.4367,0.19569,561.7,0.08941,1.4018,1480.79,0.23733,2.896,0.06348,64.42,0.015655,1.2193
2026-09-20 22:00:00+00:00,0.0040022,0.005504,137.71,0.2285,0.058105,0.7395,0.21742,0.7437,11.251,250.37,774.96,1.15219,81181.2,0.7532,57.52,0.08744,1.1331,0.22125,8.522,2638.27,0.1751,0.9457,0.08621,93.772,7.806,20.19,12.502,4.789,0.36747,58.78,0.03327,33.49,4.066,0.434,0.003601,0.12526,0.00789,0.004251,0.03677,17.95,110.96,0.8953,262.2,2.075,8.757,0.23714,28.767,0.4384,0.19915,563.51,0.08911,1.4092,1514.85,0.23733,2.889,0.06436,64.02,0.01555,1.165
2026-09-20 23:00:00+00:00,0.0039947,0.005487,137.46,0.2278,0.058571,0.7394,0.21764,0.7389,11.309,252.66,773.12,1.19236,81143.9,0.7486,57.56,0.08725,1.1336,0.21684,8.522,2643.71,0.1755,0.9427,0.08647,93.657,7.783,20.39,12.514,4.7706,0.36605,58.72,0.03336,33.67,4.166,0.4327,0.0041371,0.12499,0.007853,0.004227,0.03778,17.97,111.09,0.8969,261.66,2.068,8.726,0.23814,29.351,0.4353,0.19725,564.01,0.08916,1.4099,1508.75,0.238689,2.893,0.06162,64.12,0.015449,1.1753
2026-09-21 00:00:00+00:00,0.0040595,0.005553,139.25,0.2307,0.053465,0.7461,0.22069,0.7486,11.517,256.03,780.48,1.1922,81573.3,0.7322,57.9,0.0887,1.1435,0.22155,8.584,2688.1,0.1788,0.9578,0.08566,94.327,7.687,20.45,12.719,4.8552,0.3687,59.14,0.03387,34.51,4.257,0.4429,0.0038623,0.12662,0.008081,0.004388,0.03698,18.33,112.28,0.9315,266.94,2.095,8.883,0.24494,29.834,0.4423,0.20008,567.2,0.0909,1.4253,1535.54,0.23661,2.907,0.06358,64.92,0.015622,1.1821
2026-09-21 01:00:00+00:00,0.0040009,0.005469,136.84,0.2272,0.051123,0.7329,0.2131,0.7377,11.102,251.45,774.99,1.21886,80964.3,0.7427,56.44,0.08747,1.1309,0.20993,8.421,2648.1,0.1749,0.939,0.08511,92.612,7.757,20.55,12.476,4.8271,0.36987,58.56,0.0343,34.24,4.156,0.4239,0.0036481,0.12403,0.007876,0.004242,0.03784,18.11,110.92,0.9223,261.61,2.052,8.569,0.23751,30.592,0.4312,0.19599,562.23,0.09306,1.4076,1506.35,0.24231,2.907,0.06197,64.59,0.015479,1.1505
2026-09-21 02:00:00+00:00,0.0039972,0.005522,138.09,0.2306,0.052694,0.7394,0.21742,0.7391,11.079,254.03,778.23,1.2603,81280,0.7599,56.73,0.08806,1.1528,0.21303,8.488,2660.76,0.1794,0.9456,0.08586,93.212,7.689,20.83,12.578,4.8796,0.3725,58.8,0.03433,34.48,4.238,0.4266,0.0032899,0.12611,0.007952,0.004304,0.03549,18.2,111.19,0.9257,268.43,2.08,8.714,0.2384,32.962,0.4392,0.19798,576.62,0.09609,1.4153,1516.5,0.23942,2.977,0.06308,64.84,0.015548,1.1489
2026-09-21 03:00:00+00:00,0.0040104,0.005559,138.94,0.2319,0.052059,0.7473,0.22136,0.7392,11.274,254.68,777.5,1.19189,81403.7,0.7409,56.89,0.08846,1.1615,0.21369,8.54,2664.99,0.182,0.9535,0.08705,93.367,7.755,20.9,12.679,4.8951,0.37129,59,0.03429,34.51,4.403,0.4303,0.0035043,0.12758,0.008087,0.004403,0.03526,18.2,111.51,0.9493,267.08,2.094,8.754,0.24889,32.306,0.4418,0.19825,579.54,0.09629,1.4226,1516.08,0.24274,3.017,0.06238,65.35,0.015418,1.1569
2026-09-21 04:00:00+00:00,0.0040013,0.005522,138.36,0.2312,0.036569,0.7432,0.21526,0.7366,11.538,254.02,774.12,1.20717,81365.5,0.7518,57.2,0.0883,1.1446,0.2134,8.502,2662.7,0.1807,0.9518,0.08689,93.923,7.658,20.84,12.632,4.9125,0.36705,58.52,0.0339,34.57,4.416,0.426,0.0037728,0.12645,0.007998,0.0045,0.03528,18.03,111.42,0.9332,265.16,2.089,8.76,0.25028,32.549,0.4408,0.19794,576.83,0.0944,1.4186,1526.8,0.24738,2.964,0.06234,65.39,0.015311,1.16
2026-09-21 05:00:00+00:00,0.0040107,0.005531,137.8,0.2316,0.039671,0.7392,0.21481,0.7376,11.325,253.42,773.29,1.18654,81520,0.77,57.31,0.08834,1.1412,0.21398,8.485,2664.27,0.1813,0.9529,0.08668,93.774,7.726,20.75,12.54,4.9511,0.365,58.29,0.03372,34.34,4.283,0.4292,0.0039503,0.12663,0.007994,0.004388,0.03507,17.98,111.72,0.9374,268.3,2.081,8.642,0.24483,32.591,0.4438,0.19795,600.73,0.09399,1.4297,1517.55,0.27796,2.933,0.06657,65.43,0.015465,1.1477
2026-09-21 06:00:00+00:00,0.0040206,0.005536,139.04,0.2328,0.041369,0.7743,0.21431,0.7393,11.129,254.77,772.91,1.14688,81609,0.7318,57.29,0.08904,1.1503,0.21743,8.566,2661.89,0.1851,0.9627,0.08678,93.963,7.77,21.11,12.539,5.0631,0.36623,58.45,0.03382,34.54,4.278,0.4326,0.0040108,0.12618,0.008055,0.004394,0.0354,18.14,112.16,0.9613,269.59,2.082,8.636,0.24399,33.597,0.4525,0.19937,618.44,0.0938,1.4361,1508.23,0.27383,2.923,0.06925,65.57,0.015791,1.1786
2026-09-21 07:00:00+00:00,0.004025,0.005578,138.63,0.2323,0.037081,0.7699,0.21337,0.7401,10.934,255.04,769.21,1.12159,81699.9,0.7745,57.03,0.08972,1.1604,0.21463,8.551,2660.81,0.1834,0.9647,0.08698,94.176,7.71,21.06,12.556,4.9975,0.36535,58.47,0.03397,34.67,4.265,0.4321,0.004089,0.12634,0.008037,0.004386,0.03672,18.23,112.07,0.9662,271.9,2.084,8.631,0.24552,33.874,0.4478,0.19987,594.29,0.09445,1.4383,1487.33,0.27764,2.927,0.06686,65.73,0.015946,1.1789
2026-09-21 08:00:00+00:00,0.004144,0.005708,141.74,0.2372,0.040775,0.7701,0.21705,0.7546,11.111,261.81,782.12,1.13659,83717.3,0.7926,59.11,0.09187,1.18,0.21961,8.717,2695.38,0.1912,0.9875,0.08854,95.269,7.785,21.59,12.815,4.9596,0.37513,59.13,0.0353,35.23,4.293,0.4409,0.0044394,0.12801,0.008238,0.004445,0.03818,18.59,115.28,0.9946,276.91,2.132,8.825,0.26513,34.261,0.4527,0.20675,579.87,0.09562,1.4761,1522.5,0.2792,2.965,0.06663,66.48,0.016621,1.205
2026-09-21 09:00:00+00:00,0.0041327,0.005683,145.59,0.2372,0.043769,0.761,0.21827,0.7547,11.245,261.23,784.51,1.10356,84626,0.8567,58.56,0.09212,1.1648,0.21861,8.665,2719.63,0.1874,0.9716,0.08845,94.994,7.768,21.53,12.935,5.0084,0.38328,59.26,0.03925,35.2,4.21,0.4355,0.0040695,0.12673,0.008246,0.004398,0.03522,18.49,115.89,0.9837,277.22,2.128,8.976,0.27922,33.852,0.4413,0.20655,567.1,0.0967,1.4745,1516.86,0.29036,2.937,0.06934,66.3,0.016247,1.1881
2026-09-21 10:00:00+00:00,0.0041919,0.005717,146.91,0.2407,0.045244,0.7799,0.23203,0.7612,11.385,266.42,785.4,1.11942,84400.1,0.8605,59.17,0.09289,1.1947,0.22703,8.788,2714.74,0.1907,0.9876,0.08952,95.271,7.84,21.62,13.042,5.0283,0.38687,60.46,0.04148,35.11,4.268,0.4496,0.0044073,0.13024,0.008319,0.004432,0.03465,18.42,115.97,1.0022,284.72,2.166,9.008,0.28301,33.775,0.4491,0.21307,580.58,0.099,1.4907,1535.82,0.26247,2.966,0.06733,66.98,0.017046,1.2267
2026-09-21 11:00:00+00:00,0.0042182,0.005716,145.93,0.2417,0.051074,0.7729,0.22801,0.7586,11.3,267,791.06,1.19164,84849.9,0.8705,59.47,0.09334,1.1888,0.22306,8.746,2724.23,0.1953,0.985,0.09004,95.422,7.918,21.66,13.041,5.1025,0.39922,60.29,0.04485,34.87,4.176,0.4517,0.0045067,0.12796,0.008303,0.004429,0.03456,18.32,116.77,1.0154,283.96,2.164,8.925,0.27885,33.623,0.4489,0.2106,575.05,0.10022,1.4855,1563.64,0.26257,2.947,0.06365,67.27,0.017354,1.2254
2026-09-21 12:00:00+00:00,0.0042811,0.005732,147.76,0.2457,0.053322,0.772,0.24454,0.7628,11.444,270.12,790.84,1.18465,85277.7,0.8259,59.47,0.09346,1.1887,0.22759,8.798,2733.92,0.1983,0.994,0.09132,95.367,7.833,21.74,13.125,5.0294,0.39638,62.75,0.04144,35.01,4.176,0.4549,0.0044468,0.13107,0.008328,0.004374,0.03496,18.4,116.77,1.0367,287.56,2.16,9.036,0.28023,32.582,0.4521,0.20961,571.72,0.10385,1.4872,1536.71,0.25278,2.974,0.06607,67.71,0.017284,1.2368
2026-09-21 13:00:00+00:00,0.0042988,0.005718,145.72,0.2439,0.050546,0.7867,0.23872,0.7572,11.259,268.82,794.86,1.19026,85430,0.8483,59.29,0.09326,1.1828,0.22411,8.751,2731.22,0.2073,0.9801,0.09106,94.804,7.96,21.87,13.033,4.9742,0.39339,62.5,0.04521,35.82,4.134,0.4524,0.0046358,0.12905,0.008276,0.004365,0.03453,17.72,118,1.0372,286.18,2.146,8.882,0.27866,32.449,0.4471,0.20961,573.85,0.10215,1.49,1533.43,0.26624,2.954,0.06399,67.49,0.017197,1.2199
2026-09-21 14:00:00+00:00,0.0048203,0.005862,145.02,0.2441,0.055445,0.7813,0.23523,0.7589,11.169,263.66,797.97,1.21847,85808.8,0.9049,61.22,0.09495,1.1859,0.22257,8.83,2735.14,0.202,0.9759,0.09136,94.1,7.84,22.07,12.994,4.9982,0.38337,62.81,0.04475,35.32,4.123,0.4474,0.0044716,0.12738,0.008517,0.004381,0.0335,17.79,117.99,1.033,285.49,2.16,8.835,0.27563,31.865,0.4419,0.2105,576.16,0.1023,1.4969,1519.49,0.24701,2.966,0.06553,67.42,0.016819,1.2107
2026-09-21 15:00:00+00:00,0.0050904,0.006015,143.01,0.2449,0.055243,0.7715,0.23119,0.7455,11.07,263.79,803.61,1.19593,85877.5,0.913,59.91,0.0973,1.1907,0.21431,8.801,2753.99,0.2032,0.9717,0.0925,93.118,7.726,22.28,13.016,4.9404,0.37232,62.93,0.04532,35.1,4.068,0.444,0.0042519,0.12605,0.008755,0.004391,0.03857,17.37,117.89,1.0183,288.81,2.175,8.834,0.28115,31.09,0.4407,0.20981,574.43,0.09788,1.4952,1499.41,0.2514,2.953,0.065,67.21,0.016865,1.1925
2026-09-21 16:00:00+00:00,0.0049274,0.005925,143.66,0.244,0.058848,0.7723,0.22652,0.744,11.064,263.03,798.61,1.19003,85910.1,0.9423,59.66,0.09663,1.1824,0.21072,8.822,2753.25,0.205,0.9645,0.09168,93.228,7.827,22.47,12.979,4.8412,0.37013,62.11,0.04487,35.38,4.046,0.4468,0.0042069,0.12633,0.008665,0.004348,0.03786,17.17,117.47,1.0143,285.2,2.15,8.91,0.29007,30.42,0.4386,0.20817,572.04,0.0995,1.4886,1497.63,0.23655,2.937,0.065,66.75,0.016725,1.1775
2026-09-21 17:00:00+00:00,0.0049145,0.005902,142.51,0.2415,0.05149,0.7512,0.22496,0.733,10.85,263.06,796.59,1.20607,85854.2,0.9353,58.68,0.09739,1.1676,0.20854,8.847,2741.79,0.1974,0.958,0.09076,92.275,7.861,22.49,12.812,4.7698,0.36672,61.53,0.04423,35.31,3.936,0.44,0.0041381,0.12372,0.008599,0.004199,0.03995,16.94,117.16,0.9953,280.57,2.13,8.78,0.28625,31.197,0.4308,0.20752,561.03,0.09859,1.4955,1469.05,0.24065,2.903,0.0627,66.09,0.016709,1.1651
2026-09-21 18:00:00+00:00,0.0049994,0.00595,144.34,0.2439,0.051653,0.7601,0.22634,0.7389,10.903,264.5,801.61,1.16953,86021.5,0.9658,59.24,0.09967,1.1703,0.21091,8.839,2756.64,0.2012,0.962,0.09092,92.994,7.81,22.61,12.951,4.7719,0.37076,61.73,0.04406,35.93,4.042,0.4407,0.0040228,0.12379,0.009009,0.004261,0.03863,17.48,117.67,1.0124,285.74,2.158,8.741,0.29141,31.964,0.4343,0.20962,573.14,0.09883,1.5091,1480.32,0.2437,2.915,0.06481,66.62,0.016712,1.1814
2026-09-21 19:00:00+00:00,0.0049753,0.005952,145.36,0.2449,0.0546,0.7682,0.2278,0.7412,11.086,266.79,800.44,1.15795,86454.3,0.9677,59.79,0.09853,1.1808,0.21334,8.816,2760.51,0.2022,0.9672,0.09134,93.257,7.85,22.58,13.026,4.8039,0.36843,62.33,0.04316,35.57,4.16,0.4443,0.0040391,0.12437,0.00893,0.004305,0.04092,17.46,118.32,1.0361,306.54,2.162,8.815,0.28206,32.141,0.4392,0.21236,583.48,0.10055,1.5069,1471.39,0.24595,2.939,0.06636,66.8,0.016624,1.1803
2026-09-21 20:00:00+00:00,0.0049215,0.005979,145.92,0.2465,0.05611,0.7721,0.22215,0.7416,11.132,267.4,805.76,1.14935,86961.4,0.8367,59.27,0.10017,1.1829,0.21087,8.799,2782.8,0.2018,0.9732,0.09199,93.395,7.739,22.45,13.157,4.7728,0.36418,62.38,0.04312,35.48,4.073,0.4533,0.0039568,0.12477,0.008717,0.004326,0.04015,17.41,119.14,1.02,307.12,2.183,8.821,0.29781,31.159,0.4635,0.21427,589.11,0.09884,1.5329,1454.49,0.24803,2.967,0.06803,67.65,0.016523,1.1782
2026-09-21 21:00:00+00:00,0.004814,0.005961,143.52,0.2448,0.055426,0.7788,0.22145,0.7385,11.323,267.91,804.81,1.11483,86544.1,0.8731,58.62,0.0993,1.1881,0.20831,8.783,2767.24,0.2002,0.9776,0.09171,93.21,7.751,22.43,13.114,4.7135,0.36444,61.98,0.04332,35.5,4.136,0.4505,0.0042778,0.12556,0.008658,0.004316,0.03832,17.54,119.06,1.0176,306.91,2.179,8.775,0.28625,32.502,0.4514,0.21681,597.6,0.09695,1.5496,1462.58,0.25232,2.966,0.06782,67.44,0.016386,1.1799
2026-09-21 22:00:00+00:00,0.0047948,0.00607,145.9,0.2464,0.055596,0.79,0.2257,0.7435,11.241,270.53,801.98,1.10602,86419.2,0.808,59.6,0.10032,1.2092,0.21198,8.923,2777.66,0.2047,0.9945,0.09286,93.797,7.91,22.62,13.219,4.7527,0.36989,61.66,0.04406,35.56,4.306,0.4584,0.004323,0.12864,0.008788,0.004391,0.03869,17.63,119.43,1.0271,312.53,2.194,8.987,0.27667,32.141,0.4608,0.21603,600.86,0.09779,1.5557,1471.06,0.24165,3.013,0.06878,67.06,0.016385,1.1852
2026-09-21 23:00:00+00:00,0.0047693,0.006051,145.81,0.2451,0.057786,0.7943,0.22561,0.7451,11.227,267.07,799.78,1.09865,86578.7,0.8003,59.15,0.09986,1.2049,0.21267,8.894,2774.5,0.2051,0.9851,0.09332,94.044,7.853,22.74,13.177,4.7325,0.36359,61.97,0.04379,35.67,4.269,0.4579,0.0042209,0.12737,0.008782,0.004375,0.03942,17.67,118.88,1.0426,319.65,2.185,8.991,0.28046,31.999,0.458,0.21557,592.78,0.09794,1.5362,1470.95,0.23479,3.029,0.06851,66.77,0.016471,1.1778
2026-09-22 00:00:00+00:00,0.0049838,0.006013,144.9,0.2452,0.057771,0.7785,0.22373,0.7375,11.14,266.46,794.69,1.09657,85854.9,0.7846,59.11,0.09944,1.197,0.21216,8.838,2753.54,0.2024,0.9869,0.09245,93.386,7.788,23.03,13.069,4.6998,0.36256,61.51,0.04437,35.87,4.315,0.4495,0.0044095,0.1264,0.008799,0.004426,0.03945,17.9,118.31,1.0505,312.89,2.208,9.079,0.28676,31.7,0.4697,0.21355,584.65,0.09743,1.5217,1469.68,0.23853,3.017,0.06834,66.55,0.016267,1.171
2026-09-22 01:00:00+00:00,0.0051179,0.006029,144.5,0.2458,0.058004,0.7733,0.22302,0.7377,11.165,265.05,789.98,1.11532,85588.3,0.7225,60.71,0.09976,1.2004,0.21296,8.824,2747.61,0.2032,1.001,0.09201,93.202,7.824,22.8,13.039,4.7084,0.34786,61.15,0.04494,35.77,4.371,0.4412,0.0042859,0.12664,0.008801,0.004481,0.03977,17.78,117.56,1.0376,316.34,2.19,9.174,0.28277,31.314,0.4658,0.21191,587.07,0.09669,1.5121,1470.09,0.22414,2.996,0.07193,66.27,0.01644,1.169
2026-09-22 02:00:00+00:00,0.0050633,0.00595,142.8,0.2456,0.056913,0.7676,0.2205,0.7337,11.162,264.99,791.35,1.10362,85683.5,0.8137,59.09,0.09892,1.1873,0.2111,8.787,2738.77,0.2058,0.9986,0.09203,92.566,7.75,22.98,12.942,4.6789,0.34685,60.5,0.04583,35.98,4.485,0.4382,0.0043908,0.12636,0.008734,0.004401,0.03955,17.92,116.88,1.0443,316.26,2.152,9.138,0.25612,30.752,0.4562,0.21314,583.59,0.09563,1.515,1452.68,0.22456,2.961,0.07169,66.61,0.016348,1.1644
2026-09-22 03:00:00+00:00,0.0052653,0.006095,143.35,0.2482,0.05369,0.7697,0.22026,0.7268,11.001,265.16,789.69,1.13017,85656.6,0.8316,60.25,0.10196,1.1879,0.21149,8.847,2738.41,0.2023,1.0012,0.09394,92.912,7.583,22.86,12.997,4.711,0.34399,61.05,0.0471,35.79,4.393,0.4401,0.0041267,0.12728,0.008934,0.004438,0.03892,17.87,116.77,1.0372,315.08,2.157,9.085,0.26229,30.892,0.4576,0.2137,575.72,0.09673,1.5156,1459.06,0.21523,2.966,0.06902,67,0.016355,1.1773
2026-09-22 04:00:00+00:00,0.0050217,0.006013,142.59,0.2464,0.057445,0.7606,0.21825,0.7268,10.767,263.27,788,1.17652,85424.7,0.8222,59.41,0.09995,1.1793,0.20979,8.769,2728.45,0.1972,0.9918,0.09243,93.512,7.549,22.4,12.905,4.7359,0.33836,60.72,0.05443,35.15,4.289,0.4333,0.0040339,0.12665,0.00878,0.004493,0.03949,17.4,116.35,1.02,311.68,2.147,8.846,0.26646,30.682,0.4491,0.21239,568.9,0.0956,1.5115,1466.38,0.20139,2.917,0.07113,66.69,0.016312,1.1672
2026-09-22 05:00:00+00:00,0.0051783,0.006052,143.54,0.2447,0.056122,0.764,0.22152,0.7374,10.7,265.03,788,1.15221,85377.2,0.8011,59.72,0.10008,1.1726,0.21719,8.759,2732.15,0.2016,0.9958,0.09266,93.92,7.658,22.28,12.941,4.81,0.33891,61.04,0.05957,35.14,4.409,0.4344,0.0039038,0.12487,0.009079,0.004533,0.04209,17.46,116.79,1.0202,324.32,2.152,8.99,0.27565,31.281,0.4544,0.2124,574.23,0.09668,1.5133,1487.76,0.17642,2.952,0.07027,66.96,0.016311,1.1707
2026-09-22 06:00:00+00:00,0.0051707,0.006011,141.79,0.2449,0.053956,0.7632,0.21858,0.7316,10.681,264.77,787.1,1.1564,85349.9,0.8035,59.64,0.09976,1.161,0.21042,8.755,2729.48,0.2006,0.9909,0.09306,94.074,7.635,21.85,12.915,4.7763,0.34355,60.69,0.06008,34.87,4.315,0.4318,0.0038178,0.12474,0.009031,0.00448,0.04031,17.34,116.48,1.0169,317.63,2.14,8.86,0.2836,31.587,0.4523,0.21185,578.67,0.09605,1.5193,1488.49,0.17545,2.961,0.07527,67.69,0.016347,1.1643
2026-09-22 07:00:00+00:00,0.0051373,0.005966,141.55,0.2456,0.053237,0.7722,0.2188,0.7334,10.727,266.78,785.39,1.14887,85324.7,0.8075,60.55,0.09884,1.1656,0.21301,8.74,2725.48,0.2022,0.992,0.09477,94.631,7.786,21.5,12.898,4.8036,0.34433,60.67,0.05551,34.99,4.369,0.4326,0.0037515,0.12491,0.009091,0.004569,0.04096,17.38,116.27,1.0135,318.01,2.15,8.921,0.28929,31.458,0.4522,0.21194,572.56,0.09555,1.5183,1515.08,0.19357,2.956,0.07402,67.52,0.01581,1.1825
2026-09-22 08:00:00+00:00,0.0050006,0.006109,142.7,0.2497,0.054022,0.7761,0.22074,0.7307,10.886,269.6,788.16,1.14493,86179.1,0.8024,59.73,0.09956,1.1805,0.21326,8.823,2747.81,0.2117,0.993,0.09713,95.018,7.789,21.79,13.027,4.8109,0.34857,60.87,0.05639,34.6,4.552,0.4378,0.0037248,0.12598,0.009218,0.004581,0.03953,17.32,117.44,1.0244,323.94,2.172,8.936,0.30162,31.515,0.4551,0.21384,571.5,0.09643,1.5465,1497.48,0.18255,2.971,0.07631,67.76,0.015397,1.1974
2026-09-22 09:00:00+00:00,0.0049837,0.006068,141.9,0.248,0.053455,0.7601,0.2189,0.725,10.918,271.38,788.21,1.18819,86211.5,0.8317,59.35,0.09877,1.1685,0.21181,8.78,2749.85,0.2102,0.9857,0.09467,95.209,7.712,22.48,13.003,4.793,0.34346,60.45,0.0611,35.09,4.512,0.434,0.0035905,0.12463,0.009117,0.004557,0.03916,17.66,117.41,1.0217,319.71,2.162,8.858,0.29407,32.335,0.449,0.21304,571.24,0.095,1.5411,1504.21,0.1859,2.95,0.07965,67.46,0.015122,1.1823
2026-09-22 10:00:00+00:00,0.004925,0.005983,140.7,0.2452,0.05371,0.7545,0.2175,0.7225,10.909,269.55,787.21,1.15892,85856.2,0.8542,59.13,0.09778,1.1627,0.20845,8.632,2741.08,0.2054,0.9864,0.09352,95.148,7.69,22.29,12.903,4.7608,0.34166,60.07,0.06371,35.07,4.505,0.4301,0.0034981,0.12314,0.008875,0.004573,0.03907,17.53,116.78,1.0092,314.14,2.146,8.747,0.30721,32.348,0.448,0.20999,569.25,0.09385,1.5314,1503.38,0.17942,2.932,0.08018,69.09,0.015087,1.1714
2026-09-22 11:00:00+00:00,0.004932,0.00594,141.16,0.2461,0.052822,0.7559,0.21779,0.7249,10.849,270.11,787.31,1.13389,85950.1,0.8596,59.5,0.0979,1.1658,0.20923,8.703,2741.21,0.2108,0.9954,0.09385,95.361,7.832,22.06,12.941,4.7848,0.33695,60.34,0.06726,34.57,4.559,0.4294,0.0034776,0.12381,0.009027,0.004626,0.03951,17.28,117.28,1.0142,319.32,2.148,8.699,0.31508,31.724,0.4481,0.21091,574.22,0.09293,1.5372,1533.82,0.17947,2.934,0.07905,70.93,0.015515,1.1815
2026-09-22 12:00:00+00:00,0.0049325,0.00609,144.22,0.2499,0.052595,0.766,0.22145,0.7298,10.889,309.71,791.96,1.09263,85993.6,0.8712,59.9,0.09988,1.1753,0.21442,8.952,2755.64,0.2128,1.0097,0.09518,95.775,7.873,21.98,13.001,4.7384,0.34138,61.31,0.06868,34.46,4.591,0.4342,0.0037236,0.12691,0.009139,0.004568,0.03889,17.27,117.41,1.0258,321.91,2.213,9.715,0.31887,32.005,0.4563,0.21314,581.55,0.09403,1.5423,1528.45,0.1773,2.964,0.0805,73.17,0.016279,1.2428
2026-09-22 13:00:00+00:00,0.0049588,0.00605,144.86,0.2535,0.052896,0.7733,0.21696,0.7264,11.013,325.95,792.09,1.05336,86309.7,0.8479,59.75,0.10094,1.1851,0.21184,9.15,2758.06,0.2077,1.0192,0.09696,95.736,7.839,23.28,13.117,4.7172,0.33916,62.27,0.06677,37.2,4.437,0.436,0.0037892,0.12753,0.009214,0.004523,0.03858,20.04,117.92,1.0182,322.44,2.219,9.046,0.31309,31.646,0.4599,0.21692,575.02,0.09495,1.5883,1519.34,0.18536,2.959,0.08273,72.57,0.017637,1.2457
2026-09-22 14:00:00+00:00,0.0048977,0.005997,142.57,0.2506,0.051379,0.7617,0.21392,0.7196,11.028,318.86,787.29,1.08247,86209.1,0.8776,59.03,0.09995,1.1602,0.20829,8.952,2741.26,0.2055,0.9936,0.09646,94.432,7.682,23,12.938,4.6908,0.341,61.39,0.06513,37.46,4.364,0.4292,0.003791,0.12627,0.009012,0.004421,0.03781,19.29,116.83,1.0006,317.18,2.177,8.967,0.30884,31.129,0.4504,0.21325,574.73,0.0929,1.5639,1532.18,0.14855,2.924,0.08249,71.64,0.017544,1.2322
2026-09-22 15:00:00+00:00,0.0048675,0.006059,143.15,0.2523,0.05172,0.773,0.214,0.7215,11.101,328.38,788.37,1.02547,86367.4,0.8686,59.6,0.09999,1.1757,0.20633,9.324,2742.88,0.2068,1.0098,0.09858,94.862,7.721,22.91,13.039,4.7338,0.33235,61.36,0.06832,37.65,4.409,0.4295,0.0039284,0.12907,0.009123,0.004438,0.0378,19.5,117.31,1.0065,312.28,2.186,9.183,0.30291,31.432,0.453,0.21426,576.34,0.09343,1.5716,1543.31,0.14717,2.958,0.08365,72.7,0.017846,1.2707
2026-09-22 16:00:00+00:00,0.0048479,0.006021,143.01,0.2491,0.052556,0.7703,0.21485,0.7213,11.066,327.29,789.8,1.14744,86378,0.8486,61.17,0.09946,1.1736,0.2055,9.133,2744.69,0.2041,1.005,0.09612,95.627,7.65,23.17,12.998,4.78,0.32794,61.91,0.08213,37.91,4.444,0.4292,0.0036017,0.12848,0.009198,0.004513,0.03894,19.84,117.4,1.0014,312.53,2.172,9.209,0.30397,31.352,0.4539,0.21383,573.71,0.09269,1.5632,1547,0.1433,2.961,0.08222,72.78,0.017729,1.3866
2026-09-22 17:00:00+00:00,0.0049005,0.006034,144.2,0.2498,0.051967,0.7752,0.21663,0.7251,11.04,332.24,789.01,1.1901,86527.5,0.866,64.33,0.09968,1.1789,0.20452,9.222,2752.49,0.2052,1.0024,0.09586,96.833,7.766,23.55,13.008,4.9113,0.32365,61.9,0.08041,37.96,4.422,0.4311,0.0034948,0.1295,0.00949,0.004488,0.03799,19.81,117.93,1.0067,313.48,2.173,9.143,0.3196,32.631,0.4567,0.21389,575.44,0.09305,1.5713,1545.24,0.13719,2.948,0.08234,72.64,0.01753,1.4105
2026-09-22 18:00:00+00:00,0.0049026,0.006035,143.72,0.2506,0.049112,0.7801,0.21649,0.7275,11,339.33,787.81,1.18392,86403.2,0.8672,63.03,0.09991,1.1707,0.20382,9.258,2751.26,0.2037,0.9975,0.0972,96.501,7.77,23.37,13.001,4.8365,0.32545,61.94,0.08323,38.48,4.337,0.4326,0.0033598,0.1301,0.009606,0.004456,0.03764,19.87,118.08,1.0067,309.13,2.166,9.142,0.32413,32.274,0.4555,0.21459,572.01,0.09338,1.5814,1520.42,0.13792,2.954,0.08166,71.63,0.018325,1.3643
2026-09-22 19:00:00+00:00,0.0048905,0.006072,144.26,0.2528,0.050769,0.7875,0.21826,0.7263,10.978,336.44,786.73,1.17907,86146.1,0.8724,62.96,0.09999,1.1799,0.20782,9.244,2750.26,0.2059,1.0043,0.09873,96.246,7.822,23.78,13.004,4.8419,0.3241,62.78,0.07997,38.9,4.348,0.4369,0.0032656,0.12981,0.010156,0.004443,0.038,19.82,118.2,1.0046,312.64,2.203,9.228,0.32887,32.376,0.4626,0.21617,566.97,0.09298,1.5876,1518.48,0.13798,2.996,0.0799,71.87,0.018481,1.3351
2026-09-22 20:00:00+00:00,0.0048771,0.006057,144.62,0.2521,0.050428,0.8015,0.21881,0.7285,11.014,340.78,785.33,1.17477,86229.9,0.8756,63.5,0.10009,1.197,0.20861,9.328,2750.44,0.208,1.0162,0.09945,96.799,7.819,23.65,12.956,4.8541,0.31539,62.48,0.08014,38.64,4.296,0.4357,0.0031121,0.13089,0.010132,0.00449,0.03803,19.77,117.92,1.008,308.57,2.21,9.471,0.3423,31.955,0.4643,0.21525,568.86,0.09355,1.5717,1514.13,0.13804,2.979,0.07819,73.36,0.017753,1.3606
2026-09-22 21:00:00+00:00,0.0049109,0.006052,144.86,0.2512,0.051765,0.7993,0.21835,0.7266,11.08,339.35,784.55,1.16339,86143.2,0.8838,63.86,0.09998,1.1961,0.20872,9.34,2745.88,0.2071,1.0161,0.09966,97.194,7.794,23.58,12.901,4.931,0.31548,62.6,0.0779,38.54,4.346,0.435,0.0032347,0.13224,0.009977,0.004451,0.03935,19.74,118.04,1.0097,309.62,2.193,9.437,0.35123,31.998,0.4603,0.21517,568.7,0.09367,1.5681,1515.46,0.13885,2.979,0.07839,73.78,0.017817,1.3578
2026-09-22 22:00:00+00:00,0.0049527,0.006086,146.41,0.2532,0.051663,0.8157,0.22557,0.7297,11.255,338.14,787.97,1.16395,86080.5,0.9148,64.54,0.10034,1.2137,0.21615,9.35,2751.89,0.2091,1.0323,0.09901,97.167,7.941,23.85,12.998,5.0031,0.31737,63.11,0.07945,38.87,4.393,0.4378,0.0033356,0.13377,0.01002,0.004493,0.04025,19.94,118.43,1.0199,313.02,2.221,10.19,0.34862,32.176,0.4635,0.21667,567.68,0.09483,1.5718,1553.15,0.1479,2.984,0.0786,73.61,0.017811,1.388
2026-09-22 23:00:00+00:00,0.0049853,0.006114,147.98,0.2543,0.050941,0.8298,0.2352,0.7292,11.31,345.34,788.87,1.14949,86158.6,0.8994,64.23,0.1004,1.2185,0.21653,9.437,2752.69,0.2099,1.0437,0.09905,97.21,7.904,23.85,13.044,5.0635,0.31673,62.95,0.0787,39.05,4.423,0.4414,0.0032755,0.13528,0.010056,0.004484,0.04058,20.07,118.49,1.0233,315.26,2.246,10.233,0.34639,31.935,0.4714,0.21642,575.08,0.09634,1.572,1629.94,0.13991,3.018,0.0819,73.76,0.017999,1.3897
2026-09-23 00:00:00+00:00,0.0049193,0.006111,147.93,0.2543,0.050069,0.8181,0.24068,0.7346,11.118,341.95,790.72,1.1606,86423.3,0.903,64.19,0.10072,1.2061,0.21689,9.459,2759.16,0.2084,1.0373,0.09899,97.488,8.079,23.02,13.009,5.1286,0.3145,62.74,0.076,38.41,4.38,0.4376,0.0032338,0.13389,0.010009,0.004431,0.04011,19.72,118.77,1.0231,313.09,2.229,10.435,0.34592,32.623,0.4697,0.21704,565.7,0.09569,1.5854,1614.33,0.14201,2.981,0.08553,74.18,0.017727,1.3563
2026-09-23 01:00:00+00:00,0.0048824,0.006116,147.73,0.253,0.048279,0.8172,0.24377,0.7267,11.054,342.57,789.21,1.15113,86320.1,0.8955,63.34,0.10141,1.1942,0.21544,9.399,2752.68,0.2072,1.0297,0.10017,97.13,7.717,22.6,12.977,5.1495,0.31475,62.43,0.07545,38.41,4.334,0.4391,0.0031427,0.13332,0.00998,0.004361,0.03978,19.59,118.28,1.019,311.3,2.21,10.589,0.34383,32.274,0.4624,0.21771,568.56,0.09574,1.5856,1614.07,0.14238,2.979,0.08925,75.35,0.017545,1.3928
2026-09-23 02:00:00+00:00,0.0049329,0.006171,148.24,0.2564,0.04808,0.8286,0.24893,0.7351,11.26,343.66,793.48,1.12837,86506,0.9018,63.8,0.10344,1.2085,0.21707,9.537,2761.27,0.2096,1.0435,0.10095,96.984,7.88,22.52,13.086,5.0872,0.31729,62.95,0.07678,38.7,4.329,0.4426,0.0031108,0.13735,0.010001,0.004387,0.03995,19.65,118.43,1.0263,313.59,2.233,10.743,0.34251,32.515,0.4668,0.21966,568.26,0.09732,1.5987,1617.9,0.14335,3.008,0.10152,74.37,0.017879,1.4169
2026-09-23 03:00:00+00:00,0.0049621,0.006214,152.42,0.2598,0.047174,0.836,0.24897,0.7378,11.234,340.39,796.89,1.13597,86664,0.9167,63.37,0.10389,1.2084,0.21724,9.528,2772.99,0.2111,1.0557,0.10032,96.899,8.068,22.37,13.153,5.1125,0.31559,63.54,0.08099,38.68,4.386,0.444,0.0030581,0.13794,0.010414,0.004425,0.04001,19.63,119.07,1.0243,314.76,2.246,10.718,0.34894,32.983,0.4689,0.22201,570.59,0.09848,1.618,1604.45,0.15237,3.05,0.09427,74.85,0.018491,1.424
2026-09-23 04:00:00+00:00,0.0050524,0.00622,150.08,0.2597,0.04729,0.839,0.24313,0.7324,11.134,338.58,795.03,1.14541,87115.1,0.8867,63.04,0.10352,1.1982,0.21659,9.522,2778.26,0.2123,1.0445,0.09996,97.508,7.924,22.62,13.131,5.1259,0.31173,64.15,0.07368,38.76,4.378,0.4427,0.0030549,0.13583,0.010731,0.004415,0.04317,19.72,119.46,1.0296,314.78,2.251,10.44,0.35597,32.543,0.4646,0.22411,575.19,0.09756,1.6378,1600.64,0.15915,3.023,0.09805,74.81,0.018,1.4152
2026-09-23 05:00:00+00:00,0.0049553,0.006124,149.91,0.2558,0.050358,0.8444,0.24988,0.7273,11.193,343.24,791.1,1.13028,86448.5,0.9296,63.07,0.1014,1.186,0.21828,9.395,2756.27,0.2116,1.0429,0.09883,97.379,7.897,22.49,12.978,5.1865,0.30836,63.89,0.06845,38.92,4.442,0.4384,0.0029425,0.13591,0.010611,0.004436,0.04509,19.73,118.35,1.0193,311.86,2.226,10.427,0.35269,32.331,0.4586,0.21877,573.25,0.09647,1.6082,1619.82,0.20293,3.015,0.10545,74.57,0.018175,1.4268
2026-09-23 06:00:00+00:00,0.0049736,0.006184,153.86,0.2588,0.045512,0.8455,0.24729,0.733,11.164,353.53,792.38,1.10689,86424.1,0.9307,63.36,0.10218,1.1894,0.21762,9.526,2753,0.2146,1.0446,0.09983,97.165,8.027,22.52,13.049,5.2321,0.31212,64.5,0.07551,39.06,4.474,0.44,0.0029029,0.13953,0.010815,0.004426,0.04742,19.83,118.9,1.0273,313.63,2.268,10.452,0.32915,32.567,0.4589,0.22152,572.45,0.09797,1.6257,1625.15,0.231,3.047,0.1052,74.69,0.018236,1.4422
2026-09-23 07:00:00+00:00,0.0049088,0.006119,149.77,0.2559,0.041559,0.8307,0.24112,0.7265,11.137,348.61,788.87,1.18153,86100,0.9415,62,0.10085,1.1696,0.21535,9.448,2741.99,0.209,1.0318,0.09781,96.462,8.009,22.22,12.923,5.1673,0.31162,63.22,0.069,39.05,4.405,0.4348,0.0028999,0.13814,0.01076,0.004351,0.04583,19.83,117.82,1.0251,311.69,2.22,10.437,0.32673,32.119,0.4544,0.21832,567.69,0.09668,1.6157,1627,0.18152,3.025,0.10957,74.82,0.018278,1.4233
2026-09-23 08:00:00+00:00,0.0048947,0.006078,148.97,0.2536,0.041195,0.8278,0.23915,0.7232,11.035,354.93,786.54,1.16711,85878.1,0.956,62.29,0.0997,1.1625,0.21283,9.417,2733.89,0.2069,1.0275,0.09748,95.705,7.986,22.22,12.875,5.2332,0.31057,62.65,0.06425,38.61,4.542,0.4339,0.0030786,0.13672,0.010855,0.004342,0.04452,19.63,117.34,1.0113,310.14,2.2,10.222,0.32184,31.471,0.4525,0.21641,569.29,0.09605,1.5963,1613.55,0.1889,3.026,0.09744,74.65,0.018091,1.4521
2026-09-23 09:00:00+00:00,0.0048732,0.006087,149.72,0.2536,0.044525,0.8267,0.23849,0.7222,11.102,360.2,783.14,1.04815,85819.3,0.9468,62.88,0.09984,1.1654,0.21481,9.506,2732.45,0.208,1.0293,0.09734,95.595,8.201,22.3,12.893,5.2245,0.31429,62.73,0.05829,38.71,4.556,0.4363,0.003102,0.13721,0.010953,0.004325,0.04579,19.71,117.32,1.0142,310.03,2.201,10.105,0.32306,31.559,0.457,0.21654,570.1,0.09698,1.5933,1625.48,0.16133,3.059,0.09554,75.35,0.018375,1.4491
2026-09-23 10:00:00+00:00,0.0048428,0.006083,149.95,0.2543,0.047438,0.8291,0.23966,0.7224,11.215,352.58,786.03,1.03156,85879.1,0.9435,63.29,0.10008,1.1658,0.21316,9.498,2736.95,0.2093,1.0414,0.09717,95.938,8.241,22.37,12.913,5.2025,0.32554,62.91,0.05599,38.9,4.597,0.4412,0.0030489,0.13805,0.010426,0.004303,0.04549,19.78,117.57,1.0188,310.73,2.197,9.897,0.33037,31.822,0.4583,0.21658,569.17,0.09653,1.5935,1651.98,0.16914,3.088,0.0974,75.26,0.018904,1.4955
2026-09-23 11:00:00+00:00,0.0047348,0.006003,148.15,0.2509,0.04876,0.834,0.23574,0.7163,11.111,347.3,783.26,1.04529,85622.8,0.944,62.58,0.09933,1.1563,0.21136,9.33,2726.81,0.2067,1.0281,0.0952,95.155,8.098,22.09,12.759,5.1518,0.3146,62.47,0.05602,38.2,4.692,0.435,0.0030539,0.13567,0.010196,0.004205,0.04664,19.36,117.02,1.0145,305.05,2.163,9.742,0.32119,31.882,0.4543,0.21448,562.34,0.09547,1.5724,1617.1,0.16571,3.164,0.0965,74.04,0.018305,1.4683
2026-09-23 12:00:00+00:00,0.0047485,0.005998,146.99,0.2503,0.051251,0.8366,0.23262,0.7103,10.745,358.89,780.04,1.07287,85465.1,0.9644,63.67,0.09944,1.1579,0.21216,9.46,2720.98,0.2065,1.0259,0.0948,94.92,8.276,22.1,12.719,5.1776,0.31566,62.27,0.05489,38.48,4.728,0.432,0.0029163,0.13484,0.010158,0.004192,0.04996,19.7,116.84,1.0113,308.32,2.154,9.685,0.32025,31.841,0.454,0.21346,567.02,0.0949,1.5664,1625.75,0.16026,3.046,0.09378,73.52,0.018325,1.4687
2026-09-23 13:00:00+00:00,0.0047212,0.005969,146.07,0.2485,0.050647,0.8194,0.22875,0.7142,10.762,354.21,781.3,1.08905,85755.1,0.9598,64.32,0.09937,1.1515,0.21114,9.406,2714.97,0.2044,1.0159,0.09405,95.54,8.09,21.97,12.708,5.4226,0.31308,62.65,0.0546,38.51,4.742,0.4304,0.0029646,0.13321,0.010291,0.004197,0.04747,19.17,116.73,1.0066,311.3,2.138,9.536,0.3305,31.683,0.4476,0.21286,566.37,0.09408,1.5746,1630.33,0.16194,3.11,0.09022,74.02,0.018585,1.4807
2026-09-23 14:00:00+00:00,0.0045442,0.005702,141.68,0.2399,0.047186,0.7759,0.22606,0.6906,10.444,341.49,767.07,1.06606,84482.5,0.9527,60.61,0.09482,1.114,0.20607,8.916,2674.9,0.1978,0.9559,0.09182,94.889,8.026,21.7,12.323,5.3726,0.30769,60.66,0.053,37.79,4.649,0.4202,0.0029374,0.12602,0.009869,0.004103,0.04873,18.88,115.08,0.9801,302.62,2.014,9.43,0.31901,31.064,0.4228,0.206,552.03,0.08851,1.5273,1606.96,0.16197,2.946,0.09093,71.59,0.018581,1.5514
2026-09-23 15:00:00+00:00,0.004393,0.005613,138.83,0.2372,0.046456,0.7592,0.21994,0.6848,10.225,342.9,761.4,1.06054,83961.2,0.9469,58.51,0.09272,1.0971,0.20183,8.754,2654.63,0.1936,0.928,0.08996,92.824,7.656,21.66,12.179,5.2139,0.30092,59.45,0.05262,37.53,4.216,0.4108,0.0029211,0.12279,0.009665,0.004034,0.0491,18.66,113.79,0.9549,290.34,1.976,9.113,0.29181,29.969,0.4148,0.20278,549,0.08693,1.5057,1552.84,0.16005,2.857,0.09558,72.41,0.018529,1.4306
2026-09-23 16:00:00+00:00,0.0043999,0.005636,139.85,0.2384,0.047122,0.7707,0.2239,0.6873,10.269,351.19,765.54,0.99842,84004.4,0.9757,59.24,0.09238,1.1034,0.20877,8.769,2659.79,0.1961,0.94,0.09035,92.852,7.696,21.17,12.255,5.31,0.29836,60.24,0.05458,36.77,4.315,0.4167,0.0028197,0.1249,0.009714,0.004029,0.04991,18.35,114.35,0.9617,293.36,1.971,9.15,0.3011,30.321,0.4137,0.20369,550.39,0.0868,1.5,1534.8,0.15829,2.932,0.09825,71.43,0.018961,1.4612
2026-09-23 17:00:00+00:00,0.0043802,0.005621,139.45,0.2392,0.046888,0.7688,0.22705,0.6901,10.31,348.14,766.97,1.03775,84280,0.9715,58.55,0.09237,1.0995,0.21207,8.812,2667.01,0.1955,0.9365,0.09037,93.429,7.685,21.56,12.286,5.4235,0.30133,60.73,0.05427,37.47,4.384,0.4163,0.0029039,0.12526,0.009661,0.003992,0.05143,18.65,114.48,0.9686,293.97,1.975,9.228,0.299,30.643,0.4122,0.20393,550.29,0.08731,1.5025,1526.12,0.15821,2.936,0.09769,71.34,0.018809,1.5264
2026-09-23 18:00:00+00:00,0.0043713,0.005588,138.89,0.2379,0.048138,0.7603,0.21903,0.6879,10.292,348.41,766.7,1.14063,84281.1,0.9947,58.46,0.09202,1.0961,0.2091,8.794,2667.83,0.1953,0.9275,0.09019,93.748,7.612,21.44,12.234,5.4001,0.31337,60.98,0.05413,37.17,4.407,0.4112,0.0028459,0.12381,0.009575,0.003964,0.05146,18.32,114.23,0.9669,291.21,1.955,9.137,0.29637,30.338,0.4045,0.20288,553.44,0.08759,1.4955,1521.05,0.16033,2.909,0.09891,70.88,0.018738,1.5132
2026-09-23 19:00:00+00:00,0.0043657,0.005598,139.02,0.2383,0.045788,0.759,0.22032,0.6915,10.32,345.63,768.26,1.14443,84466.9,1.0072,58.33,0.09229,1.096,0.20574,8.782,2677.53,0.1954,0.9274,0.09023,93.631,7.613,21.26,12.285,5.4451,0.3223,61.2,0.05466,37.18,4.403,0.4113,0.0026059,0.12405,0.009641,0.004009,0.04996,18.33,114.46,0.96,289.22,1.961,9.2,0.29804,30.346,0.4076,0.20164,551.77,0.08849,1.4927,1517.33,0.16188,2.899,0.09807,70.92,0.018831,1.5318
2026-09-23 20:00:00+00:00,0.0043453,0.005577,138.34,0.2366,0.044046,0.755,0.21768,0.6898,10.275,338.07,765.52,1.12476,84198.4,1.0206,57.48,0.09183,1.0944,0.20526,8.674,2669.99,0.1952,0.9197,0.08988,92.785,7.66,21.3,12.217,5.3353,0.32471,60.86,0.05376,37.16,4.388,0.4097,0.0025242,0.12289,0.009679,0.004001,0.04964,18.43,113.96,0.9547,286.61,1.952,9.144,0.29186,29.651,0.4041,0.20088,552.78,0.08886,1.4827,1503.93,0.16294,2.877,0.09607,70.66,0.018641,1.5097
2026-09-23 21:00:00+00:00,0.0043754,0.005611,138.26,0.2377,0.04375,0.7577,0.21912,0.692,10.315,335.15,766.72,1.1123,84372.9,1.0275,57.59,0.09246,1.0966,0.20496,8.72,2676.29,0.1966,0.9225,0.09021,93.659,7.883,21.4,12.274,5.3488,0.33923,61.44,0.05288,37.25,4.369,0.4121,0.0026326,0.12357,0.009846,0.004015,0.04991,18.44,114.66,0.9628,287.9,1.962,9.087,0.29627,29.692,0.4067,0.20205,555.8,0.09067,1.4983,1513.04,0.16317,2.899,0.09938,70.91,0.01898,1.5062
2026-09-23 22:00:00+00:00,0.0043261,0.005613,138.92,0.2384,0.044118,0.7582,0.21748,0.6918,10.308,337.98,767.98,1.11027,84524.1,1.035,57.61,0.09259,1.0963,0.20548,8.724,2688.87,0.1948,0.9263,0.09039,93.942,7.829,21.5,12.351,5.3225,0.34493,61.64,0.05261,37.37,4.324,0.4139,0.0026904,0.12307,0.009794,0.003987,0.04793,18.52,115.08,0.9611,286.75,1.954,9.266,0.29744,29.882,0.4063,0.2021,551.43,0.09046,1.5009,1496.69,0.16535,2.906,0.11612,70.76,0.019025,1.4926
2026-09-23 23:00:00+00:00,0.0043318,0.005637,138.88,0.2382,0.043341,0.7538,0.21594,0.6936,10.261,337.39,767.76,1.07641,84355.1,1.0379,57.58,0.09267,1.1006,0.20601,8.73,2683.41,0.1941,0.9354,0.09044,94.024,7.803,21.42,12.346,5.3029,0.35051,61.81,0.05289,37.25,4.331,0.4124,0.002618,0.12283,0.009746,0.004002,0.04785,18.4,114.95,0.9595,287.1,1.963,9.238,0.29475,30.258,0.406,0.20205,554.26,0.08988,1.4999,1498,0.16775,2.922,0.126,70.59,0.019294,1.4986
2026-09-24 00:00:00+00:00,0.0043251,0.005617,137.66,0.2377,0.042728,0.751,0.21619,0.6889,10.209,337.04,767.36,1.06649,84278.4,1.0466,57.4,0.09284,1.0959,0.20336,8.711,2681.28,0.1927,0.9325,0.0898,93.821,7.78,21.09,12.252,5.3551,0.34881,61.98,0.05302,36.93,4.291,0.409,0.0023519,0.12334,0.009629,0.003972,0.04719,18.16,115.08,0.955,285.4,1.954,9.219,0.29747,30.069,0.406,0.20139,559,0.08953,1.5003,1506.04,0.15921,2.892,0.13046,70.3,0.019144,1.5283
2026-09-24 01:00:00+00:00,0.0043101,0.005597,137.26,0.2366,0.042499,0.7559,0.21717,0.6976,10.186,337.81,766.88,1.05949,84070.7,1.0624,57.18,0.09256,1.0932,0.20419,8.707,2674.07,0.1928,0.9288,0.08938,92.362,7.867,21.12,12.235,5.4092,0.35567,62.06,0.05424,37,4.307,0.4085,0.0024555,0.12377,0.009582,0.003936,0.04649,18.14,114.65,0.9539,283.63,1.951,9.319,0.29275,29.863,0.4037,0.19986,558.44,0.08933,1.4889,1493.91,0.14805,2.883,0.12836,69.79,0.019019,1.5405
2026-09-24 02:00:00+00:00,0.004383,0.005693,139.12,0.2397,0.042252,0.7713,0.21833,0.7007,10.3,341.5,772.84,1.0703,84327.7,1.0354,58.48,0.09374,1.1108,0.2073,8.975,2684.74,0.1955,0.9558,0.09075,92.759,8.052,21.2,12.355,5.438,0.33681,65.79,0.05354,36.98,4.36,0.4173,0.0022354,0.12528,0.009789,0.004007,0.04735,18.23,115.24,0.9673,288.15,1.976,9.389,0.30494,30.338,0.4103,0.20206,555.87,0.08998,1.5035,1517.05,0.14671,2.981,0.13382,71.07,0.01945,1.5829
2026-09-24 03:00:00+00:00,0.0043599,0.005672,137.99,0.2385,0.041525,0.7621,0.21542,0.6984,10.228,339.27,767.03,1.07512,83902.3,1.0818,58.1,0.09313,1.1107,0.20525,9.095,2675.48,0.1956,0.9405,0.09062,91.92,8.016,21.06,12.289,5.2042,0.36255,66.54,0.0504,36.68,4.367,0.4189,0.0023592,0.12384,0.009675,0.003964,0.04597,18.09,114.65,0.9608,285.89,1.963,9.249,0.30193,30.719,0.4074,0.20098,553.3,0.08945,1.4934,1503.92,0.1438,2.932,0.13419,70.8,0.018779,1.5316
2026-09-24 04:00:00+00:00,0.0044089,0.005737,139.27,0.2409,0.041131,0.7764,0.21847,0.703,10.355,343.2,771.19,1.0818,84001.9,1.0923,59.32,0.09406,1.1274,0.20858,9.255,2680.62,0.1993,0.9625,0.09113,92.34,8.014,21.05,12.363,5.2632,0.3611,68.51,0.05432,36.58,4.492,0.4266,0.0024277,0.12606,0.009872,0.003979,0.04563,17.76,115.35,0.965,288.93,1.986,9.335,0.30523,30.783,0.4153,0.2026,553.03,0.09028,1.4999,1520.08,0.13929,2.965,0.1377,71.55,0.018992,1.5538
2026-09-24 05:00:00+00:00,0.004386,0.005705,138.98,0.2399,0.040702,0.7672,0.21691,0.7055,10.231,337.14,773.2,1.07465,83937.8,1.0761,59.69,0.09404,1.1256,0.20914,9.215,2681.39,0.1981,0.9769,0.09119,92.486,7.914,20.96,12.357,5.2027,0.36818,66.93,0.05011,36.42,4.313,0.4282,0.0024208,0.12504,0.009981,0.003958,0.04589,17.62,114.79,0.9611,287.64,1.997,9.262,0.29624,30.504,0.4128,0.20281,552.34,0.0898,1.5035,1514.58,0.13638,2.959,0.13383,71.7,0.018534,1.5218
2026-09-24 06:00:00+00:00,0.0043937,0.005709,139.61,0.2408,0.040476,0.7694,0.2175,0.7116,10.25,339.24,772.94,1.05151,84070.5,1.0691,60.32,0.09439,1.1267,0.2095,9.255,2684.77,0.1991,0.9869,0.09131,92.403,7.827,20.86,12.403,5.2341,0.38635,67.99,0.05041,36.06,4.332,0.4303,0.0024959,0.12516,0.00994,0.003989,0.04565,17.52,114.77,0.9631,289.6,2.012,9.282,0.29647,30.824,0.4154,0.20275,559.63,0.09019,1.5014,1517.4,0.12465,2.958,0.12914,71.66,0.018648,1.5589
2026-09-24 07:00:00+00:00,0.0044111,0.005738,140.05,0.2419,0.046047,0.7701,0.2172,0.7077,10.267,341.08,776.04,1.05094,84468,1.0086,60.97,0.09457,1.1384,0.20765,9.534,2692.03,0.2014,0.9909,0.09135,93.848,7.872,21.13,12.472,5.4804,0.42657,68.93,0.05039,36.37,4.356,0.4388,0.002286,0.12496,0.010027,0.004025,0.04468,17.65,115.45,0.9691,292.67,2.015,9.252,0.29895,31.191,0.4156,0.20329,561.51,0.09101,1.5058,1525.55,0.1184,2.99,0.12706,71.76,0.01965,1.539
2026-09-24 08:00:00+00:00,0.0043396,0.005666,137.8,0.2383,0.048097,0.7591,0.21523,0.6998,10.18,334.53,770.25,1.05334,83615.1,1.0037,60.4,0.0933,1.114,0.20309,9.426,2668.36,0.1973,0.979,0.09007,92.184,7.756,20.59,12.295,5.328,0.40183,68.39,0.04941,35.33,4.25,0.4293,0.0023404,0.12314,0.009814,0.003942,0.04525,17.26,114.08,0.9567,287.44,1.975,9.145,0.29191,30.071,0.4086,0.20065,557.41,0.08917,1.483,1515.55,0.12656,2.913,0.13836,70.86,0.018803,1.4983
2026-09-24 09:00:00+00:00,0.0042445,0.005584,136.18,0.2341,0.044747,0.7469,0.21091,0.6958,10.067,328.02,766.99,1.07338,83231.7,1.0091,59.43,0.09203,1.1055,0.19929,9.238,2641.3,0.1952,0.9544,0.08894,90.517,7.778,20.53,12.173,5.1706,0.40193,66.91,0.04868,35.32,4.191,0.4233,0.0023857,0.12173,0.0097,0.003842,0.04578,17.3,113.09,0.9411,280.6,1.961,8.865,0.28314,28.729,0.403,0.19784,550.13,0.08793,1.4574,1478.31,0.11683,2.902,0.13958,70.56,0.019275,1.4798
2026-09-24 10:00:00+00:00,0.004266,0.005578,137.1,0.2359,0.041716,0.7608,0.21287,0.7007,10.106,332.29,768.93,1.03459,83473.5,1.0214,59.26,0.09272,1.1136,0.20293,9.473,2647.25,0.1974,0.9631,0.08994,91.16,7.893,20.89,12.205,4.9688,0.38553,66.71,0.04782,35.56,4.189,0.4248,0.0022836,0.12243,0.009766,0.003827,0.04419,17.46,113.31,0.9462,281.2,1.97,8.934,0.27599,28.926,0.4063,0.19905,548.04,0.08789,1.4667,1468.24,0.12603,2.946,0.131,72.44,0.019077,1.4985
2026-09-24 11:00:00+00:00,0.0042774,0.0056,136.84,0.2357,0.04057,0.7621,0.21381,0.6997,10.12,334.42,770.51,1.0897,83451.1,1.0152,59.31,0.09265,1.1137,0.20417,9.546,2646.45,0.1967,0.9579,0.08949,90.945,7.876,20.84,12.198,4.9534,0.39142,66.31,0.04785,35.87,4.325,0.4281,0.0024859,0.12281,0.009736,0.003783,0.04462,17.49,113.3,0.952,281.61,1.971,9.013,0.27493,28.811,0.4063,0.19923,544.65,0.08785,1.4689,1485.51,0.1305,2.926,0.12796,72.22,0.019521,1.4796
2026-09-24 12:00:00+00:00,0.0043101,0.005632,137.36,0.2364,0.040713,0.7747,0.21347,0.6998,10.074,335.26,771.7,1.08052,83561,1.0238,59.82,0.09279,1.114,0.21011,9.415,2647.6,0.2003,0.9611,0.09064,91.808,8.077,21.02,12.292,5.0987,0.40243,66.85,0.04767,35.54,4.414,0.4562,0.0024075,0.12502,0.009755,0.003814,0.04448,17.5,113.78,0.9598,281.31,1.991,9.024,0.27437,29.312,0.4109,0.20069,546.18,0.08893,1.4785,1491,0.14279,3.023,0.12337,74.89,0.019533,1.4434
2026-09-24 13:00:00+00:00,0.0043828,0.005701,141.87,0.2414,0.043549,0.7934,0.21894,0.7059,10.269,337.96,777.49,1.05892,84216.9,1.0465,62.2,0.09415,1.1493,0.21863,9.645,2668.79,0.2057,0.9803,0.09253,92.563,8.037,20.55,12.512,5.2141,0.41147,70.85,0.04778,35.61,4.503,0.4851,0.0023628,0.12776,0.009933,0.003842,0.04418,17.36,114.92,0.9882,288.15,2.028,9.18,0.28296,29.633,0.4286,0.20397,550.86,0.09052,1.5017,1517.68,0.1495,3.083,0.11326,78.93,0.019466,1.4701
2026-09-24 14:00:00+00:00,0.004371,0.005726,141.93,0.2453,0.045525,0.8151,0.21352,0.7043,10.241,336.59,777.84,1.02674,83628.3,1.0397,62.6,0.09421,1.1522,0.21387,9.828,2656.24,0.2164,0.9914,0.09265,91.711,8.12,20.28,12.478,5.1181,0.38852,72.68,0.0472,35.88,4.497,0.4973,0.0024368,0.13194,0.009807,0.003825,0.0437,17.42,114.53,0.9891,285.93,2.034,9.113,0.27843,29.244,0.434,0.20585,546.73,0.09309,1.4982,1491.6,0.14528,3.069,0.11367,80.1,0.019845,1.4648
2026-09-24 15:00:00+00:00,0.004451,0.005786,143.67,0.2491,0.044588,0.8246,0.21654,0.7114,10.386,337.48,780.9,1.0344,84374.4,1.0544,62.95,0.09562,1.1703,0.21694,9.983,2682.25,0.2238,0.9952,0.09198,93.39,8.493,20.32,12.783,5.2092,0.38862,73.77,0.04674,36.26,4.578,0.5132,0.0024383,0.13367,0.009887,0.003867,0.04318,17.26,116.26,1.0022,290.79,2.053,9.24,0.29391,30.603,0.4408,0.20843,549.35,0.10253,1.514,1515.84,0.14238,3.1,0.1148,82.31,0.019324,1.4551
2026-09-24 16:00:00+00:00,0.0044697,0.005848,144.85,0.2486,0.042107,0.8253,0.21836,0.7076,10.432,336.96,781.43,1.02052,84450.7,1.0536,63.22,0.09639,1.1612,0.21991,9.885,2686.18,0.2235,1.0111,0.09289,93.942,8.614,20.71,12.959,5.3112,0.39843,74.19,0.04622,37.31,4.706,0.5183,0.0024448,0.13558,0.009954,0.003908,0.04266,17.49,117.01,1.0156,293.86,2.09,9.283,0.30137,30.473,0.4504,0.21217,555.4,0.10028,1.5319,1542.36,0.14451,3.164,0.11929,85.28,0.019369,1.474
2026-09-24 17:00:00+00:00,0.0044391,0.005797,143.57,0.2463,0.039117,0.8154,0.21857,0.71,10.301,334.88,778.82,1.0008,84074.4,0.9486,62.45,0.09589,1.1636,0.21765,9.853,2668.37,0.2197,1.0008,0.09238,93.385,8.287,20.15,12.893,5.2859,0.40086,71.62,0.04549,36.98,4.681,0.523,0.0023628,0.13237,0.009982,0.003904,0.04259,16.99,116.69,1.0047,292.81,2.079,9.232,0.29173,30.175,0.4412,0.21055,552.87,0.10117,1.5274,1548.95,0.13277,3.117,0.11665,85.03,0.019062,1.4572
2026-09-24 18:00:00+00:00,0.0044912,0.005833,145.18,0.2479,0.03924,0.8125,0.21899,0.7141,10.438,338.03,782.03,1.02129,84437.5,0.9963,62.46,0.09668,1.1691,0.21711,9.889,2688.94,0.2237,0.9996,0.09319,94.082,8.311,20.2,13.431,5.401,0.41203,71.44,0.04613,37.45,4.631,0.5072,0.0024342,0.13235,0.009961,0.003911,0.04298,17.03,117.31,1.0056,294.58,2.089,9.256,0.29091,31.18,0.4441,0.21394,551.99,0.1045,1.5361,1557.29,0.12865,3.11,0.11571,84.34,0.018555,1.4668
2026-09-24 19:00:00+00:00,0.0044585,0.005828,146.84,0.248,0.037744,0.8113,0.2207,0.7135,10.456,337.23,780.03,1.03433,84367.9,1.0662,63.09,0.0962,1.1684,0.22269,9.761,2695.19,0.2244,0.9971,0.09262,94.428,8.254,20.15,13.257,5.3606,0.43292,71.36,0.04529,37.72,4.761,0.5115,0.0021465,0.13339,0.010007,0.003891,0.0427,17.1,117.22,1.0286,297.73,2.091,9.332,0.28848,31.783,0.4427,0.21318,549.67,0.10731,1.5276,1555.39,0.12139,3.098,0.11432,86.12,0.018372,1.4851
2026-09-24 20:00:00+00:00,0.0044616,0.005808,145.12,0.2473,0.036941,0.8138,0.2185,0.7142,10.391,338.26,779.9,0.99402,84320,1.0426,63.27,0.09575,1.1653,0.22104,9.735,2686.77,0.2286,0.9997,0.09284,93.447,8.159,20.29,13.174,5.2901,0.4553,71.29,0.04525,37.62,4.668,0.5111,0.0020844,0.13229,0.009951,0.003869,0.04255,17.08,116.74,1.0196,299.47,2.103,9.247,0.28669,31.541,0.4393,0.21245,569.55,0.10889,1.5299,1545.64,0.11125,3.111,0.11519,86.96,0.019195,1.4655
2026-09-24 21:00:00+00:00,0.0044518,0.005821,144.92,0.2483,0.03608,0.8121,0.21919,0.7131,10.531,340.58,779.11,1.03672,84304,0.9672,63.21,0.09585,1.1682,0.22317,9.488,2685.42,0.2272,0.9979,0.09378,92.44,8.028,20.29,13.266,5.0937,0.43191,71.49,0.04573,37.64,4.6,0.5255,0.0021183,0.13217,0.009844,0.003867,0.06255,17.17,116.78,1.0125,296.18,2.11,9.179,0.28528,31.12,0.4402,0.21465,571.46,0.11377,1.5376,1538.91,0.1048,3.112,0.11261,89.27,0.019581,1.4555
2026-09-24 22:00:00+00:00,0.0044133,0.005775,145.11,0.2474,0.035634,0.8064,0.21828,0.7094,10.186,336.95,776.95,1.00824,84235.4,0.9406,63.33,0.09543,1.1582,0.22397,9.456,2684.14,0.2272,0.9923,0.09298,92.285,8.064,20.37,13.216,5.0019,0.41849,71.36,0.04454,37.65,4.581,0.518,0.0020593,0.13149,0.009712,0.003838,0.06884,17.18,116.55,1.0045,294.24,2.079,9.145,0.28285,30.703,0.4369,0.2142,568.22,0.11007,1.5323,1545.93,0.11443,3.101,0.11091,89.65,0.019942,1.4377
2026-09-24 23:00:00+00:00,0.0044214,0.005774,146.85,0.2476,0.035753,0.8089,0.21636,0.708,10.201,338.71,777.14,0.97483,84370,0.9533,63.57,0.09573,1.1551,0.22455,9.381,2686.65,0.2286,0.9899,0.09303,92.063,8.043,20.33,13.215,5.0614,0.40851,71.92,0.04456,37.43,4.59,0.522,0.0021171,0.13135,0.00972,0.003848,0.0743,17.12,116.99,1.0137,296.21,2.075,9.145,0.28284,31.011,0.4398,0.21773,566.6,0.11078,1.534,1545.73,0.10384,3.081,0.11135,90.04,0.019782,1.4378
2026-09-25 00:00:00+00:00,0.0044594,0.005807,146.34,0.2501,0.035127,0.8132,0.21907,0.7101,10.216,339.55,777.78,0.97723,84560.6,0.9595,63.11,0.09651,1.1587,0.23491,9.403,2689.44,0.2257,0.9906,0.09321,91.159,7.969,20.38,13.249,5.0056,0.38142,71.15,0.0447,37.52,4.592,0.5257,0.0022919,0.13133,0.009777,0.0039,0.06625,17.27,117.38,1.0548,297.34,2.103,9.177,0.28144,31.053,0.4413,0.2205,568.35,0.11459,1.5438,1544.99,0.10883,3.09,0.10996,89.58,0.019595,1.4332
2026-09-25 01:00:00+00:00,0.004427,0.005784,145.64,0.2497,0.035262,0.8018,0.21872,0.7094,10.255,339.89,778.67,0.97099,84576.6,0.9711,62.63,0.09594,1.1498,0.22749,9.4,2688.46,0.224,0.9853,0.09327,91.55,7.896,20.59,13.443,4.963,0.36787,71.59,0.04397,38.06,4.558,0.5273,0.002312,0.13092,0.009681,0.003903,0.07263,17.56,117.43,1.0267,295.28,2.091,9.176,0.28129,30.906,0.4368,0.21978,572.11,0.11262,1.5408,1543.79,0.11818,3.061,0.11314,89.66,0.019878,1.4508
2026-09-25 02:00:00+00:00,0.0043899,0.005748,144.9,0.2474,0.034879,0.7934,0.21524,0.7064,10.202,338.05,774.35,0.95795,84194.4,0.9384,62.46,0.09507,1.1367,0.22869,9.4,2675.69,0.2242,0.9763,0.0923,91.154,7.9,20.6,13.267,4.9247,0.35768,70.83,0.04253,38.05,4.488,0.5266,0.002345,0.13068,0.009547,0.003856,0.04297,17.43,116.86,1.0069,294.6,2.067,9.088,0.2788,30.585,0.4301,0.21933,564.31,0.11309,1.5282,1537.36,0.11604,3.062,0.11184,89.55,0.019638,1.4588
2026-09-25 03:00:00+00:00,0.0044007,0.005759,145.53,0.2474,0.038931,0.7957,0.21688,0.7078,10.176,339.19,773.54,0.96517,84201.1,0.9552,62.83,0.09517,1.137,0.22297,9.424,2677.66,0.2254,0.9851,0.09205,91.615,7.924,20.66,13.404,4.9421,0.35496,70.69,0.04222,38.17,4.464,0.5267,0.0021876,0.13013,0.009599,0.003905,0.03036,17.57,116.83,1.0112,294.32,2.082,9.136,0.27964,30.716,0.4319,0.21868,561.86,0.11552,1.5301,1556.63,0.11097,3.062,0.11486,93.62,0.019684,1.503
2026-09-25 04:00:00+00:00,0.0044184,0.005777,145.51,0.2478,0.037914,0.8042,0.21809,0.7051,10.229,336.34,773.9,0.93331,84171.5,0.9294,62.66,0.0951,1.143,0.22183,9.42,2679,0.2283,0.9891,0.09238,91.642,8.046,20.73,13.383,4.9603,0.35003,70.72,0.04344,38.12,4.497,0.5329,0.0024054,0.13194,0.009602,0.003919,0.03134,17.51,116.36,1.0126,298.19,2.079,9.113,0.27944,30.969,0.4342,0.21995,565.5,0.11482,1.532,1546.85,0.117,3.075,0.11419,97.35,0.019647,1.4842
2026-09-25 05:00:00+00:00,0.0044089,0.005775,145.11,0.2473,0.038942,0.8031,0.2163,0.7097,10.197,333.81,775.32,0.98277,84152,0.9179,62.78,0.09508,1.146,0.22248,9.437,2678.76,0.2313,0.9864,0.09228,91.901,7.967,20.87,13.439,4.9474,0.35021,71.12,0.04315,38.32,4.502,0.5392,0.0024101,0.13141,0.009534,0.003913,0.03525,17.63,116.39,1.0165,299.24,2.064,9.128,0.27789,31.221,0.4346,0.21932,564.87,0.11609,1.5277,1543.13,0.12945,3.067,0.11537,97.4,0.019757,1.534
2026-09-25 06:00:00+00:00,0.0043852,0.005765,143.41,0.247,0.03645,0.8039,0.21488,0.7173,10.155,332.77,773.59,1.02341,83999.3,0.9671,62.87,0.09491,1.1497,0.22036,9.499,2673.14,0.2294,0.9924,0.09196,92.313,7.852,20.99,13.387,4.8936,0.34768,71.34,0.04284,38.42,4.496,0.5448,0.0023216,0.13234,0.009493,0.003868,0.03305,17.68,116.22,1.0105,296.28,2.052,9.091,0.2748,31.084,0.4367,0.21778,571.06,0.11851,1.5295,1544.56,0.13096,3.083,0.10779,101.66,0.019767,1.5208
2026-09-25 07:00:00+00:00,0.0044204,0.005785,143.68,0.2492,0.035542,0.8069,0.21706,0.7274,10.208,331.97,773.88,1.00557,83994.7,1.005,63.06,0.09546,1.1579,0.22038,9.443,2671.18,0.2327,0.9994,0.092,92.896,7.887,21.14,13.494,4.8825,0.35037,71.51,0.04309,38.59,4.522,0.5666,0.0022978,0.13387,0.009598,0.003916,0.03437,17.74,116.32,1.0132,298.4,2.071,9.103,0.27801,31.602,0.439,0.21702,570.72,0.11686,1.5339,1560.57,0.12838,3.162,0.11555,101.94,0.02018,1.5093
2026-09-25 08:00:00+00:00,0.0044443,0.005833,145.55,0.2519,0.035076,0.8256,0.22012,0.7375,10.372,335.58,775.7,0.98616,84376.1,1.0588,64.34,0.09619,1.1696,0.22239,9.557,2689.55,0.2324,1.0174,0.0927,93.566,7.984,21.25,13.903,4.9563,0.35078,70.64,0.04307,38.97,4.706,0.5615,0.0023142,0.13528,0.009756,0.003955,0.03508,17.92,117.28,1.0297,302.66,2.075,9.255,0.28451,31.686,0.4471,0.21907,571.1,0.11972,1.5421,1586.27,0.12312,3.201,0.12436,99.11,0.019964,1.4953
2026-09-25 09:00:00+00:00,0.0044847,0.005864,145.95,0.253,0.035234,0.8327,0.22211,0.7307,10.429,338.35,777.39,0.99777,84533.2,1.0842,63.6,0.09668,1.1732,0.22385,9.577,2703.33,0.2353,1.0168,0.09309,93.522,8.037,21.22,14.115,4.9661,0.35157,70.75,0.04325,38.66,4.913,0.5588,0.002303,0.13506,0.009877,0.004013,0.03555,17.83,118.34,1.0429,304.22,2.078,9.289,0.28689,32.214,0.4508,0.2201,570.81,0.1148,1.553,1584.84,0.11976,3.206,0.11847,96.09,0.019996,1.4902
2026-09-25 10:00:00+00:00,0.0045229,0.005852,145.86,0.2526,0.035426,0.8281,0.22176,0.7302,10.401,337.24,777.17,0.98735,84678.3,1.0882,63.48,0.09685,1.1656,0.22867,9.532,2713,0.2368,1.0183,0.09352,93.951,8.054,20.96,13.882,4.9367,0.35112,70.85,0.04277,38.62,4.958,0.5503,0.0023552,0.13521,0.009942,0.004177,0.03915,17.76,119.15,1.0708,304.54,2.08,9.311,0.29116,31.835,0.4491,0.22076,568.64,0.11467,1.556,1598.95,0.11528,3.248,0.12745,97.86,0.019997,1.5248
2026-09-25 11:00:00+00:00,0.004557,0.005933,148.14,0.2551,0.035194,0.8409,0.22516,0.7302,10.583,336.03,779.74,0.87993,84533.4,1.1423,63.82,0.098,1.1952,0.2413,9.613,2716,0.2407,1.0293,0.09554,93.325,8.26,21.12,14.082,4.9683,0.34696,70.39,0.04576,38.7,5.025,0.5389,0.0023011,0.13861,0.009982,0.004189,0.04001,17.85,120.79,1.139,305.38,2.105,9.751,0.30199,31.228,0.4558,0.22298,569.02,0.11095,1.5938,1597.12,0.11189,3.232,0.13505,97.93,0.01996,1.5117
2026-09-25 12:00:00+00:00,0.0045204,0.005912,148.52,0.2574,0.035453,0.8458,0.22357,0.7348,10.575,335.33,778.06,0.95139,84427.8,1.1453,64.21,0.09869,1.196,0.24443,9.585,2716.34,0.2436,1.0282,0.09496,93.449,8.242,21.22,14.032,4.9053,0.35224,70.06,0.04476,38.53,5.054,0.5493,0.0022376,0.14098,0.010029,0.004213,0.04012,17.94,120.69,1.1463,306.47,2.114,9.853,0.30779,31.418,0.4587,0.22359,561.47,0.11417,1.6002,1605.19,0.12085,3.199,0.1302,94.49,0.020372,1.536
2026-09-25 13:00:00+00:00,0.0044772,0.005845,148.15,0.2552,0.03679,0.8413,0.22198,0.7269,10.392,333.07,774.41,0.92263,83887.9,1.1909,63.72,0.09789,1.1824,0.24704,9.495,2694.18,0.2394,1.0154,0.09424,92.162,8.246,21.43,13.974,4.8436,0.34832,69.87,0.04713,38.51,5.172,0.5479,0.0022436,0.13868,0.009857,0.004145,0.03728,17.38,119.45,1.1207,303.76,2.106,9.695,0.30147,30.84,0.4533,0.21991,551.44,0.10884,1.5827,1591.77,0.13093,3.168,0.13053,93.66,0.020925,1.5607
2026-09-25 14:00:00+00:00,0.0045047,0.005847,149.21,0.2554,0.036414,0.8461,0.22275,0.7281,10.39,333.63,776.4,0.9283,83973.6,1.2205,63.05,0.09779,1.1835,0.25044,9.457,2694.46,0.2409,1.0209,0.0941,92.345,8.248,21.06,14.037,4.7901,0.34812,69.77,0.05137,38.07,5.119,0.5442,0.0022247,0.13927,0.009857,0.004128,0.0371,17.45,120.37,1.1277,304.31,2.102,9.722,0.30081,30.663,0.453,0.21743,552.38,0.10953,1.5878,1572.61,0.13041,3.155,0.133,95.06,0.021241,1.5564
2026-09-25 15:00:00+00:00,0.0044411,0.005822,149.27,0.2541,0.037093,0.8337,0.22062,0.725,10.349,333.79,774.99,0.79691,83767,1.234,62.16,0.09741,1.1801,0.25195,9.34,2685.71,0.2391,1.0274,0.09321,90.872,8.178,21.23,13.826,4.7344,0.3397,70.12,0.05299,37.6,5.098,0.5331,0.0021998,0.13696,0.009761,0.004093,0.0368,17.38,120.07,1.1012,302.88,2.091,9.583,0.29773,30.277,0.4564,0.21844,555.62,0.10993,1.5757,1544.5,0.1278,3.122,0.12571,95.45,0.021487,1.5724
2026-09-25 16:00:00+00:00,0.0044298,0.005833,152.94,0.254,0.036091,0.8347,0.22224,0.7274,10.345,336.3,772.84,0.84863,83715.9,1.2432,62.37,0.0971,1.1749,0.25763,9.308,2682.5,0.24,1.0219,0.0929,91.41,8.083,21.34,13.759,4.7534,0.3403,69.22,0.05041,37.79,5.031,0.5346,0.0022541,0.13654,0.009782,0.004077,0.03504,17.47,120.83,1.106,303.49,2.097,9.51,0.29417,30.353,0.4584,0.21596,552.89,0.11081,1.5619,1546.67,0.12727,3.119,0.12861,97.93,0.021338,1.5409
2026-09-25 17:00:00+00:00,0.0044334,0.005839,153.1,0.2545,0.034944,0.8378,0.22531,0.7289,10.427,338.56,773.78,0.879,83750.1,1.242,62.46,0.09705,1.1757,0.25975,9.355,2684.55,0.2391,1.0235,0.09299,91.254,8.107,21.59,13.784,4.8107,0.3432,69.78,0.05415,37.88,4.98,0.5395,0.0023347,0.13837,0.009837,0.004118,0.03664,17.64,120.94,1.1227,303.61,2.095,9.662,0.28853,30.45,0.4614,0.21696,553.7,0.11125,1.5636,1533.56,0.13011,3.139,0.12869,98.45,0.021106,1.5453
2026-09-25 18:00:00+00:00,0.0044799,0.005869,155.32,0.2552,0.033118,0.8585,0.22474,0.7367,10.455,340.26,775.42,0.86346,83931.7,1.2581,63.36,0.09754,1.1866,0.25865,9.423,2692.37,0.2381,1.028,0.09397,91.82,8.176,21.65,13.831,4.7992,0.34076,71.03,0.05503,37.93,5.02,0.5406,0.0023868,0.1412,0.010021,0.004161,0.03633,17.5,121.89,1.1365,306.34,2.102,9.61,0.30039,30.262,0.4608,0.21896,558.96,0.11406,1.5679,1553.27,0.12643,3.156,0.12993,98.32,0.021485,1.6054
2026-09-25 19:00:00+00:00,0.0044728,0.00587,153.44,0.255,0.032268,0.8611,0.22275,0.7381,10.455,339.72,775.6,0.91018,83971.4,1.2905,63.11,0.09806,1.1872,0.26214,9.45,2691.99,0.238,1.0298,0.0941,91.544,8.196,21.59,13.864,4.7595,0.34144,70.99,0.05473,37.89,5.033,0.5425,0.0023993,0.1424,0.01018,0.004152,0.03632,17.53,121.85,1.143,307.11,2.107,9.591,0.29234,30.186,0.4691,0.22051,557.17,0.11231,1.5714,1543.36,0.12712,3.154,0.1211,96.93,0.02152,1.5936
2026-09-25 20:00:00+00:00,0.0044546,0.005884,151.86,0.2544,0.033026,0.864,0.22368,0.7394,10.498,339.58,773.7,0.91604,83839.7,1.2986,62.91,0.09781,1.2024,0.26361,9.426,2683.33,0.24,1.0425,0.09469,91.502,8.191,21.57,13.824,4.7682,0.34003,71.11,0.05448,37.91,5.07,0.5455,0.0023433,0.14379,0.010076,0.004102,0.03664,17.48,121.51,1.1674,309.54,2.105,9.629,0.28828,30.13,0.4762,0.21911,559.92,0.11215,1.5604,1538.85,0.12995,3.173,0.11705,97.73,0.021418,1.6266
2026-09-25 21:00:00+00:00,0.0044309,0.005835,151.07,0.253,0.03233,0.8486,0.22081,0.7365,10.463,339.49,773.31,0.93714,83747.3,1.3111,62.26,0.0977,1.1875,0.26236,9.354,2680.11,0.24,1.0324,0.09397,91.652,7.918,21.58,13.723,4.7598,0.33774,70.8,0.05426,38.04,4.927,0.5389,0.002346,0.14061,0.009983,0.004072,0.03582,17.48,120.93,1.1577,310.44,2.086,9.429,0.28563,29.873,0.4673,0.21785,553.2,0.11088,1.551,1529.81,0.12975,3.138,0.11833,97.03,0.021506,1.6076
2026-09-25 22:00:00+00:00,0.0045008,0.005931,152.94,0.2574,0.032731,0.8634,0.22867,0.7402,10.59,345.29,776.74,0.93534,84032.8,1.3174,63.46,0.09928,1.2159,0.26671,9.488,2690.87,0.2444,1.0472,0.09504,92.662,8.075,21.56,13.861,4.8326,0.33929,72.88,0.05492,38.1,4.961,0.55,0.0023483,0.14486,0.010271,0.004188,0.03612,17.5,122.12,1.1847,315.54,2.132,9.579,0.29237,30.363,0.4873,0.21986,556.01,0.11404,1.5679,1550.34,0.12964,3.188,0.1179,97.57,0.021262,1.6344
2026-09-25 23:00:00+00:00,0.0044875,0.005955,153.52,0.2586,0.032779,0.872,0.22656,0.7372,10.647,343.08,777.53,0.92196,84056,1.3154,63.97,0.09893,1.2128,0.26801,9.497,2690.56,0.2466,1.0495,0.0956,92.368,8.186,21.53,13.924,4.8461,0.33926,72.54,0.05604,38.05,4.948,0.549,0.0024701,0.14635,0.010285,0.004194,0.03554,17.43,122.1,1.1943,317.74,2.122,9.628,0.29585,30.292,0.4952,0.22032,557.64,0.11466,1.5677,1555.2,0.13027,3.188,0.11663,98.53,0.021095,1.6206
2026-09-26 00:00:00+00:00,0.0044671,0.005947,155.57,0.257,0.033073,0.8595,0.22371,0.7334,10.586,340.2,776.44,0.96076,83869,1.3405,62.65,0.09853,1.2177,0.26784,9.452,2685.95,0.242,1.0421,0.09474,91.696,7.954,21.4,14.049,4.8068,0.34039,72.35,0.0575,37.72,4.898,0.5462,0.0024299,0.14514,0.010406,0.004152,0.03445,17.31,121.48,1.1782,313.23,2.108,9.545,0.2888,30.335,0.4917,0.21913,556.93,0.11273,1.5633,1538.94,0.12925,3.161,0.11536,98.37,0.02147,1.6099
2026-09-26 01:00:00+00:00,0.0044886,0.005995,154.68,0.2618,0.033278,0.8593,0.2243,0.733,10.785,341.8,776.42,0.93154,84041.4,0.9127,62.95,0.099,1.2278,0.26567,9.52,2691.65,0.2418,1.0429,0.09488,92.124,7.912,21.5,13.933,4.8786,0.33894,72.6,0.05727,37.84,4.935,0.5434,0.002404,0.14384,0.010269,0.004249,0.03431,17.41,122.01,1.1801,315.35,2.126,9.543,0.28722,30.396,0.4882,0.22177,557.28,0.11364,1.5754,1542.99,0.12385,3.174,0.117,99.92,0.022293,1.6019
2026-09-26 02:00:00+00:00,0.0044666,0.005964,154.5,0.259,0.033119,0.8561,0.22273,0.7322,10.793,339.58,775.45,0.91955,83981.3,0.9297,62.5,0.09843,1.2163,0.26601,9.484,2689.98,0.2405,1.0375,0.09459,92.232,7.83,21.46,14.002,4.8678,0.34144,72.72,0.05647,37.82,4.885,0.54,0.0024429,0.14409,0.010227,0.004327,0.0337,17.41,121.52,1.1724,314.85,2.138,9.6,0.28318,30.318,0.4848,0.22001,556.78,0.1133,1.5643,1537.98,0.11838,3.15,0.11676,99.95,0.022411,1.5733
2026-09-26 03:00:00+00:00,0.0044528,0.005924,154.48,0.2561,0.032882,0.8485,0.22211,0.731,10.619,337.43,774.54,0.96658,83908.6,0.9192,62.37,0.09792,1.2156,0.27148,9.422,2686.87,0.2419,1.0347,0.09427,91.823,7.777,21.42,14.021,4.8078,0.34143,71.69,0.0559,37.72,4.879,0.5397,0.0024608,0.14337,0.010145,0.004353,0.04064,17.43,120.56,1.1687,311.56,2.144,9.548,0.28286,30.201,0.4821,0.21896,553.9,0.11048,1.5579,1533.49,0.12125,3.145,0.11624,99.54,0.021841,1.5711
2026-09-26 04:00:00+00:00,0.0044818,0.005918,154.44,0.2562,0.032856,0.8542,0.22304,0.7299,10.661,336.91,774.65,0.93899,83947.6,0.9119,62.7,0.09799,1.2286,0.27925,9.418,2688.33,0.2467,1.0474,0.0941,92.077,7.814,21.47,14.138,4.8856,0.34661,72.25,0.05724,37.86,4.887,0.5454,0.0023904,0.14514,0.010166,0.00449,0.03876,17.49,120.61,1.1645,312.69,2.134,9.655,0.27995,30.281,0.482,0.21865,557.95,0.1121,1.5563,1536.93,0.11772,3.169,0.11487,98.69,0.0218,1.5691
2026-09-26 05:00:00+00:00,0.0044611,0.005894,153.7,0.2548,0.03349,0.8442,0.22325,0.7292,10.63,336.12,773.24,0.82928,83894.5,0.902,62.85,0.09741,1.226,0.26934,9.401,2685.11,0.2432,1.057,0.09352,91.733,7.789,21.43,14.016,4.8662,0.34678,72.01,0.05468,37.75,4.896,0.5416,0.0023471,0.14328,0.010126,0.004538,0.03812,17.44,120.45,1.156,310.09,2.118,9.737,0.28242,30.232,0.4777,0.21759,559.85,0.11173,1.5495,1534.62,0.11076,3.184,0.11389,100.71,0.020921,1.5884
2026-09-26 06:00:00+00:00,0.0044553,0.005899,153.77,0.2539,0.034798,0.8427,0.22129,0.731,10.599,337.21,772.53,0.85369,83861.3,0.8575,63.36,0.09737,1.2281,0.26596,9.423,2684.36,0.2408,1.0808,0.09371,91.686,7.829,21.42,13.98,4.8622,0.3359,72.82,0.05306,37.71,4.924,0.5461,0.002282,0.14284,0.010093,0.004551,0.03721,17.42,120.16,1.1507,310.04,2.119,9.699,0.28428,29.925,0.4798,0.2172,555.12,0.11322,1.5481,1531.61,0.10346,3.195,0.10924,101.2,0.020473,1.5961
2026-09-26 07:00:00+00:00,0.0044577,0.005929,154.03,0.2556,0.036124,0.8452,0.2207,0.7358,10.693,337.57,773.89,0.9438,84075.1,0.8818,63.6,0.09789,1.2212,0.27151,9.415,2689.71,0.243,1.0756,0.09423,91.851,7.837,21.47,14.079,4.8862,0.33888,73.64,0.05267,37.76,4.857,0.5481,0.0022971,0.14418,0.010226,0.004571,0.03452,17.43,120.7,1.1616,313.64,2.131,9.706,0.28943,29.63,0.4831,0.21781,557.12,0.11631,1.5517,1533.16,0.10645,3.206,0.10999,101.17,0.020478,1.6268
2026-09-26 08:00:00+00:00,0.0044357,0.005895,154.23,0.2547,0.033456,0.8449,0.22071,0.7321,10.67,336.33,773.7,0.9697,84167.3,0.9031,63.34,0.09773,1.2206,0.27767,9.431,2689.72,0.2424,1.083,0.09429,91.813,7.805,21.44,14.053,4.873,0.33936,73.71,0.05364,37.78,4.83,0.5463,0.0023157,0.14315,0.010079,0.00453,0.03391,17.42,120.65,1.1628,312.46,2.123,9.662,0.28291,29.559,0.4793,0.21754,558.15,0.11743,1.5484,1529.95,0.10553,3.188,0.10868,103,0.02067,1.5746
2026-09-26 09:00:00+00:00,0.0043946,0.005874,152.24,0.254,0.032932,0.843,0.21908,0.7309,10.616,336.68,771.63,0.97841,83977.9,0.9117,63.17,0.09715,1.2036,0.27854,9.399,2681.36,0.2389,1.0751,0.09374,91.751,7.787,21.42,14.024,4.7682,0.33888,74.25,0.0557,37.76,4.868,0.5494,0.002323,0.14325,0.010025,0.00446,0.03484,17.37,119.94,1.1627,312.84,2.111,9.594,0.27798,29.501,0.4776,0.21685,552.2,0.11795,1.5405,1524.47,0.10349,3.174,0.10763,107.71,0.022333,1.5489
2026-09-26 10:00:00+00:00,0.0044441,0.00595,154.58,0.2575,0.032741,0.8568,0.22336,0.7308,10.77,339.31,774.38,0.9948,84135.3,0.903,65.91,0.09805,1.2356,0.28379,9.599,2686.14,0.2417,1.0932,0.09451,92.004,7.817,21.46,14.252,4.8158,0.33968,73.38,0.0585,37.81,4.899,0.5561,0.0023115,0.14752,0.01023,0.004474,0.03446,17.45,120.59,1.1871,319.92,2.148,9.671,0.28554,29.801,0.4862,0.21942,553.29,0.12096,1.5508,1534.23,0.10498,3.223,0.10812,106.27,0.022453,1.5711
2026-09-26 11:00:00+00:00,0.0044081,0.005922,154.24,0.257,0.034908,0.8523,0.22204,0.7307,10.944,337.82,775.74,0.97752,84134.4,0.9528,67.67,0.0976,1.2308,0.28068,9.553,2688.1,0.2437,1.0877,0.09403,92.127,7.803,21.48,14.264,4.8196,0.33829,73.11,0.05701,37.85,4.893,0.5539,0.0023012,0.14536,0.010159,0.004503,0.03382,17.46,121.24,1.1777,329.87,2.152,9.619,0.28222,29.812,0.4887,0.21853,554,0.12034,1.5462,1541.83,0.1013,3.199,0.10856,104.56,0.022622,1.5712
2026-09-26 12:00:00+00:00,0.0043854,0.005896,153.95,0.2556,0.03368,0.8504,0.22213,0.7278,10.811,334.48,774.58,1.01295,84009.3,0.933,69.7,0.09729,1.2295,0.28049,9.464,2687.77,0.2435,1.0797,0.09359,92.022,7.726,21.46,14.201,4.8002,0.33729,72.84,0.05847,37.85,4.847,0.5438,0.0022939,0.14654,0.010092,0.00442,0.03363,17.5,121.01,1.1703,331.18,2.137,9.574,0.28041,29.693,0.4864,0.21809,550.77,0.1187,1.542,1541.92,0.1081,3.198,0.10753,103.64,0.022744,1.5641
2026-09-26 13:00:00+00:00,0.0043821,0.005907,154.91,0.2555,0.033803,0.8574,0.22307,0.7262,10.839,333.38,772.75,1.05838,83907.3,0.9586,70.91,0.09716,1.2296,0.27998,9.465,2685.52,0.2444,1.0996,0.09336,91.945,7.762,21.46,14.277,4.7923,0.3325,72.06,0.0596,37.92,4.819,0.5484,0.0022801,0.14991,0.01007,0.004389,0.03327,17.53,120.72,1.1746,326.14,2.135,9.636,0.28557,29.581,0.4927,0.21737,549.53,0.11767,1.5408,1537.13,0.11448,3.21,0.10903,105.94,0.02462,1.5784
2026-09-26 14:00:00+00:00,0.0044333,0.00597,155.33,0.2571,0.03383,0.8723,0.22573,0.7326,11.028,335,774.15,1.06242,83979.4,0.9961,72.17,0.09779,1.2541,0.27812,9.528,2687.52,0.2514,1.1672,0.09409,92.29,7.822,21.54,14.32,4.7867,0.33497,72.87,0.06062,38.14,4.842,0.5511,0.0022765,0.14997,0.010201,0.004462,0.03305,17.48,120.9,1.1755,329.29,2.157,9.69,0.29352,30.222,0.5109,0.21811,550.99,0.11747,1.5453,1548.54,0.11099,3.27,0.10837,110.69,0.025721,1.6532
2026-09-26 15:00:00+00:00,0.004462,0.006009,154.96,0.2603,0.034507,0.8781,0.2307,0.7374,10.978,336.15,774.67,1.05679,84112.5,1.0576,71.52,0.09863,1.2851,0.27433,9.602,2691.99,0.2524,1.1989,0.09516,92.51,7.86,21.54,14.24,4.8111,0.34138,72.94,0.05706,38.17,4.843,0.5464,0.0022778,0.1496,0.010247,0.004478,0.03277,17.46,121.83,1.1831,338.51,2.182,9.722,0.2959,29.941,0.5415,0.22036,554.87,0.11737,1.5519,1551.01,0.10821,3.299,0.10754,115.96,0.030027,1.6309
2026-09-26 16:00:00+00:00,0.0044407,0.006067,155.1,0.2584,0.034597,0.8745,0.22631,0.7427,11.034,336.8,774.78,0.96198,84070,1.0685,72.7,0.09841,1.3013,0.27265,9.589,2690.36,0.2587,1.2198,0.0952,92.62,7.78,21.55,14.325,4.7768,0.35182,72.71,0.05785,38.1,4.817,0.5452,0.0022166,0.14709,0.01017,0.004455,0.03242,17.43,121.59,1.1852,333.76,2.165,9.614,0.28892,29.836,0.5335,0.21994,556.13,0.11678,1.5458,1568.6,0.10513,3.332,0.10534,123.07,0.027916,1.6656
2026-09-26 17:00:00+00:00,0.0044106,0.005994,155.18,0.2563,0.034272,0.8611,0.22468,0.7375,10.873,337.51,772.88,0.974,84097,1.0775,72.62,0.09773,1.267,0.27025,9.517,2689.43,0.2509,1.1702,0.09412,91.818,7.727,21.5,14.337,4.7515,0.35378,71.98,0.05898,38.04,4.876,0.5378,0.0022383,0.14561,0.010091,0.004455,0.03256,17.4,121.44,1.1774,329.89,2.138,9.602,0.28617,29.342,0.5356,0.2185,557.2,0.11672,1.5358,1564.59,0.1042,3.283,0.10385,123.64,0.025804,1.6482
2026-09-26 18:00:00+00:00,0.0043772,0.005944,153.97,0.2547,0.034277,0.8518,0.22237,0.7354,10.771,335.99,771.43,0.94876,83970.9,1.0735,71.39,0.0971,1.2489,0.27196,9.441,2683.84,0.2471,1.1492,0.09325,91.596,7.649,21.46,14.167,4.7337,0.35517,71.73,0.05896,38,4.818,0.5376,0.0022317,0.14451,0.01002,0.00439,0.03198,17.38,120.99,1.157,321.11,2.125,9.555,0.28343,29.239,0.533,0.21756,554.12,0.11658,1.5206,1560.93,0.10419,3.235,0.10228,119.66,0.025826,1.6217
2026-09-26 19:00:00+00:00,0.0043625,0.005924,154.63,0.2542,0.033805,0.8507,0.22242,0.7347,10.742,336.41,771.23,0.94193,83985.3,1.048,71.04,0.09694,1.2425,0.27222,9.418,2683.22,0.2452,1.1396,0.09328,91.571,7.651,21.46,14.125,4.7231,0.36186,71.87,0.05942,38.04,4.833,0.5361,0.0022358,0.14411,0.009962,0.004397,0.03206,17.39,121.08,1.1598,320.78,2.115,9.533,0.28148,29.175,0.532,0.21761,549.6,0.1152,1.5226,1569.1,0.10257,3.216,0.10168,122.61,0.027102,1.6037
2026-09-26 20:00:00+00:00,0.0043003,0.005858,153.34,0.2502,0.033838,0.8322,0.2195,0.7307,10.625,333.7,769.71,0.94486,83995.5,1.0499,71.83,0.0958,1.2245,0.26877,9.331,2675.51,0.2411,1.1114,0.09239,91.479,7.56,21.39,13.957,4.762,0.35649,71.4,0.05806,38.02,4.787,0.5344,0.0022071,0.14214,0.009753,0.004334,0.03156,17.35,120.28,1.1429,314.7,2.089,9.463,0.27644,29.391,0.523,0.21476,551.91,0.11061,1.5109,1581.71,0.1037,3.148,0.10061,121.05,0.027313,1.5756
2026-09-26 21:00:00+00:00,0.0043482,0.00591,154.96,0.2524,0.033378,0.8412,0.22542,0.7363,10.721,335.13,772.37,0.94134,84118.6,1.044,73.07,0.09646,1.2355,0.27202,9.395,2685,0.2424,1.1205,0.09296,92.133,7.692,21.46,14.058,4.881,0.34926,71.82,0.05811,38.18,5.038,0.5349,0.0021981,0.14385,0.009844,0.004363,0.03181,17.32,121.25,1.1527,318.01,2.104,9.794,0.29144,29.952,0.5292,0.21701,555.4,0.11216,1.5235,1683.65,0.1045,3.188,0.09976,122.21,0.027414,1.6145
2026-09-26 22:00:00+00:00,0.004342,0.005907,154.17,0.2521,0.032927,0.8423,0.22239,0.7358,10.751,334.35,773.18,0.96689,84249.4,1.0295,71.88,0.09635,1.2327,0.2701,9.384,2687.81,0.242,1.1209,0.09315,91.853,7.653,21.51,14.053,4.7657,0.35258,72.15,0.05779,38.12,4.964,0.5343,0.0022043,0.14299,0.009851,0.004354,0.03184,17.34,121.08,1.1549,319.22,2.105,9.692,0.28542,29.631,0.5228,0.21615,558.71,0.11094,1.5213,1656.1,0.10525,3.182,0.09652,143.06,0.026758,1.6008
2026-09-26 23:00:00+00:00,0.0043626,0.005928,155.57,0.2537,0.033535,0.8511,0.22193,0.7367,10.834,335.85,773.74,0.98344,84403.3,1.0019,71.82,0.09667,1.2409,0.26961,9.425,2694.97,0.2429,1.1325,0.09342,92.523,7.773,21.55,14.137,4.8378,0.34014,72.52,0.05797,38.26,5.036,0.5378,0.0022502,0.14375,0.0099,0.004393,0.03185,17.35,121.34,1.1624,320.89,2.113,9.7,0.28604,29.647,0.5231,0.21641,559.85,0.11152,1.5264,1652.73,0.1039,3.194,0.10331,151.31,0.027074,1.5946
2026-09-27 00:00:00+00:00,0.0043351,0.005878,155.06,0.2517,0.033118,0.8438,0.22538,0.7305,10.813,333.84,772.95,0.96685,84266.8,1.0123,71.72,0.09625,1.2386,0.26933,9.38,2692.45,0.2395,1.127,0.09267,92.763,7.72,21.58,14.056,4.7722,0.33519,71.89,0.05768,38.38,5.051,0.5387,0.0022685,0.14355,0.009769,0.004377,0.03157,17.36,120.78,1.164,318.89,2.095,9.825,0.28356,29.659,0.5204,0.21503,558.47,0.10998,1.517,1645.11,0.10537,3.186,0.10029,161.07,0.027935,1.5856
2026-09-27 01:00:00+00:00,0.0043584,0.005903,155.37,0.2523,0.034242,0.8494,0.2277,0.7312,10.825,335.31,773.97,0.97037,84455.3,1.0122,70.9,0.09653,1.239,0.27083,9.434,2700.46,0.2411,1.1338,0.09306,93.237,7.804,21.54,14.19,4.7829,0.33846,71.85,0.05829,38.25,5.109,0.5384,0.0022383,0.14472,0.009827,0.004429,0.03225,17.41,121.38,1.1798,322.18,2.105,9.831,0.28638,29.887,0.5225,0.21546,556.85,0.11115,1.5227,1646.75,0.09763,3.209,0.09916,181.4,0.029726,1.5794
2026-09-27 02:00:00+00:00,0.0043456,0.005873,155.09,0.2519,0.034338,0.8461,0.22558,0.7272,10.771,332.65,772.67,0.96088,84414.6,1.0202,70.68,0.09627,1.2318,0.26757,9.436,2697,0.2416,1.1451,0.09335,93.229,7.768,21.57,14.158,4.7669,0.33513,71.74,0.05715,38.37,5.056,0.5339,0.002222,0.14334,0.009822,0.004413,0.03058,17.4,121.09,1.1726,320.12,2.101,9.751,0.28578,29.748,0.5255,0.21482,560.34,0.10993,1.5198,1640.54,0.10144,3.187,0.09924,171.33,0.029104,1.5876
2026-09-27 03:00:00+00:00,0.0043336,0.005878,154.84,0.2515,0.033527,0.8398,0.22369,0.7295,10.729,331.56,771.93,0.96399,84356.2,1.0417,70.94,0.09608,1.2356,0.26743,9.4,2695.55,0.2402,1.138,0.09317,93.187,7.782,21.6,14.097,4.7401,0.33521,71.37,0.05717,38.38,5.033,0.5316,0.0021982,0.14287,0.009768,0.004362,0.03084,17.36,120.53,1.1699,320.55,2.092,9.716,0.28471,29.514,0.5251,0.21423,560.65,0.10976,1.5149,1637.67,0.10373,3.18,0.0983,173.4,0.029394,1.6028
2026-09-27 04:00:00+00:00,0.0043072,0.005843,154.69,0.2503,0.033571,0.8367,0.22159,0.7274,10.672,330.6,771.07,0.95656,84295,1.0517,71.08,0.09549,1.2253,0.26739,9.331,2691.13,0.2391,1.1257,0.09252,92.891,7.722,21.56,14.027,4.7197,0.33312,71.56,0.05679,38.31,5.061,0.5293,0.0021774,0.14274,0.009729,0.004344,0.03063,17.34,120.09,1.159,318.38,2.081,9.719,0.2772,29.354,0.5167,0.21307,561.66,0.10978,1.5066,1633.41,0.09901,3.169,0.09537,188.92,0.029497,1.5711
2026-09-27 05:00:00+00:00,0.0043539,0.005891,156.46,0.253,0.033848,0.8506,0.22718,0.7338,10.868,331.85,773.43,0.94443,84437.1,1.0623,72.46,0.09627,1.2337,0.27098,9.407,2703.82,0.242,1.136,0.0937,92.916,7.811,21.67,14.171,4.733,0.33566,71.95,0.05666,38.44,5.395,0.5357,0.0021268,0.14519,0.009864,0.004433,0.02881,17.38,121.04,1.1805,326.18,2.099,9.897,0.28713,29.624,0.5243,0.21548,560.7,0.11265,1.5187,1655.28,0.09782,3.193,0.09795,170.59,0.030812,1.6194
2026-09-27 06:00:00+00:00,0.004387,0.005917,155.51,0.2553,0.03375,0.8569,0.227,0.7326,10.933,343.53,775,0.92544,84477.1,1.057,70.86,0.09691,1.2658,0.27066,9.472,2706.04,0.2445,1.1391,0.09438,92.647,7.829,21.7,14.297,4.7731,0.33548,71.95,0.05511,38.43,5.411,0.54,0.0021098,0.1452,0.009985,0.004414,0.02671,17.42,121.29,1.1956,329.48,2.119,9.984,0.29002,30.15,0.5365,0.2171,556.85,0.11051,1.521,1652.89,0.09806,3.204,0.09818,174.5,0.031346,1.667
2026-09-27 07:00:00+00:00,0.0044458,0.006,157.23,0.2579,0.033537,0.8729,0.23477,0.74,11.159,345.68,778.88,0.90653,84751.2,1.0718,71.52,0.09808,1.2737,0.2705,9.566,2717.14,0.2472,1.1522,0.09565,93.339,7.894,21.7,14.437,4.8328,0.33685,72.04,0.05574,38.62,5.409,0.5438,0.002138,0.14733,0.010207,0.004468,0.02731,17.61,124.09,1.2632,333.76,2.148,10.077,0.29349,30.691,0.5374,0.21959,561.4,0.11314,1.5379,1664.41,0.09977,3.243,0.10666,170.21,0.031925,1.6628
2026-09-27 08:00:00+00:00,0.0044158,0.005981,155.84,0.2559,0.033289,0.8628,0.22971,0.7361,11.109,341.43,778.8,0.91272,84753.4,1.0772,71.3,0.0978,1.2511,0.26907,9.522,2713.21,0.2447,1.1464,0.09519,93,7.799,21.63,14.322,4.7815,0.33497,71.96,0.05448,38.46,5.334,0.5462,0.0021038,0.14532,0.010098,0.004439,0.02739,17.54,124.07,1.2653,329.55,2.139,9.974,0.29062,30.979,0.5478,0.21782,556.73,0.11133,1.5342,1661.24,0.10183,3.209,0.1072,180,0.032126,1.6493
2026-09-27 09:00:00+00:00,0.0043987,0.00596,155.85,0.2561,0.033065,0.8582,0.23094,0.738,11.062,340.44,780.3,0.94361,84910.4,1.1119,71.64,0.09793,1.2517,0.26996,9.522,2715.13,0.2438,1.1423,0.09482,93.027,7.86,21.66,14.336,4.7913,0.33171,71.88,0.05405,38.6,5.272,0.5449,0.0020879,0.14561,0.010089,0.004449,0.02735,17.53,124.4,1.2537,332.68,2.142,9.987,0.29041,30.706,0.5656,0.21751,559.05,0.11102,1.5377,1662.57,0.10385,3.208,0.11179,172.03,0.032603,1.6388
2026-09-27 10:00:00+00:00,0.0044055,0.005955,155.55,0.2558,0.03304,0.8532,0.22965,0.7373,11.017,339.21,779.17,0.93501,84839,1.1339,69.27,0.09765,1.2476,0.27171,9.486,2709.17,0.2451,1.1347,0.0947,93.076,7.843,21.63,14.344,4.7825,0.33152,71.54,0.05312,38.58,5.203,0.5449,0.0020959,0.14524,0.010104,0.004471,0.02715,17.51,123.95,1.2489,330.13,2.132,9.985,0.29128,30.894,0.5638,0.21705,557.38,0.10961,1.5376,1659.5,0.10276,3.215,0.10788,171.69,0.032564,1.6225
2026-09-27 11:00:00+00:00,0.0044066,0.00596,156.11,0.2566,0.032798,0.8534,0.22699,0.7366,10.989,338.88,780.26,0.90435,84857.5,1.1491,68.62,0.09784,1.2455,0.27492,9.502,2708.84,0.243,1.1401,0.09466,93.163,7.811,21.65,14.272,4.7808,0.33057,71.6,0.05625,38.62,5.173,0.5458,0.0021098,0.14435,0.010284,0.004499,0.02677,17.51,123.86,1.2466,330.13,2.145,9.925,0.29676,31.253,0.5782,0.21749,553.85,0.11104,1.5373,1660.35,0.10469,3.203,0.10627,163.67,0.033813,1.6262
2026-09-27 12:00:00+00:00,0.0044145,0.005962,154.87,0.2561,0.032702,0.8474,0.22399,0.7308,10.902,337.41,780.77,0.90963,84754.4,1.1497,67.9,0.09816,1.2414,0.27291,9.475,2706.26,0.2424,1.1297,0.09447,92.828,7.785,21.69,14.185,4.735,0.3291,71.39,0.05573,38.6,5.179,0.5441,0.0020881,0.14322,0.010484,0.00451,0.02625,17.54,123.29,1.2573,332.13,2.137,9.814,0.29348,30.342,0.5756,0.2163,552.27,0.11131,1.5346,1655.24,0.1036,3.187,0.10698,160.62,0.034731,1.6199
2026-09-27 13:00:00+00:00,0.0044101,0.005944,154.84,0.2563,0.032955,0.8447,0.22338,0.7321,11.006,336.34,781.37,0.90037,84991.8,1.1572,68.16,0.09778,1.2384,0.27299,9.479,2708.5,0.2431,1.1302,0.09428,92.527,7.778,21.68,14.178,4.7302,0.32999,71.26,0.05598,38.5,5.25,0.5504,0.0021821,0.14366,0.010383,0.004637,0.0263,17.54,123.11,1.2533,329.44,2.132,9.859,0.29647,30.374,0.5752,0.21662,548.45,0.10893,1.5324,1652.2,0.10461,3.192,0.10503,162.34,0.033839,1.6167
2026-09-27 14:00:00+00:00,0.0043532,0.005882,153.07,0.2532,0.032402,0.8363,0.22077,0.7248,10.933,332.28,777.24,0.91186,84488,1.1806,67.25,0.09664,1.2296,0.26888,9.422,2686.71,0.2402,1.1333,0.09338,91.276,7.824,21.71,14.016,4.632,0.33022,70.52,0.05596,38.48,5.232,0.5393,0.0021689,0.14262,0.010111,0.004772,0.02589,17.55,121.62,1.2403,323.37,2.123,9.683,0.28832,30.118,0.5669,0.21415,545.47,0.10576,1.5159,1606.38,0.10734,3.171,0.10342,167.23,0.029627,1.6182
2026-09-27 15:00:00+00:00,0.0043697,0.005903,153.48,0.2542,0.032847,0.8374,0.22076,0.7262,11.017,331.03,775.02,0.9205,84426.9,1.1745,67.28,0.09687,1.2309,0.27385,9.45,2688.83,0.24,1.1374,0.09331,91.353,7.802,21.63,14.11,4.6356,0.32303,71.13,0.05441,38.55,5.195,0.5426,0.0021974,0.14325,0.010108,0.004877,0.02601,17.59,121.68,1.2372,321.81,2.121,9.625,0.28697,30.006,0.552,0.21485,542.54,0.10483,1.5158,1581,0.10013,3.165,0.10289,178.24,0.028072,1.6143
2026-09-27 16:00:00+00:00,0.0043636,0.005896,154.33,0.2536,0.032673,0.841,0.22035,0.7273,10.918,333.85,776.11,0.90747,84395,1.1832,68.14,0.09659,1.2373,0.27573,9.455,2685.5,0.2426,1.1484,0.09338,91.103,7.753,21.66,14.079,4.6781,0.32632,71.24,0.05411,38.87,5.168,0.5426,0.0022199,0.14418,0.009992,0.004869,0.02643,17.64,121.77,1.2392,323.18,2.122,9.677,0.2839,29.82,0.5616,0.21534,545.23,0.10612,1.518,1581.99,0.09907,3.172,0.10375,182.89,0.028475,1.6345
2026-09-27 17:00:00+00:00,0.0043896,0.005925,155.11,0.2544,0.032995,0.8431,0.22303,0.7273,10.964,335.45,777.97,0.90282,84534.9,1.1995,68.29,0.09695,1.247,0.27948,9.505,2690,0.2447,1.1539,0.09393,91.786,7.803,21.73,14.098,4.7157,0.32319,71.1,0.05402,39.07,5.24,0.549,0.0021697,0.14556,0.010083,0.004967,0.02697,17.64,122,1.2509,324.81,2.141,9.687,0.28871,29.916,0.5565,0.21606,546.77,0.10502,1.5237,1587.09,0.09714,3.188,0.10396,185.14,0.028021,1.6428
2026-09-27 18:00:00+00:00,0.0044205,0.005958,155.87,0.2573,0.032722,0.8603,0.22825,0.7294,11.046,335.89,779.48,0.88408,84778.3,1.2079,69.56,0.09771,1.2602,0.29345,9.566,2697.11,0.2472,1.1486,0.09506,92.091,7.886,21.74,14.138,4.7084,0.32282,71.26,0.05399,38.85,5.444,0.5529,0.0021761,0.14841,0.010171,0.004977,0.02646,17.64,123.22,1.2772,329.37,2.155,9.799,0.30117,30.419,0.5665,0.21768,547.32,0.1064,1.5383,1611.76,0.09403,3.197,0.10166,188.41,0.027405,1.6833
2026-09-27 19:00:00+00:00,0.0043941,0.005918,154.48,0.2552,0.03225,0.8534,0.2277,0.7257,11.006,334.83,778.82,0.88121,84696.9,1.2057,69.4,0.09708,1.2657,0.28621,9.562,2690.43,0.2451,1.1361,0.09483,91.76,7.797,21.75,14.063,4.6852,0.31997,71.09,0.05326,38.82,5.429,0.5555,0.0022447,0.1463,0.010084,0.004905,0.02653,17.63,122.96,1.2697,328.16,2.136,9.731,0.29647,29.723,0.56,0.21625,548.1,0.10669,1.5312,1607.19,0.09163,3.171,0.1012,185.74,0.027645,1.7172
2026-09-27 20:00:00+00:00,0.0043642,0.00591,154.34,0.2547,0.031753,0.8556,0.22749,0.7286,10.964,333.75,777.85,0.87694,84507.9,1.2139,68.66,0.0969,1.2631,0.28224,9.533,2684.84,0.2449,1.1337,0.09457,91.561,7.806,21.73,14.014,4.6769,0.31847,71.2,0.05324,38.73,5.461,0.5523,0.0025096,0.14567,0.010072,0.004997,0.0267,17.65,122.65,1.2657,325.15,2.118,9.69,0.28964,29.818,0.5546,0.21599,546.96,0.10663,1.523,1602.06,0.08937,3.139,0.10104,196.68,0.02758,1.663
2026-09-27 21:00:00+00:00,0.004385,0.005929,154.52,0.2558,0.031714,0.8574,0.22534,0.7274,10.963,332.93,780,0.89339,84640.7,1.2267,68.66,0.09728,1.2565,0.27806,9.575,2682.99,0.2478,1.1369,0.09479,91.437,7.815,21.71,14.022,4.667,0.31187,71.05,0.05395,38.7,5.55,0.559,0.0026198,0.14736,0.010163,0.005077,0.02649,17.62,122.78,1.2728,327.88,2.134,9.654,0.29,29.732,0.5554,0.21662,550.89,0.10742,1.5217,1599.44,0.09227,3.162,0.09982,228.36,0.02779,1.6565
2026-09-27 22:00:00+00:00,0.0043214,0.005865,154.04,0.2526,0.030805,0.8569,0.223,0.7185,10.78,331.22,775.4,0.90235,84155.9,1.2242,68.22,0.09579,1.2491,0.27333,9.493,2674.24,0.2467,1.128,0.09413,91.579,7.724,21.42,13.933,4.6172,0.30744,70.74,0.05331,38.36,5.448,0.5564,0.0025127,0.1461,0.010055,0.005097,0.02613,17.49,121.36,1.2567,319.55,2.097,9.63,0.28444,28.937,0.5457,0.21413,549.05,0.10574,1.5072,1590,0.09204,3.099,0.09819,344.51,0.027677,1.6174
2026-09-27 23:00:00+00:00,0.004367,0.005923,154.5,0.255,0.031068,0.8641,0.22607,0.7238,10.897,332.33,779.33,0.92679,84432.9,1.2203,68.53,0.09685,1.2672,0.2723,9.592,2687.36,0.2474,1.1402,0.09581,91.678,7.798,21.61,14.015,4.6529,0.31295,71.24,0.05326,38.37,5.386,0.5878,0.0024375,0.14926,0.010246,0.005153,0.02628,17.43,121.94,1.2633,319.8,2.124,9.678,0.28602,29.368,0.5448,0.21583,547.35,0.10619,1.5159,1587.22,0.08776,3.144,0.09924,286.24,0.027858,1.6416
2026-09-28 00:00:00+00:00,0.0043404,0.0059,153.57,0.2548,0.029969,0.8629,0.2242,0.7226,10.851,328.38,778.86,0.9267,84091.6,1.2237,68.03,0.09657,1.2592,0.27115,9.501,2672.29,0.2447,1.1295,0.09625,90.518,7.728,21.37,14.017,4.5128,0.30952,70.11,0.05287,37.66,5.309,0.5635,0.0024843,0.14695,0.010272,0.005168,0.026,17.04,121.6,1.2672,315.25,2.123,9.659,0.27881,28.631,0.5399,0.21762,549.78,0.10763,1.5137,1573,0.08666,3.121,0.09382,270.23,0.028842,1.6257
2026-09-28 01:00:00+00:00,0.0042884,0.00584,152.23,0.254,0.029936,0.8575,0.22327,0.7167,10.803,325.43,774.27,0.91916,83650.1,1.233,67.93,0.09541,1.2457,0.27309,9.389,2655.8,0.2439,1.1157,0.0964,89.821,7.741,20.89,14.047,4.4491,0.31254,70.21,0.0534,37.06,5.305,0.5729,0.0024527,0.14563,0.0102,0.005122,0.02584,16.8,120.65,1.2627,312.65,2.086,9.508,0.27323,28.166,0.5319,0.21599,545.31,0.10363,1.5042,1570.21,0.07665,3.082,0.08723,257.12,0.026528,1.6303
2026-09-28 02:00:00+00:00,0.0042497,0.005773,151.17,0.2519,0.029763,0.8493,0.21959,0.7153,10.781,314.47,771.95,0.93381,83381.5,1.2582,67.6,0.0947,1.246,0.27395,9.343,2651.7,0.2424,1.1085,0.09487,90.109,7.748,20.82,14.107,4.453,0.31257,70.59,0.05252,36.56,5.249,0.5677,0.0024947,0.14528,0.009994,0.005178,0.02517,16.64,120,1.2487,311.29,2.07,9.419,0.26719,28.292,0.5305,0.21439,540.6,0.10497,1.4958,1569.32,0.07404,3.076,0.08807,273.18,0.027331,1.6465
2026-09-28 03:00:00+00:00,0.0041821,0.005716,150.17,0.2501,0.029839,0.844,0.21442,0.7114,10.713,316.04,770.87,0.92031,83302.6,1.2775,66.69,0.09402,1.2279,0.27185,9.288,2650.73,0.2397,1.0883,0.09513,89.517,7.689,20.88,13.887,4.4536,0.3123,70.79,0.05413,36.62,5.219,0.5698,0.0027681,0.14264,0.009777,0.005051,0.02587,16.6,119.82,1.2358,307.85,2.036,9.308,0.26092,28.128,0.5265,0.21048,540.7,0.10422,1.4918,1556.41,0.07469,3.048,0.08741,258.18,0.02549,1.6281
2026-09-28 04:00:00+00:00,0.0042128,0.005753,150.27,0.2494,0.028949,0.8494,0.21489,0.7152,10.673,316.3,771.68,0.91893,83446,1.2922,67.21,0.09436,1.2496,0.26989,9.346,2657.21,0.241,1.0977,0.09607,90.186,7.715,20.96,13.947,4.4905,0.31357,70.84,0.05408,36.74,5.272,0.5947,0.0026219,0.14391,0.00987,0.005267,0.02627,16.7,119.91,1.2318,309.32,2.058,9.342,0.26254,28.25,0.5306,0.21137,537.07,0.10444,1.4956,1561.07,0.07536,3.075,0.08826,261.15,0.02744,1.6183
2026-09-28 05:00:00+00:00,0.0041825,0.005699,150.08,0.2466,0.029048,0.8386,0.21315,0.7115,10.627,309.7,766.21,0.9066,83140.1,1.3393,66.31,0.09329,1.2374,0.26619,9.194,2650.1,0.2362,1.0819,0.09718,89.014,7.595,20.67,13.858,4.4271,0.31567,70.96,0.05576,36.49,5.159,0.5811,0.0027315,0.14191,0.00982,0.005177,0.0261,16.53,119.09,1.2108,307,2.041,9.25,0.25631,27.974,0.5221,0.20958,534.03,0.10424,1.4834,1551.55,0.07269,3.049,0.0889,266.92,0.026127,1.5371
2026-09-28 06:00:00+00:00,0.0041624,0.005666,148.92,0.2448,0.028618,0.8319,0.21191,0.7071,10.536,308.19,763.87,0.90915,83124.9,1.3637,65.72,0.09293,1.2261,0.26402,9.143,2648.34,0.2336,1.0797,0.09752,89.047,7.444,20.61,13.792,4.3764,0.31656,70.89,0.05576,36.54,5.16,0.5693,0.0026526,0.14064,0.00967,0.004949,0.027,16.53,118.68,1.1987,305.07,2.01,9.119,0.25638,28.05,0.5197,0.2088,533.8,0.10412,1.4793,1548.45,0.07459,3.038,0.08904,287,0.026675,1.5203
2026-09-28 07:00:00+00:00,0.0041437,0.005607,146.89,0.2424,0.029973,0.8165,0.20668,0.7006,10.354,307.14,760.54,0.90389,82914.4,1.4243,65.26,0.09247,1.1988,0.26322,9.072,2642.57,0.2293,1.0637,0.0968,88.795,7.36,20.64,13.667,4.4107,0.32033,70.24,0.05426,36.29,5.119,0.5194,0.002539,0.13887,0.009502,0.004862,0.02682,16.44,117.99,1.1783,301.11,1.982,9.058,0.25441,28.007,0.5095,0.20709,528.41,0.10184,1.4706,1540.8,0.07417,2.963,0.08678,269.8,0.025973,1.4564
2026-09-28 08:00:00+00:00,0.0041769,0.005635,147.77,0.2448,0.029832,0.8257,0.20873,0.7003,10.454,306.78,762.43,0.92109,82931.1,1.3656,65.14,0.09296,1.2058,0.26221,9.06,2649.49,0.2315,1.061,0.10774,89.233,7.435,20.42,13.687,4.3916,0.31379,70.41,0.05479,36.14,5.158,0.5189,0.0025011,0.13914,0.009536,0.004884,0.02664,16.3,118.28,1.1833,303.67,1.994,8.87,0.25528,27.944,0.5117,0.20955,528.93,0.10141,1.4806,1552.2,0.07147,2.984,0.08651,237.61,0.026662,1.5686
2026-09-28 09:00:00+00:00,0.0041558,0.005599,146.58,0.2428,0.030234,0.8126,0.20549,0.6961,10.359,306.79,759.75,0.91758,82640,1.38,64.36,0.09233,1.1874,0.25943,8.988,2639.99,0.2273,1.0456,0.11205,89.245,7.302,20.49,13.571,4.3829,0.31021,70.08,0.06011,36.27,4.98,0.51,0.0023967,0.13763,0.009453,0.004764,0.026,16.31,117.72,1.1646,298.59,1.974,8.843,0.24963,27.671,0.5056,0.211,527.68,0.0998,1.4785,1544.47,0.07059,2.966,0.08677,215.4,0.026689,1.5332
2026-09-28 10:00:00+00:00,0.0041971,0.005648,147.75,0.2452,0.030073,0.8211,0.20726,0.7008,10.501,309.06,761.58,0.91673,82928.5,1.1837,64.62,0.09297,1.1944,0.25991,9.122,2655.17,0.2293,1.0502,0.11553,89.636,7.375,20.4,13.907,4.3844,0.32297,71.3,0.05782,36.27,5.047,0.5197,0.0024087,0.13844,0.00957,0.004826,0.02655,16.35,118.4,1.168,304.26,1.992,8.922,0.2502,28.036,0.5112,0.21224,529.89,0.10114,1.4882,1555.2,0.06744,2.981,0.08463,230.57,0.026749,1.5502
2026-09-28 11:00:00+00:00,0.0042185,0.005672,147.87,0.2457,0.031659,0.8237,0.20824,0.7012,10.499,309.9,764,0.92516,83054.5,1.2726,64.81,0.09317,1.1963,0.26393,9.152,2667.87,0.231,1.0473,0.11739,89.87,7.347,20.58,14.069,4.4098,0.3316,71.29,0.05947,36.67,5.143,0.5234,0.0024088,0.1383,0.009602,0.00504,0.02747,16.45,118.66,1.1848,306.04,2.001,8.969,0.2499,27.458,0.5109,0.21244,530.2,0.10025,1.4925,1567.68,0.06938,2.979,0.08632,236.61,0.027078,1.5696
2026-09-28 12:00:00+00:00,0.0042858,0.00575,150.42,0.2521,0.030692,0.8401,0.21151,0.7102,10.542,314.16,769.9,0.91808,83546.5,1.3022,66.07,0.09447,1.1939,0.26898,9.273,2689.99,0.2349,1.067,0.11934,90.259,7.52,20.83,14.749,4.3775,0.31621,70.82,0.0609,37.23,5.204,0.5326,0.0024286,0.13959,0.009991,0.005321,0.0272,16.74,119.97,1.192,307.57,2.032,9.055,0.26019,28.509,0.5174,0.22647,533.42,0.10215,1.5229,1592.51,0.072,3.009,0.08727,233.16,0.027019,1.608
2026-09-28 13:00:00+00:00,0.0042721,0.005708,149.39,0.2489,0.03201,0.829,0.20816,0.7073,10.484,313.56,766.9,0.90865,83609.1,1.3569,65.86,0.09392,1.1909,0.26844,9.198,2689.61,0.2333,1.0589,0.1203,89.046,7.502,20.61,14.716,4.3544,0.31178,70.23,0.06054,36.29,5.22,0.5227,0.0024146,0.13821,0.009944,0.00528,0.02686,16.35,119.8,1.1803,307.02,2.013,8.983,0.25394,27.975,0.5088,0.2228,532.2,0.10206,1.52,1582.47,0.06862,2.987,0.08578,245.3,0.026905,1.5696
2026-09-28 14:00:00+00:00,0.0041631,0.005601,145.24,0.2408,0.031406,0.8037,0.20179,0.6965,10.241,308.81,759.07,0.90946,82990.5,1.392,63.54,0.09227,1.1625,0.26093,9.019,2666.18,0.226,1.0279,0.11808,87.444,7.388,19.67,14.184,4.3372,0.31113,69.53,0.0606,34.96,5.036,0.5137,0.0024207,0.13459,0.009553,0.005015,0.02678,15.62,118.03,1.1517,300.87,1.961,8.757,0.24653,26.857,0.4867,0.2169,526.53,0.09747,1.4849,1534.58,0.06686,2.928,0.08516,230.16,0.026971,1.5339
2026-09-28 15:00:00+00:00,0.0041903,0.005648,145.83,0.2444,0.031204,0.8074,0.20287,0.702,10.33,309.39,763.06,0.902,83328.4,0.9612,64.03,0.0933,1.1669,0.25877,9.115,2676.54,0.226,1.0375,0.12549,88.262,7.346,20.08,14.421,4.3452,0.31005,70.01,0.06008,35.28,4.903,0.5138,0.0024326,0.13481,0.009483,0.005099,0.02681,15.92,118.65,1.1494,299.99,1.985,8.831,0.2425,26.952,0.4871,0.22038,532.07,0.09761,1.494,1530.04,0.07309,2.957,0.08444,220.68,0.028221,1.5841
2026-09-28 16:00:00+00:00,0.0042183,0.00568,147.54,0.2463,0.032332,0.822,0.20526,0.7066,10.442,309.96,767.27,0.90492,83686.4,0.9505,65.13,0.09435,1.1831,0.25975,9.188,2686.19,0.2276,1.0581,0.12632,88.777,7.361,20.36,15.259,4.3713,0.30739,69.33,0.05996,35.92,4.95,0.5163,0.0024166,0.13613,0.009534,0.005377,0.02674,16.23,119.25,1.1627,302.67,1.998,8.898,0.24483,27.21,0.497,0.22549,539.39,0.09865,1.4991,1528.42,0.07121,3.006,0.08613,241.82,0.030377,1.5378
2026-09-28 17:00:00+00:00,0.0042385,0.005715,148.24,0.2486,0.032636,0.82,0.20586,0.7089,10.506,310.64,769.87,0.90171,83832.7,1.004,65.37,0.09456,1.1884,0.26201,9.239,2694.56,0.2308,1.0538,0.12976,88.834,7.339,20.38,15.133,4.3581,0.30742,69.38,0.05949,36.11,4.976,0.5201,0.0024626,0.13639,0.009678,0.005234,0.02674,16.32,119.68,1.1666,305.03,2.017,8.892,0.2473,27.617,0.4973,0.22597,543.68,0.0995,1.5065,1528.68,0.07266,3.042,0.08803,246.13,0.029643,1.5543
2026-09-28 18:00:00+00:00,0.0042516,0.005721,149.13,0.2493,0.032371,0.8247,0.20684,0.7096,10.518,310.61,770.69,0.89349,84000.1,0.9996,65.04,0.09488,1.188,0.26428,9.287,2698.51,0.232,1.0603,0.12743,88.715,7.466,20.48,15.242,4.4241,0.30798,69.47,0.05912,36.06,4.92,0.5199,0.0025033,0.1364,0.009654,0.005234,0.02664,16.35,119.9,1.1694,307.56,2.018,8.902,0.24655,27.749,0.4992,0.23077,542.11,0.10121,1.5117,1513.2,0.07235,3.051,0.08838,246.19,0.030413,1.5828
2026-09-28 19:00:00+00:00,0.0041521,0.00563,146.63,0.2431,0.03138,0.8101,0.201,0.6994,10.326,306.89,762.88,0.88799,83343.9,1.0105,63.62,0.09327,1.1645,0.2601,9.164,2672.04,0.2257,1.0338,0.12174,87.531,7.323,20.4,15.082,4.4662,0.30197,68.9,0.05908,35.93,4.726,0.5103,0.0025182,0.13306,0.009262,0.00509,0.02654,16.25,118.32,1.1461,303.58,1.973,8.752,0.23941,27.124,0.4821,0.22683,540.01,0.09801,1.4833,1451.19,0.0724,3.009,0.08756,241.62,0.03078,1.5407
2026-09-28 20:00:00+00:00,0.0041932,0.005671,147.74,0.246,0.031586,0.8265,0.20239,0.7008,10.462,308.07,765.52,0.89404,83500.2,1.0446,64.55,0.09394,1.1765,0.25882,9.264,2681.95,0.2291,1.0458,0.1229,88.025,7.327,20.45,15.329,4.4225,0.30488,69.01,0.05879,35.85,4.771,0.5155,0.0024698,0.13434,0.009419,0.00513,0.02684,16.2,118.78,1.1587,307.27,2.002,8.777,0.24047,27.372,0.485,0.22908,541.77,0.09907,1.4944,1457.77,0.0712,3.036,0.08767,248.52,0.02935,1.5552
2026-09-28 21:00:00+00:00,0.0041427,0.005627,145.87,0.2435,0.031348,0.8056,0.19968,0.6987,10.357,307.07,762.05,0.88303,83176,1.0695,64.05,0.09316,1.1637,0.25333,9.18,2672.98,0.2228,1.0359,0.12155,86.852,7.222,20.47,15.139,4.3983,0.30613,68.93,0.05899,35.86,4.711,0.5088,0.0024133,0.13265,0.009276,0.004925,0.02691,16.24,117.66,1.146,301.76,1.976,8.667,0.23421,27.274,0.4817,0.22521,534.16,0.09687,1.4851,1467.76,0.07255,2.997,0.08607,236.93,0.03005,1.5231
2026-09-28 22:00:00+00:00,0.0041741,0.00565,147.41,0.2453,0.031319,0.8182,0.20114,0.7037,10.479,309.85,762.75,0.88745,83514.3,1.0895,64.79,0.09348,1.1727,0.2573,9.242,2686.51,0.2237,1.0458,0.12287,87.196,7.302,20.51,15.271,4.4407,0.30429,69.12,0.06002,36.03,4.791,0.5149,0.002444,0.13316,0.009319,0.004829,0.02757,16.27,118.54,1.1609,304.6,1.997,8.729,0.23678,27.587,0.4849,0.22491,541.31,0.0973,1.4924,1476.15,0.06992,3.054,0.0873,232.15,0.030187,1.5444
2026-09-28 23:00:00+00:00,0.004211,0.005682,149.38,0.2472,0.032056,0.8294,0.20184,0.7075,10.611,310.11,764.33,0.89198,83461,1.1182,65.51,0.09389,1.1814,0.25658,9.274,2687.55,0.2246,1.0625,0.122,87.467,7.415,20.44,15.443,4.4411,0.30574,69.2,0.05886,36.01,4.819,0.5194,0.0024418,0.13416,0.009462,0.004928,0.02755,16.24,118.82,1.1671,308.07,2.008,8.801,0.23769,27.86,0.4912,0.23234,541.33,0.09833,1.4961,1482.85,0.07055,3.129,0.08787,230.53,0.030692,1.559
2026-09-29 00:00:00+00:00,0.0041663,0.005644,148.17,0.2456,0.031738,0.8258,0.19973,0.701,10.675,308.1,760.85,0.88198,83137,1.1265,64.4,0.09357,1.1668,0.25181,9.161,2675.56,0.2209,1.0556,0.12055,86.589,7.463,20.36,15.405,4.376,0.30135,68.63,0.05763,35.52,4.755,0.5153,0.0024034,0.13275,0.009338,0.004903,0.02686,16.07,118.02,1.1446,303.97,1.991,8.725,0.23372,27.389,0.4871,0.22805,538.77,0.0977,1.4874,1449.43,0.07023,3.12,0.0874,223.32,0.030325,1.5388
2026-09-29 01:00:00+00:00,0.0041211,0.005556,147.86,0.2424,0.031414,0.8131,0.19538,0.6976,10.53,304.98,757.63,0.87264,83021.6,1.124,61.16,0.09264,1.155,0.25122,9.062,2664.18,0.2174,1.0345,0.11965,86.342,7.338,20.66,15.222,4.3366,0.29855,67.82,0.05762,35.72,4.679,0.5039,0.0023428,0.13052,0.009128,0.004819,0.0266,16.07,117.07,1.1257,300.17,1.958,8.623,0.22853,26.811,0.4813,0.22703,532.33,0.09574,1.4765,1400.7,0.07179,3.09,0.08474,207.26,0.03012,1.4967
2026-09-29 02:00:00+00:00,0.0041297,0.005547,146.64,0.2404,0.03093,0.8069,0.19443,0.6975,10.352,303.5,756.56,0.85606,82935.7,1.1282,59.87,0.09224,1.1512,0.24832,8.875,2656.41,0.2171,1.0172,0.1181,86.351,7.26,20.49,15.007,4.3289,0.29888,67.57,0.05894,35.66,4.59,0.4969,0.0023014,0.129,0.00904,0.004696,0.02706,15.98,116.88,1.1113,298.33,1.948,8.537,0.22918,26.198,0.4686,0.22483,537.8,0.09448,1.4754,1376.17,0.08034,3.089,0.0816,224.59,0.033065,1.5042
2026-09-29 03:00:00+00:00,0.0041661,0.005579,147.46,0.2425,0.030896,0.8178,0.19642,0.7034,10.419,304.62,759.03,0.85594,83034.1,1.1521,59.52,0.09308,1.1571,0.25002,8.949,2664.11,0.218,1.031,0.11855,86.875,7.306,20.36,14.856,4.3479,0.30164,67.79,0.06081,35.71,4.641,0.5085,0.002265,0.12974,0.009163,0.004803,0.02735,15.99,117.81,1.1151,300.87,1.963,8.578,0.23238,26.837,0.4741,0.22671,539.78,0.09588,1.4886,1377.99,0.07781,3.231,0.08179,237.46,0.031044,1.5137
2026-09-29 04:00:00+00:00,0.0041646,0.005578,149.47,0.2429,0.030607,0.8132,0.19704,0.709,10.46,305.62,757.37,0.85568,83165.7,1.166,59.59,0.09304,1.1561,0.25012,8.994,2666.93,0.2192,1.029,0.12042,87.144,7.292,20.29,14.742,4.3368,0.29693,67.79,0.06197,35.64,4.639,0.51,0.0022132,0.12952,0.009182,0.004854,0.02653,15.91,117.64,1.1199,301.12,1.961,8.569,0.22907,27.471,0.4749,0.22546,541.38,0.09619,1.485,1364.99,0.08164,3.242,0.08097,242.8,0.02759,1.5169
2026-09-29 05:00:00+00:00,0.0041929,0.005607,154.09,0.2451,0.031265,0.8234,0.19906,0.7139,10.62,306.88,759.82,0.84534,83398.7,1.1692,60.07,0.09381,1.1653,0.25212,9.035,2675.4,0.2219,1.0451,0.11944,87.578,7.367,20.43,14.858,4.3373,0.29318,68.07,0.0616,35.72,4.7,0.5094,0.0022429,0.12983,0.009339,0.004923,0.0268,15.97,118.21,1.1222,303.43,1.974,8.677,0.23184,27.323,0.4826,0.22511,539.97,0.09692,1.4934,1387.5,0.07444,3.28,0.08108,241.79,0.030728,1.5262
2026-09-29 06:00:00+00:00,0.0042142,0.005685,156.21,0.249,0.032312,0.8261,0.20077,0.714,10.978,310.67,766.71,0.85689,83964.9,1.1919,60.6,0.09471,1.1729,0.25362,9.138,2705.69,0.2266,1.0464,0.11766,87.97,7.485,20.79,14.979,4.3965,0.29826,68.56,0.06356,36.88,4.737,0.5194,0.0022376,0.13116,0.009434,0.004881,0.02658,16.46,119.2,1.1364,308.83,1.998,8.774,0.23533,27.871,0.4924,0.22787,542.53,0.10067,1.5053,1410.27,0.08591,3.307,0.08298,249.76,0.027418,1.5721
2026-09-29 07:00:00+00:00,0.0042661,0.00575,163.8,0.2521,0.031897,0.8367,0.20381,0.7171,11.451,310.96,766.18,0.85277,83947,1.2235,61.07,0.09502,1.2007,0.25169,9.235,2711.49,0.2277,1.0586,0.11686,88.484,7.614,20.94,15.196,4.4255,0.29895,68.75,0.06319,37.08,4.748,0.5243,0.0022537,0.13184,0.009578,0.005011,0.02658,16.55,119.48,1.1526,313.7,2.018,8.937,0.23418,28.161,0.5023,0.23044,542.86,0.10078,1.5073,1423.32,0.08482,3.354,0.08254,263.81,0.026442,1.5559
2026-09-29 08:00:00+00:00,0.0042549,0.005747,167.57,0.2527,0.031389,0.8282,0.2047,0.7199,11.378,310.51,764.26,0.84393,83842.9,1.2658,61.1,0.09496,1.1909,0.25188,9.214,2707.58,0.2292,1.0642,0.11812,88.103,7.594,20.97,15.3,4.4646,0.30353,68.4,0.06204,37,4.767,0.5191,0.0022828,0.1317,0.009625,0.005036,0.02652,16.55,119.12,1.1433,315.09,2.016,9.005,0.23268,28.21,0.499,0.22911,543.12,0.10085,1.5002,1406.46,0.08234,3.36,0.08188,251.92,0.025647,1.5552
2026-09-29 09:00:00+00:00,0.0042872,0.005809,165.72,0.2536,0.031382,0.8324,0.20814,0.7234,11.548,312.06,765.4,0.84067,84214.3,1.2416,61.63,0.09552,1.215,0.2525,9.243,2716.82,0.2303,1.0727,0.11826,88.498,7.625,20.8,15.457,4.4332,0.30162,68.71,0.06281,36.9,4.77,0.5276,0.0024477,0.13251,0.00968,0.005019,0.02646,16.55,119.87,1.1671,313.4,2.029,9.056,0.23368,28.262,0.499,0.23142,544.52,0.09994,1.5104,1422.87,0.08168,3.306,0.08243,262.22,0.022544,1.5662
2026-09-29 10:00:00+00:00,0.0042683,0.005786,168.42,0.2514,0.031103,0.834,0.20871,0.7256,11.56,311.64,764.67,0.83974,83986.4,1.3112,61.23,0.09498,1.2083,0.25049,9.243,2713.74,0.2287,1.0791,0.11702,88.343,7.563,21.09,15.307,4.4139,0.30777,68.69,0.06269,37.17,4.767,0.5209,0.0024275,0.13205,0.009619,0.00505,0.02668,16.63,119.37,1.1696,313.54,2.024,9.042,0.23212,28.093,0.499,0.2296,541.16,0.09903,1.5076,1418.57,0.07858,3.304,0.0813,252.17,0.020681,1.5581
2026-09-29 11:00:00+00:00,0.0043028,0.005834,171.28,0.2538,0.03092,0.8484,0.21368,0.729,11.841,313.12,767.14,0.84823,84310.8,1.2884,62.25,0.09571,1.2224,0.25459,9.313,2731.13,0.2347,1.0844,0.11849,88.572,7.701,21.14,15.342,4.4831,0.30885,68.99,0.06166,37.13,4.913,0.5241,0.0024469,0.13462,0.009845,0.005607,0.02646,16.66,120.08,1.1802,316.36,2.036,9.201,0.2408,27.969,0.5051,0.23357,544.56,0.10145,1.5165,1448.99,0.07497,3.348,0.0842,252.66,0.020948,1.5982
2026-09-29 12:00:00+00:00,0.0043345,0.00587,173.77,0.2524,0.031128,0.8404,0.21288,0.7256,11.726,312.22,766,0.84825,84280.5,1.3097,61.6,0.09586,1.2092,0.25441,9.299,2735.82,0.2309,1.0749,0.1139,88.009,7.7,21.11,15.255,4.4509,0.30696,68.69,0.06064,36.87,4.854,0.5175,0.0024066,0.13275,0.009997,0.005749,0.02644,16.53,120.8,1.1753,313.6,2.052,9.071,0.2372,27.344,0.5005,0.23195,544.66,0.09999,1.5464,1441.27,0.07543,3.326,0.08324,253.94,0.021095,1.6214
2026-09-29 13:00:00+00:00,0.0043619,0.005862,173.37,0.2519,0.030768,0.8386,0.21147,0.7271,11.626,311.2,765.26,0.83923,84157.5,1.2942,61.89,0.09579,1.2093,0.25797,9.263,2725.66,0.2316,1.0765,0.11312,88.027,7.723,21.05,15.125,4.4803,0.31288,68.3,0.06097,37.17,4.997,0.516,0.0024309,0.13363,0.009956,0.005703,0.02637,16.34,120.92,1.162,314.68,2.082,9.063,0.25078,27.374,0.4989,0.23231,541.67,0.10051,1.5477,1455.01,0.07169,3.444,0.08273,251.22,0.020326,1.6687
2026-09-29 14:00:00+00:00,0.0043503,0.005881,174.41,0.252,0.031096,0.8457,0.21018,0.7255,11.503,311.04,764.2,0.8244,83709.7,1.3052,61.61,0.09548,1.2169,0.25515,9.295,2709.72,0.2302,1.1073,0.1142,87.426,7.724,21.4,15.092,4.5129,0.31276,68.42,0.06193,37.62,4.998,0.5176,0.002412,0.13498,0.009943,0.005734,0.02654,16.63,120.15,1.1634,314.67,2.085,8.997,0.24371,27.112,0.5115,0.23035,546.51,0.10104,1.545,1434.6,0.07229,3.414,0.0798,238.67,0.019992,1.6968
2026-09-29 15:00:00+00:00,0.0042373,0.005763,169.95,0.2441,0.03041,0.8096,0.20563,0.7166,11.207,306.93,753.93,0.82541,83039.2,1.3086,60.24,0.09369,1.1822,0.24979,9.084,2672.82,0.2233,1.0836,0.11223,86.219,7.581,21.22,14.787,4.4277,0.30601,67.42,0.06267,36.93,4.967,0.5063,0.0024049,0.13123,0.009743,0.005745,0.02634,16.24,118.16,1.1376,306.71,2.05,8.86,0.23389,26.702,0.4961,0.22639,539.38,0.09916,1.5174,1390.7,0.07101,3.388,0.07788,249.43,0.019526,1.6605
2026-09-29 16:00:00+00:00,0.0042048,0.005734,167.98,0.2418,0.030723,0.8052,0.20464,0.7184,11.144,306.69,753.97,0.83255,83023.1,1.3173,60.1,0.09329,1.1748,0.24839,9.026,2674.36,0.2218,1.0624,0.10544,86.085,7.584,20.95,14.702,4.4321,0.30401,67.86,0.06118,36.9,4.931,0.5023,0.0024063,0.13033,0.00964,0.005684,0.02596,16.19,118.01,1.1364,309.87,2.022,8.802,0.23337,26.768,0.491,0.22304,548.34,0.09874,1.4852,1392.5,0.07075,3.365,0.08012,246.19,0.019181,1.6021
2026-09-29 17:00:00+00:00,0.0041941,0.005707,166.24,0.2413,0.030259,0.7832,0.20433,0.7207,11.087,304.53,751.96,0.83055,83042.7,1.3049,60.24,0.0932,1.1647,0.24564,9.013,2672.4,0.2214,1.0592,0.10371,85.305,7.604,20.91,14.545,4.4418,0.30351,67.07,0.06059,36.92,4.82,0.5005,0.0024053,0.12917,0.009599,0.005639,0.02565,16.22,117.66,1.1324,305.46,2.016,8.831,0.23344,26.595,0.4853,0.22059,543.56,0.09727,1.4813,1398.25,0.07125,3.331,0.07829,250.94,0.018832,1.5276
2026-09-29 18:00:00+00:00,0.0042486,0.005793,165.41,0.2448,0.03087,0.7962,0.2067,0.7284,11.278,307.49,756.1,0.82699,83614.1,1.3251,61.45,0.09412,1.1868,0.25023,9.142,2694.52,0.2237,1.0725,0.10488,86.472,7.659,21.42,14.573,4.5225,0.30233,67.5,0.05966,37.14,5.072,0.5096,0.0024214,0.13096,0.010004,0.0058,0.02578,16.45,119.11,1.1474,308.53,2.045,8.989,0.24701,27.328,0.4949,0.22247,542.53,0.09874,1.499,1426.47,0.07178,3.399,0.08282,267.85,0.0187,1.5724
2026-09-29 19:00:00+00:00,0.0042257,0.005744,165.52,0.2432,0.030269,0.7924,0.20512,0.7261,11.327,307.19,755.68,0.80583,83562.4,1.3516,60.73,0.09363,1.1891,0.24995,9.106,2688.69,0.2265,1.0677,0.10403,85.044,7.664,21.48,14.627,4.4573,0.29858,67.26,0.06007,36.67,4.964,0.5106,0.0024359,0.12973,0.009845,0.005867,0.02536,16.56,118.76,1.1455,303.14,2.027,8.963,0.23876,27.104,0.4934,0.22069,538.94,0.09669,1.4928,1393.4,0.07025,3.42,0.0812,265.74,0.018701,1.5689
2026-09-29 20:00:00+00:00,0.0042636,0.005761,166.03,0.2446,0.03058,0.7993,0.20744,0.7269,11.457,308.12,758.45,0.80521,83580.2,1.3729,61.08,0.094,1.1961,0.25203,9.121,2688.18,0.2298,1.0818,0.10354,86.035,7.755,21.45,14.691,4.4995,0.30188,67.27,0.06059,36.84,4.975,0.5078,0.0024391,0.13058,0.009967,0.005889,0.02539,16.51,118.99,1.1571,304.49,2.041,8.988,0.24065,27.185,0.4945,0.22311,541.66,0.09666,1.4959,1404.36,0.07083,3.476,0.08146,266.39,0.018593,1.5897
2026-09-29 21:00:00+00:00,0.004267,0.005763,166.7,0.2441,0.030109,0.7937,0.20643,0.7249,11.433,308.64,757.56,0.81278,83470.3,1.3844,61.02,0.09407,1.1979,0.25082,9.134,2678.28,0.226,1.0792,0.10308,85.937,7.697,21.41,14.693,4.4726,0.29933,67.1,0.06182,37.04,4.949,0.5066,0.0024099,0.13006,0.009966,0.005803,0.02552,16.53,118.87,1.1518,302.05,2.038,8.926,0.23938,27.109,0.4891,0.22323,544.23,0.0968,1.4952,1410.27,0.0713,3.438,0.08047,265,0.017756,1.6088
2026-09-29 22:00:00+00:00,0.0042573,0.005747,166.06,0.2445,0.030324,0.7933,0.20606,0.7263,11.415,308.36,759.37,0.81691,83574.9,1.3883,61.13,0.09398,1.1928,0.25151,9.09,2680.66,0.224,1.0734,0.10288,86.279,7.663,21.35,14.674,4.4415,0.30101,67.02,0.06212,37.03,4.981,0.5047,0.0023724,0.12938,0.009908,0.00588,0.02556,16.53,119.05,1.1494,300.27,2.025,8.916,0.2406,27.277,0.4878,0.22336,544.89,0.09658,1.4929,1422.74,0.07154,3.429,0.0798,260.29,0.017451,1.6671
2026-09-29 23:00:00+00:00,0.0042531,0.005758,165.21,0.2443,0.030389,0.7898,0.20342,0.7251,11.433,307.62,759.2,0.82157,83624.5,1.3895,60.74,0.09385,1.1927,0.24833,9.083,2676.94,0.2227,1.0579,0.10236,86.023,7.615,21.5,14.598,3.9288,0.29813,66.8,0.06199,37.13,4.883,0.5017,0.0023524,0.12873,0.009968,0.005885,0.02567,16.51,119.09,1.1519,300.53,2.026,8.884,0.23953,27.043,0.4833,0.22223,542.39,0.09574,1.49,1416.79,0.06893,3.436,0.07818,266.64,0.016975,1.6672
2026-09-30 00:00:00+00:00,0.0042575,0.005764,162.15,0.2443,0.030534,0.7892,0.20372,0.7402,11.42,307.9,760.2,0.81528,83415.9,1.3878,60.94,0.0936,1.2002,0.2483,9.053,2671.43,0.2235,1.0584,0.10154,86.251,7.682,21.21,14.485,3.8942,0.30101,66.97,0.0613,37.01,5.015,0.506,0.0023504,0.12958,0.01001,0.005843,0.02586,16.49,118.89,1.1464,300.6,2.047,8.839,0.24392,27.231,0.4901,0.2215,541.83,0.09666,1.4915,1423.92,0.0677,3.456,0.07827,271.29,0.017113,1.7491
2026-09-30 01:00:00+00:00,0.0042955,0.005791,160.8,0.245,0.03077,0.7933,0.20423,0.7447,11.397,307.56,760.66,0.80007,83413.8,1.4073,61.26,0.09393,1.2088,0.24899,9.087,2671.1,0.2229,1.0666,0.10313,86.32,7.73,20.98,14.422,3.8604,0.30251,67.31,0.06117,37.02,5.007,0.5032,0.002387,0.13048,0.010131,0.005871,0.0263,16.5,119.38,1.1612,304.03,2.076,8.854,0.2432,27.089,0.4933,0.22169,543.74,0.09725,1.4968,1421.76,0.06637,3.479,0.07928,282.84,0.018175,1.7561
2026-09-30 02:00:00+00:00,0.0042843,0.005783,160.3,0.2454,0.03109,0.7919,0.20347,0.7462,11.373,307.14,763.22,0.80412,83348.8,1.4109,61.13,0.09386,1.2112,0.24949,9.047,2673.39,0.2213,1.0658,0.10334,86.219,7.644,20.72,14.488,3.7902,0.29854,67.11,0.06062,36.94,4.961,0.5001,0.0023477,0.13048,0.009936,0.005866,0.02583,16.4,119.63,1.1617,303.39,2.075,8.817,0.2415,27.251,0.4906,0.22076,544.92,0.09645,1.5004,1415.33,0.06389,3.367,0.08004,282.94,0.017626,1.7782
2026-09-30 03:00:00+00:00,0.0042508,0.005742,159.53,0.2436,0.030847,0.7881,0.20183,0.7465,11.273,305.33,761.17,0.79088,83270,1.4123,60.57,0.09335,1.2031,0.24481,9.053,2670.36,0.2201,1.0544,0.10441,85.907,7.62,20.66,14.366,3.6811,0.29524,67,0.06003,37.12,4.879,0.4972,0.0023286,0.12918,0.009827,0.005726,0.0255,16.44,119.08,1.1473,300.49,2.058,8.772,0.23759,26.845,0.489,0.22127,540.42,0.09538,1.4927,1402.78,0.06316,3.359,0.0796,295.95,0.018053,1.7838
2026-09-30 04:00:00+00:00,0.0042746,0.005767,160.79,0.2439,0.031717,0.7963,0.20138,0.7508,11.275,306.61,762.71,0.78225,83170,1.321,60.76,0.09333,1.2076,0.2455,9.073,2668.68,0.2203,1.0605,0.10374,85.546,7.679,20.66,14.345,3.7364,0.29864,67,0.05959,37.09,4.937,0.5013,0.0023301,0.12983,0.009871,0.00572,0.02598,16.49,118.72,1.1544,303.24,2.052,8.826,0.23868,26.841,0.4949,0.22158,542.99,0.09609,1.4928,1406.74,0.06122,3.416,0.08112,283.46,0.019879,1.8558
2026-09-30 05:00:00+00:00,0.0043169,0.005797,162.85,0.2457,0.032397,0.7962,0.20295,0.7559,11.277,307.88,764.76,0.78989,83347.4,1.1837,60.76,0.09391,1.2068,0.24666,9.119,2674.03,0.221,1.0685,0.10448,85.947,7.717,20.68,14.421,3.7771,0.30035,67.17,0.05954,37.06,4.973,0.5049,0.0023383,0.13029,0.009829,0.005736,0.0256,16.47,119.05,1.1627,304.68,2.056,8.858,0.23851,26.693,0.5003,0.22284,543.63,0.09747,1.5027,1405.54,0.06294,3.448,0.08395,283.95,0.020033,1.8497
2026-09-30 06:00:00+00:00,0.0042561,0.005739,159.5,0.2424,0.0319,0.7817,0.20105,0.7464,11.098,305.67,757.78,0.77796,83004,1.1017,60.1,0.09298,1.1932,0.2456,9.012,2660.77,0.2184,1.0529,0.1046,85.301,7.584,20.63,14.288,3.8177,0.29699,66.57,0.05925,36.97,4.869,0.499,0.0022909,0.12872,0.009681,0.005651,0.02565,16.4,118.06,1.1577,300.12,2.013,8.746,0.23518,26.694,0.4952,0.22098,538.78,0.09499,1.4922,1396.38,0.06072,3.372,0.0842,285.41,0.022133,1.7969
2026-09-30 07:00:00+00:00,0.0042965,0.005777,159.21,0.2445,0.032522,0.7861,0.20289,0.7586,11.103,307.95,760.05,0.76016,83258.8,1.0532,60.7,0.09374,1.2035,0.24838,9.087,2673.53,0.2169,1.0604,0.10601,86.113,7.664,20.82,14.296,3.7571,0.29844,66.84,0.05975,37.19,5.057,0.4976,0.0022904,0.13048,0.009875,0.005765,0.02624,16.64,118.41,1.1653,301,2.038,8.818,0.23795,27.116,0.5015,0.22473,538.47,0.09585,1.4998,1413.35,0.05748,3.438,0.08717,285.16,0.020381,1.7917
2026-09-30 08:00:00+00:00,0.0043107,0.005788,160.22,0.2448,0.034656,0.7922,0.20383,0.7669,11.097,308.22,760.23,0.76466,83022.3,1.0473,60.84,0.09359,1.2254,0.25683,9.081,2670.15,0.2187,1.0697,0.10601,86.274,7.662,20.68,14.287,3.8057,0.30085,66.75,0.06071,36.86,5.069,0.4987,0.0023095,0.1324,0.009896,0.00578,0.02636,16.45,118.18,1.1578,302.24,2.038,8.801,0.23745,26.97,0.5144,0.22446,541.98,0.09614,1.4967,1401.75,0.05848,3.471,0.08857,283.43,0.020086,1.7631
2026-09-30 09:00:00+00:00,0.0043438,0.005816,160.67,0.2474,0.033753,0.8026,0.20327,0.7653,11.167,309.67,765.26,0.76155,83595.8,1.0409,61.34,0.09423,1.2437,0.25873,9.133,2687.43,0.2207,1.0746,0.1059,86.443,7.679,20.56,14.36,3.8523,0.30098,67.07,0.06203,36.88,5.082,0.5036,0.0023055,0.13351,0.00992,0.00575,0.02767,16.52,119.29,1.1596,302.7,2.057,8.825,0.23792,26.878,0.5132,0.22756,541.94,0.09682,1.5098,1409.29,0.05713,3.416,0.0867,284.13,0.018838,1.7563
2026-09-30 10:00:00+00:00,0.004354,0.00583,160.07,0.2483,0.034113,0.8013,0.20399,0.7606,11.178,311.46,771.14,0.77261,83875.4,1.1106,61.97,0.09537,1.228,0.25723,9.156,2694.27,0.2202,1.0737,0.1067,86.821,7.666,20.6,14.399,3.9366,0.30411,67.43,0.06198,36.99,5.279,0.5064,0.0022946,0.13238,0.010293,0.005753,0.02668,16.53,119.83,1.156,306.23,2.067,8.889,0.24161,27.219,0.5132,0.22693,542.11,0.09736,1.5121,1431.73,0.05829,3.435,0.08904,295.97,0.018404,1.7483
2026-09-30 11:00:00+00:00,0.0043569,0.005842,161.87,0.2484,0.031882,0.8043,0.20387,0.761,11.137,310.92,770.6,0.76339,83883,1.1923,62,0.0958,1.2278,0.25594,9.16,2696.42,0.223,1.0738,0.10925,86.54,7.632,20.47,14.428,3.9028,0.30414,67.62,0.06134,36.92,5.297,0.5059,0.0022776,0.13282,0.010099,0.005742,0.02641,16.51,119.47,1.1501,306.03,2.071,8.898,0.23916,27.077,0.5424,0.22856,542.71,0.09826,1.5154,1424.55,0.05724,3.424,0.09644,316.55,0.020805,1.7465
2026-09-30 12:00:00+00:00,0.0044204,0.005941,163.99,0.2537,0.032424,0.8157,0.20882,0.7667,11.319,314.83,777.32,0.75687,85259.8,1.1591,62.7,0.09729,1.2503,0.26188,9.262,2730.01,0.2286,1.0842,0.10871,87.115,7.67,20.94,14.723,3.9458,0.30753,68.17,0.06194,37.58,5.327,0.5192,0.0023111,0.1349,0.010342,0.00576,0.02693,16.66,121.87,1.1881,312.55,2.096,9.184,0.25533,27.997,0.5448,0.23049,545.69,0.09889,1.5341,1458.18,0.05791,3.516,0.09638,307.07,0.023035,1.7758
2026-09-30 13:00:00+00:00,0.0044119,0.005902,162.32,0.2515,0.032759,0.8054,0.20784,0.7725,11.102,309.84,771.99,0.74281,84605.2,1.2581,61.97,0.09623,1.2415,0.27716,9.15,2708.94,0.2255,1.07,0.10803,86.373,7.526,20.61,14.549,3.9846,0.30418,67.38,0.06125,36.97,5.339,0.5129,0.0022667,0.13293,0.010271,0.005664,0.02702,16.69,120.99,1.1804,309.45,2.091,8.984,0.25371,28.064,0.5505,0.22697,545.71,0.09786,1.5195,1465.99,0.05426,3.46,0.09182,291.86,0.025425,1.7983
2026-09-30 14:00:00+00:00,0.0043187,0.005831,159.36,0.2447,0.034191,0.788,0.20194,0.7731,10.88,305.15,766.85,0.74771,83762.5,1.2612,61.12,0.09473,1.2231,0.26408,9.006,2676.61,0.2217,1.0537,0.10739,85.534,7.354,20.29,14.2,3.9504,0.2998,66.57,0.06045,37.43,5.261,0.5001,0.0022315,0.13013,0.009887,0.005645,0.02702,16.81,118.72,1.1601,303.17,2.077,8.833,0.24081,27.82,0.5395,0.22204,540.53,0.0948,1.4964,1429.19,0.05325,3.428,0.09248,293.82,0.025076,1.7151
2026-09-30 15:00:00+00:00,0.0043378,0.005845,159.94,0.247,0.033487,0.7935,0.20485,0.7729,10.949,307.47,770.19,0.73971,84104.9,1.2678,61.66,0.09534,1.2332,0.26924,9.021,2682.31,0.224,1.06,0.10803,87.668,7.384,20.24,14.242,4.0181,0.30027,67.09,0.05985,37.3,5.307,0.5011,0.0022412,0.13168,0.009927,0.005703,0.02642,16.82,119.25,1.1853,306.46,2.09,9.013,0.24819,28.211,0.5354,0.22229,541.73,0.09539,1.5047,1442.29,0.05211,3.458,0.08988,297.9,0.025526,1.7218
2026-09-30 16:00:00+00:00,0.0043616,0.005839,161.34,0.2495,0.032801,0.795,0.20621,0.7635,11.022,309.99,770.78,0.73046,84318.3,1.313,61.79,0.09521,1.2447,0.27166,9.034,2694.74,0.226,1.0639,0.10782,90.307,7.408,20.12,14.439,3.9977,0.30047,67.41,0.06011,37.25,5.42,0.5123,0.0022296,0.1325,0.010013,0.005878,0.02631,16.74,120.29,1.1957,309.14,2.078,9.007,0.25093,28.074,0.5454,0.22556,546.22,0.09594,1.5114,1468.39,0.05043,3.466,0.08897,300.79,0.026201,1.7497
2026-09-30 17:00:00+00:00,0.0043258,0.005754,159.68,0.246,0.031564,0.7878,0.20414,0.7544,10.994,307.95,769.88,0.71681,84000,1.3364,61.15,0.09437,1.2407,0.26598,8.89,2681.61,0.2227,1.04,0.10649,89.183,7.335,19.9,14.37,3.9423,0.29784,66.62,0.05958,36.97,5.372,0.5047,0.0021932,0.13043,0.009885,0.005887,0.02594,16.67,119.13,1.1732,304.38,2.038,8.856,0.24677,27.672,0.5334,0.22526,546.59,0.09389,1.4989,1447.52,0.04887,3.429,0.08719,300.96,0.026605,1.6887
2026-09-30 18:00:00+00:00,0.0042819,0.005738,158.74,0.2439,0.030986,0.779,0.20335,0.7509,10.952,307.39,769.1,0.71085,83914.1,1.3566,60.6,0.09412,1.2287,0.26475,8.823,2678.01,0.2222,1.0326,0.10712,89.559,7.313,19.82,14.344,3.9127,0.29473,66.12,0.06016,36.93,5.389,0.488,0.0021885,0.12929,0.009728,0.005874,0.02578,16.78,118.65,1.1613,302.3,2.027,8.857,0.24066,27.581,0.5305,0.22609,546.2,0.0916,1.4948,1419.6,0.04691,3.397,0.08591,296.92,0.026645,1.6758
2026-09-30 19:00:00+00:00,0.0042656,0.005726,158.05,0.2425,0.030642,0.7706,0.20192,0.7563,10.89,304.73,765.87,0.71043,83568.6,1.339,60.11,0.09399,1.2218,0.26285,8.804,2668.5,0.2238,1.0287,0.10845,88.727,7.299,20.03,14.233,3.8385,0.28989,66.26,0.05988,36.84,5.309,0.4895,0.0021771,0.12883,0.009611,0.005773,0.02568,16.76,117.17,1.147,299.64,2.025,8.832,0.23754,27.323,0.5311,0.22654,542.75,0.09173,1.4883,1418,0.03939,3.397,0.08558,295.97,0.026531,1.6645
2026-09-30 20:00:00+00:00,0.0042961,0.005761,158.8,0.2445,0.031161,0.768,0.20449,0.7622,10.925,306.05,768.07,0.70235,83636.4,1.3406,60.32,0.09437,1.2293,0.26244,8.831,2681.29,0.2253,1.0388,0.10873,90.132,7.41,20.29,14.304,3.8224,0.28836,66.53,0.06037,37.3,5.329,0.4952,0.0021637,0.12943,0.009675,0.005861,0.02514,16.79,117.98,1.163,301.81,2.045,8.85,0.23596,27.599,0.5352,0.22696,541.62,0.09257,1.491,1423.17,0.03187,3.341,0.08586,284.59,0.026336,1.675
2026-09-30 21:00:00+00:00,0.0042691,0.005736,158.69,0.2443,0.031833,0.7648,0.20252,0.7627,10.913,304.83,767.45,0.69861,83720,1.295,60.05,0.09423,1.2219,0.25868,8.81,2682.97,0.2252,1.035,0.10669,91.142,7.376,20.18,14.352,4.0014,0.28298,66.75,0.05967,36.15,5.278,0.4944,0.0021594,0.1286,0.009564,0.005894,0.02516,16.55,117.98,1.1583,300.29,2.039,8.801,0.23702,27.632,0.5341,0.22609,541.51,0.09396,1.4881,1417.18,0.03592,3.312,0.08519,282.93,0.025993,1.7282
2026-09-30 22:00:00+00:00,0.0042801,0.005765,159.41,0.2476,0.031507,0.7716,0.20324,0.7621,10.946,305.93,769.85,0.70011,83648,1.3031,60.52,0.09444,1.226,0.26734,8.86,2685.68,0.2269,1.0404,0.10524,91.36,7.4,20.37,14.371,3.9975,0.28382,67.1,0.06118,36.69,5.33,0.5003,0.0021993,0.12955,0.009606,0.005916,0.02471,16.68,118.08,1.1639,302.43,2.055,8.87,0.24143,27.711,0.539,0.22749,541.44,0.09401,1.4885,1430.92,0.03556,3.317,0.08498,287.08,0.02635,1.7622
2026-09-30 23:00:00+00:00,0.0042766,0.005753,159.37,0.2466,0.031683,0.77,0.20288,0.7573,10.933,306.14,769.73,0.70163,83576.9,1.3293,60.52,0.0945,1.2228,0.26473,8.888,2684.68,0.229,1.0426,0.10473,90.965,7.411,20.3,14.359,3.953,0.28508,67.19,0.0605,36.85,5.339,0.4995,0.002199,0.12953,0.009606,0.005923,0.02502,16.68,118.05,1.1636,300.79,2.052,8.876,0.2382,27.781,0.5353,0.22632,545.5,0.09485,1.4892,1438.11,0.03587,3.333,0.08626,286.86,0.02691,1.7396
2026-10-01 00:00:00+00:00,0.0042803,0.005751,159.32,0.2462,0.031248,0.7841,0.20234,0.7537,10.844,306.44,770.69,0.69292,83460,1.3373,60.08,0.09449,1.2264,0.2658,8.907,2683.33,0.2318,1.0471,0.10408,89.801,7.417,20.19,14.365,3.894,0.27817,67.26,0.06011,36.77,5.285,0.5037,0.00218,0.13032,0.009627,0.005804,0.02465,16.72,117.93,1.1739,300.73,2.061,8.84,0.23562,27.358,0.5398,0.22737,546.14,0.09486,1.4899,1421.76,0.03919,3.322,0.08568,293,0.025887,1.7081
2026-10-01 01:00:00+00:00,0.0042797,0.005737,161.16,0.2471,0.03117,0.7819,0.20239,0.7521,10.861,305.85,769.45,0.69866,83472.4,1.3335,59.62,0.09469,1.2227,0.26397,8.87,2688.41,0.2295,1.0435,0.1039,89.509,7.367,20.03,14.364,3.9017,0.2782,67.02,0.0601,36.51,5.232,0.504,0.0021902,0.12831,0.009601,0.005758,0.02491,16.73,118.03,1.1724,300.29,2.051,8.847,0.23407,27.258,0.5369,0.22893,546.82,0.09475,1.4887,1417.97,0.04188,3.355,0.08515,295.44,0.024415,1.7006
2026-10-01 02:00:00+00:00,0.004328,0.005786,162.7,0.2489,0.031265,0.7842,0.20431,0.7517,11.056,306.11,768.97,0.70423,83446.3,1.3132,60.19,0.09521,1.2357,0.26864,8.931,2685.69,0.2313,1.0513,0.10446,89.446,7.412,20.56,14.413,3.9552,0.27685,67.36,0.06086,36.55,5.292,0.5053,0.0021918,0.12907,0.009759,0.005722,0.02529,16.88,118.13,1.1827,304.47,2.248,8.837,0.23546,27.301,0.5371,0.22735,545.79,0.09571,1.4923,1413.8,0.03892,3.407,0.08768,293.44,0.026652,1.6908
2026-10-01 03:00:00+00:00,0.0043735,0.005823,165.81,0.2509,0.032099,0.7874,0.20455,0.7536,11.117,308.12,769.99,0.73155,83724.5,1.3459,60.5,0.09573,1.2521,0.26897,9.004,2695.15,0.2341,1.0569,0.10535,88.805,7.465,20.76,14.501,4.0422,0.28035,67.51,0.06017,36.91,5.389,0.5077,0.0021813,0.13026,0.009938,0.00576,0.02519,17.35,118.64,1.1766,306.8,2.177,8.881,0.23791,27.206,0.5377,0.2286,549.2,0.09725,1.5002,1424.49,0.03881,3.418,0.08733,296.33,0.026375,1.7119
2026-10-01 04:00:00+00:00,0.0043651,0.005806,165.72,0.2526,0.031566,0.7851,0.20557,0.7546,11.118,307.79,770,0.71166,84072.9,1.3673,60.44,0.09573,1.2449,0.27224,8.988,2706.5,0.2351,1.0497,0.10619,88.792,7.57,20.84,14.483,4.0688,0.28137,67.5,0.05988,37.02,5.423,0.5091,0.0021765,0.13091,0.009841,0.005799,0.02514,17.36,119.05,1.1711,307.61,2.142,8.946,0.242,27.573,0.532,0.22824,550.04,0.0972,1.5037,1437.74,0.03841,3.382,0.08649,290.89,0.023715,1.7201
2026-10-01 05:00:00+00:00,0.0043876,0.005829,167.7,0.2536,0.031826,0.783,0.20752,0.7662,11.132,309.08,772.35,0.72176,84259.9,1.3891,60.69,0.09582,1.2411,0.27402,9.044,2717.05,0.2397,1.0487,0.10617,89.34,7.694,21.02,14.483,4.0614,0.27896,67.33,0.05967,37.52,5.486,0.5096,0.0021885,0.13165,0.009906,0.005878,0.02511,17.57,119.36,1.1756,309.21,2.153,8.962,0.24715,28.144,0.533,0.22828,553.33,0.0983,1.5081,1436.95,0.04068,3.353,0.08646,288.63,0.018834,1.7189
2026-10-01 06:00:00+00:00,0.0043918,0.005812,167.93,0.2536,0.031903,0.783,0.20565,0.7663,11.132,308.63,771.1,0.73082,84082.1,1.3896,60.52,0.09575,1.2492,0.27215,9.045,2714.21,0.2427,1.0488,0.10598,89.654,7.653,20.97,14.447,4.0581,0.27735,67.38,0.05916,37.42,5.453,0.5095,0.0021757,0.1316,0.009851,0.005855,0.02481,17.66,119.19,1.1758,311.08,2.139,8.975,0.24451,28.093,0.5428,0.22752,552.85,0.09774,1.5053,1439.21,0.04346,3.35,0.0857,295.9,0.022236,1.7251
2026-10-01 07:00:00+00:00,0.0043119,0.005737,164.69,0.2485,0.032052,0.7738,0.19951,0.7541,10.962,305.48,764.05,0.74223,83381.6,1.3966,59.62,0.09424,1.2296,0.2624,8.904,2675.92,0.2358,1.0225,0.10486,88.842,7.496,20.43,14.216,3.9687,0.27577,66.95,0.06003,37.05,5.282,0.4999,0.0021768,0.12876,0.009638,0.005619,0.0247,17.36,117.42,1.144,305.18,2.048,8.79,0.23537,27.644,0.5194,0.22366,545.17,0.09642,1.4859,1407.56,0.04325,3.296,0.08547,300.86,0.022699,1.6874
2026-10-01 08:00:00+00:00,0.0043362,0.005753,165.56,0.2466,0.032539,0.7793,0.20138,0.748,11.119,307.41,766.68,0.73129,83525.1,1.4109,59.74,0.09441,1.2295,0.26055,8.902,2685.66,0.2345,1.0274,0.10533,88.996,7.479,20.39,14.244,3.9794,0.28029,67.16,0.0606,36.33,5.215,0.5024,0.0022075,0.13028,0.009705,0.005505,0.02493,17.28,117.83,1.156,307.96,2.063,9.016,0.22975,28.09,0.5212,0.2232,545.54,0.09756,1.4868,1410.3,0.04555,3.321,0.08621,295.43,0.020912,1.6423
2026-10-01 09:00:00+00:00,0.0043158,0.00574,164.55,0.2464,0.032846,0.7723,0.19888,0.7408,11.043,307.21,769.56,0.75448,83745.7,1.412,59.68,0.09434,1.215,0.26008,8.877,2690.31,0.2315,1.0258,0.10483,89.03,7.498,20.46,14.271,3.9845,0.27845,67.07,0.05941,36.47,5.198,0.4975,0.0022498,0.12943,0.009711,0.005563,0.02518,17.15,117.62,1.1563,306.52,2.051,9.018,0.22905,27.881,0.522,0.22261,548.21,0.09591,1.489,1401.17,0.05794,3.309,0.08458,288.11,0.019559,1.634
2026-10-01 10:00:00+00:00,0.0043343,0.005761,164.9,0.2477,0.031924,0.769,0.19898,0.746,11.005,308.93,770.84,0.7668,83930.8,1.4349,59.53,0.09475,1.2075,0.25848,8.909,2700.89,0.2358,1.0207,0.1045,89.676,7.48,20.77,14.338,3.9932,0.27709,67.46,0.06,37.01,5.135,0.5014,0.0022092,0.12947,0.009735,0.005634,0.02501,17.4,117.95,1.1635,305.48,2.062,9.001,0.2308,27.772,0.522,0.22254,541.64,0.0958,1.4926,1394.47,0.07554,3.3,0.08369,280,0.019855,1.6337
2026-10-01 11:00:00+00:00,0.0043824,0.005778,165.95,0.2488,0.031822,0.7725,0.20041,0.7472,11.029,309.26,771,0.77882,83878.2,1.3996,59.43,0.09493,1.2074,0.25932,8.917,2705.63,0.2385,1.0245,0.10462,90.225,7.578,20.82,14.38,3.9751,0.27741,67.24,0.05967,36.19,5.111,0.5017,0.0022136,0.13,0.009642,0.005667,0.02469,17.11,117.91,1.168,305.44,2.075,9.057,0.22957,27.741,0.5209,0.22232,541.2,0.09597,1.4921,1401.61,0.07966,3.302,0.08392,275.73,0.021231,1.6547
2026-10-01 12:00:00+00:00,0.0043858,0.005747,162.99,0.2475,0.031738,0.7687,0.20008,0.7426,10.965,308.34,768.89,0.747,83707,1.4163,58.83,0.09447,1.1921,0.26206,8.868,2691.63,0.2287,1.0131,0.10486,89.29,7.526,20.59,14.328,3.9316,0.27729,67.05,0.06034,35.87,5.09,0.4982,0.0022555,0.12886,0.009547,0.005664,0.02483,16.8,117.29,1.1577,302.58,2.055,8.964,0.22725,27.483,0.519,0.22147,540.06,0.09557,1.4867,1394.15,0.08764,3.291,0.08505,277.65,0.019804,1.6757
2026-10-01 13:00:00+00:00,0.0043648,0.005755,165.97,0.2476,0.031529,0.7708,0.2011,0.7429,10.977,307.9,770.89,0.74462,83901.4,1.4557,58.86,0.09465,1.1935,0.25904,8.872,2696.42,0.2259,1.007,0.10488,89.186,7.501,20.34,14.353,3.8775,0.27737,67.09,0.0615,35.23,4.954,0.4974,0.0022452,0.12973,0.009445,0.005596,0.02463,16.86,117.91,1.1586,304.35,2.06,9.107,0.22965,27.552,0.5119,0.22054,538.85,0.09571,1.4891,1400.02,0.093,3.283,0.08189,264.87,0.019138,1.6778
2026-10-01 14:00:00+00:00,0.0043379,0.005705,166.16,0.2449,0.031315,0.7621,0.19869,0.7422,10.934,306.19,767.4,0.73583,84013.9,1.4362,58.47,0.09412,1.1723,0.25068,8.809,2688.62,0.2252,0.9973,0.10375,88.717,7.428,20.17,14.305,3.8853,0.28165,67.08,0.06082,35.14,4.85,0.4915,0.0021905,0.12745,0.009315,0.005437,0.0246,16.6,117.33,1.1362,307.8,2.039,9.081,0.22407,26.936,0.4944,0.21846,538.36,0.09383,1.4819,1381.19,0.09304,3.239,0.08243,260.97,0.026072,1.6516
2026-10-01 15:00:00+00:00,0.0044355,0.005738,168.17,0.2464,0.031358,0.7691,0.20087,0.7377,10.896,307.65,766.49,0.73301,84125.9,1.4469,58.76,0.09428,1.1717,0.24947,8.837,2681.18,0.2277,1.006,0.10317,87.435,7.496,20.02,14.291,3.8941,0.28318,66.97,0.06133,35.6,4.914,0.4912,0.0022697,0.12816,0.009322,0.005513,0.02479,16.73,117.32,1.1491,304.78,2.044,9.094,0.22638,27.181,0.4878,0.21835,541.48,0.09431,1.4867,1378.05,0.09688,3.262,0.08435,261.61,0.033258,1.7026
2026-10-01 16:00:00+00:00,0.0043656,0.00571,166.21,0.2449,0.031131,0.7618,0.19758,0.7323,10.767,303.61,767.28,0.73073,84165.6,1.4482,58.09,0.09375,1.1617,0.24628,8.766,2678.99,0.2244,1.0037,0.10249,86.9,7.366,20.04,14.184,3.8723,0.28181,66.89,0.05984,36.33,4.826,0.4851,0.0021857,0.12588,0.009269,0.005582,0.02437,17.15,117.08,1.1459,300.46,2.032,8.973,0.22444,26.87,0.4873,0.21796,542.82,0.09396,1.4809,1343.27,0.09574,3.237,0.08276,261.37,0.035138,1.7211
2026-10-01 17:00:00+00:00,0.0044478,0.005819,170.86,0.2502,0.031502,0.7777,0.20115,0.7423,10.939,307.97,773.33,0.7253,84866,1.4262,59.11,0.0949,1.1789,0.24975,8.902,2699.87,0.2333,1.025,0.1038,87.629,7.449,20.76,14.326,3.9388,0.2865,67.72,0.06029,38.43,4.896,0.4961,0.0021927,0.12911,0.00955,0.005799,0.02456,17.79,118.32,1.1887,305.77,2.067,9.099,0.23772,27.51,0.4962,0.22034,548.08,0.0966,1.4996,1357.1,0.10244,3.275,0.08332,268.55,0.033426,1.7836
2026-10-01 18:00:00+00:00,0.0044317,0.005793,167.79,0.2486,0.030929,0.7742,0.20048,0.74,10.994,307.09,770.83,0.72047,84764.9,1.4187,58.83,0.09496,1.1808,0.24591,8.872,2699.46,0.2302,1.0197,0.10326,87.879,7.41,21.02,14.373,3.9205,0.29396,67.79,0.06156,38.31,4.89,0.4951,0.0022224,0.12875,0.009525,0.005727,0.02434,17.64,118.35,1.1741,304.41,2.061,9.06,0.2418,27.436,0.4951,0.22,546.81,0.09676,1.5009,1339.6,0.10933,3.262,0.08283,262.91,0.023534,1.8072
2026-10-01 19:00:00+00:00,0.0044528,0.005801,169.32,0.248,0.031004,0.773,0.20088,0.7394,10.997,307.88,769.94,0.71777,84629.4,1.4336,58.73,0.09481,1.1834,0.24644,8.854,2699.39,0.2305,1.0183,0.10298,87.698,7.4,21.1,14.442,3.906,0.29017,68.1,0.06197,38.77,4.863,0.4958,0.0022467,0.1283,0.009521,0.005866,0.02439,17.66,118.23,1.1887,304.96,2.063,9.104,0.24206,26.741,0.5012,0.21932,547.27,0.09711,1.5006,1325.79,0.10923,3.271,0.08273,254.49,0.024746,1.8721
2026-10-01 20:00:00+00:00,0.004434,0.005784,169.8,0.2474,0.030862,0.7745,0.19982,0.7368,11.002,309.45,770.31,0.72987,84586.9,1.4091,58.63,0.09455,1.1809,0.24531,8.842,2697.38,0.2316,1.0165,0.10294,87.52,7.398,20.94,14.383,3.8456,0.29129,68.43,0.06224,38.29,4.841,0.4945,0.0021764,0.1278,0.009467,0.005854,0.02478,17.53,118.09,1.1799,304.75,2.067,9.08,0.24117,26.571,0.5004,0.21963,547.78,0.09579,1.4981,1335.34,0.10584,3.264,0.08444,254.44,0.027208,1.8498
2026-10-01 21:00:00+00:00,0.0044087,0.005753,169.52,0.2449,0.030774,0.7671,0.1984,0.7336,10.914,308.02,770.68,0.72546,84497,1.4215,58.26,0.09396,1.1687,0.24273,8.794,2692.01,0.2276,1.0076,0.10216,86.439,7.328,20.81,14.237,3.7726,0.29737,68.49,0.06173,38.18,4.781,0.4877,0.0021246,0.12666,0.009365,0.005658,0.0246,17.47,117.6,1.1644,301.35,2.051,9.024,0.23569,26.296,0.4952,0.21803,543.95,0.09471,1.4898,1320.19,0.10608,3.258,0.08428,244.9,0.026657,1.7648
2026-10-01 22:00:00+00:00,0.0044218,0.005773,171.99,0.2458,0.030916,0.7715,0.1997,0.7367,10.975,309.44,771.37,0.71643,84704.8,1.4234,58.4,0.09415,1.1744,0.24297,8.845,2701.78,0.2294,1.0134,0.10251,87.306,7.342,20.94,14.315,3.7944,0.30339,68.2,0.06248,38.27,4.786,0.4908,0.0021178,0.12778,0.009448,0.005838,0.02502,17.56,118.24,1.1767,302.21,2.054,9.049,0.23476,26.346,0.5,0.21914,546.56,0.09599,1.4935,1334.89,0.11071,3.269,0.08362,254.16,0.027487,1.7948
2026-10-01 23:00:00+00:00,0.0044332,0.00579,171.34,0.246,0.031208,0.7753,0.19974,0.7406,10.983,309.1,772.15,0.72407,84829.6,1.4187,58.19,0.09433,1.1754,0.24305,8.865,2705.06,0.2305,1.0195,0.10259,87.623,7.358,20.86,14.376,3.8056,0.30026,68.06,0.0624,38.29,4.803,0.4967,0.0021202,0.12799,0.009444,0.005822,0.02506,17.58,118.34,1.1767,303.19,2.057,8.979,0.23588,26.255,0.5056,0.21891,544.85,0.09609,1.4937,1335.45,0.11023,3.285,0.08349,245.13,0.027839,1.802
2026-10-02 00:00:00+00:00,0.0044134,0.005781,172.71,0.246,0.031553,0.7801,0.20026,0.742,10.939,304.55,772.11,0.714,84751,1.4411,58.33,0.09403,1.1768,0.2418,8.833,2707.19,0.2317,1.0145,0.10215,88.141,7.441,21.12,14.259,3.8042,0.30401,69.05,0.06212,38.45,4.824,0.4928,0.002184,0.12853,0.009447,0.00581,0.0255,17.62,118.85,1.1751,303.07,2.054,8.965,0.24059,26.45,0.5055,0.21806,546.72,0.09562,1.4945,1340.4,0.09812,3.28,0.08422,248.61,0.028039,1.8326
2026-10-02 01:00:00+00:00,0.0044267,0.005772,176.14,0.2462,0.032042,0.7843,0.20192,0.7381,10.907,307.39,772.22,0.70897,84861.3,1.4125,58.47,0.09382,1.1795,0.24085,8.824,2714.82,0.2341,1.0165,0.10254,88.251,7.435,21.18,14.276,3.7947,0.2972,68.73,0.06244,38.32,4.878,0.4926,0.0021619,0.1293,0.009479,0.005747,0.02523,17.59,119.46,1.1824,304.14,2.054,8.98,0.24209,26.607,0.5096,0.21897,547.53,0.09607,1.4962,1335.05,0.06641,3.292,0.08373,254.19,0.032071,1.828
2026-10-02 02:00:00+00:00,0.0044442,0.005797,174.95,0.249,0.032095,0.7992,0.20292,0.741,11.016,308.9,774.75,0.71407,85161.3,1.435,58.64,0.09427,1.1972,0.2431,8.896,2720.2,0.2388,1.0227,0.10391,88.604,7.465,21.31,14.461,3.8034,0.29136,68.96,0.06284,38.29,4.966,0.4988,0.0022057,0.13102,0.009563,0.005747,0.02509,17.67,120.04,1.1869,307.57,2.069,9.038,0.24243,26.526,0.5123,0.22043,547.9,0.09741,1.5023,1338.76,0.05284,3.295,0.08293,251.11,0.037046,1.8264
2026-10-02 03:00:00+00:00,0.0044761,0.0058,176.54,0.2497,0.032217,0.7983,0.20292,0.7421,10.997,309.55,776.3,0.69644,85476.6,1.4397,58.55,0.09476,1.1945,0.2414,8.881,2718.43,0.2379,1.0198,0.10364,88.861,7.442,21.23,14.442,3.7809,0.28672,68.81,0.06232,38.28,4.919,0.4979,0.0021691,0.12991,0.009574,0.005777,0.02522,17.62,121.22,1.1849,307.16,2.066,9.052,0.2448,26.68,0.5119,0.2203,546.53,0.09724,1.5085,1336.79,0.05238,3.262,0.08218,248.68,0.039178,1.8056
2026-10-02 04:00:00+00:00,0.0046776,0.00591,186.34,0.2563,0.032061,0.8324,0.2081,0.7483,11.177,315.28,782.38,0.71578,86618.6,1.4777,59.93,0.09673,1.2333,0.24734,9.123,2741.82,0.241,1.0415,0.10522,89.387,7.617,21.45,14.631,3.8455,0.29247,69.72,0.06463,38.55,5.044,0.5068,0.0021955,0.13351,0.009948,0.005871,0.02529,17.74,123.48,1.2074,312.49,2.104,9.283,0.2543,27.718,0.526,0.22379,549.69,0.09873,1.5301,1397.41,0.03811,3.309,0.08293,253.46,0.029795,1.8709
2026-10-02 05:00:00+00:00,0.0045685,0.005868,181.43,0.2534,0.032226,0.8234,0.20461,0.7473,11.067,313.41,777.62,0.70772,85964.8,1.4592,59.95,0.09581,1.2157,0.24711,9.065,2719.17,0.2355,1.0331,0.10417,89.992,7.507,21.54,14.446,3.8238,0.28501,70.05,0.06769,38.29,4.985,0.5051,0.0021654,0.13121,0.00988,0.005872,0.02465,17.61,121.89,1.1829,308.94,2.092,9.141,0.25032,28.129,0.5246,0.22194,548.52,0.09761,1.5165,1381.39,0.0337,3.3,0.082,246.08,0.032394,1.8783
2026-10-02 06:00:00+00:00,0.0045561,0.005896,184.55,0.2545,0.031982,0.8226,0.20486,0.7503,11.089,314.56,777.8,0.69592,85951.8,1.4716,59.86,0.09584,1.2195,0.24675,9.094,2728.34,0.2362,1.0343,0.10423,90.07,7.509,21.76,14.4,3.869,0.28187,69.97,0.06452,38.54,5.004,0.5047,0.0021616,0.13193,0.009927,0.005887,0.02445,17.65,121.72,1.1839,309.47,2.095,9.143,0.2513,28.378,0.5337,0.22209,550.55,0.09749,1.5226,1379.56,0.02726,3.292,0.0812,232.08,0.029464,1.9052
2026-10-02 07:00:00+00:00,0.0045428,0.005941,183.92,0.2556,0.03186,0.8291,0.20507,0.7492,11.085,315.21,776.87,0.68303,86064.3,1.4611,59.95,0.09644,1.2272,0.24927,9.142,2736.93,0.2377,1.0372,0.10457,89.709,7.519,22.12,14.363,3.8591,0.2822,70.2,0.06415,38.66,4.968,0.5052,0.0021355,0.13457,0.009966,0.005957,0.02446,17.79,121.71,1.1834,310.33,2.103,9.098,0.25489,28.404,0.5349,0.2232,551.65,0.09761,1.5316,1385.99,0.02836,3.309,0.08071,228.98,0.029921,1.8589
2026-10-02 08:00:00+00:00,0.0046016,0.00596,181.4,0.2545,0.031333,0.8324,0.20561,0.7531,11.092,314.91,777.8,0.68664,86205.1,1.454,59.86,0.0971,1.2268,0.24632,9.145,2752.64,0.2356,1.0344,0.10489,90.078,7.561,22.35,14.383,3.8679,0.28099,70.34,0.0636,39.55,4.94,0.5052,0.0021465,0.13305,0.010015,0.005866,0.02454,17.87,122.05,1.1823,312.65,2.103,9.054,0.25415,29.452,0.5329,0.225,548.15,0.09639,1.5365,1382.58,0.03034,3.284,0.08032,235.62,0.029812,1.8581
2026-10-02 09:00:00+00:00,0.0045669,0.005931,184.96,0.257,0.032219,0.8259,0.20638,0.7523,11.152,316.18,777.05,0.68006,86324.2,1.4577,59.96,0.09694,1.2184,0.24582,9.131,2745.96,0.2343,1.0352,0.10613,90.201,7.545,22.21,14.363,3.8644,0.28465,70.08,0.06323,39.85,4.904,0.5058,0.0021542,0.13254,0.009957,0.005787,0.02435,17.96,121.75,1.1857,312.26,2.124,9.037,0.25012,29.844,0.5418,0.22563,547.24,0.09845,1.5388,1387,0.03131,3.283,0.08056,234.56,0.027477,1.8573
2026-10-02 10:00:00+00:00,0.0045264,0.0059,184.33,0.256,0.032609,0.8195,0.20398,0.7479,11.149,316.03,776.59,0.67198,86250.2,1.4415,59.64,0.09659,1.2183,0.24732,9.14,2742.15,0.2318,1.031,0.10536,90.878,7.519,22.05,14.396,3.8052,0.28252,69.77,0.06398,39.25,4.889,0.5084,0.0021542,0.13242,0.009908,0.005849,0.0243,17.76,121.91,1.1758,310.29,2.134,9.01,0.25129,30.21,0.5385,0.22493,545.56,0.09873,1.5386,1382.28,0.02977,3.263,0.08044,231.66,0.027445,1.8419
2026-10-02 11:00:00+00:00,0.0044275,0.005896,183.8,0.2553,0.032076,0.8229,0.20373,0.7417,11.117,315.55,778.49,0.66101,86376.9,1.4609,59.67,0.09649,1.2199,0.24618,9.102,2745.35,0.23,1.0292,0.10582,90.808,7.494,22.04,14.391,3.7764,0.28114,69.8,0.06476,38.67,4.842,0.5068,0.0021677,0.13216,0.009884,0.005806,0.02425,17.2,121.8,1.1729,309.58,2.141,8.989,0.25113,30.002,0.5423,0.22375,546.06,0.09833,1.5316,1377.81,0.02942,3.273,0.08174,245.69,0.026914,1.8469
2026-10-02 12:00:00+00:00,0.0044727,0.005921,183.49,0.2569,0.032328,0.8358,0.20736,0.7482,11.238,315.87,781.79,0.66786,86768.8,1.4443,60.25,0.09713,1.2239,0.24648,9.131,2753.7,0.2333,1.0406,0.10636,90.836,7.547,22.77,14.432,3.7853,0.28421,69.82,0.06284,39.73,4.925,0.5103,0.0021612,0.13394,0.009912,0.005948,0.0246,17.58,122.53,1.1945,312.48,2.185,9.121,0.25111,29.815,0.568,0.22558,546.11,0.09994,1.5419,1387.86,0.033,3.338,0.08258,248.94,0.027025,1.8873
2026-10-02 13:00:00+00:00,0.004464,0.005913,183.24,0.2554,0.032472,0.8341,0.2056,0.7441,11.095,315.43,781.21,0.66307,86524.3,1.3526,59.79,0.09659,1.2212,0.2449,9.109,2743.2,0.2322,1.0497,0.10543,90.528,7.475,22.85,14.339,3.7548,0.28407,71.07,0.06179,38.15,4.894,0.5078,0.0021409,0.13323,0.009876,0.006063,0.02431,16.78,122.02,1.1968,312.31,2.169,9.045,0.24997,29.865,0.5788,0.22434,544.94,0.10052,1.5315,1379.26,0.04022,3.31,0.08177,244.98,0.027623,1.934
2026-10-02 14:00:00+00:00,0.0043961,0.005871,182.78,0.2524,0.032546,0.8262,0.20244,0.737,11.069,312.06,775.93,0.66396,85644.8,1.4276,59.66,0.09538,1.208,0.24545,9.006,2708.2,0.2291,1.0364,0.10456,89.874,7.405,22.86,14.238,3.6655,0.28544,69.67,0.0608,37.75,4.875,0.504,0.0021569,0.13212,0.009704,0.006018,0.02434,16.54,120.62,1.173,309.85,2.14,8.977,0.24736,29.677,0.5659,0.22182,543.35,0.09933,1.513,1373.39,0.0356,3.275,0.08093,249.64,0.027066,1.9574
2026-10-02 15:00:00+00:00,0.0044042,0.005866,182.95,0.2519,0.033343,0.8249,0.20372,0.7391,11.117,312.8,774.04,0.66538,85297.4,1.4369,60.13,0.09507,1.2143,0.2439,8.992,2695.88,0.2293,1.0454,0.10398,89.938,7.531,22.73,14.23,3.7468,0.2855,70.86,0.06217,37.61,4.817,0.5076,0.0021707,0.13264,0.009665,0.005979,0.0244,16.67,119.93,1.1664,308.47,2.139,9.034,0.24866,29.385,0.5753,0.22118,543.08,0.09937,1.5063,1371.87,0.03602,3.277,0.07995,248.29,0.026466,1.9352
2026-10-02 16:00:00+00:00,0.0043824,0.005849,183.15,0.2523,0.033667,0.8259,0.20301,0.7384,11.088,310.77,774.39,0.67971,85130.3,1.441,59.76,0.09496,1.2187,0.2419,8.959,2688.62,0.2299,1.0469,0.10332,89.225,7.605,22.66,14.173,3.6895,0.28168,69.85,0.06214,37.42,4.817,0.5021,0.0021592,0.13257,0.009645,0.005889,0.02429,16.32,119.9,1.17,308.11,2.126,9.01,0.24443,29.41,0.5771,0.22114,542.87,0.0983,1.5028,1367.11,0.04054,3.284,0.07984,246.95,0.024349,1.944
2026-10-02 17:00:00+00:00,0.0043054,0.005798,183.25,0.2501,0.03316,0.8179,0.20167,0.7302,11.043,309.29,774.15,0.66352,84745.7,1.4422,58.99,0.09446,1.2062,0.24247,8.905,2683.1,0.2262,1.0348,0.10275,88.781,7.558,22.53,14.127,3.6589,0.28249,69.65,0.06155,37.44,4.773,0.5003,0.0021356,0.13205,0.009349,0.005794,0.02372,16.38,119.63,1.1623,304.3,2.073,8.954,0.23867,29.475,0.5616,0.21888,538.77,0.0966,1.4972,1364.94,0.04193,3.283,0.07912,243.99,0.02386,1.8046
2026-10-02 18:00:00+00:00,0.0041801,0.005577,180.35,0.2392,0.031889,0.7803,0.19413,0.7124,10.585,300.2,764.6,0.6663,84222.1,1.4268,56.7,0.09104,1.1484,0.2357,8.588,2663.64,0.2183,0.9972,0.09938,87.335,7.263,22.44,13.653,3.6038,0.27791,68.4,0.06135,37.25,4.641,0.4785,0.0020811,0.1258,0.008769,0.005352,0.02335,16.34,118.07,1.1205,287.66,1.997,8.685,0.22476,28.912,0.5414,0.21239,535.61,0.09098,1.4633,1304.01,0.04002,3.197,0.07945,236.04,0.023625,1.7857
2026-10-02 19:00:00+00:00,0.0041725,0.005581,180.66,0.2393,0.031817,0.7799,0.19108,0.7141,10.586,304.23,766.71,0.65386,84266.9,1.4479,56.52,0.09143,1.1475,0.23527,8.627,2666.69,0.2172,0.9989,0.09949,86.583,7.338,22.89,13.578,3.5698,0.28162,68.62,0.06067,37.12,4.612,0.4804,0.0021016,0.12543,0.008847,0.00538,0.02302,16.32,117.94,1.1207,285.97,2.014,8.713,0.22138,28.108,0.5407,0.21193,534.76,0.09123,1.4691,1279.64,0.03823,3.232,0.0799,231.56,0.024969,1.7718
2026-10-02 20:00:00+00:00,0.0041491,0.005579,180.19,0.2388,0.03236,0.7703,0.1919,0.7117,10.533,304.74,764.47,0.66241,84418.9,1.444,56.52,0.09124,1.1408,0.23203,8.624,2660.32,0.2158,0.9987,0.0993,86.47,7.28,22.79,13.544,3.5935,0.28994,68.56,0.06133,36.99,4.626,0.4841,0.0021209,0.12418,0.008726,0.005242,0.02295,16.3,117.69,1.1189,285.41,2.029,8.706,0.21897,27.815,0.5438,0.21134,540.35,0.0914,1.4713,1278.1,0.03853,3.212,0.08145,231.17,0.024289,1.7548
2026-10-02 21:00:00+00:00,0.0042022,0.005646,181.4,0.2409,0.032348,0.7793,0.1935,0.7157,10.674,307.65,766.69,0.66,84491.9,1.3794,57.18,0.09208,1.1464,0.23203,8.736,2664.54,0.2178,1.0163,0.10069,86.203,7.365,22.59,13.665,3.5541,0.30216,69.69,0.06232,36.9,4.661,0.4915,0.0021366,0.12515,0.008816,0.005295,0.02288,16.28,118.13,1.1262,287.54,2.053,8.792,0.22436,28.002,0.5414,0.21327,540.59,0.09141,1.4755,1289.23,0.03821,3.262,0.08279,230.84,0.024067,1.7745
2026-10-02 22:00:00+00:00,0.0042241,0.005686,179.34,0.2419,0.032275,0.7813,0.19353,0.7167,10.714,308.59,767.2,0.65598,84515.4,1.3873,57.82,0.09239,1.1435,0.23072,8.74,2666.6,0.217,1.0257,0.10159,87.981,7.393,22.66,13.728,3.5669,0.29132,69.37,0.06214,36.81,4.659,0.4911,0.0021875,0.12505,0.008856,0.005389,0.02291,16.27,118.47,1.1261,288.48,2.076,8.861,0.22251,27.89,0.539,0.21398,540.72,0.09235,1.4797,1291.36,0.03819,3.256,0.08264,232.34,0.024459,1.7416
2026-10-02 23:00:00+00:00,0.0042525,0.005728,179.5,0.2444,0.032073,0.793,0.19583,0.722,10.795,311.49,768.6,0.6596,84482.8,1.3831,58.88,0.09289,1.1535,0.2322,8.827,2667.28,0.2189,1.0329,0.10233,89.095,7.447,22.66,13.787,3.5529,0.29281,69.85,0.0616,36.79,4.69,0.4925,0.0021546,0.12708,0.008922,0.00538,0.02252,16.28,118.56,1.1455,291.93,2.115,8.948,0.22382,27.83,0.5565,0.21534,540.52,0.09328,1.484,1301.27,0.03922,3.283,0.08339,246.49,0.024413,1.7439
2026-10-03 00:00:00+00:00,0.0042654,0.005716,179.46,0.2466,0.03274,0.8015,0.19778,0.7225,10.902,312.63,769.67,0.64585,84622.6,1.3576,59.48,0.09327,1.162,0.23382,8.832,2675.31,0.2202,1.0409,0.10234,89.395,7.613,22.58,13.888,3.5421,0.29561,71.11,0.06174,36.72,4.707,0.4951,0.002136,0.12906,0.009046,0.0057,0.02264,16.31,118.96,1.1866,293.47,2.107,9.065,0.22571,28.08,0.5617,0.21553,541.9,0.0935,1.4882,1320.66,0.03611,3.309,0.08147,253.86,0.024272,1.7628
2026-10-03 01:00:00+00:00,0.0042572,0.005714,181.67,0.2474,0.033349,0.8008,0.19702,0.7192,10.931,313.25,769.45,0.64868,84599.9,1.3939,59.29,0.09313,1.1639,0.2345,8.812,2678.36,0.2191,1.0405,0.10115,89.048,7.696,22.64,13.936,3.5318,0.29149,70.23,0.06108,36.52,4.694,0.492,0.0021797,0.12879,0.008974,0.005555,0.02259,16.33,119.04,1.1723,294.92,2.095,9.129,0.22573,27.973,0.5642,0.21604,540.21,0.09325,1.489,1320.6,0.04798,3.322,0.08194,249.02,0.024203,1.7749
2026-10-03 02:00:00+00:00,0.0042637,0.005708,180.06,0.2469,0.033261,0.7905,0.19774,0.717,10.859,311.81,768.64,0.63455,84560,1.3974,59.2,0.093,1.1611,0.23308,8.817,2675.83,0.2184,1.051,0.10098,88.177,7.643,22.63,13.917,3.5087,0.28899,69.82,0.06095,36.63,4.678,0.4888,0.0021917,0.13027,0.008935,0.005537,0.02259,16.3,118.82,1.164,293,2.085,9.088,0.22333,27.618,0.5666,0.21539,544.9,0.09282,1.4849,1320.15,0.05025,3.351,0.08251,254.97,0.02347,1.7475
2026-10-03 03:00:00+00:00,0.0042606,0.005738,179.39,0.2476,0.033485,0.7959,0.19755,0.716,10.915,311.59,768.68,0.62691,84656.3,1.3983,59.25,0.09327,1.1574,0.23257,8.866,2680.74,0.219,1.0616,0.10097,88.252,7.634,22.6,13.938,3.4892,0.28453,69.02,0.06027,36.61,4.694,0.4882,0.0021655,0.13043,0.008974,0.005526,0.02273,16.3,119.33,1.1624,292.11,2.1,9.177,0.22297,27.56,0.5658,0.2159,546.01,0.09348,1.4887,1323.19,0.04484,3.344,0.08201,252.05,0.023447,1.7494
2026-10-03 04:00:00+00:00,0.0042372,0.005701,177.38,0.2454,0.033567,0.7916,0.19614,0.7103,10.875,308.91,767.28,0.62557,84537.5,1.4079,58.7,0.09291,1.1467,0.23126,8.826,2674.62,0.2166,1.0538,0.1012,88.086,7.665,22.59,13.931,3.4434,0.28416,68.77,0.06096,36.62,4.638,0.4831,0.0021703,0.1307,0.008893,0.005399,0.02252,16.29,119.14,1.1532,290.68,2.09,9.144,0.21886,27.609,0.567,0.21441,547,0.09268,1.4851,1315.8,0.04444,3.308,0.08356,252.87,0.023546,1.7465
2026-10-03 05:00:00+00:00,0.0042451,0.005698,178.99,0.2461,0.034359,0.798,0.19752,0.7097,10.882,309.73,767.34,0.62329,84603.7,1.4351,58.66,0.09296,1.1518,0.23257,8.832,2676.44,0.2173,1.0506,0.10119,88.419,7.745,22.57,14.017,3.4557,0.2843,69.1,0.06205,36.57,4.708,0.4827,0.0021842,0.13114,0.008956,0.00547,0.02266,16.24,119.59,1.1538,290.69,2.08,9.158,0.21963,27.492,0.5668,0.2152,547.53,0.09271,1.4851,1319.65,0.04705,3.296,0.08454,256.33,0.023234,1.7555
2026-10-03 06:00:00+00:00,0.0042527,0.005695,180.11,0.2455,0.036356,0.7957,0.19753,0.7108,10.885,310.3,766.41,0.62031,84536.2,1.4424,58.84,0.09293,1.1524,0.23316,8.808,2679.05,0.219,1.0502,0.10097,88.103,7.715,22.59,14.069,3.4427,0.28117,69.44,0.06291,36.64,4.718,0.4804,0.0022067,0.13063,0.008984,0.005474,0.02249,16.27,119.4,1.1546,290.29,2.068,9.171,0.22088,27.401,0.562,0.21474,550.21,0.09303,1.4853,1317.24,0.04693,3.312,0.08294,255.45,0.023341,1.7271
2026-10-03 07:00:00+00:00,0.0042288,0.00567,179.77,0.2439,0.033079,0.7882,0.19631,0.7074,10.872,310.74,765.56,0.62004,84509.3,1.4451,58.53,0.09262,1.1467,0.23197,8.786,2680.11,0.2169,1.042,0.10016,88.224,7.572,22.58,13.963,3.4683,0.27924,69.12,0.06368,36.64,4.68,0.4796,0.0022962,0.12981,0.008921,0.005499,0.02246,16.21,119.28,1.1545,289.01,2.06,9.127,0.21994,27.264,0.5538,0.2137,548.15,0.09199,1.4813,1312.98,0.04859,3.298,0.08345,265.94,0.022974,1.7366
2026-10-03 08:00:00+00:00,0.004235,0.005653,180.68,0.2431,0.032627,0.7842,0.19734,0.7064,10.899,310.83,766.6,0.61881,84574.7,1.4412,58.71,0.09248,1.1466,0.23146,8.777,2681.9,0.2173,1.0477,0.10035,87.806,7.538,22.6,13.944,3.5003,0.28172,69.38,0.06184,36.64,4.671,0.4805,0.0024015,0.13097,0.008942,0.005471,0.02308,16.22,119.2,1.1536,288.01,2.053,9.24,0.21958,27.493,0.5616,0.21368,547.36,0.09225,1.4809,1317.02,0.04486,3.323,0.08408,262.74,0.022695,1.8733
2026-10-03 09:00:00+00:00,0.0042493,0.005664,180.86,0.2441,0.032626,0.7949,0.20223,0.7114,10.95,310.95,767.88,0.60463,84551.4,1.4418,58.95,0.09272,1.1613,0.23408,8.809,2679.5,0.2219,1.0616,0.10072,87.96,7.555,22.65,13.926,3.5065,0.27928,68.59,0.06288,36.77,4.672,0.485,0.0024244,0.13224,0.009081,0.005483,0.02304,16.22,119.26,1.1825,290,2.067,9.268,0.22253,27.524,0.5751,0.21365,549.25,0.09371,1.4824,1317.85,0.04259,3.331,0.08182,259.01,0.02253,1.8611
2026-10-03 10:00:00+00:00,0.0042841,0.005679,181.4,0.2454,0.032503,0.8051,0.20103,0.7112,11.001,311.37,769.02,0.60275,84593.5,1.4439,58.66,0.09282,1.1811,0.23411,8.824,2682.16,0.2262,1.0599,0.10166,87.915,7.606,22.65,13.922,3.5076,0.27851,69.28,0.06243,36.8,4.695,0.4873,0.0024736,0.13237,0.00907,0.005535,0.02282,16.26,119.42,1.182,291.28,2.069,9.239,0.23319,27.67,0.5987,0.21396,546.68,0.09436,1.4831,1315.73,0.04499,3.32,0.08234,256.25,0.022348,1.9733
2026-10-03 11:00:00+00:00,0.004282,0.005682,182.33,0.2451,0.03254,0.8066,0.20186,0.7115,11.129,311.52,770.56,0.58942,84634.1,1.4424,58.54,0.09272,1.1975,0.23305,8.861,2683.19,0.2266,1.067,0.10151,87.948,7.602,22.63,13.912,3.5165,0.27915,69.62,0.06149,36.74,4.667,0.4878,0.002501,0.13247,0.009066,0.005662,0.02262,16.27,119.25,1.1857,290.88,2.063,9.192,0.23291,27.904,0.6033,0.21459,548.65,0.09479,1.4853,1308.38,0.04859,3.295,0.08236,257,0.022279,1.9972
2026-10-03 12:00:00+00:00,0.004256,0.005669,180.77,0.2447,0.032317,0.7966,0.20136,0.7101,11.075,311.58,771.97,0.57962,84846.6,1.447,58.51,0.09269,1.187,0.2323,8.824,2681.38,0.2251,1.053,0.10132,88.165,7.577,22.62,13.85,3.5403,0.27944,69.5,0.06237,36.7,4.661,0.4854,0.0023718,0.13172,0.009057,0.00584,0.0226,16.22,119.42,1.1843,289.22,2.057,9.142,0.23342,27.851,0.6084,0.21444,547.1,0.09438,1.4847,1307.12,0.04756,3.276,0.08393,254.71,0.022225,2.0585
2026-10-03 13:00:00+00:00,0.004276,0.005697,180.8,0.2451,0.031951,0.8051,0.20231,0.7116,11.143,311.92,774.94,0.5431,84824.7,1.4567,58.52,0.09285,1.2062,0.23195,8.852,2680.46,0.2262,1.0619,0.10171,88.55,7.644,22.58,13.869,3.5069,0.27913,69.77,0.06286,36.71,4.64,0.4887,0.0024716,0.13381,0.00911,0.005745,0.02275,16.22,119.38,1.1808,290.12,2.068,9.146,0.23253,27.908,0.6094,0.21543,547.83,0.09469,1.4859,1303.84,0.04895,3.29,0.08453,254.33,0.022225,2.0821
2026-10-03 14:00:00+00:00,0.0042762,0.005731,180.28,0.2455,0.032169,0.816,0.20288,0.7141,11.15,312.74,779.03,0.56945,84818,1.4613,58.7,0.0933,1.2171,0.2345,8.873,2682.05,0.2301,1.0788,0.1024,88.798,7.688,22.59,13.907,3.5277,0.27802,69.75,0.06272,36.77,4.668,0.4961,0.0025207,0.1368,0.009287,0.005752,0.02275,16.24,119.72,1.1845,293.68,2.067,9.135,0.23386,28.176,0.6093,0.2152,553.1,0.09614,1.4891,1306.96,0.04802,3.3,0.0838,248.46,0.021891,2.0532
2026-10-03 15:00:00+00:00,0.004274,0.005719,178.8,0.2447,0.031819,0.8112,0.20212,0.7108,11.083,314.33,779.26,0.53588,84835.2,1.4679,58.75,0.09308,1.2067,0.2333,8.85,2680.44,0.2291,1.0759,0.10193,88.862,7.686,22.57,13.821,3.5079,0.27499,69.57,0.06227,36.8,4.643,0.4931,0.002482,0.13607,0.009235,0.005774,0.02256,16.22,119.64,1.1766,292.14,2.055,9.009,0.23461,27.993,0.5976,0.21398,552.17,0.09495,1.4891,1302.46,0.04622,3.278,0.08343,249.05,0.022105,2.0797
2026-10-03 16:00:00+00:00,0.0043043,0.005723,178.78,0.2447,0.032792,0.8067,0.20071,0.7095,11.059,313.12,780.65,0.53794,84824.1,1.4693,58.5,0.09305,1.1951,0.23427,8.817,2680.26,0.2265,1.0668,0.10163,88.912,7.652,22.58,13.87,3.5754,0.27877,69.13,0.06226,36.82,4.652,0.4904,0.0025047,0.13494,0.009177,0.006137,0.02281,16.23,119.64,1.1713,291.11,2.045,8.979,0.23123,27.892,0.5961,0.2133,555.55,0.09551,1.4894,1295.59,0.05035,3.305,0.08253,252.79,0.02175,2.0626
2026-10-03 17:00:00+00:00,0.0043062,0.005743,179.08,0.2457,0.032744,0.8081,0.20104,0.7144,11.123,314.87,788.77,0.53679,84967.1,1.4756,58.85,0.09321,1.1974,0.2366,8.834,2687.7,0.2271,1.063,0.10208,89.108,7.663,22.6,13.901,3.6598,0.27517,68.91,0.0622,36.86,4.687,0.4927,0.0025245,0.13542,0.009197,0.006055,0.0227,16.22,119.92,1.1752,295.03,2.052,9.018,0.23397,27.972,0.5966,0.2141,554.19,0.09568,1.4927,1304.8,0.04868,3.297,0.08278,255.6,0.020733,2.0716
2026-10-03 18:00:00+00:00,0.0043153,0.005745,178.88,0.2451,0.033181,0.7991,0.19953,0.711,11.117,315.69,790.07,0.52239,84900,1.4714,58.57,0.09314,1.1956,0.23716,8.818,2683.99,0.2258,1.0555,0.10205,89.122,7.614,22.67,13.901,3.5441,0.27493,68.96,0.06261,36.79,4.712,0.491,0.0024987,0.13382,0.009197,0.006406,0.02257,16.21,119.89,1.173,295.86,2.049,8.969,0.23654,27.933,0.5897,0.21492,553.61,0.09579,1.4891,1300.27,0.04833,3.287,0.08153,254.78,0.019544,2.0675
2026-10-03 19:00:00+00:00,0.0043062,0.005753,179.8,0.2452,0.032949,0.8021,0.20046,0.7149,11.135,315.3,790.32,0.52331,84794.6,1.5784,58.88,0.09309,1.1896,0.23809,8.812,2684.29,0.2261,1.057,0.10235,89.12,7.593,22.68,13.97,3.5655,0.27562,68.8,0.06317,36.83,4.723,0.4915,0.0026126,0.13436,0.009181,0.006268,0.02253,16.23,119.73,1.1737,295.15,2.045,9.006,0.23861,28.419,0.5899,0.21509,558.59,0.09565,1.4877,1320.24,0.04711,3.314,0.08165,254.66,0.019673,2.055
2026-10-03 20:00:00+00:00,0.0043193,0.005745,180.73,0.2452,0.033728,0.8045,0.20093,0.7155,11.097,315.9,786.93,0.5155,84699.9,1.5613,58.92,0.09313,1.1918,0.23811,8.821,2685.66,0.2261,1.063,0.1024,89.266,7.647,22.64,14.056,3.5785,0.27431,69.01,0.06293,36.8,4.738,0.4942,0.0025441,0.13606,0.00924,0.006287,0.02261,16.23,119.76,1.1784,298.01,2.046,9.049,0.23901,28.272,0.5954,0.21611,559.4,0.09547,1.4894,1323.64,0.04755,3.333,0.0823,264.99,0.020005,2.0389
2026-10-03 21:00:00+00:00,0.0043136,0.005737,180.58,0.2447,0.034387,0.8022,0.20068,0.7169,11.078,316.05,785.59,0.51575,84670.2,1.3767,59.07,0.09291,1.1843,0.23893,8.816,2684.06,0.2261,1.0632,0.10199,89.65,7.652,22.66,14.054,3.5943,0.27613,69.2,0.0635,36.81,4.751,0.4929,0.0025221,0.13532,0.009233,0.006345,0.02267,16.26,119.59,1.1743,300.37,2.044,9.006,0.23854,28.31,0.5985,0.21593,560.75,0.09542,1.4864,1316.03,0.04708,3.34,0.08301,262.95,0.019753,2.0207
2026-10-03 22:00:00+00:00,0.0043118,0.005736,180.4,0.2444,0.034708,0.8008,0.20007,0.716,11.093,316.61,789.69,0.50432,84727.2,1.0322,58.98,0.09289,1.1814,0.23823,8.832,2685.2,0.2258,1.0638,0.10168,89.453,7.634,22.69,14.107,3.5813,0.27465,70.1,0.06371,36.82,4.756,0.4937,0.0024495,0.13619,0.009218,0.006263,0.0227,16.28,119.67,1.1838,303.6,2.042,9.038,0.23824,28.152,0.5997,0.21567,557.02,0.095,1.4858,1297.88,0.04701,3.36,0.0821,260.07,0.019729,2.0065
2026-10-03 23:00:00+00:00,0.0043078,0.005744,181.42,0.2436,0.034789,0.8031,0.20121,0.7154,11.12,319.55,787.43,0.5268,84710.6,1.0348,59.29,0.09276,1.1849,0.23905,8.844,2686.01,0.2261,1.0661,0.10191,89.314,7.673,22.72,14.109,3.5641,0.27494,70.23,0.06375,36.76,4.832,0.5014,0.0024726,0.13626,0.00925,0.006268,0.02334,16.27,119.55,1.1834,307.03,2.044,9.048,0.2402,28.117,0.5978,0.21597,555.73,0.09562,1.4855,1304.94,0.04981,3.36,0.08253,256.48,0.019801,1.994
2026-10-04 00:00:00+00:00,0.0043044,0.005717,182.37,0.2434,0.034564,0.796,0.20291,0.7158,11.079,317.34,785.87,0.51102,84757.1,0.9797,59.08,0.09284,1.1829,0.23871,8.823,2692.2,0.225,1.0596,0.10164,89.435,7.649,22.71,14.124,3.5558,0.27661,70.64,0.06352,36.62,4.855,0.4994,0.0024392,0.13551,0.009197,0.006262,0.02285,16.22,120.13,1.1801,305.73,2.039,9.073,0.24102,28.069,0.5948,0.21603,552.8,0.09548,1.4875,1317.75,0.05103,3.392,0.08229,262.79,0.020219,2.0024
2026-10-04 01:00:00+00:00,0.0042858,0.005697,182.42,0.2435,0.034869,0.7951,0.20109,0.7136,11.065,318.03,784.79,0.49741,84764.9,0.9276,58.92,0.09274,1.1774,0.2389,8.796,2693.63,0.2239,1.0561,0.10156,89.65,7.56,22.69,14.073,3.5533,0.27168,69.86,0.06486,36.57,4.85,0.4984,0.002421,0.13411,0.009174,0.006287,0.02274,16.23,120.09,1.1772,307.77,2.036,9.031,0.24089,27.954,0.5929,0.21538,549.56,0.09525,1.4875,1308.59,0.05264,3.347,0.08137,275.02,0.019703,2.0332
2026-10-04 02:00:00+00:00,0.0042729,0.005691,181.7,0.243,0.035066,0.7941,0.20091,0.7122,11.061,317.3,783.94,0.50517,84764.9,0.9858,59.1,0.0927,1.1795,0.23742,8.803,2691.5,0.2228,1.0593,0.10117,89.606,7.567,22.65,14.04,3.5946,0.2725,70.54,0.06718,36.6,4.813,0.4968,0.0024665,0.13403,0.009177,0.006336,0.02288,16.21,120.37,1.1798,306.74,2.041,9.058,0.24068,27.842,0.5924,0.21497,547.71,0.09526,1.4886,1307.85,0.05044,3.315,0.08246,271.13,0.020173,2.0337
2026-10-04 03:00:00+00:00,0.0042631,0.005691,182.24,0.243,0.03553,0.7947,0.20153,0.7115,11.038,316.62,784.95,0.51761,84799.9,0.9195,58.75,0.0926,1.177,0.23729,8.832,2693.29,0.2214,1.0566,0.10071,89.797,7.589,22.56,14.016,3.5927,0.27284,70.39,0.06683,36.59,4.803,0.4956,0.0025069,0.13388,0.00913,0.006377,0.02309,16.24,120.72,1.1764,305.72,2.032,9.03,0.24244,27.745,0.5887,0.21445,546,0.09579,1.4891,1305.77,0.04906,3.299,0.08288,269.29,0.019919,2.02
2026-10-04 04:00:00+00:00,0.0042794,0.005703,182.03,0.2433,0.034075,0.8012,0.20264,0.7126,11.059,317.46,785.23,0.50836,84772.5,0.916,59.13,0.09268,1.186,0.23773,8.837,2691.25,0.2234,1.0665,0.10128,89.76,7.648,22.65,14.006,3.6422,0.27247,70.32,0.06568,36.68,4.81,0.4971,0.002423,0.13496,0.009178,0.006364,0.0231,16.25,120.57,1.181,306.83,2.041,9.022,0.24124,27.831,0.5921,0.21572,549.35,0.09618,1.4907,1315.89,0.04879,3.512,0.08391,268.13,0.01978,2.0298
2026-10-04 05:00:00+00:00,0.0042778,0.005703,181.38,0.2438,0.034378,0.8004,0.20157,0.7137,11.064,318.06,787.18,0.49226,84874.2,0.9272,59.31,0.09274,1.187,0.24007,8.836,2693.58,0.2222,1.0604,0.10145,89.914,7.646,22.65,14.028,3.6252,0.27157,70.53,0.06701,36.58,4.832,0.4955,0.0023965,0.13506,0.009184,0.006457,0.02275,16.24,120.76,1.1799,305.99,2.043,9.014,0.24088,27.852,0.5885,0.21528,553.86,0.09541,1.491,1327.48,0.04598,3.432,0.08475,264.66,0.01936,2.0583
2026-10-04 06:00:00+00:00,0.0042833,0.005706,182.61,0.2445,0.034249,0.7953,0.20145,0.7164,11.031,318.2,789.05,0.50056,84989.2,0.9296,59.48,0.09299,1.1849,0.23894,8.833,2695.08,0.223,1.0595,0.1017,89.802,7.612,22.63,14.026,3.6337,0.27142,70.4,0.06591,36.6,4.807,0.4944,0.0023883,0.13434,0.00923,0.006411,0.02262,16.21,120.93,1.1794,305.4,2.049,9.024,0.23945,27.772,0.5877,0.2154,549.46,0.09572,1.4963,1330.42,0.04452,3.396,0.0876,263,0.019132,2.0068
2026-10-04 07:00:00+00:00,0.0042971,0.005724,182.49,0.2458,0.034707,0.7958,0.20214,0.718,11.043,318.93,788.26,0.49492,85070,1.0281,59.61,0.09342,1.1881,0.2398,8.842,2704.33,0.2249,1.064,0.10243,90.063,7.622,22.61,14.088,3.6208,0.27259,70.55,0.06611,36.53,4.802,0.4963,0.0023896,0.13467,0.009286,0.006422,0.0227,16.2,121.09,1.181,305.02,2.046,9.056,0.24337,28.065,0.5908,0.2167,553.4,0.09551,1.4984,1335.74,0.04729,3.379,0.08807,262.34,0.018956,2.0065
2026-10-04 08:00:00+00:00,0.0042739,0.005703,181.9,0.2447,0.034676,0.793,0.20036,0.7135,11.003,318.06,790.22,0.48965,85063,1.1251,59.42,0.09311,1.1837,0.2375,8.82,2699.16,0.2254,1.0604,0.10196,90.418,7.565,22.59,14.045,3.6551,0.26928,70.39,0.0651,36.62,4.789,0.4918,0.0023852,0.13342,0.009218,0.006359,0.02273,16.2,120.93,1.1742,303.59,2.028,9.028,0.2406,28.377,0.5798,0.21662,553.2,0.09509,1.4949,1321.91,0.04634,3.345,0.08691,259.07,0.01904,2.0035
2026-10-04 09:00:00+00:00,0.0042846,0.005708,181.24,0.245,0.034417,0.7931,0.20141,0.7135,11.002,317.53,792.41,0.49199,85189.6,1.1745,59.45,0.09336,1.1945,0.23837,8.814,2700.52,0.232,1.0587,0.10159,90.603,7.554,22.58,14.107,3.6513,0.26992,70.38,0.06667,36.62,4.82,0.492,0.0023644,0.13327,0.009336,0.006385,0.02268,16.23,121.26,1.1775,303.52,2.028,9.032,0.24243,28.315,0.5821,0.21681,553.56,0.09521,1.4987,1329.72,0.04577,3.337,0.08773,259.63,0.018686,2.033
2026-10-04 10:00:00+00:00,0.0042779,0.005696,180.22,0.2449,0.034366,0.7931,0.20051,0.7126,11.002,317.53,789.14,0.47818,85220.2,1.1718,59.19,0.09331,1.1911,0.23714,8.813,2700.04,0.2354,1.0579,0.1015,90.557,7.575,22.59,14.115,3.6367,0.26839,70.76,0.0673,36.62,4.886,0.4904,0.0023631,0.13285,0.009317,0.006296,0.02271,16.23,121.21,1.1775,301.36,2.021,9.053,0.24072,28.492,0.5837,0.21643,550.48,0.09535,1.5008,1331.76,0.04659,3.343,0.08707,257.77,0.018532,1.986
2026-10-04 11:00:00+00:00,0.004279,0.005702,179.91,0.245,0.035432,0.7919,0.19929,0.711,10.982,318.65,789.15,0.46913,85263.9,1.1651,59.06,0.09344,1.1913,0.23774,8.82,2698.9,0.2343,1.0575,0.10141,90.257,7.584,22.6,14.075,3.634,0.26881,71.14,0.06731,36.66,4.872,0.4903,0.0023717,0.13127,0.009222,0.006259,0.02272,16.24,121.17,1.1795,301.39,2.023,9.016,0.23998,28.256,0.5817,0.21568,549.83,0.09486,1.4982,1332.66,0.04626,3.345,0.08676,256.65,0.018575,1.9915
2026-10-04 12:00:00+00:00,0.0042658,0.005697,180.41,0.2446,0.034648,0.7954,0.19987,0.7091,10.982,318.07,789.09,0.46024,85080.1,1.1792,59.14,0.09336,1.1937,0.23651,8.831,2694.11,0.241,1.0552,0.10152,90.117,7.564,22.6,14.098,3.5996,0.26671,71.13,0.07082,36.7,4.856,0.4914,0.0023415,0.13148,0.009228,0.00626,0.02265,16.27,121.25,1.1818,303.07,2.027,9.018,0.24097,27.884,0.5828,0.21568,550.36,0.09502,1.4972,1327.62,0.04434,3.369,0.08661,254,0.018047,2.0202
2026-10-04 13:00:00+00:00,0.0042697,0.005692,179.07,0.2445,0.034499,0.7955,0.19963,0.71,10.971,318.04,789.85,0.45914,85195.2,1.1943,59.01,0.09353,1.1886,0.23607,8.831,2698.02,0.2417,1.0512,0.10162,90.128,7.538,22.58,14.08,3.5652,0.2671,71.02,0.07337,36.7,4.872,0.4912,0.0023363,0.13207,0.009196,0.006262,0.02271,16.28,121.68,1.193,303.9,2.024,9.008,0.24064,27.93,0.5784,0.21577,549.41,0.09533,1.5007,1330.62,0.04428,3.384,0.08722,256.3,0.017679,1.972
2026-10-04 14:00:00+00:00,0.0042903,0.005704,179.2,0.2456,0.034827,0.8069,0.20048,0.7093,11.045,318.21,787.54,0.4516,85247.2,1.1889,59.2,0.09395,1.1917,0.23833,8.886,2696.37,0.2401,1.0571,0.10231,90.025,7.579,22.59,14.152,3.5348,0.26498,72.07,0.07525,36.68,4.855,0.4951,0.0023622,0.13296,0.009268,0.00628,0.02267,16.27,121.81,1.1997,305.69,2.039,9.025,0.23948,27.849,0.5874,0.21696,550.77,0.09574,1.5019,1326.06,0.04432,3.418,0.08829,258.66,0.015742,1.9903
2026-10-04 15:00:00+00:00,0.0042993,0.005724,178.57,0.2477,0.034894,0.8109,0.20145,0.7086,11.079,317.12,787.5,0.47396,85204.3,1.1977,58.97,0.09414,1.2002,0.23623,8.85,2697.33,0.2454,1.0508,0.10231,89.962,7.507,22.53,14.14,3.5174,0.26389,71.72,0.07587,36.57,4.818,0.4934,0.002352,0.13298,0.00923,0.006466,0.02257,16.27,121.53,1.2551,303.91,2.04,9.019,0.23799,27.798,0.58,0.21851,546.85,0.09638,1.5041,1322.61,0.0441,3.369,0.08912,257.42,0.014509,1.9928
2026-10-04 16:00:00+00:00,0.0043025,0.005725,179.37,0.2475,0.034686,0.8054,0.20229,0.71,11.076,316.63,789.06,0.46407,85328.1,1.2196,59.23,0.09451,1.1938,0.23699,8.853,2702.08,0.2465,1.0504,0.10213,90.055,7.488,22.58,14.149,3.6079,0.26554,71.11,0.07305,36.63,4.954,0.4932,0.0023347,0.13294,0.009286,0.006708,0.0226,16.3,121.71,1.2247,304.75,2.056,9.023,0.24059,28.323,0.5808,0.21748,548.1,0.09598,1.5029,1338.99,0.04352,3.363,0.09048,254.84,0.013976,1.9747
2026-10-04 17:00:00+00:00,0.0043081,0.005752,179.53,0.2477,0.034645,0.7988,0.2017,0.7107,11.045,316.13,788.74,0.45028,85277.9,1.2425,59.15,0.09543,1.1906,0.24045,8.858,2701,0.2438,1.0436,0.10213,90.2,7.438,22.61,14.146,3.6137,0.26809,71.03,0.07203,36.58,4.972,0.4914,0.0023637,0.13254,0.009306,0.006623,0.02259,16.31,121.46,1.2214,302.52,2.048,9.016,0.2388,28.412,0.5793,0.21726,546.36,0.09562,1.5007,1335.39,0.04315,3.359,0.08862,256.92,0.014285,1.9787
2026-10-04 18:00:00+00:00,0.0043029,0.005777,179.82,0.2496,0.034558,0.8048,0.20335,0.7092,11.073,316.49,789.68,0.45114,85296.8,1.2557,59.53,0.09509,1.2033,0.23966,8.891,2699.88,0.25,1.0503,0.10313,90.352,7.399,22.6,14.18,3.6473,0.26718,71.26,0.07048,36.53,5.009,0.4936,0.0023535,0.13426,0.009424,0.006513,0.02262,16.29,121.44,1.2235,302.97,2.044,9.004,0.23962,29.003,0.5815,0.21839,547.11,0.09636,1.502,1332.7,0.04353,3.395,0.08814,255.4,0.01469,1.9807
2026-10-04 19:00:00+00:00,0.0042972,0.005816,179.99,0.2527,0.034185,0.8062,0.20351,0.7104,11.105,316.4,789.99,0.44713,85387.4,1.2616,59.19,0.0954,1.2242,0.23955,8.912,2700.49,0.2574,1.0538,0.10374,90.31,7.391,22.56,14.126,3.6724,0.26475,71.16,0.06799,36.55,4.961,0.4926,0.0023653,0.1348,0.009474,0.006392,0.02248,16.27,121.05,1.2139,302.6,2.048,9.032,0.23808,29.056,0.5776,0.21934,548.31,0.09596,1.5061,1331.81,0.04316,3.427,0.09108,257.42,0.014314,1.9933
2026-10-04 20:00:00+00:00,0.0042953,0.005836,178.87,0.2514,0.03423,0.8027,0.2034,0.7117,11.07,315.72,792.17,0.44372,85791.2,1.258,59.36,0.09583,1.2103,0.2396,8.913,2704.9,0.2553,1.0514,0.10326,90.72,7.444,22.59,14.151,3.6529,0.26903,70.73,0.06623,36.58,4.953,0.4927,0.0023549,0.13452,0.009437,0.006392,0.02265,16.28,121.23,1.2049,302.39,2.042,9.043,0.23785,29.777,0.578,0.21985,547.31,0.09578,1.5055,1331.37,0.04341,3.393,0.08701,249.61,0.014008,1.9767
2026-10-04 21:00:00+00:00,0.0043283,0.005953,177.66,0.2532,0.0337,0.7951,0.2022,0.7082,11.025,315.72,793.14,0.43941,85830.8,1.2301,59.16,0.09632,1.195,0.2388,8.913,2701.39,0.2512,1.0471,0.10296,90.579,7.467,22.66,14.162,3.6288,0.26837,70.29,0.06569,36.62,4.908,0.4909,0.0023293,0.13298,0.009514,0.006435,0.02249,16.25,121.16,1.1984,301.58,2.038,8.997,0.23727,29.522,0.5754,0.22006,549.93,0.09547,1.508,1334.62,0.04331,3.356,0.08645,248.28,0.013582,1.9783
2026-10-04 22:00:00+00:00,0.0044057,0.005949,179.76,0.2622,0.03347,0.8012,0.20377,0.7097,11.093,318.66,795.96,0.44311,86399.9,1.244,59.52,0.09633,1.2067,0.24194,9.003,2729.8,0.2544,1.0538,0.10384,90.416,7.582,22.77,14.247,3.6741,0.26741,70.62,0.06619,37.07,4.964,0.4971,0.0023461,0.13388,0.009596,0.006472,0.02294,16.37,121.68,1.2144,304.87,2.061,9.058,0.23984,30.263,0.5831,0.22292,548.45,0.09621,1.5184,1349.86,0.04375,3.365,0.08845,249.68,0.013925,1.9753
2026-10-04 23:00:00+00:00,0.0044006,0.005921,179.03,0.2598,0.033706,0.8008,0.204,0.7114,11.099,318.66,795.86,0.43472,86482.8,1.2442,59.68,0.0959,1.2048,0.24135,9.01,2725.71,0.2533,1.0588,0.10392,90.555,7.64,22.86,14.268,3.6615,0.2723,70.65,0.06566,37.22,4.914,0.4981,0.0023477,0.13414,0.009578,0.006517,0.02285,16.47,121.54,1.2077,304.37,2.064,9.078,0.24081,30.068,0.5835,0.22404,547.47,0.09623,1.5201,1351.78,0.04537,3.362,0.08859,251.7,0.013776,1.974
2026-10-05 00:00:00+00:00,0.0044188,0.005956,180.6,0.2635,0.0336,0.8069,0.20452,0.713,10.998,318.87,797.2,0.4293,86619,1.2595,59.85,0.09635,1.2055,0.24286,9.016,2728.43,0.2596,1.059,0.10425,90.354,7.619,23.03,14.234,3.6863,0.27254,70.74,0.06653,37.45,4.91,0.5,0.0023614,0.1348,0.009725,0.006483,0.02288,16.61,121.27,1.224,304.28,2.068,9.138,0.24049,30.126,0.5853,0.2242,546.11,0.09672,1.5228,1350.27,0.04431,3.368,0.09301,251.32,0.013913,1.9588
2026-10-05 01:00:00+00:00,0.00441,0.005958,181.28,0.2638,0.033454,0.8018,0.20271,0.7129,10.961,318.85,800.29,0.42879,86580,1.2473,59.59,0.09613,1.2065,0.23924,9.021,2723.85,0.2581,1.0562,0.10396,90.239,7.623,23.04,14.166,3.662,0.27337,70.28,0.06783,37.48,4.868,0.4966,0.0023555,0.13389,0.009774,0.00638,0.02268,16.56,121.1,1.2322,303.68,2.068,9.082,0.23931,29.727,0.5809,0.22419,547.48,0.0961,1.5203,1338.29,0.04219,3.344,0.09857,250.29,0.013473,1.9211
2026-10-05 02:00:00+00:00,0.0044508,0.005966,181.3,0.2685,0.033638,0.8032,0.20434,0.715,11.017,319.37,801.67,0.42752,86492.6,1.1903,59.82,0.09618,1.2131,0.23979,9.069,2730.1,0.2609,1.0591,0.10436,90.619,7.693,22.68,14.15,3.6694,0.27429,70.45,0.06954,37.32,4.931,0.5042,0.002343,0.13498,0.009916,0.006366,0.02282,16.47,121.12,1.2433,304.43,2.084,9.182,0.23932,29.855,0.584,0.22429,548.66,0.0962,1.5185,1340.3,0.03936,3.345,0.10258,249.37,0.013252,1.9118
2026-10-05 03:00:00+00:00,0.0044281,0.005915,180.41,0.2688,0.033154,0.7966,0.20262,0.71,10.938,319.87,792.58,0.43051,86050.2,1.1976,59.91,0.09584,1.2173,0.2393,9.022,2714.98,0.2592,1.0575,0.10401,90.344,7.604,22.73,14.141,3.6472,0.27468,70.12,0.07006,37.32,4.835,0.4992,0.0023503,0.13305,0.009771,0.006369,0.02302,16.48,120.38,1.2302,301.97,2.066,9.115,0.23596,29.475,0.5699,0.22471,545.81,0.09591,1.511,1330.5,0.04136,3.304,0.10004,249.31,0.01344,1.904
2026-10-05 04:00:00+00:00,0.0043891,0.005893,179.82,0.2665,0.032412,0.7882,0.20044,0.7087,10.868,317.85,790.02,0.46335,85500,1.0953,59.48,0.09518,1.2154,0.23751,8.951,2701.37,0.2569,1.0468,0.10295,90.685,7.549,22.45,14.073,3.6896,0.27148,69.8,0.07334,37.25,4.862,0.4947,0.002347,0.13066,0.009695,0.00642,0.02297,16.43,120.44,1.2151,297.61,2.049,8.988,0.23376,29.515,0.5675,0.22231,537.99,0.09387,1.5035,1315.08,0.04205,3.246,0.10355,248.22,0.013543,1.9047
2026-10-05 05:00:00+00:00,0.0043995,0.005906,180.57,0.2697,0.032062,0.7928,0.2019,0.7126,10.918,319.24,792.66,0.42472,85734.1,0.9989,59.93,0.09525,1.2218,0.23784,8.962,2705.12,0.2536,1.051,0.10331,91.173,7.565,22.53,14.13,3.7527,0.26929,69.72,0.07784,37.4,5.01,0.4998,0.0023459,0.13309,0.009718,0.006442,0.02345,16.4,120.38,1.2172,298.06,2.058,9.027,0.23553,29.483,0.569,0.22275,538.21,0.09462,1.5064,1317.5,0.04235,3.281,0.10601,251.11,0.013431,1.9262
2026-10-05 06:00:00+00:00,0.0044603,0.005933,180.79,0.2712,0.03202,0.8035,0.20574,0.7196,10.99,319.04,794.72,0.43041,86214.8,0.9397,60.57,0.09602,1.2307,0.24041,9.009,2724.68,0.2546,1.0651,0.10352,91.762,7.587,22.59,14.177,3.7902,0.26719,70.07,0.07726,37.42,5.056,0.5023,0.0023348,0.13373,0.009855,0.006438,0.02325,16.42,121.52,1.233,302.33,2.07,9.075,0.23671,29.766,0.5712,0.22354,540.01,0.09584,1.5183,1330.91,0.04341,3.293,0.10621,251.31,0.013247,1.9041
2026-10-05 07:00:00+00:00,0.0045066,0.005965,179.89,0.2728,0.031915,0.8139,0.20713,0.7243,11.061,319.12,792.34,0.43343,86221.6,0.9693,60.57,0.09655,1.2348,0.25317,9.057,2724.95,0.2612,1.0683,0.10421,92.876,7.645,22.73,14.241,3.8323,0.26783,70.12,0.07513,37.51,5.163,0.508,0.0023766,0.13594,0.009987,0.006484,0.02365,16.52,121.65,1.2431,307.12,2.077,9.079,0.24171,30.092,0.5808,0.22369,541.19,0.097,1.5216,1320.72,0.043,3.311,0.0992,257.83,0.01247,1.9168
2026-10-05 08:00:00+00:00,0.0045235,0.005986,178.46,0.2709,0.031761,0.8129,0.20465,0.7239,10.99,316.06,789.15,0.41656,86188.4,1.1628,60.08,0.0967,1.2176,0.25311,9.016,2720.08,0.2688,1.0655,0.10326,93.471,7.551,22.7,14.139,3.7957,0.26901,70.15,0.07492,36.95,5.047,0.5032,0.002385,0.13493,0.009846,0.006364,0.02323,16.5,121.03,1.2294,304.32,2.065,9.019,0.23701,29.853,0.5824,0.22205,545.57,0.09566,1.5147,1329.02,0.04232,3.295,0.10033,251.68,0.01266,1.953
2026-10-05 09:00:00+00:00,0.0045306,0.005965,178.7,0.2719,0.031741,0.8113,0.20369,0.7268,10.962,316.23,788.03,0.4127,85935.6,1.1901,59.79,0.09619,1.2116,0.24823,9.002,2716.28,0.2653,1.0704,0.10286,92.83,7.496,22.56,14.125,3.888,0.2685,70.39,0.07443,36.96,5.003,0.5046,0.0023918,0.1347,0.009829,0.006366,0.02339,16.4,120.56,1.2333,304.03,2.067,8.998,0.23553,29.735,0.5761,0.22113,547.56,0.09531,1.5114,1316.2,0.04255,3.3,0.09733,255.34,0.012389,1.9618
2026-10-05 10:00:00+00:00,0.0045252,0.005985,178.87,0.275,0.031576,0.818,0.20501,0.7307,11.025,316.68,790.42,0.41385,86070,1.2117,59.63,0.09624,1.2177,0.25549,9.02,2716.38,0.2602,1.0872,0.10302,93.235,7.55,22.66,14.171,3.8801,0.27339,70.61,0.07556,36.98,5.019,0.5048,0.0024075,0.13487,0.009841,0.006433,0.02392,16.43,120.6,1.2373,304.78,2.074,9.016,0.23423,29.558,0.5721,0.22225,546.4,0.09585,1.5194,1316.67,0.04367,3.32,0.09678,252.23,0.012468,1.9551
2026-10-05 11:00:00+00:00,0.0045072,0.005989,181.01,0.2724,0.03144,0.8156,0.20717,0.7336,11.01,317.34,791.57,0.41384,86165.3,1.233,59.64,0.09627,1.2191,0.26064,9.026,2716.83,0.2631,1.087,0.10291,93.466,7.561,22.72,14.205,3.9211,0.27364,70.85,0.07879,36.84,5.013,0.5043,0.0023958,0.13455,0.009904,0.006457,0.02389,16.42,120.75,1.2397,306.09,2.07,9.019,0.23326,29.628,0.5741,0.22152,549.6,0.09627,1.5179,1333.67,0.0462,3.359,0.09646,253.51,0.012489,1.9409
2026-10-05 12:00:00+00:00,0.0044796,0.005942,182.4,0.272,0.031347,0.8083,0.20586,0.7307,10.924,314.83,789.1,0.40128,85855.1,1.2165,58.99,0.09558,1.2001,0.25352,8.941,2710,0.2575,1.0909,0.10226,92.356,7.549,22.68,14.054,3.8959,0.27025,70.76,0.07627,36.86,5.025,0.4992,0.0023496,0.13338,0.009768,0.006436,0.02396,16.43,120.29,1.217,301.91,2.056,8.94,0.23046,29.442,0.566,0.22104,547.95,0.09502,1.5087,1323.55,0.04678,3.354,0.09621,258.75,0.012338,1.9539
2026-10-05 13:00:00+00:00,0.0045244,0.005952,184.59,0.2742,0.031285,0.8176,0.20621,0.7325,10.999,316.29,792.22,0.39839,86383.8,1.1867,59.17,0.09607,1.2073,0.25132,8.983,2721.32,0.2571,1.1073,0.10265,92.996,7.579,22.61,14.078,3.8556,0.27314,71.01,0.07494,36.14,5.036,0.4992,0.0023378,0.13476,0.009824,0.00643,0.02358,16.3,120.71,1.2186,304.14,2.059,9.013,0.23554,29.255,0.5691,0.22164,549.54,0.095,1.5149,1343.32,0.04822,3.446,0.09872,253.86,0.011937,1.9657
2026-10-05 14:00:00+00:00,0.0044291,0.005885,183.12,0.2683,0.03149,0.8023,0.2021,0.7329,10.877,313.78,788.74,0.39128,85597.6,1.1607,58.47,0.09458,1.1921,0.24823,8.859,2703.06,0.2492,1.0961,0.10125,92.99,7.47,23.11,13.794,3.8165,0.27487,70.98,0.07492,36.76,4.966,0.4892,0.0023456,0.13238,0.009653,0.006382,0.02405,16.43,119.44,1.1848,298.81,2.033,8.886,0.22861,28.694,0.562,0.21521,555.9,0.09361,1.4985,1315.33,0.04546,3.422,0.09901,253.56,0.01148,1.9631
2026-10-05 15:00:00+00:00,0.0043951,0.005871,182.82,0.264,0.031522,0.8151,0.2027,0.7307,10.85,315.31,787.65,0.38777,85220.3,1.2098,58.81,0.09452,1.1938,0.24553,8.864,2695.96,0.2494,1.0878,0.10072,92.652,7.494,22.84,13.788,3.808,0.27906,69.97,0.07622,36.38,5.019,0.4888,0.0023857,0.13383,0.009551,0.006331,0.02497,16.11,119.28,1.1854,299.6,2.029,8.917,0.22668,28.067,0.5662,0.21181,554.05,0.09402,1.4919,1294.89,0.04545,3.466,0.10211,256.82,0.010279,2.0461
2026-10-05 16:00:00+00:00,0.0043901,0.00588,183.14,0.2648,0.031364,0.8071,0.20362,0.7308,10.901,314.8,787.84,0.40843,85260,1.209,58.57,0.09446,1.1929,0.24535,8.855,2694.74,0.2479,1.0875,0.10077,93.593,7.535,23,13.819,3.839,0.27354,70.48,0.07609,36.63,5.002,0.4883,0.0023634,0.13402,0.009501,0.006307,0.02525,16.12,119.54,1.1845,298.56,2.03,8.914,0.2255,27.802,0.5639,0.2111,554.47,0.09412,1.4909,1297.54,0.04417,3.43,0.10669,253.63,0.011257,2.0812
2026-10-05 17:00:00+00:00,0.0043861,0.005881,182.83,0.2642,0.030901,0.8135,0.20572,0.7326,10.874,314.14,787.08,0.41322,85383.3,1.2597,58.45,0.09463,1.1909,0.25022,8.857,2704.02,0.2505,1.0887,0.10071,93.802,7.559,22.98,13.862,3.8788,0.27125,70.64,0.07671,36.32,5.077,0.4886,0.0022845,0.13605,0.009545,0.006283,0.02465,16.21,119.95,1.1891,299.21,2.037,8.963,0.22822,27.702,0.5591,0.21149,556.99,0.09389,1.4955,1318.32,0.04515,3.486,0.11303,254.64,0.010765,2.038
2026-10-05 18:00:00+00:00,0.0043917,0.005878,181.62,0.2651,0.030871,0.828,0.20686,0.7423,10.895,314.91,787.85,0.41918,85613,1.2649,58.37,0.09483,1.216,0.24811,8.91,2709.18,0.2525,1.1546,0.10136,92.972,7.59,22.83,13.891,3.9706,0.27153,70.13,0.0745,36.05,5.16,0.4882,0.0022584,0.13815,0.009635,0.006258,0.02427,15.76,120.03,1.1928,301.77,2.047,9.105,0.23204,27.914,0.5591,0.21261,559.8,0.09396,1.4987,1328.04,0.04483,3.557,0.10777,251.62,0.010241,2.0442
2026-10-05 19:00:00+00:00,0.0044159,0.005899,182.17,0.2661,0.030818,0.8251,0.20729,0.7415,10.881,315.32,787.87,0.43524,85691.2,1.268,58.44,0.09544,1.2159,0.2481,8.932,2707.84,0.2519,1.1378,0.10182,94.239,7.664,22.78,13.92,4.0504,0.27197,70.03,0.07445,36.41,5.189,0.4917,0.0022617,0.13781,0.009743,0.006345,0.02375,16.02,120.22,1.2028,304.52,2.054,9.096,0.23309,28.296,0.5636,0.21417,555.86,0.0949,1.5027,1339.44,0.04387,3.572,0.11058,251.51,0.010241,2.0783
2026-10-05 20:00:00+00:00,0.0044316,0.0059,183.8,0.269,0.030764,0.8452,0.2096,0.742,10.977,315.85,788.31,0.43635,85734,1.2656,58.93,0.0956,1.2315,0.25373,8.98,2711.16,0.2555,1.165,0.1024,94.766,7.659,22.82,13.938,4.0765,0.27027,70.11,0.07355,36.36,5.253,0.4956,0.0022669,0.13969,0.009806,0.006502,0.02402,16.02,120.58,1.2296,307.43,2.067,9.162,0.23787,28.336,0.5702,0.21491,559.37,0.09471,1.5044,1345.75,0.0434,3.548,0.11362,253.13,0.010575,2.1191
2026-10-05 21:00:00+00:00,0.0044252,0.005913,183.92,0.2697,0.030931,0.8511,0.21017,0.7401,11.009,316.32,787.24,0.43335,85900.1,1.2378,59.04,0.09571,1.232,0.25055,8.987,2716.76,0.2534,1.1936,0.10213,94.709,7.628,22.88,13.915,4.0969,0.26948,70.22,0.07431,36.33,5.254,0.4973,0.0022826,0.14005,0.009744,0.006473,0.02388,15.99,120.74,1.2236,307.89,2.066,9.152,0.24375,28.554,0.5794,0.21568,559.98,0.0955,1.5076,1351.01,0.04356,3.583,0.11104,258.78,0.010825,2.0895
2026-10-05 22:00:00+00:00,0.0044133,0.005905,184.46,0.2717,0.030891,0.8471,0.20831,0.7384,11.043,316.08,788.59,0.4244,85884,1.236,58.36,0.09563,1.2262,0.25025,8.994,2714.6,0.2538,1.1789,0.10228,94.494,7.672,23.01,13.907,4.0549,0.27121,70.13,0.07541,36.4,5.28,0.5007,0.0022871,0.13902,0.009702,0.006444,0.02399,16,120.95,1.2178,306.03,2.062,9.081,0.23977,28.735,0.5755,0.21586,561.97,0.09521,1.5101,1338.74,0.04406,3.573,0.11002,259.63,0.010804,2.115
2026-10-05 23:00:00+00:00,0.0043847,0.005882,183.94,0.2703,0.031057,0.8448,0.20771,0.7364,11.124,316.61,786.81,0.44089,85717.2,1.2322,57.98,0.09538,1.2306,0.24922,8.999,2708.69,0.2546,1.1838,0.10165,94.151,7.676,22.85,13.847,4.0177,0.26025,70.05,0.07541,36.41,5.293,0.4992,0.0022864,0.13848,0.009664,0.006463,0.02434,16.03,120.72,1.2133,305.84,2.056,9.08,0.23834,28.749,0.575,0.21541,563.05,0.09474,1.5072,1337.17,0.04541,3.59,0.10804,262.61,0.010818,2.1662
2026-10-06 00:00:00+00:00,0.0043676,0.005876,184.13,0.2709,0.030818,0.8348,0.2055,0.7355,11.184,316.02,786.33,0.481,85872.4,1.1959,57.69,0.09528,1.2261,0.24963,8.951,2717.32,0.2539,1.1666,0.10152,94.805,7.656,22.4,13.87,4.0098,0.26636,69.83,0.07454,36.47,5.296,0.4991,0.0023138,0.13697,0.009545,0.006351,0.0245,16.05,120.98,1.207,304.86,2.043,9.042,0.24045,28.833,0.5733,0.21597,561.84,0.09364,1.509,1351.62,0.04664,3.567,0.10759,264.37,0.010557,2.0648
2026-10-06 01:00:00+00:00,0.0043078,0.005844,183.17,0.268,0.03071,0.8177,0.20498,0.7382,11.162,314.9,783.5,0.42272,85626.5,1.1637,57.53,0.09491,1.2194,0.24864,8.893,2706.68,0.2514,1.1568,0.10095,94.317,7.588,22.13,13.808,4.0118,0.26298,69.44,0.07496,36.21,5.336,0.497,0.0022956,0.13484,0.009483,0.006424,0.02443,15.86,120.6,1.199,304.55,2.035,8.975,0.23606,28.927,0.5723,0.21477,561.34,0.0927,1.5013,1350.15,0.04649,3.534,0.10454,263.81,0.010827,2.1033
2026-10-06 02:00:00+00:00,0.0042809,0.00582,182.67,0.2665,0.030373,0.8112,0.20397,0.7362,11.164,314.92,781.63,0.40521,85492.2,1.1468,57.11,0.09455,1.2145,0.2465,8.84,2700.82,0.2502,1.151,0.10088,93.978,7.535,21.86,13.761,4.0007,0.25827,69.46,0.07494,35.91,5.284,0.492,0.0023271,0.13348,0.009412,0.006358,0.0242,15.79,120.13,1.1932,301.25,2.027,8.938,0.23317,29.045,0.5705,0.21412,562.44,0.09226,1.4962,1341.95,0.04632,3.503,0.10299,268.04,0.010646,2.142
2026-10-06 03:00:00+00:00,0.0042916,0.005814,181.76,0.2659,0.030494,0.8156,0.20397,0.7361,11.188,314.02,781.21,0.40092,85475,1.135,57.01,0.09453,1.223,0.24559,8.825,2697.95,0.2503,1.1651,0.10086,93.341,7.546,21.73,13.763,3.9942,0.25813,69.33,0.07435,35.91,5.25,0.4894,0.0023451,0.13258,0.009386,0.006322,0.02429,15.79,119.95,1.188,301.11,2.001,8.864,0.23034,28.687,0.5658,0.21403,564.16,0.09186,1.4976,1340.15,0.04525,3.451,0.10057,263.13,0.010776,2.1406
2026-10-06 04:00:00+00:00,0.0043133,0.005838,183.23,0.2696,0.030307,0.8125,0.20316,0.7402,11.246,314.27,781.72,0.39228,85584.1,1.1699,56.83,0.09475,1.2275,0.24395,8.865,2701.23,0.2524,1.177,0.10058,93.273,7.529,21.57,13.819,3.9762,0.25724,69.52,0.075,35.93,5.232,0.4897,0.0023171,0.13347,0.009431,0.006335,0.02479,15.83,120.02,1.1932,301.82,2.014,8.858,0.23027,28.764,0.5687,0.21498,562.86,0.09205,1.4987,1337.93,0.04585,3.496,0.0994,259.63,0.011204,2.1367
2026-10-06 05:00:00+00:00,0.0043148,0.005847,181.62,0.2685,0.02998,0.8172,0.20316,0.7421,11.28,315.78,781.3,0.3961,85478.3,1.1608,56.54,0.09464,1.2315,0.2436,8.852,2698.18,0.2508,1.1872,0.10047,92.907,7.557,21.76,13.816,3.9358,0.25764,69.58,0.07227,35.96,5.209,0.4885,0.0023284,0.13423,0.009436,0.006285,0.02433,15.87,119.73,1.19,302,2.017,8.84,0.22711,27.913,0.5614,0.21486,562.6,0.09207,1.4993,1333.46,0.04569,3.486,0.09909,256.58,0.011279,2.1196
2026-10-06 06:00:00+00:00,0.0043028,0.005844,181.63,0.2699,0.029969,0.8194,0.20191,0.7412,11.289,315.2,779.53,0.42354,85266.8,1.1792,56.49,0.09435,1.2304,0.24235,8.852,2696.47,0.2487,1.1927,0.10032,93.247,7.569,21.78,13.827,3.9058,0.25634,69.48,0.07306,35.96,5.167,0.4875,0.0023081,0.13377,0.009447,0.006261,0.02399,15.88,119.74,1.1885,300.99,2.013,8.83,0.225,27.982,0.5602,0.21457,557.45,0.09154,1.4966,1322.73,0.04674,3.452,0.10061,257.41,0.01119,2.1061
2026-10-06 07:00:00+00:00,0.0043294,0.005856,181.11,0.2733,0.029737,0.8264,0.20273,0.7369,11.336,315.27,780.16,0.53076,85512.4,1.2033,56.86,0.09463,1.2373,0.24513,8.873,2706.31,0.2522,1.2035,0.10025,93.014,7.66,21.89,13.935,3.922,0.2548,69.46,0.07202,35.98,5.296,0.4915,0.0023121,0.13519,0.009493,0.006329,0.02418,15.85,120.15,1.1931,303.9,2.016,8.842,0.22738,28.111,0.5632,0.21497,559.69,0.09208,1.4993,1334.71,0.04611,3.469,0.1009,255.13,0.011984,2.1481
2026-10-06 08:00:00+00:00,0.0043481,0.005857,180.06,0.274,0.030308,0.8244,0.20258,0.7389,11.317,315.25,783.5,0.52408,85970.7,1.2111,57.07,0.09489,1.2294,0.24268,8.873,2715.29,0.2516,1.1891,0.10081,93.35,7.708,21.93,13.974,3.9,0.25441,69.74,0.07396,35.94,5.309,0.4931,0.0022974,0.13497,0.009512,0.006441,0.02417,15.78,120.46,1.2021,304.29,2.018,8.866,0.22985,28.23,0.5626,0.21568,563.4,0.09199,1.5031,1349.68,0.04628,3.448,0.10111,254.81,0.012725,2.1019
2026-10-06 09:00:00+00:00,0.004332,0.005855,180.07,0.2765,0.030553,0.826,0.20116,0.7347,11.286,315.77,783.59,0.6413,85949.2,1.1942,57.33,0.09493,1.2286,0.24042,8.869,2709.24,0.25,1.1692,0.10063,93.071,7.695,21.91,13.952,3.9066,0.25549,70.42,0.07776,35.92,5.26,0.4966,0.0023036,0.13405,0.009506,0.006338,0.0245,15.74,119.48,1.1921,303.46,2.014,8.86,0.22979,27.907,0.5621,0.21541,558.23,0.09177,1.5028,1348.97,0.04726,3.449,0.10021,254.06,0.01371,2.1322
2026-10-06 10:00:00+00:00,0.0043462,0.005893,181.11,0.2763,0.030508,0.8279,0.20239,0.7331,11.324,317.3,784.45,0.57771,86119.7,1.1773,57.63,0.09537,1.2339,0.2404,8.923,2712.79,0.2501,1.1718,0.10086,93.35,7.736,22.11,14.018,3.8976,0.2563,70.39,0.07631,36.16,5.234,0.4995,0.0022996,0.1347,0.009591,0.006391,0.02437,15.85,120.19,1.1965,304.08,2.03,8.874,0.22991,27.899,0.5645,0.21605,556.93,0.0924,1.5076,1362.6,0.04911,3.44,0.10205,253.51,0.014486,2.1503
2026-10-06 11:00:00+00:00,0.0043614,0.005914,182.84,0.2792,0.030357,0.8285,0.2015,0.7323,11.432,317.68,784.3,0.50165,86211,1.1731,57.36,0.09572,1.2365,0.24059,8.944,2713,0.2497,1.1691,0.10141,93.712,7.759,22.37,14.057,3.9051,0.25552,70.42,0.07595,36.55,5.25,0.5008,0.0022957,0.13444,0.009595,0.006359,0.02413,16.05,120.27,1.2044,304.04,2.024,8.899,0.23144,28.018,0.5665,0.21662,557.94,0.09225,1.5127,1372.29,0.05001,3.461,0.10019,254.44,0.014006,2.1627
2026-10-06 12:00:00+00:00,0.00435,0.005879,184.69,0.2771,0.029944,0.8234,0.2006,0.7387,11.513,316.65,786.37,0.55928,86175.8,1.1952,57.19,0.09551,1.2151,0.24059,8.913,2714.49,0.2493,1.1554,0.10087,93.295,7.831,22.39,14.007,3.8916,0.25588,70.01,0.07675,36.68,5.165,0.498,0.0022895,0.13373,0.009549,0.006327,0.02416,16.08,120.38,1.1934,302.61,2.024,8.892,0.23006,28.441,0.5652,0.21549,559.84,0.09194,1.5113,1369.34,0.0509,3.441,0.1015,253.76,0.0148,2.1994
2026-10-06 13:00:00+00:00,0.0043446,0.005874,181.85,0.275,0.030109,0.822,0.20038,0.7391,11.42,315.96,785.45,0.60164,86274.4,1.1904,57.16,0.09601,1.2089,0.23882,8.922,2713.69,0.2474,1.1501,0.10063,92.83,7.88,22.08,13.995,3.8835,0.25437,69.79,0.07618,36.57,5.142,0.4973,0.0022824,0.1327,0.009621,0.006206,0.02413,15.61,120.85,1.1952,302.06,2.025,8.866,0.23576,28.677,0.5646,0.21536,561.34,0.09223,1.514,1377.95,0.05277,3.465,0.10289,257.61,0.014247,2.2005
2026-10-06 14:00:00+00:00,0.0043621,0.00589,183.01,0.2755,0.029837,0.84,0.20268,0.7424,11.588,316.73,786.56,0.56772,86563.3,1.1974,57.06,0.09626,1.2141,0.24039,8.978,2720.99,0.2493,1.1591,0.10097,93.013,7.869,22.01,14.077,3.8681,0.25467,70.08,0.07561,36.85,5.14,0.5031,0.0022877,0.13341,0.009691,0.006381,0.02403,15.55,121.71,1.1986,304.98,2.031,8.849,0.23807,28.508,0.5663,0.21651,563.48,0.09268,1.5222,1374.43,0.0535,3.469,0.10131,260.81,0.014262,2.2238
2026-10-06 15:00:00+00:00,0.0042971,0.005859,181,0.2714,0.029797,0.8269,0.20118,0.7397,11.504,314.11,783.29,0.61449,85675.1,1.1972,56.38,0.09534,1.2012,0.23792,8.873,2700.38,0.2453,1.1501,0.10006,92.189,7.834,21.96,13.934,3.8487,0.25415,69.92,0.07585,36.49,5.089,0.5035,0.0023073,0.13168,0.009537,0.006267,0.02422,15.36,120.44,1.1857,302.91,2.016,8.664,0.2322,28.014,0.5543,0.21372,563.27,0.09109,1.502,1355.67,0.05398,3.402,0.10206,261.86,0.014481,2.2514
2026-10-06 16:00:00+00:00,0.0042767,0.005822,179.74,0.2719,0.029753,0.8223,0.20017,0.7373,11.421,313.37,783.17,0.63825,85537.2,1.1964,56.1,0.09503,1.2018,0.23464,8.824,2694.4,0.2444,1.1557,0.10028,91.683,7.784,21.75,13.857,3.791,0.25192,69.45,0.07648,36.46,5.079,0.4967,0.0023098,0.13096,0.009357,0.006145,0.02419,15.37,120.21,1.1817,301.8,2.004,8.613,0.22608,27.696,0.5492,0.21323,558.47,0.0902,1.5006,1350.41,0.0508,3.429,0.09962,261.8,0.014712,2.216
2026-10-06 17:00:00+00:00,0.004294,0.005827,181.63,0.2725,0.029455,0.8323,0.20386,0.75,11.511,315.44,782.61,0.59317,85675.1,1.1929,56.36,0.09473,1.2164,0.237,8.848,2698.64,0.2441,1.1724,0.10084,91.81,7.863,21.72,13.958,3.7862,0.24922,69.18,0.07607,36.54,5.037,0.4965,0.0023091,0.13172,0.009403,0.00626,0.02412,15.47,120.82,1.1877,304.22,2.019,8.651,0.22705,27.498,0.5527,0.21409,557.64,0.09077,1.5055,1366.57,0.05123,3.441,0.09985,257.36,0.014745,2.2287
2026-10-06 18:00:00+00:00,0.0042973,0.005801,182.22,0.2717,0.029569,0.8359,0.20463,0.7441,11.473,315.37,781.35,0.61887,85465.7,1.1978,56.21,0.09428,1.2201,0.23822,8.857,2689.55,0.2423,1.159,0.10069,91.949,7.851,21.55,13.954,3.8021,0.24889,69.31,0.07642,35.98,5.08,0.4978,0.0023,0.13204,0.009397,0.00621,0.02432,15.33,120.79,1.1877,303.57,2.016,8.656,0.22698,27.429,0.5531,0.21341,557.93,0.0912,1.5033,1359.01,0.05508,3.428,0.09962,257.25,0.014645,2.2382
2026-10-06 19:00:00+00:00,0.0042634,0.005763,181.98,0.2705,0.029291,0.8388,0.2038,0.7389,11.45,314.49,780.04,0.61046,85569,1.1991,56.14,0.09379,1.2113,0.23794,8.786,2690.86,0.2419,1.1577,0.09989,91.983,7.857,21.02,13.965,3.8586,0.24797,69.16,0.07615,35.15,5.122,0.4955,0.0022702,0.1314,0.009212,0.006346,0.0242,15.19,120.73,1.1846,303.49,2.007,8.625,0.21952,27.03,0.5528,0.21234,559.56,0.0905,1.5021,1350.35,0.05978,3.398,0.09591,258.75,0.014381,2.2742
2026-10-06 20:00:00+00:00,0.0042577,0.00578,180.4,0.2707,0.029468,0.8465,0.20345,0.7319,11.431,314.36,780.01,0.62157,85575.8,1.1989,55.95,0.09354,1.213,0.23748,8.806,2697.47,0.2418,1.1644,0.10025,92.169,8.16,21.22,13.98,3.7933,0.25157,69.08,0.07595,35.15,5.179,0.4965,0.0022648,0.13154,0.009149,0.006211,0.02454,15.27,120.96,1.1855,302.99,2.006,8.607,0.22416,27.247,0.5512,0.21239,555.94,0.09049,1.5016,1341.6,0.06977,3.393,0.098,263.52,0.014912,2.267
2026-10-06 21:00:00+00:00,0.0042619,0.005771,180.73,0.2685,0.029299,0.8321,0.20112,0.7317,11.539,314.46,780.18,0.59202,85571.1,1.2105,55.81,0.09345,1.2003,0.23899,8.819,2697.14,0.2393,1.1646,0.09976,91.587,8.214,21.33,13.936,3.7644,0.25013,68.99,0.07566,35.22,5.121,0.4914,0.0022504,0.13029,0.009171,0.006151,0.02466,15.3,120.97,1.181,303.68,2.004,8.549,0.22633,27.217,0.5498,0.21234,556.09,0.08972,1.4993,1344.17,0.06555,3.38,0.0967,262.25,0.014639,2.2584
2026-10-06 22:00:00+00:00,0.0042641,0.005776,180.12,0.2677,0.029496,0.8272,0.20012,0.7345,11.613,311.6,779.9,0.57233,85490.1,1.2229,55.51,0.09327,1.2004,0.23934,8.829,2695.56,0.239,1.1554,0.09988,91.817,8.121,21.37,13.922,3.7653,0.24748,68.89,0.07612,35.1,5.058,0.492,0.0022493,0.13036,0.009084,0.006158,0.02458,15.26,120.78,1.1794,305.04,2.002,8.549,0.22543,27.146,0.5516,0.21235,558.29,0.08972,1.4965,1344.17,0.05915,3.385,0.09507,262.63,0.015086,2.2576
2026-10-06 23:00:00+00:00,0.004278,0.005788,179.57,0.2672,0.029453,0.8256,0.19962,0.7359,11.603,311.76,779.79,0.57326,85507.5,1.2133,55.7,0.09364,1.2,0.2403,8.832,2696.45,0.2389,1.1523,0.09962,91.928,8.107,21.36,13.953,3.8146,0.24719,68.95,0.07666,35.11,5.064,0.491,0.0022427,0.13029,0.009105,0.006177,0.02469,15.25,120.65,1.1775,308.88,2.008,8.558,0.22518,27.037,0.5512,0.21191,560.18,0.08976,1.4961,1366.05,0.06604,3.384,0.09538,265.39,0.014885,2.2501
2026-10-07 00:00:00+00:00,0.004273,0.005789,179.01,0.267,0.029907,0.8285,0.20006,0.7319,11.595,311.66,779.18,0.6002,85501.1,1.2168,55.84,0.09375,1.1995,0.23983,8.83,2695.75,0.2398,1.1557,0.09946,92.016,7.951,21.71,14.012,3.8255,0.24983,69,0.07686,35.32,5.142,0.4923,0.0022495,0.13007,0.009175,0.006229,0.02445,15.32,120.52,1.1717,306.23,2.004,8.515,0.227,27.186,0.5521,0.21218,559.58,0.08981,1.4962,1366.28,0.06575,3.349,0.09666,264.36,0.015067,2.2682
2026-10-07 01:00:00+00:00,0.0041755,0.005624,174.55,0.2604,0.029568,0.8029,0.19138,0.7158,11.329,305.38,770.72,0.56463,84330.7,1.212,54.36,0.0917,1.158,0.23355,8.6,2656.01,0.2348,1.118,0.09776,90.369,7.548,21.25,13.692,3.7172,0.24335,68.26,0.0763,35.12,5.044,0.4775,0.0022498,0.12558,0.008936,0.006119,0.02388,15.1,118.91,1.145,297.12,1.948,8.213,0.21674,26.826,0.5418,0.20769,558.12,0.08739,1.4752,1323.45,0.06867,3.292,0.09568,260.8,0.014871,2.2321
2026-10-07 02:00:00+00:00,0.0041059,0.005534,173.57,0.2525,0.028567,0.7768,0.18513,0.7094,10.99,305.94,765.05,0.57274,83817,1.2172,53.82,0.09001,1.1242,0.22563,8.469,2611.15,0.2316,1.1031,0.09611,90.734,7.399,21.13,13.556,3.7341,0.23887,67.66,0.07488,35,4.974,0.4673,0.0022555,0.12309,0.008915,0.006291,0.02307,14.9,118.23,1.137,292.22,1.887,8.15,0.21539,26.777,0.5246,0.20594,560.72,0.08683,1.4606,1329.33,0.0688,3.24,0.09428,255.7,0.014982,2.2191
2026-10-07 03:00:00+00:00,0.0041039,0.005539,173.24,0.2541,0.028975,0.769,0.18534,0.7084,11.022,306.82,767.39,0.57039,84104.9,1.2227,53.74,0.0901,1.1223,0.22652,8.498,2609.79,0.2298,1.0908,0.09615,90.759,7.491,21.2,13.614,3.7028,0.24303,67.81,0.07543,35.05,4.942,0.4682,0.0022223,0.12195,0.008934,0.00633,0.02287,15.01,118.18,1.1428,293.12,1.881,8.145,0.21703,26.7,0.5175,0.20671,561.58,0.08731,1.4645,1323.86,0.07249,3.228,0.09252,253.48,0.014762,2.1723
2026-10-07 04:00:00+00:00,0.0040928,0.005531,173.8,0.2543,0.028755,0.7631,0.18514,0.7065,11.057,305.61,766.77,0.58154,84060.2,1.2214,53.61,0.08971,1.1194,0.22652,8.454,2609,0.2295,1.0851,0.096,90.141,7.548,20.97,13.601,3.6772,0.23771,67.45,0.07583,34.95,4.935,0.4663,0.0022028,0.1214,0.008911,0.006271,0.02255,14.9,118.01,1.1369,293.42,1.879,8.105,0.21062,26.724,0.5153,0.20575,559.09,0.08725,1.4619,1314.04,0.07145,3.193,0.09236,251.64,0.014381,2.1624
2026-10-07 05:00:00+00:00,0.004119,0.005556,175.73,0.2573,0.028282,0.7714,0.18711,0.7117,11.263,307.21,770.17,0.60034,84285.4,1.2204,54.1,0.09049,1.1253,0.23533,8.495,2619.48,0.2308,1.1057,0.09616,91.049,7.635,20.83,13.683,3.6802,0.23759,67.7,0.07598,34.94,5.066,0.4717,0.0021883,0.12136,0.008949,0.006498,0.0229,14.86,118.78,1.1384,298.54,1.889,8.163,0.21341,27.007,0.5223,0.20665,560.29,0.08824,1.4717,1321.22,0.0638,3.207,0.0926,251.27,0.014289,2.2255
2026-10-07 06:00:00+00:00,0.0041309,0.005549,176.63,0.2572,0.028179,0.7744,0.18778,0.7129,11.24,308.24,768.78,0.56386,84182.5,1.2323,54.15,0.09074,1.1339,0.23798,8.491,2617.01,0.2328,1.1094,0.09622,91.106,7.54,20.65,13.77,3.6687,0.23593,67.81,0.07603,34.73,5.183,0.474,0.002158,0.1212,0.00891,0.00645,0.02309,14.8,118.72,1.1389,300.85,1.894,8.208,0.21315,26.964,0.526,0.20674,570.85,0.08862,1.4741,1321.82,0.06367,3.227,0.09306,253.25,0.014824,2.2202
2026-10-07 07:00:00+00:00,0.0041449,0.005551,176.34,0.2577,0.028139,0.7752,0.1884,0.7143,11.318,307.32,775.35,0.554,84094.7,1.2573,54.44,0.09085,1.1278,0.23827,8.497,2614.76,0.2334,1.1023,0.09582,90.783,7.578,20.58,13.726,3.6956,0.24234,67.73,0.07696,34.44,5.169,0.4728,0.0021842,0.121,0.008914,0.006534,0.02306,14.77,118.54,1.1388,300.8,1.891,8.184,0.21539,26.823,0.5265,0.20625,567.45,0.08864,1.4712,1323.9,0.06094,3.233,0.09355,254.01,0.014529,2.2204
2026-10-07 08:00:00+00:00,0.0041138,0.005511,175.14,0.256,0.028465,0.7692,0.18644,0.7069,11.175,306.81,772.61,0.51959,83909.9,1.2358,54.21,0.0904,1.1205,0.23634,8.426,2607.99,0.2295,1.0955,0.09516,90.543,7.499,20.51,13.666,3.7165,0.24282,67.37,0.07743,34.13,5.149,0.4681,0.0021893,0.11991,0.00878,0.006498,0.02289,14.66,118.16,1.1327,300.1,1.878,8.094,0.21486,26.577,0.5229,0.20475,563.23,0.08767,1.4617,1317.14,0.05978,3.195,0.09169,252.54,0.014465,2.222
2026-10-07 09:00:00+00:00,0.0041062,0.005489,174.32,0.2552,0.028192,0.7647,0.1864,0.7024,10.999,306.01,769.75,0.5344,83763.6,1.2391,53.86,0.0896,1.1157,0.23527,8.386,2595.23,0.2279,1.0618,0.0947,89.676,7.29,20.39,13.6,3.6421,0.24317,67.33,0.07715,33.61,4.981,0.4657,0.0021995,0.12001,0.008713,0.006475,0.02306,14.58,117.69,1.1261,294.95,1.858,8.041,0.21312,26.419,0.5182,0.20362,557.73,0.08722,1.4535,1319.43,0.05508,3.191,0.09167,243.66,0.014661,2.1921
2026-10-07 10:00:00+00:00,0.0041058,0.005482,172.95,0.2551,0.02763,0.7663,0.18594,0.7031,11.039,303.82,767.19,0.5229,83707.5,1.2353,53.77,0.08938,1.1149,0.23317,8.359,2578.2,0.2285,1.0573,0.09467,89.427,7.389,20.27,13.474,3.6217,0.23864,67.38,0.07643,33.43,5.04,0.4655,0.0021999,0.12001,0.008698,0.006481,0.02272,14.62,117.59,1.1283,292.89,1.865,7.982,0.21318,26.386,0.5178,0.20357,554.68,0.08627,1.45,1305.24,0.05196,3.199,0.09264,243.9,0.014688,2.1268
2026-10-07 11:00:00+00:00,0.0040733,0.005451,171.67,0.2535,0.028023,0.7588,0.18563,0.7121,10.991,302.65,767.95,0.57071,83706.6,1.2186,53.51,0.08885,1.1106,0.22779,8.355,2577,0.227,1.051,0.09393,89.043,7.309,20.07,13.373,3.5807,0.24086,66.95,0.0763,33.42,5.032,0.4627,0.0022183,0.11955,0.008619,0.006373,0.0225,14.63,117.29,1.1214,291.91,1.853,7.973,0.21161,26.376,0.5133,0.20323,550.4,0.08572,1.4464,1301.09,0.0469,3.181,0.09194,242.1,0.014203,2.1404
2026-10-07 12:00:00+00:00,0.0040585,0.005441,172.11,0.254,0.028101,0.7582,0.18496,0.7093,11.098,301.98,767.53,0.53574,83457.8,1.2153,53.36,0.08871,1.1043,0.23037,8.354,2571.69,0.2273,1.0543,0.09384,89.077,7.302,19.78,13.346,3.5584,0.24227,66.82,0.07582,33.34,5.068,0.4629,0.0021915,0.11964,0.008588,0.006319,0.02247,14.61,116.33,1.1218,290.64,1.842,7.956,0.21074,26.508,0.5137,0.20298,548.39,0.08597,1.4442,1317.78,0.04284,3.183,0.09235,242.77,0.01403,2.1524
2026-10-07 13:00:00+00:00,0.0040421,0.005394,171.89,0.2539,0.02808,0.7541,0.18575,0.7111,11.278,301.47,767.72,0.52122,83145.1,1.2016,53.41,0.08853,1.1033,0.23199,8.345,2568.24,0.2279,1.0566,0.09361,88.894,7.319,19.48,13.417,3.5305,0.23963,66.8,0.07534,34.21,5.078,0.4649,0.0021797,0.12012,0.008544,0.006222,0.02282,15.2,116.17,1.1184,290.74,1.849,7.926,0.20898,26.301,0.515,0.20177,553.06,0.08602,1.4328,1326.01,0.04345,3.157,0.0924,239.85,0.013425,2.1298
2026-10-07 14:00:00+00:00,0.0040198,0.005376,170.43,0.253,0.027891,0.7482,0.18434,0.7063,11.215,300.5,766.73,0.54009,82978.1,1.2324,53.15,0.08815,1.0987,0.22765,8.295,2562.58,0.2252,1.0459,0.09255,88.374,7.238,20.06,13.381,3.5169,0.23884,66.12,0.07451,36.35,5.026,0.4629,0.0021962,0.11897,0.00851,0.006049,0.02313,16.08,115.82,1.1166,287.63,1.839,7.825,0.20592,25.535,0.5109,0.20044,549.73,0.08606,1.4261,1318.61,0.04311,3.14,0.09144,239.7,0.014491,2.0979
2026-10-07 15:00:00+00:00,0.0040519,0.005398,171.78,0.2559,0.027894,0.752,0.18452,0.7165,11.235,302.3,769.94,0.53017,83411.2,1.2379,53.22,0.08878,1.1039,0.22812,8.349,2569.71,0.2264,1.0399,0.09327,88.523,7.308,20.14,13.42,3.4993,0.23971,66.1,0.07391,37.09,5.032,0.4664,0.0022085,0.11944,0.008582,0.006272,0.02326,16.1,116.72,1.1243,289.6,1.853,7.843,0.2089,25.647,0.5173,0.19995,555.5,0.08643,1.4338,1326.71,0.04188,3.156,0.09351,242.69,0.014612,2.1094
2026-10-07 16:00:00+00:00,0.0040394,0.005383,171.59,0.2561,0.02741,0.7496,0.1834,0.7107,11.282,302.31,771.5,0.51971,83344,1.237,53.08,0.08855,1.1008,0.22676,8.332,2567.43,0.2251,1.0335,0.09272,87.85,7.357,20.14,13.442,3.5328,0.23894,65.96,0.07239,37.75,5.143,0.4652,0.0021489,0.11984,0.008505,0.006114,0.0238,16.38,116.73,1.1252,288.78,1.845,7.831,0.2094,25.594,0.5177,0.2,556.53,0.08625,1.4285,1316.65,0.04146,3.146,0.0929,249.32,0.014979,2.1419
2026-10-07 17:00:00+00:00,0.0040279,0.005372,171.14,0.2547,0.027222,0.7432,0.18279,0.7033,11.246,301.05,769.79,0.51881,83120.1,1.2676,53.2,0.08836,1.0955,0.22446,8.313,2550.53,0.2261,1.0233,0.09214,87.394,7.41,20.17,13.353,3.4995,0.23544,65.96,0.07222,37.66,5.147,0.4636,0.0021635,0.12013,0.00845,0.006182,0.02331,16.33,116.26,1.1202,288.31,1.841,7.823,0.20249,25.232,0.5125,0.1988,555.82,0.08627,1.4185,1307.37,0.04345,3.132,0.09186,250.78,0.016185,2.1492
2026-10-07 18:00:00+00:00,0.0040447,0.005399,172.15,0.2565,0.027365,0.7435,0.1823,0.7046,11.227,300.52,772.59,0.51965,83379.4,1.2866,53.54,0.08854,1.102,0.22495,8.359,2561.48,0.2281,1.0214,0.0924,87.896,7.464,20.25,13.375,3.5239,0.23639,66.03,0.07163,37.73,5.267,0.4668,0.0021556,0.11988,0.008513,0.006308,0.02334,16.23,116.08,1.1223,288.25,1.855,7.734,0.20192,25.32,0.5122,0.19937,552.73,0.08706,1.4249,1323.87,0.04242,3.145,0.09181,251.86,0.014832,2.1768
2026-10-07 19:00:00+00:00,0.0040521,0.00541,172.43,0.2548,0.0273,0.7484,0.18232,0.7095,11.22,300.18,771.45,0.51849,83399.3,1.2839,53.17,0.08843,1.1057,0.22548,8.378,2569.47,0.2272,1.0275,0.09258,87.3,7.513,20.09,13.356,3.5347,0.23545,66.04,0.07187,37.9,5.338,0.4687,0.0021643,0.12013,0.008485,0.006416,0.02325,15.76,115.81,1.1166,287.83,1.846,7.774,0.20159,25.061,0.5117,0.19862,546.85,0.08684,1.4178,1328.01,0.04142,3.178,0.09165,251.94,0.013773,2.1828
2026-10-07 20:00:00+00:00,0.0040832,0.005428,174.16,0.2551,0.027433,0.7569,0.18438,0.7102,11.229,301.41,771.26,0.50975,83388.4,1.2898,53.65,0.08885,1.1107,0.22721,8.433,2572.81,0.2296,1.0406,0.09298,88.089,7.503,20.2,13.356,3.6299,0.2351,66.1,0.07195,37.8,5.407,0.4723,0.002145,0.12238,0.008565,0.006342,0.02327,15.83,116.15,1.1241,290.77,1.856,7.79,0.20303,25.171,0.517,0.19954,548.52,0.0873,1.4217,1323.13,0.03948,3.197,0.09109,255.14,0.0134,2.1843
2026-10-07 21:00:00+00:00,0.0040625,0.00539,173.05,0.2538,0.027406,0.7455,0.1826,0.7066,10.982,298.66,769.65,0.49662,83118.8,1.285,53.36,0.08846,1.1083,0.22428,8.386,2566.37,0.2259,1.0359,0.09244,87.458,7.377,20.27,13.295,3.5794,0.23392,65.62,0.07345,37.79,5.279,0.4662,0.0021237,0.12085,0.008539,0.006116,0.02301,15.87,115.54,1.1166,287.11,1.849,7.757,0.20158,25.116,0.5147,0.1989,548.78,0.08673,1.4136,1314.44,0.0403,3.176,0.09076,250.4,0.012827,2.175
2026-10-07 22:00:00+00:00,0.0040818,0.005416,173.43,0.2541,0.027375,0.7544,0.18386,0.7081,11.071,299.91,772.26,0.4959,83194,1.2844,53.58,0.08871,1.1104,0.22532,8.462,2568.52,0.2272,1.0493,0.09281,88.05,7.437,20.18,13.309,3.5688,0.23478,65.86,0.07345,37.78,5.369,0.4684,0.0021456,0.12239,0.00861,0.006218,0.02323,15.82,115.94,1.1223,289.41,1.859,7.841,0.20372,25.383,0.5171,0.19973,551.44,0.08757,1.4167,1328.55,0.04098,3.213,0.09097,251.36,0.01282,2.2266
2026-10-07 23:00:00+00:00,0.0040914,0.005434,173.98,0.2553,0.027448,0.7631,0.18556,0.7091,11.123,300.08,772.68,0.49565,83281.9,1.2977,53.85,0.08899,1.1166,0.22634,8.479,2572.88,0.2297,1.0527,0.09282,88.488,7.46,20.29,13.319,3.5729,0.23552,66.06,0.07316,38.21,5.334,0.47,0.0021496,0.12303,0.008684,0.006234,0.02334,15.94,116.24,1.1275,291.28,1.877,7.907,0.20535,25.539,0.5206,0.20023,554.26,0.08754,1.4204,1326.94,0.04116,3.238,0.09023,253.23,0.012942,2.1928
2026-10-08 00:00:00+00:00,0.004103,0.005465,173.03,0.2562,0.027498,0.7674,0.18705,0.7108,11.054,300.74,774.3,0.50238,83331.9,1.3343,54.11,0.08931,1.1204,0.22681,8.499,2574.34,0.2313,1.0605,0.09306,88.643,7.478,19.74,13.293,3.5838,0.23534,66.06,0.07404,38.04,5.317,0.4704,0.0021517,0.12261,0.008743,0.006267,0.02345,15.91,116.35,1.1375,291.03,1.881,7.947,0.20605,25.623,0.524,0.20035,556.65,0.08785,1.4228,1324.84,0.04311,3.226,0.09074,253.01,0.014063,2.2267
2026-10-08 01:00:00+00:00,0.0040934,0.005435,173.79,0.2551,0.027544,0.7653,0.18621,0.7064,11.056,299.56,772.62,0.52007,83063.5,1.3475,53.98,0.08896,1.1158,0.22483,8.473,2576.83,0.2304,1.0649,0.09283,88.076,7.434,20.24,13.273,3.5797,0.23781,66,0.07402,38.2,5.301,0.4681,0.0021522,0.12191,0.008685,0.006223,0.02349,16.12,116.05,1.1283,290.88,1.871,7.92,0.20448,25.513,0.5175,0.19988,559.58,0.08765,1.4224,1321.88,0.04609,3.202,0.09011,251.16,0.014152,2.2302
2026-10-08 02:00:00+00:00,0.0040984,0.005448,175.74,0.257,0.027194,0.7749,0.18676,0.7085,11.083,300.47,773.76,0.5149,83133.1,1.3376,54.06,0.08905,1.1194,0.22588,8.499,2578.88,0.2313,1.0697,0.09368,88.187,7.488,19.78,13.257,3.5655,0.23594,66.04,0.07585,38.04,5.383,0.4706,0.0021523,0.12307,0.008711,0.00626,0.0232,16.03,116.43,1.1434,291.79,1.874,7.939,0.20384,25.446,0.5201,0.20052,559.89,0.08764,1.4254,1317.06,0.04168,3.211,0.09081,250.9,0.013883,2.2138
2026-10-08 03:00:00+00:00,0.0040652,0.005428,173.06,0.2542,0.02708,0.7695,0.18533,0.7031,10.984,298.66,770.01,0.50943,82717.3,1.3531,53.78,0.08857,1.1071,0.22242,8.428,2563.34,0.2287,1.0574,0.09292,87.742,7.421,19.18,13.168,3.5348,0.23702,65.57,0.07505,37.41,5.329,0.4672,0.0021565,0.12192,0.008642,0.006227,0.02363,15.75,115.69,1.133,288.35,1.859,7.869,0.20226,25.162,0.5183,0.19878,560.57,0.08701,1.4161,1297,0.03992,3.191,0.09052,251.09,0.014298,2.1528
2026-10-08 04:00:00+00:00,0.0040318,0.005381,172.6,0.2524,0.026817,0.7623,0.18251,0.7057,10.73,294.68,767.37,0.50798,82612.1,1.3456,53.3,0.08733,1.0945,0.21782,8.346,2561.42,0.2272,1.0488,0.09223,86.919,7.348,19.58,13.078,3.5421,0.2376,64.44,0.07256,37.86,5.355,0.4631,0.002121,0.12068,0.008559,0.005972,0.02336,15.88,114.93,1.1244,282.55,1.84,7.808,0.19909,24.828,0.5163,0.19807,557.65,0.08556,1.4011,1240.97,0.04075,3.187,0.08655,240.73,0.014693,2.1109
2026-10-08 05:00:00+00:00,0.0040153,0.005372,171.56,0.2523,0.026786,0.7638,0.1822,0.71,10.832,294.84,767.8,0.49249,82637,1.3745,53.4,0.08706,1.0958,0.21868,8.331,2560.05,0.2311,1.0529,0.09226,87.122,7.317,19.12,13.09,3.5671,0.2368,64.27,0.07324,37.44,5.376,0.4646,0.0021068,0.12021,0.008563,0.006005,0.02356,15.78,114.84,1.1237,282.58,1.842,7.708,0.19954,24.715,0.5219,0.19821,557.89,0.08614,1.3989,1238.09,0.0391,3.18,0.08432,240.58,0.015318,2.133
2026-10-08 06:00:00+00:00,0.0040381,0.005394,173.18,0.2531,0.026934,0.7691,0.18393,0.7116,10.891,296.13,769.57,0.49986,82840.1,1.3811,53.91,0.08757,1.1003,0.2207,8.363,2565.66,0.2334,1.0613,0.09285,87.131,7.374,18.83,13.128,3.5527,0.23883,64.37,0.07245,37.23,5.503,0.4663,0.0020987,0.12143,0.008617,0.006086,0.02367,15.57,115.27,1.1294,284.54,1.852,7.763,0.20028,25.029,0.5289,0.19869,558.84,0.08666,1.4056,1242.2,0.03976,3.166,0.08467,241.16,0.014482,2.122
2026-10-08 07:00:00+00:00,0.004039,0.00539,172.19,0.2518,0.026765,0.7653,0.18454,0.714,10.827,295.85,769.34,0.4869,82948.3,1.3768,54.11,0.08763,1.0965,0.22008,8.378,2566.84,0.2301,1.0555,0.09333,87.195,7.348,18.75,13.078,3.5476,0.23965,64.35,0.07258,36.83,5.378,0.4699,0.002101,0.12154,0.008628,0.006064,0.02378,15.45,114.9,1.1284,283.75,1.857,7.776,0.19959,24.799,0.5239,0.19873,558.21,0.08679,1.4069,1238.86,0.0399,3.173,0.08347,241.64,0.014728,2.1038
2026-10-08 08:00:00+00:00,0.0040287,0.005395,172.07,0.2519,0.026748,0.7689,0.18523,0.7139,10.759,296.54,767.56,0.4827,82829.9,1.3747,54.14,0.08772,1.0989,0.21903,8.372,2558.48,0.2296,1.0569,0.09431,86.826,7.323,18.75,13.066,3.5961,0.24218,64.48,0.07192,36.71,5.208,0.4729,0.0021036,0.1221,0.008642,0.00595,0.02364,15.41,114.83,1.1235,282.37,1.857,7.767,0.19954,24.772,0.5254,0.19928,557.58,0.08683,1.4105,1234.9,0.0401,3.166,0.0853,241.47,0.01462,2.0748
2026-10-08 09:00:00+00:00,0.004066,0.005452,172.6,0.2545,0.028318,0.7928,0.18823,0.7157,10.894,297.88,769.51,0.49035,83080,1.3756,54.34,0.08832,1.1166,0.22056,8.449,2566.5,0.2356,1.0807,0.09552,87.137,7.447,18.68,13.159,3.5996,0.24425,64.75,0.07159,37.03,5.292,0.4847,0.0021127,0.12467,0.008724,0.006036,0.02365,15.45,115.12,1.1342,285.54,1.871,7.839,0.20384,24.885,0.5323,0.20105,559.12,0.08782,1.4156,1226.46,0.03968,3.176,0.08678,242.16,0.014684,2.0807
2026-10-08 10:00:00+00:00,0.0040383,0.005407,170.85,0.2512,0.029629,0.7774,0.18588,0.7105,10.754,295.12,766.05,0.49391,82684.9,1.3812,53.53,0.08731,1.1062,0.21944,8.373,2550,0.2314,1.0726,0.09472,86.501,7.388,18.65,13.053,3.5944,0.23972,64.29,0.07163,36.47,5.162,0.4834,0.0020951,0.12343,0.008614,0.005863,0.0234,15.25,114.36,1.122,281.18,1.855,7.752,0.19915,24.528,0.5199,0.19905,553.97,0.08667,1.4016,1208.32,0.03791,3.138,0.08687,237.56,0.014384,2.0459
2026-10-08 11:00:00+00:00,0.004024,0.005387,170.78,0.2496,0.030167,0.7834,0.18408,0.7066,10.734,294.47,762.51,0.49358,82464.3,1.3699,53.39,0.08711,1.1037,0.21668,8.366,2536.28,0.2306,1.0764,0.0942,85.369,7.355,18.73,13.005,3.5621,0.23459,64.07,0.0715,36.55,5.083,0.4823,0.0020858,0.12326,0.008534,0.00575,0.02312,15.33,113.13,1.1163,279.68,1.848,7.717,0.19323,24.282,0.5179,0.19827,553,0.08583,1.3967,1208.21,0.03792,3.118,0.08628,236.15,0.014468,2.0132
2026-10-08 12:00:00+00:00,0.0040074,0.00537,169.59,0.2473,0.029081,0.786,0.18276,0.7039,10.567,294.28,759.62,0.50484,82274,1.3825,52.85,0.0869,1.1003,0.2154,8.346,2528.98,0.2294,1.0742,0.09412,85.124,7.271,18.77,12.922,3.5315,0.23337,64.06,0.0725,36.95,5.071,0.4818,0.0020785,0.12265,0.008492,0.005774,0.02301,15.45,112.45,1.0981,278.19,1.835,7.571,0.18697,22.712,0.5127,0.19767,549.66,0.08543,1.3953,1206.13,0.03898,3.105,0.08534,240.63,0.01426,2.0138
2026-10-08 13:00:00+00:00,0.0040128,0.005396,170.2,0.2475,0.030025,0.7892,0.18326,0.7079,10.577,295.36,756.87,0.50369,82144.5,1.3933,53.02,0.08698,1.1092,0.21623,8.379,2521.23,0.2314,1.0885,0.09425,85.546,7.319,18.28,12.935,3.5689,0.23789,64.07,0.07142,36.1,4.995,0.4912,0.0020727,0.12316,0.008489,0.005788,0.02314,14.68,112.22,1.0964,279.13,1.858,7.596,0.19106,22.755,0.5129,0.19779,547,0.08684,1.3985,1212.37,0.04031,3.117,0.08868,239.94,0.014323,2.0403
2026-10-08 14:00:00+00:00,0.0040245,0.005416,172.63,0.2472,0.031004,0.7903,0.1823,0.7096,10.582,296.74,757.4,0.50105,82660.5,1.3752,53.08,0.08708,1.1042,0.21662,8.38,2530.57,0.2343,1.0947,0.09374,85.866,7.308,18.4,12.963,3.7472,0.24287,64.18,0.07199,36.51,5.002,0.4904,0.0021201,0.12405,0.008491,0.005757,0.02311,14.84,112.44,1.0986,280.84,1.859,7.615,0.19835,22.4,0.5118,0.19906,547.17,0.08749,1.4039,1207.43,0.04029,3.115,0.08916,243.64,0.014916,2.0585
2026-10-08 15:00:00+00:00,0.0037465,0.005161,164.81,0.2313,0.02899,0.7109,0.16603,0.6812,9.992,281.06,731.43,0.49953,80990.7,1.388,49.75,0.0826,1.0307,0.20411,7.863,2434.02,0.2146,1.0022,0.08902,83.344,6.62,18.06,12.351,3.5856,0.232,61.89,0.07117,36.25,4.631,0.442,0.0020398,0.11501,0.007838,0.005461,0.0215,14.71,108.5,1.0261,263.18,1.772,7.317,0.18999,21.772,0.4778,0.18912,528.92,0.08319,1.3455,1115.1,0.04074,2.946,0.08652,228.99,0.015624,1.9569
2026-10-08 16:00:00+00:00,0.0037184,0.005148,164.01,0.2279,0.02904,0.7106,0.16627,0.675,9.943,280.37,724.58,0.51567,80915.9,1.3867,49.89,0.08216,1.0279,0.20262,7.849,2415.38,0.2137,1.0077,0.08963,83.693,6.608,17.39,12.34,3.6029,0.23597,62.11,0.0735,35.17,4.638,0.4463,0.002015,0.11364,0.007813,0.005476,0.02122,14.1,107.63,1.0243,259.3,1.768,7.147,0.18618,22.022,0.4695,0.18848,526.09,0.08282,1.3434,1127.64,0.04265,2.917,0.0852,227.44,0.015271,1.9889
2026-10-08 17:00:00+00:00,0.0036633,0.005129,161.19,0.2252,0.029021,0.6979,0.16383,0.6742,9.832,274.84,722.3,0.52274,80718.1,1.3821,49.41,0.08147,1.016,0.19758,7.782,2417,0.2061,0.9908,0.08857,83.161,6.515,17.23,12.179,3.5398,0.23249,61.36,0.07472,34.62,4.43,0.4448,0.0020253,0.11222,0.007666,0.005378,0.02113,14.23,106.32,1.0025,256.55,1.76,7.048,0.18236,21.92,0.4614,0.1862,522,0.08122,1.3262,1137.72,0.04657,2.872,0.08232,222.92,0.015616,1.9488
2026-10-08 18:00:00+00:00,0.0037556,0.00521,164.04,0.2286,0.029157,0.7336,0.16844,0.685,9.989,279.67,727.12,0.54697,81466.9,1.3865,50.47,0.083,1.0343,0.20262,7.914,2445.49,0.2147,1.0262,0.09145,83.685,6.614,17.52,12.378,3.5361,0.23405,62.2,0.07593,34.51,4.515,0.4872,0.0020454,0.11574,0.007835,0.005484,0.02111,14.17,108.01,1.0266,267.03,1.794,7.196,0.18584,22.723,0.4725,0.18961,522.34,0.0836,1.359,1146.22,0.04741,2.921,0.08325,235.1,0.015704,1.9999
2026-10-08 19:00:00+00:00,0.0037914,0.005281,165.94,0.2314,0.029219,0.7391,0.17104,0.6944,10.09,281.79,729.97,0.55119,81733,1.3984,50.79,0.08371,1.0442,0.20429,8.007,2462.93,0.2173,1.0475,0.09189,84.158,6.747,17.67,12.506,3.5861,0.2325,62.61,0.07604,34.32,4.575,0.49,0.0020546,0.11819,0.007928,0.005515,0.02172,14.22,109.08,1.0391,267.59,1.815,7.255,0.18632,22.875,0.4795,0.19095,525.37,0.08366,1.372,1167.99,0.04752,2.942,0.08438,233.36,0.015733,1.987
2026-10-08 20:00:00+00:00,0.0038405,0.005303,166.87,0.2344,0.027513,0.7478,0.17287,0.6949,10.179,283.47,734.03,0.54046,81764.6,1.4081,50.96,0.08422,1.0834,0.20622,8.075,2473.48,0.2176,1.0714,0.09193,84.568,6.811,17.71,12.665,3.656,0.23994,63.01,0.07693,34.49,4.592,0.4883,0.0020914,0.1203,0.008012,0.005629,0.02173,14.31,109.79,1.0532,270.85,1.82,7.353,0.19051,22.918,0.4832,0.1927,532.83,0.08453,1.377,1180.99,0.04572,2.958,0.08558,236.93,0.015987,1.9884
2026-10-08 21:00:00+00:00,0.0038303,0.00531,167.55,0.2338,0.026269,0.739,0.17316,0.6961,10.08,282.65,734.27,0.55504,81669.5,1.3992,50.92,0.08432,1.0922,0.20686,8.046,2478.41,0.2173,1.0805,0.09111,84.58,6.788,17.76,12.729,3.6116,0.23779,63.17,0.07575,34.46,4.529,0.4834,0.0021334,0.12084,0.008007,0.005691,0.02205,14.29,110.56,1.0488,269.65,1.828,7.361,0.18867,22.819,0.481,0.19244,537.62,0.08402,1.3764,1190.84,0.04389,2.933,0.08542,237.23,0.015903,1.9837
2026-10-08 22:00:00+00:00,0.0038525,0.005317,167.3,0.2344,0.026733,0.7434,0.17371,0.7,10.13,283.98,736.87,0.54241,81866,1.405,50.76,0.08445,1.103,0.2071,8.074,2475.4,0.2182,1.071,0.09113,84.464,6.826,17.8,12.766,3.5988,0.23833,63.42,0.07556,34.56,4.534,0.481,0.0021587,0.12063,0.008004,0.005647,0.0225,14.38,110.28,1.0499,269.96,1.836,7.334,0.18898,22.916,0.4806,0.19289,539.49,0.08405,1.3818,1188.63,0.04314,2.938,0.08444,237.5,0.015878,2
2026-10-08 23:00:00+00:00,0.003825,0.005291,166.05,0.232,0.026508,0.7362,0.17261,0.7,10.069,270.98,735.77,0.55031,81711,1.3934,50.56,0.08401,1.0893,0.20647,8.042,2474.01,0.2159,1.0684,0.09028,84.188,6.756,17.68,12.702,3.6062,0.24146,63.13,0.07583,34.34,4.462,0.4702,0.0021791,0.11905,0.00793,0.005534,0.02248,14.32,109.57,1.0405,268.41,1.82,7.114,0.18857,22.81,0.4796,0.19189,539.68,0.08374,1.3793,1186.35,0.0519,2.912,0.08461,236.43,0.01614,1.9627
