time,1000000MOGUSDT,1000BONKUSDT,1000CATUSDT,1000FLOKIUSDT,1000PEPEUSDT,1000RATSUSDT,1000SATSUSDT,1000SHIBUSDT,1000XUSDT,1MBABYDOGEUSDT,ACTUSDT,AI16ZUSDT,ARCUSDT,BANUSDT,BOMEUSDT,BRETTUSDT,CATUSDT,CHILLGUYUSDT,DEGENUSDT,DOGEUSDT,DOGSUSDT,FARTCOINUSDT,GOATUSDT,GRIFFAINUSDT,HMSTRUSDT,KOMAUSDT,MEMEUSDT,MEWUSDT,MOODENGUSDT,MUBARAKUSDT,MYROUSDT,NEIROUSDT,NOTUSDT,ORDIUSDT,PENGUUSDT,PEOPLEUSDT,PIPPINUSDT,PNUTUSDT,PONKEUSDT,POPCATUSDT,PUMPUSDT,SLERFUSDT,SPXUSDT,SWARMSUSDT,TRUMPUSDT,TSTUSDT,TURBOUSDT,USELESSUSDT,VINEUSDT,WENUSDT,WIFUSDT,WLFIUSDT,ZEREBROUSDT,BTCUSDT
2025-01-01 00:00:00+00:00,2.0229,0.02971,0.0336,0.17806,0.0193718,0.06425,0.0001801,0.02168,0.1552,0.003155,0.29532,,,0.0546,0.006483,0.12448,,0.1673,0.009332,0.32504,0.0005367,0.9792,0.5779,,0.003098,0.12064,0.010839,0.006458,0.27066,,0.06628,0.0009821,0.006436,27.599,0.039284,0.0461,,0.67844,0.31851,0.754,,0.1714,0.9474,,,,0.0092211,,,,1.8578,,,94580.9
2025-01-02 00:00:00+00:00,2.1276,0.031862,0.0346,0.18406,0.0204763,0.06594,0.0001837,0.022908,0.15684,0.0032118,0.31852,2.4,,0.0562,0.006709,0.13545,,0.1706,0.009909,0.33879,0.0005444,1.3397,0.5913,0.4283,0.003196,0.12322,0.011154,0.006687,0.29538,,0.06889,0.0010012,0.006575,28.084,0.037254,0.04712,,0.69478,0.36295,0.8718,,0.1803,1.1918,,,,0.0092295,,,,2.0256,,0.6684,96967.5
2025-01-03 00:00:00+00:00,2.5658,0.036088,0.03748,0.20192,0.0215902,0.07101,0.0001933,0.024422,0.167,0.0034979,0.32541,2.1036,,0.0648,0.00703,0.1517,,0.2312,0.012186,0.37981,0.0005741,1.523,0.5742,0.46277,0.003351,0.12788,0.011701,0.007097,0.31394,,0.07522,0.0011476,0.006851,29.165,0.037236,0.04979,,0.76014,0.38374,0.9311,,0.1922,1.3252,,,,0.0104976,,,,2.1676,,0.6011,98145.7
2025-01-04 00:00:00+00:00,2.7882,0.035649,0.03657,0.19936,0.0211314,0.07482,0.0001908,0.024325,0.16427,0.0033914,0.32358,2.0405,,0.0603,0.00696,0.15272,,0.2547,0.014447,0.39467,0.0005686,1.427,0.5787,0.4353,0.003341,0.12396,0.011556,0.006969,0.29954,,0.07343,0.0010911,0.006793,29.298,0.040521,0.04933,,0.73885,0.36018,0.8899,,0.1905,1.3235,,,,0.0101903,,,,2.1782,,0.5421,98173.2
2025-01-05 00:00:00+00:00,2.8937,0.034379,0.03575,0.19918,0.020704,0.07319,0.0001899,0.023918,0.16795,0.0033591,0.36783,1.8152,,0.0587,0.006982,0.15149,,0.2168,0.014076,0.38219,0.0005657,1.3033,0.5379,0.38613,0.003384,0.12882,0.011384,0.00683,0.28746,,0.07066,0.0010945,0.006836,29.187,0.040078,0.04946,,0.7568,0.35265,0.8629,,0.186,1.5083,,,,0.0100356,,,,2.1048,,0.4835,98340.2
2025-01-06 00:00:00+00:00,2.6727,0.035227,0.03594,0.20149,0.0207718,0.07312,0.0001906,0.024044,0.17063,0.0033691,0.35346,2.1868,,0.0632,0.006986,0.14942,,0.1977,0.013677,0.38767,0.0005675,1.1685,0.513,0.48328,0.003418,0.12082,0.011488,0.007037,0.29064,,0.07183,0.0010695,0.006834,29.591,0.043055,0.04878,,0.72294,0.35273,0.8529,,0.1909,1.5515,,,,0.010137,,,,2.0851,,0.4618,102180.4
2025-01-07 00:00:00+00:00,2.366,0.030817,0.03046,0.17712,0.0185778,0.06043,0.0001608,0.021768,0.14894,0.0029462,0.35115,1.8764,,0.0592,0.006056,0.13207,,0.1648,0.011454,0.3478,0.0004984,1.0801,0.4388,0.43635,0.002958,0.10221,0.010105,0.006238,0.23833,,0.06094,0.0008927,0.006089,25.297,0.037296,0.04221,,0.61658,0.308,0.7067,,0.1673,1.4148,0.4726,,,0.0088441,,,,1.8523,,0.4132,96920.3
2025-01-08 00:00:00+00:00,2.1802,0.028804,0.02764,0.16703,0.0178068,0.05273,0.000136,0.021284,0.13934,0.0027493,0.30105,1.7195,,0.0528,0.005662,0.12271,,0.14,0.010666,0.34206,0.000442,1.1316,0.3871,0.41275,0.002786,0.09624,0.009553,0.005946,0.20774,,0.05637,0.000795,0.005851,23.554,0.035897,0.03833,,0.55858,0.27736,0.6018,,0.1585,1.3193,0.3124,,,0.008477,,,,1.708,,0.3733,95014.1
2025-01-09 00:00:00+00:00,1.9473,0.027175,0.02621,0.16167,0.0169939,0.05248,0.000141,0.021034,0.13332,0.0027044,0.28844,1.4287,,0.0526,0.005538,0.11772,,0.1335,0.009896,0.32071,0.0004427,0.8679,0.3532,0.34917,0.002918,0.0919,0.009288,0.005682,0.19687,,0.05423,0.0007893,0.005772,23.822,0.033303,0.03787,,0.54455,0.266,0.5394,,0.1486,1.0921,0.286,,,0.008286,,,,1.5405,,0.3164,92505.9
2025-01-10 00:00:00+00:00,1.9486,0.027635,0.02678,0.16497,0.017629,0.0546,0.0001498,0.021545,0.13702,0.0027979,0.28309,1.3966,,0.055,0.005755,0.11786,,0.1335,0.009762,0.33364,0.0004629,0.8388,0.3625,0.4104,0.002997,0.09451,0.009522,0.005853,0.19697,,0.05609,0.0007986,0.006525,26.105,0.033474,0.03956,,0.54404,0.2727,0.5343,,0.1532,1.1029,0.323,,,0.0083764,,,,1.5565,,0.3089,94675.5
2025-01-11 00:00:00+00:00,1.8852,0.028095,0.02671,0.16552,0.0179976,0.05396,0.0001479,0.022192,0.13885,0.0027974,0.27931,1.1606,,0.0596,0.005748,0.1208,,0.1293,0.009533,0.341,0.0004544,0.8243,0.3578,0.38822,0.002956,0.09409,0.00952,0.005855,0.19593,,0.05578,0.0008128,0.006533,26.008,0.032968,0.03965,,0.54619,0.27495,0.5559,,0.1527,1.0963,0.2479,,,0.0083149,,,,1.5769,,0.283,94562.5
2025-01-12 00:00:00+00:00,1.8322,0.027508,0.02631,0.16252,0.0177491,0.05242,0.0001437,0.021546,0.13711,0.0027461,0.26759,1.0577,,0.0593,0.005646,0.11798,,0.1227,0.009358,0.33573,0.0004444,0.7669,0.3459,0.33775,0.002967,0.09122,0.009289,0.005753,0.19186,,0.05397,0.0008099,0.00633,25.495,0.032487,0.0384,,0.57617,0.27328,0.5786,,0.1516,0.9966,0.2398,,,0.0080426,,,,1.5439,,0.2681,94499.9
2025-01-13 00:00:00+00:00,1.7931,0.026202,0.02548,0.15449,0.0168513,0.04802,0.0001351,0.021194,0.12874,0.0026442,0.23825,1.1333,,0.0683,0.005149,0.11083,,0.1177,0.009041,0.33791,0.0004207,1.0759,0.3367,0.36701,0.003179,0.08387,0.008691,0.00551,0.18232,,0.05169,0.0007265,0.006271,24.353,0.031358,0.03612,,0.58539,0.25997,0.5551,,0.1434,1.0011,0.204,,,0.0078189,,,,1.4903,,0.2672,94485.3
2025-01-14 00:00:00+00:00,1.9158,0.027298,0.02643,0.16148,0.0174627,0.05133,0.0001407,0.021621,0.1337,0.002759,0.2493,1.3825,,0.0656,0.005431,0.11615,,0.12,0.009149,0.35579,0.000442,1.0202,0.3455,0.45053,0.003242,0.0845,0.009145,0.005702,0.1865,,0.05548,0.0007765,0.006271,25.575,0.032038,0.03901,,0.61927,0.27475,0.5471,,0.1498,1.095,0.2352,,,0.0082919,,,,1.5515,,0.2877,96514.9
2025-01-15 00:00:00+00:00,2.0301,0.029203,0.02874,0.17175,0.0190609,0.05492,0.0001479,0.022731,0.15931,0.0029193,0.26484,1.5728,,0.0682,0.005857,0.12876,,0.1293,0.010353,0.38509,0.0004665,1.2828,0.3759,0.55988,0.003337,0.08801,0.009602,0.006146,0.20151,,0.05914,0.0008421,0.006548,26.829,0.035542,0.04124,,0.64047,0.29872,0.5962,,0.1634,1.1168,0.1943,,,0.008637,,,,1.7713,,0.3118,100460
2025-01-16 00:00:00+00:00,1.7631,0.028366,0.02706,0.16863,0.0181276,0.05157,0.0001399,0.022002,0.14806,0.0027726,0.25051,1.324,,0.0681,0.005651,0.12421,,0.1192,0.009572,0.37632,0.0004451,1.3201,0.3512,0.51862,0.003197,0.08421,0.009298,0.005996,0.18097,,0.05702,0.0007972,0.006132,26.293,0.032676,0.03968,,0.59853,0.28557,0.5924,,0.1625,1.0159,0.1758,,,0.0079483,,,,1.7619,,0.2874,99937.4
2025-01-17 00:00:00+00:00,2.0048,0.033269,0.02942,0.18571,0.0202999,0.0568,0.0001481,0.024198,0.1526,0.0030802,0.26526,1.1645,0.39216,0.0685,0.006103,0.1321,,0.1338,0.010316,0.41512,0.0004861,1.4079,0.398,0.49005,0.003397,0.08648,0.010101,0.006422,0.20207,,0.06131,0.0008654,0.006434,27.297,0.032479,0.04338,,0.65184,0.3161,0.7195,,0.1725,1.5318,0.1766,,,0.0091241,,,,1.872,,0.2608,104042.5
2025-01-18 00:00:00+00:00,1.741,0.033564,0.02583,0.16807,0.0184367,0.04787,0.0001279,0.022758,0.13615,0.0026746,0.21269,1.0823,0.52598,0.0621,0.005665,0.11179,,0.0979,0.009096,0.39625,0.0004305,1.7313,0.3096,0.48539,0.003063,0.07314,0.009483,0.006324,0.17747,,0.05682,0.0006973,0.005909,24.469,0.029544,0.03864,,0.51064,0.26575,0.61,,0.1758,1.4515,0.1314,28.447,,0.0079675,,,,1.771,,0.1907,104524.3
2025-01-19 00:00:00+00:00,1.7182,0.032462,0.02197,0.1448,0.0160437,0.04075,0.0001097,0.020325,0.11276,0.0022343,0.16678,0.8338,0.43914,0.0633,0.00466,0.09312,,0.088,0.008149,0.35822,0.0003624,2.1643,0.2665,0.49058,0.002812,0.06082,0.008668,0.005477,0.15562,,0.04988,0.000586,0.005301,21.288,0.025348,0.03406,,0.43156,0.22469,0.5063,,0.1583,1.4515,0.1022,46.618,,0.0062995,,,,1.5367,,0.1392,101311.5
2025-01-20 00:00:00+00:00,1.6167,0.029809,0.01976,0.14124,0.015796,0.03407,0.0001111,0.020327,0.11162,0.0021656,0.17128,0.9334,0.43972,0.0686,0.00403,0.09437,,0.0736,0.007665,0.3544,0.0003369,1.7942,0.2617,0.54209,0.002908,0.05776,0.008348,0.00515,0.14705,,0.03923,0.0005548,0.005211,19.033,0.024692,0.03063,,0.37615,0.20368,0.4285,,0.1488,1.4596,0.154,36.546,,0.006728,,,,1.3907,,0.155,102247.6
2025-01-21 00:00:00+00:00,1.7824,0.032363,0.02136,0.14592,0.0159112,0.03701,0.0001216,0.020901,0.11341,0.0022412,0.16899,1.1315,0.53101,0.0692,0.004146,0.09281,,0.0779,0.007819,0.37166,0.0003455,1.6523,0.2589,0.5488,0.002964,0.0607,0.008604,0.00516,0.14586,,0.04179,0.0005639,0.005305,20.194,0.023601,0.03158,,0.37199,0.20486,0.4968,,0.1558,1.412,0.156,43.745,,0.0064777,,,,1.4539,,0.1749,106114.5
2025-01-22 00:00:00+00:00,1.6869,0.032062,0.02137,0.14234,0.0151523,0.0364,0.0001289,0.020176,0.1104,0.0022557,0.17669,1.0057,0.49463,0.0658,0.004178,0.0908,,0.0826,0.007698,0.36272,0.0003393,1.549,0.2641,0.5196,0.002924,0.06151,0.00855,0.005163,0.14545,,0.04125,0.0005803,0.005214,20.312,0.024268,0.03144,,0.35618,0.2158,0.5713,,0.1569,1.3521,0.1698,36.878,,0.0063489,,,,1.4183,,0.172,103664.9
2025-01-23 00:00:00+00:00,1.5856,0.031241,0.01979,0.14099,0.0153267,0.03574,0.000133,0.020144,0.11087,0.0022385,0.17888,0.893,0.4626,0.0612,0.004029,0.08828,,0.0806,0.007438,0.35193,0.0003351,1.3646,0.2796,0.49541,0.002889,0.05868,0.008359,0.004988,0.14243,,0.03897,0.0005819,0.005088,20.312,0.023909,0.03041,,0.34428,0.2097,0.5606,,0.1526,1.3624,0.1409,34.702,,0.0060454,,,,1.4176,,0.1523,103864.1
2025-01-24 00:00:00+00:00,1.4876,0.029694,0.01812,0.13717,0.0149417,0.03337,0.0001303,0.019954,0.10589,0.0021737,0.1856,0.8084,0.35859,0.0579,0.003765,0.08598,,0.0688,0.007069,0.35065,0.0003206,1.2486,0.2515,0.42744,0.002763,0.05219,0.007971,0.004799,0.13199,,0.03686,0.0005541,0.004915,19.794,0.022743,0.02951,0.11206,0.31799,0.19939,0.4426,,0.1566,1.2056,0.1149,30.202,,0.0057661,,0.13074,,1.2852,,0.1277,104808.1
2025-01-25 00:00:00+00:00,1.4173,0.029302,0.0179,0.13709,0.0150435,0.03397,0.0001412,0.019936,0.10426,0.0022368,0.19501,0.8234,0.35486,0.0416,0.003848,0.08632,,0.0679,0.006897,0.35335,0.000322,1.333,0.2415,0.4272,0.002782,0.05211,0.008008,0.004804,0.12141,,0.03648,0.0005551,0.004924,20.376,0.023037,0.03002,0.13802,0.30994,0.19313,0.422,,0.1649,1.2064,0.1114,28.882,,0.0057804,,0.38225,,1.2788,,0.1235,104702
2025-01-26 00:00:00+00:00,1.2934,0.027209,0.01768,0.12961,0.0140076,0.03256,0.000131,0.019081,0.10139,0.0021476,0.19697,0.7657,0.26926,0.0365,0.003659,0.08318,,0.0654,0.007864,0.33579,0.0003177,1.1019,0.2188,0.35573,0.002723,0.04834,0.007819,0.004652,0.1285,,0.03418,0.0005385,0.004899,19.578,0.024737,0.0293,0.10948,0.27383,0.18763,0.4025,,0.1567,1.1478,0.0988,27.397,,0.005647,,0.32149,,1.2106,,0.1116,102560.1
2025-01-27 00:00:00+00:00,1.2556,0.026133,0.01642,0.12801,0.0131021,0.03043,0.0001321,0.018976,0.09486,0.0020722,0.20048,0.7153,0.34617,0.0375,0.003455,0.08243,,0.06,0.006724,0.33377,0.0002944,1.0078,0.2159,0.31363,0.002647,0.0447,0.007381,0.004385,0.11838,,0.03229,0.0005135,0.00451,18.784,0.021258,0.02795,0.10288,0.2672,0.17486,0.3844,,0.1559,1.1422,0.0893,28.008,,0.0054075,,0.25797,,1.1817,,0.1075,102021.3
2025-01-28 00:00:00+00:00,1.0924,0.022932,0.01385,0.11347,0.0114455,0.02619,0.0001096,0.017951,0.08454,0.0018974,0.15164,0.5651,0.28654,0.0336,0.00299,0.0734,,0.0486,0.005726,0.31853,0.000263,0.8085,0.1814,0.24333,0.002512,0.04083,0.006532,0.004108,0.09731,,0.02814,0.0004445,0.004087,17.177,0.015522,0.02544,0.07724,0.2296,0.14835,0.3297,,0.144,1.0369,0.0733,27.334,,0.0048491,,0.25376,,1.0563,,0.0877,101279.6
2025-01-29 00:00:00+00:00,1.1234,0.024387,0.01507,0.1228,0.0123969,0.02857,0.0001265,0.018288,0.08794,0.0020176,0.18737,0.6255,0.39754,0.0338,0.003243,0.07874,,0.0531,0.006159,0.32388,0.0002807,1.0061,0.1951,0.28116,0.002575,0.03921,0.006893,0.004244,0.10522,,0.03077,0.0004974,0.004311,18.127,0.01507,0.02744,0.07325,0.25102,0.15884,0.3421,,0.1478,1.1444,0.0713,27.242,,0.0053757,,0.29854,,1.1836,,0.0897,103698.2
2025-01-30 00:00:00+00:00,1.1373,0.024887,0.01595,0.12464,0.0129278,0.03039,0.00014,0.018676,0.08863,0.0020646,0.18493,0.632,0.36428,0.034,0.0033,0.07986,,0.055,0.006535,0.33137,0.0002871,1.1345,0.1981,0.2245,0.002695,0.04078,0.007097,0.004359,0.10915,,0.03091,0.0005173,0.004401,19.17,0.014696,0.02851,0.0609,0.25261,0.16736,0.3258,,0.1526,1.2847,0.0635,26.063,,0.0056236,,0.2279,,1.1539,,0.0926,104676.9
2025-01-31 00:00:00+00:00,1.258,0.024824,0.01617,0.13459,0.0138633,0.03031,0.0001381,0.018896,0.09111,0.0021074,0.19912,0.6006,0.24953,0.0327,0.003301,0.08252,,0.0565,0.006827,0.32872,0.0002918,0.8925,0.1982,0.20626,0.002703,0.04138,0.00714,0.004339,0.11203,,0.03198,0.0006101,0.004479,19.87,0.014783,0.03121,0.04972,0.25157,0.16118,0.316,,0.1497,1.1995,0.0605,24.14,,0.0057101,,0.15761,,1.1351,,0.0919,102379.7
2025-02-01 00:00:00+00:00,1.0214,0.021959,0.01299,0.11949,0.0122376,0.02459,0.0001241,0.017595,0.08073,0.0018548,0.18177,0.428,0.17542,0.0299,0.00282,0.06912,,0.0438,0.005696,0.30771,0.000246,0.6318,0.1595,0.16011,0.002432,0.03498,0.006148,0.003856,0.08755,,0.02619,0.0005075,0.003963,17.344,0.013555,0.02658,0.03767,0.19858,0.13632,0.2259,,0.1318,1.0567,0.0503,19.697,,0.0048942,,0.18325,,1.0084,,0.0604,100603.6
2025-02-02 00:00:00+00:00,0.9074,0.019224,0.01154,0.10062,0.0107638,0.02064,0.0001271,0.015508,0.06704,0.0016256,0.1839,0.4152,0.2037,0.0296,0.002355,0.05853,,0.0367,0.004841,0.26793,0.0002069,0.7191,0.1349,0.14608,0.002059,0.03009,0.005131,0.00331,0.07579,,0.02265,0.0004199,0.003125,13.791,0.013038,0.02159,0.03334,0.18238,0.11724,0.2391,,0.1181,0.8685,0.05,21.011,,0.0040975,,0.14762,,0.9491,,0.0609,97664.5
2025-02-03 00:00:00+00:00,1.0309,0.020004,0.01176,0.10582,0.0109988,0.02132,0.0001287,0.016783,0.06389,0.001684,0.24078,0.4536,0.28729,0.036,0.002377,0.06409,,0.0397,0.00475,0.28469,0.0002018,0.8071,0.1462,0.24148,0.001963,0.03525,0.005216,0.003488,0.08177,,0.02275,0.0004043,0.003044,13.523,0.013558,0.02141,0.04584,0.19669,0.13614,0.2608,,0.1157,0.8942,0.0648,19.656,,0.0043159,,0.14557,,0.8598,,0.0689,101293.7
2025-02-04 00:00:00+00:00,0.9475,0.018342,0.01106,0.09744,0.0101507,0.01969,0.0001238,0.015742,0.05927,0.0015682,0.22889,0.359,0.24666,0.0555,0.002241,0.05759,,0.0364,0.004457,0.26331,0.0001896,0.6416,0.1341,0.21436,0.001793,0.03549,0.004888,0.003251,0.07581,,0.0207,0.0003689,0.002844,12.763,0.013082,0.01981,0.03532,0.1849,0.13052,0.2381,,0.1111,0.8161,0.05,17.183,,0.0040696,,0.12856,,0.802,,0.0585,97709.9
2025-02-05 00:00:00+00:00,0.8654,0.017582,0.01066,0.09403,0.0100016,0.01841,0.0001229,0.01576,0.05851,0.0015216,0.19739,0.3244,0.19802,0.0595,0.002184,0.05237,,0.0329,0.004146,0.25604,0.0001864,0.4944,0.1265,0.16458,0.001724,0.03322,0.00477,0.003046,0.07148,,0.01922,0.0003499,0.00281,12.315,0.011669,0.01961,0.03289,0.18147,0.12702,0.2159,,0.1046,0.6632,0.0387,18.159,,0.0039553,,0.14058,,0.7941,,0.0497,96553.2
2025-02-06 00:00:00+00:00,0.7891,0.01674,0.00963,0.08721,0.0092097,0.01677,0.0001224,0.014845,0.05526,0.0014222,0.18491,0.2938,0.15951,0.0585,0.001952,0.04413,,0.0283,0.003678,0.24773,0.0001677,0.4236,0.1144,0.14276,0.001536,0.02809,0.004344,0.002801,0.06098,,0.01746,0.0003177,0.002536,11.169,0.010666,0.01821,0.02678,0.16195,0.12206,0.2067,,0.0989,0.6252,0.0347,17.079,,0.0035912,,0.12713,,0.7109,,0.0436,96515.1
2025-02-07 00:00:00+00:00,0.7706,0.016633,0.00955,0.08729,0.0089219,0.01676,0.0001221,0.015084,0.05483,0.0014492,0.18771,0.3044,0.14804,0.0616,0.00194,0.04331,,0.0288,0.003651,0.24637,0.0001643,0.4212,0.1154,0.12357,0.00156,0.03005,0.004225,0.002794,0.06151,,0.01682,0.0002996,0.002565,11.172,0.010138,0.01829,0.0264,0.15289,0.12093,0.2152,,0.0991,0.5954,0.0367,16.565,,0.0036455,,0.10282,,0.6767,,0.0433,96454.5
2025-02-08 00:00:00+00:00,0.8711,0.017696,0.01135,0.09225,0.00956,0.01836,0.0001256,0.015958,0.05853,0.0015889,0.19,0.3372,0.17408,0.0632,0.002092,0.04718,,0.0338,0.004093,0.25274,0.0001795,0.5421,0.1265,0.14432,0.001719,0.03979,0.004584,0.003075,0.06739,,0.01872,0.000327,0.002752,12.162,0.01055,0.01945,0.02798,0.17406,0.1378,0.2764,,0.1046,0.6519,0.051,17.239,,0.0039829,,0.12049,,0.7172,,0.049,96411.9
2025-02-09 00:00:00+00:00,0.8823,0.017236,0.01098,0.09368,0.0095268,0.01692,0.0001277,0.015653,0.05782,0.0015651,0.18434,0.3636,0.18136,0.0624,0.002038,0.04527,,0.0329,0.003927,0.24873,0.000174,0.4846,0.1207,0.13461,0.001685,0.04005,0.004439,0.003012,0.06513,,0.01823,0.0003187,0.002855,12.192,0.010031,0.01965,0.02484,0.16608,0.13212,0.2826,,0.1052,0.6222,0.0519,15.864,0.2252,0.0038414,,0.10703,,0.6422,,0.0458,96423.6
2025-02-10 00:00:00+00:00,0.8565,0.017508,0.01167,0.09492,0.0095922,0.01796,0.000125,0.015796,0.05795,0.0015739,0.18317,0.3965,0.22707,0.0658,0.002096,0.04433,,0.0313,0.003994,0.25528,0.0001793,0.5677,0.1199,0.13607,0.001695,0.04707,0.004464,0.003047,0.06317,,0.01827,0.0003307,0.002872,11.99,0.010031,0.0198,0.0243,0.16879,0.13542,0.2806,,0.1058,0.6645,0.0582,15.902,0.1662,0.003803,,0.08159,,0.6569,,0.0508,97379.2
2025-02-11 00:00:00+00:00,0.8435,0.017641,0.01164,0.09206,0.0095803,0.01713,0.0001241,0.015678,0.05745,0.001548,0.18417,0.5346,0.30706,0.0697,0.002027,0.04347,,0.0308,0.00396,0.25292,0.0001777,0.5628,0.117,0.16099,0.001669,0.0551,0.004356,0.003034,0.06199,,0.01797,0.0003199,0.002848,11.217,0.010009,0.02007,0.03145,0.16172,0.14344,0.2655,,0.1032,0.719,0.0533,15.345,0.172,0.0036855,,0.0716,,0.6273,,0.0512,95731.4
2025-02-12 00:00:00+00:00,0.8907,0.018213,0.01582,0.10029,0.0100845,0.01823,0.0001262,0.016989,0.06096,0.0019089,0.1984,0.5486,0.41704,0.0657,0.002239,0.04576,,0.0306,0.004215,0.26411,0.0001904,0.5757,0.121,0.18114,0.001775,0.06306,0.004734,0.003181,0.06295,,0.01999,0.0003578,0.00312,11.97,0.010566,0.0215,0.03178,0.15376,0.15173,0.3145,,0.1058,0.7736,0.0458,15.447,0.189,0.003705,,0.06828,,0.6047,,0.0495,97816.3
2025-02-13 00:00:00+00:00,0.8209,0.017502,0.01303,0.09663,0.0096841,0.0168,0.0001252,0.016291,0.0585,0.0016341,0.19221,0.4575,0.37078,0.069,0.002171,0.04294,,0.0303,0.004089,0.2623,0.0001819,0.4762,0.1124,0.15254,0.001727,0.05343,0.004537,0.003075,0.05914,,0.01881,0.0003361,0.003102,11.829,0.010137,0.02079,0.0259,0.14781,0.14326,0.3106,,0.1011,0.7382,0.0442,16.289,0.1156,0.0034353,,0.06415,,0.5899,,0.0439,96560.6
2025-02-14 00:00:00+00:00,0.8626,0.01855,0.01351,0.09994,0.0102906,0.01798,0.0001292,0.016705,0.06008,0.0017125,0.19913,0.4911,0.33167,0.0733,0.002365,0.04632,,0.0328,0.00434,0.27164,0.0001954,0.4892,0.1139,0.1416,0.001768,0.05534,0.004786,0.003217,0.0668,,0.02017,0.0003722,0.003134,12.592,0.010772,0.021,0.02616,0.18197,0.16226,0.3417,,0.1055,0.8073,0.0384,21.578,0.1148,0.0038179,,0.06714,,0.7284,,0.0406,97445.1
2025-02-15 00:00:00+00:00,0.7954,0.017993,0.01213,0.09659,0.0099317,0.01734,0.0001272,0.016308,0.06076,0.0016981,0.18751,0.4241,0.23172,0.0722,0.002186,0.04537,,0.0322,0.004097,0.27161,0.0001829,0.4371,0.1063,0.11808,0.001687,0.05811,0.004584,0.003054,0.06162,,0.01864,0.00036,0.003028,12.248,0.010102,0.02008,0.02296,0.1547,0.15634,0.2866,,0.1013,0.7576,0.037,18.66,0.1037,0.0036833,,0.05681,,0.687,,0.0345,97538
2025-02-16 00:00:00+00:00,0.8079,0.017399,0.01206,0.09386,0.0096975,0.01804,0.000123,0.015959,0.0619,0.0016858,0.18344,0.3952,0.26013,0.073,0.002099,0.04336,,0.0301,0.004173,0.26545,0.000181,0.4222,0.1037,0.11613,0.001718,0.05797,0.004529,0.003008,0.06077,,0.01801,0.0003422,0.003034,12.19,0.009652,0.02015,0.02307,0.15115,0.15311,0.2928,,0.0978,0.6892,0.0466,18.733,0.0981,0.0036335,,0.05573,,0.6579,,0.0337,96067
2025-02-17 00:00:00+00:00,0.8458,0.016716,0.01186,0.09567,0.0101167,0.01718,0.0001243,0.01574,0.06212,0.0016583,0.18189,0.3576,0.19349,0.077,0.001998,0.04311,,0.0288,0.004166,0.25807,0.0001782,0.3609,0.0998,0.09561,0.001671,0.05362,0.004348,0.002929,0.05857,,0.01758,0.000338,0.002956,12.295,0.009237,0.02008,0.02735,0.15004,0.14563,0.2669,,0.0918,0.6824,0.0437,17.173,0.0921,0.0035661,,0.04864,,0.6312,,0.033,95743.2
2025-02-18 00:00:00+00:00,0.7285,0.015438,0.01121,0.09291,0.00926,0.01653,0.0001239,0.015225,0.05671,0.0015877,0.18571,0.3167,0.1604,0.0463,0.001883,0.03924,,0.027,0.003862,0.25119,0.0001687,0.322,0.0977,0.08928,0.001571,0.05254,0.00412,0.002723,0.05494,,0.01648,0.0003259,0.002952,11.684,0.008252,0.01895,0.02527,0.14337,0.12626,0.2387,,0.0858,0.6155,0.0492,16.374,0.0862,0.0033146,,0.04256,,0.6154,,0.0333,95622
2025-02-19 00:00:00+00:00,0.7285,0.015603,0.01106,0.09455,0.0093511,0.01741,0.0001245,0.015399,0.058,0.0016557,0.18163,0.3073,0.18453,0.0557,0.001927,0.0388,,0.0266,0.003814,0.25467,0.0001685,0.298,0.097,0.08588,0.001594,0.05838,0.004065,0.002731,0.0544,,0.01653,0.0003286,0.002857,12.605,0.007986,0.01927,0.02191,0.13915,0.12399,0.2263,,0.0864,0.6314,0.0426,17.02,0.0748,0.0031931,,0.03202,,0.6082,,0.0329,96598
2025-02-20 00:00:00+00:00,0.7881,0.016038,0.01121,0.09698,0.0096255,0.01801,0.0001249,0.015537,0.05872,0.0016743,0.18418,0.3625,0.24186,0.0726,0.002002,0.04863,,0.0292,0.004234,0.25458,0.0001783,0.3544,0.1012,0.0889,0.001651,0.05803,0.004238,0.002881,0.05824,,0.01799,0.000366,0.003017,12.829,0.008677,0.02029,0.02463,0.1441,0.16512,0.2498,,0.09,0.7158,0.0442,17.085,0.0865,0.0033792,,0.03242,,0.6454,,0.0344,98252.9
2025-02-21 00:00:00+00:00,0.7297,0.015483,0.01064,0.09273,0.0091203,0.01845,0.0001241,0.015068,0.05721,0.0016013,0.19141,0.3414,0.19821,0.0753,0.001983,0.04878,,0.0286,0.004852,0.23941,0.0001779,0.3082,0.0987,0.06574,0.001647,0.05588,0.004085,0.002793,0.05835,,0.01724,0.0003694,0.002819,12.915,0.008396,0.02028,0.02386,0.14449,0.16675,0.2445,,0.0864,0.6878,0.0413,15.894,0.0798,0.0034539,,0.03417,,0.6429,,0.0308,96127.9
2025-02-22 00:00:00+00:00,0.8051,0.01614,0.01195,0.09801,0.0096217,0.02055,0.0001273,0.015597,0.06304,0.0017052,0.20504,0.3911,0.24925,0.1502,0.002219,0.05128,,0.0354,0.005107,0.24643,0.0001925,0.361,0.1169,0.07007,0.001739,0.06434,0.004503,0.002955,0.06737,,0.02008,0.0004115,0.003093,13.125,0.008928,0.02228,0.02727,0.2199,0.16369,0.2632,,0.0928,0.733,0.072,16.516,0.1289,0.0038178,,0.04215,,0.7036,,0.0399,96503.3
2025-02-23 00:00:00+00:00,0.8036,0.01574,0.01095,0.0937,0.0093434,0.01964,0.0001242,0.015446,0.06115,0.0016494,0.18799,0.3524,0.2398,0.1471,0.002104,0.048,,0.0318,0.004789,0.24269,0.0001806,0.3336,0.1071,0.06032,0.001657,0.06183,0.004334,0.002848,0.06466,,0.01871,0.0003917,0.002935,12.869,0.008639,0.02118,0.02411,0.17879,0.14812,0.242,,0.0896,0.7382,0.0513,16.12,0.1057,0.0036427,,0.03716,,0.6584,,0.0335,96218.4
2025-02-24 00:00:00+00:00,0.685,0.013145,0.00898,0.08223,0.0078868,0.01938,0.0001218,0.013628,0.05309,0.0014282,0.1856,0.3012,0.19204,0.069,0.001686,0.04022,,0.0262,0.004051,0.21037,0.0001479,0.2778,0.0831,0.04884,0.001683,0.06095,0.003529,0.002425,0.05129,,0.01586,0.0003212,0.00249,10.632,0.007219,0.01754,0.02177,0.14963,0.13017,0.2026,,0.0675,0.5996,0.0475,12.93,0.0806,0.0030291,,0.03186,,0.5557,,0.0281,91514.5
2025-02-25 00:00:00+00:00,0.6621,0.013413,0.00961,0.0832,0.008245,0.02445,0.0001251,0.014088,0.05608,0.0014774,0.21622,0.3207,0.22461,0.0682,0.00181,0.03968,,0.0318,0.004219,0.21147,0.0001586,0.2892,0.0899,0.05896,0.001711,0.06075,0.003693,0.002401,0.05952,,0.01877,0.0003669,0.002557,11.699,0.008056,0.01958,0.02672,0.17451,0.13347,0.2246,,0.0701,0.628,0.0549,13.246,0.0873,0.0032175,,0.03577,,0.5495,,0.0352,88639.1
2025-02-26 00:00:00+00:00,0.6548,0.013412,0.01009,0.08294,0.008323,0.02715,0.0001375,0.014415,0.05563,0.0014762,0.237,0.3594,0.23609,0.0713,0.00186,0.03794,,0.0385,0.004097,0.20347,0.0001678,0.3383,0.0946,0.06366,0.001743,0.05846,0.003843,0.002302,0.06644,,0.02159,0.0004029,0.002727,12.316,0.008336,0.02078,0.0354,0.20968,0.13158,0.2584,,0.067,0.6179,0.0654,13.291,0.1006,0.0033142,,0.03965,,0.5789,,0.0405,84208.5
2025-02-27 00:00:00+00:00,0.6507,0.013169,0.00993,0.08267,0.0082127,0.02669,0.0001311,0.01442,0.05452,0.0014619,0.20557,0.3484,0.20368,0.0619,0.001869,0.03726,,0.0346,0.003925,0.20678,0.0001721,0.3084,0.0938,0.06166,0.001841,0.04791,0.003801,0.002351,0.05988,,0.0204,0.0003998,0.002666,12.686,0.008092,0.02082,0.02915,0.18579,0.13386,0.2553,,0.0671,0.523,0.061,12.592,0.0936,0.0032702,,0.04203,,0.5851,,0.0409,84668.1
2025-02-28 00:00:00+00:00,0.6522,0.013637,0.01034,0.0819,0.0079256,0.03011,0.0001319,0.013929,0.05525,0.0014607,0.22217,0.4047,0.22114,0.0581,0.001922,0.03814,,0.0407,0.004101,0.20176,0.0001772,0.2972,0.1001,0.0633,0.001954,0.04452,0.003826,0.002501,0.06162,,0.02216,0.0004201,0.002857,12.288,0.009088,0.02134,0.03097,0.26158,0.13233,0.2826,,0.0716,0.5334,0.0658,12.958,0.0932,0.0034711,,0.05029,,0.6292,,0.0471,84299.6
2025-03-01 00:00:00+00:00,0.639,0.013536,0.0099,0.08037,0.0075889,0.02751,0.0001266,0.013636,0.05412,0.0014423,0.20285,0.3608,0.20197,0.0565,0.001825,0.03766,,0.0338,0.003907,0.20663,0.0001688,0.2516,0.0898,0.04922,0.001862,0.04465,0.003625,0.002398,0.05523,,0.02057,0.0003638,0.002739,11.28,0.008754,0.01993,0.02462,0.2214,0.12719,0.2497,,0.0702,0.5262,0.0578,13.161,0.0852,0.0033351,,0.04244,,0.6111,,0.0389,86007.7
2025-03-02 00:00:00+00:00,0.7341,0.015584,0.01053,0.08844,0.0088297,0.03329,0.0001343,0.015151,0.05921,0.0015558,0.20957,0.4424,0.24182,0.0622,0.00212,0.04583,,0.0382,0.005093,0.23918,0.000199,0.3502,0.1032,0.06508,0.002113,0.04184,0.003996,0.002745,0.0619,,0.02381,0.0003805,0.003192,13.07,0.009236,0.0235,0.03134,0.2375,0.14704,0.2904,,0.0853,0.6529,0.0669,16.962,0.0876,0.0036872,,0.04285,,0.7615,,0.0497,94222.8
2025-03-03 00:00:00+00:00,0.576,0.012447,0.00849,0.07388,0.007218,0.02738,0.0001241,0.012899,0.04991,0.0013016,0.19469,0.3232,0.17969,0.0617,0.001734,0.03915,,0.0325,0.004587,0.19903,0.0001618,0.2686,0.0796,0.05661,0.001993,0.03877,0.003273,0.002205,0.04958,,0.01926,0.0003167,0.002666,11.087,0.007102,0.01952,0.02615,0.19613,0.12205,0.228,,0.0678,0.5092,0.0605,12.818,0.0738,0.0030462,,0.03829,,0.6433,,0.0485,86192.7
2025-03-04 00:00:00+00:00,0.5109,0.011945,0.00821,0.07252,0.0069842,0.03235,0.0001237,0.013076,0.05113,0.0012826,0.19685,0.2969,0.16693,0.0604,0.001662,0.03852,,0.0304,0.00403,0.19898,0.0001559,0.258,0.0749,0.06097,0.002074,0.04504,0.003134,0.00211,0.04698,,0.01861,0.0003074,0.002776,11.14,0.006725,0.01799,0.02311,0.20742,0.11743,0.2122,,0.0686,0.4555,0.0536,12.966,0.0733,0.0027204,,0.03768,,0.574,,0.0402,87245.9
2025-03-05 00:00:00+00:00,0.5371,0.012314,0.00828,0.0751,0.0070721,0.03584,0.0001238,0.013357,0.05107,0.0013105,0.19461,0.2908,0.16303,0.057,0.001689,0.04214,,0.0309,0.004029,0.20463,0.0001573,0.3072,0.0737,0.07407,0.002109,0.04471,0.003095,0.002168,0.04671,,0.0193,0.0003173,0.002593,10.715,0.006566,0.01844,0.02629,0.20331,0.11973,0.2328,,0.0684,0.4811,0.0514,13.213,0.0722,0.0027451,,0.03625,,0.5821,,0.0405,90566.1
2025-03-06 00:00:00+00:00,0.5222,0.012016,0.00794,0.07263,0.0068323,0.02892,0.0001235,0.013389,0.04952,0.0012834,0.19351,0.2615,0.11898,0.0551,0.001596,0.04184,,0.0289,0.003815,0.2014,0.0001493,0.2908,0.0684,0.06273,0.002034,0.03845,0.002993,0.002121,0.04245,,0.0181,0.0002993,0.002572,10.319,0.006205,0.01777,0.02285,0.19776,0.1144,0.2212,,0.0658,0.4779,0.0531,13.078,0.0668,0.0026678,,0.0322,,0.5711,,0.0365,89887.8
2025-03-07 00:00:00+00:00,0.5076,0.012002,0.00798,0.07103,0.0069868,0.02863,0.0001229,0.013137,0.04772,0.0012769,0.19126,0.2295,0.10176,0.0543,0.001566,0.03793,,0.0284,0.003698,0.19829,0.0001416,0.25,0.0631,0.04673,0.001994,0.0398,0.002929,0.002086,0.03954,,0.01772,0.0002862,0.002357,9.193,0.006388,0.01755,0.0212,0.18283,0.10396,0.2083,,0.0642,0.4882,0.0558,12.351,0.0681,0.0025851,,0.0303,,0.5339,,0.0344,86753.8
2025-03-08 00:00:00+00:00,0.4915,0.011668,0.00782,0.06896,0.0066689,0.02571,0.0001228,0.012656,0.04699,0.0012575,0.19112,0.2039,0.07597,0.0567,0.001433,0.03548,,0.0268,0.003538,0.1922,0.0001333,0.2373,0.0615,0.04356,0.002068,0.03572,0.002779,0.002036,0.03965,,0.0172,0.0002556,0.002328,9.225,0.006077,0.0168,0.0211,0.17866,0.10037,0.1994,,0.0621,0.4948,0.0402,12.023,0.0619,0.0024372,,0.03608,,0.5337,,0.0329,86184.7
2025-03-09 00:00:00+00:00,0.4163,0.010109,0.0069,0.0595,0.0058665,0.02394,0.0001221,0.011649,0.04196,0.0011101,0.19307,0.193,0.08529,0.0534,0.001259,0.03083,,0.0244,0.003059,0.16799,0.0001241,0.232,0.056,0.04214,0.002126,0.03382,0.002382,0.001822,0.03507,,0.01559,0.0002467,0.001965,8.032,0.005517,0.01424,0.01992,0.15678,0.08922,0.169,,0.0562,0.3964,0.041,10.707,0.0613,0.0020476,,0.03034,,0.442,,0.0315,80688.8
2025-03-10 00:00:00+00:00,0.3723,0.009709,0.00674,0.05722,0.0056983,0.02555,0.0001212,0.01149,0.04065,0.0010892,0.19381,0.1814,0.0784,0.0554,0.001267,0.02768,,0.0261,0.002843,0.15401,0.0001186,0.2187,0.0536,0.03624,0.002136,0.03249,0.00235,0.001721,0.03591,,0.01591,0.0002375,0.001965,8.363,0.005596,0.0147,0.01841,0.1532,0.08527,0.1508,,0.0532,0.294,0.0393,10.298,0.0565,0.0020291,,0.03396,,0.4284,,0.0303,78567.8
2025-03-11 00:00:00+00:00,0.4154,0.010427,0.00696,0.0609,0.0063199,0.01774,0.0001221,0.012044,0.04177,0.0011688,0.19764,0.1688,0.07301,0.0591,0.001323,0.02903,,0.0283,0.003079,0.1645,0.0001246,0.2622,0.0542,0.03877,0.002186,0.03374,0.002443,0.001829,0.03805,,0.01681,0.0002436,0.002044,8.497,0.006208,0.01498,0.01884,0.16224,0.08923,0.1558,,0.0581,0.3034,0.0421,10.501,0.0594,0.0021181,,0.03707,,0.4481,,0.0303,82896
2025-03-12 00:00:00+00:00,0.4415,0.010677,0.00732,0.06177,0.0069493,0.01815,0.0001227,0.012322,0.04242,0.0011949,0.19621,0.176,0.07334,0.0555,0.001374,0.03116,,0.0286,0.003201,0.17231,0.0001293,0.2908,0.0554,0.04548,0.002184,0.0343,0.002463,0.001861,0.03839,,0.01705,0.0002531,0.002169,8.8,0.006008,0.01537,0.01886,0.16624,0.09474,0.1653,,0.0596,0.3408,0.0457,10.563,0.0619,0.0022151,,0.03442,,0.4803,,0.0317,83640.7
2025-03-13 00:00:00+00:00,0.4337,0.010418,0.00724,0.05966,0.0066931,0.01749,0.000122,0.012024,0.04108,0.0011863,0.19277,0.175,0.0591,0.0551,0.001355,0.03088,,0.0259,0.003077,0.16513,0.0001285,0.2428,0.0542,0.04376,0.002133,0.03285,0.002387,0.001808,0.03686,,0.01689,0.0002565,0.002034,8.612,0.005941,0.01528,0.01756,0.17098,0.09209,0.1749,,0.0576,0.3374,0.0434,10.719,0.0611,0.0021772,,0.03093,,0.4699,,0.0284,81085.4
2025-03-14 00:00:00+00:00,0.4457,0.010872,0.00751,0.06154,0.0070553,0.01934,0.0001231,0.01277,0.04201,0.001222,0.19434,0.1849,0.05255,0.0568,0.001413,0.03192,,0.0289,0.003184,0.17185,0.0001335,0.2841,0.0572,0.04135,0.002184,0.03382,0.002468,0.001899,0.04016,,0.01748,0.0002668,0.002147,9.146,0.00655,0.01569,0.01783,0.20281,0.0988,0.1918,,0.0625,0.3503,0.046,11.878,0.0592,0.002233,,0.03203,,0.5076,,0.0285,83939.8
2025-03-15 00:00:00+00:00,0.4627,0.01102,0.00787,0.06286,0.0071297,0.02017,0.0001223,0.012824,0.04425,0.001261,0.19334,0.1976,0.04866,0.0586,0.001468,0.03389,,0.0302,0.0033,0.17586,0.000148,0.3354,0.0581,0.04238,0.002155,0.03542,0.002508,0.001951,0.04108,,0.01814,0.0002749,0.00252,9.454,0.00671,0.01652,0.01855,0.20077,0.1021,0.1985,,0.0646,0.4044,0.0436,12.177,0.0646,0.0023157,,0.03182,,0.5011,,0.0295,84302.9
2025-03-16 00:00:00+00:00,0.445,0.010372,0.00747,0.05941,0.0065839,0.02002,0.0001217,0.013104,0.04171,0.0012134,0.19091,0.1948,0.06339,0.0553,0.001364,0.03178,,0.0292,0.003085,0.1681,0.0001388,0.2956,0.0548,0.04178,0.002142,0.03243,0.002313,0.001827,0.03819,,0.01674,0.0002561,0.002353,9.112,0.006354,0.01538,0.01855,0.18132,0.09522,0.1804,,0.0602,0.3912,0.0444,11.218,0.0617,0.0021534,,0.02719,,0.465,,0.0334,82541.6
2025-03-17 00:00:00+00:00,0.4738,0.011068,0.00821,0.06196,0.0073821,0.02476,0.0001218,0.012946,0.08152,0.0013228,0.19091,0.2021,0.0621,0.0583,0.001449,0.03362,,0.0303,0.003237,0.17325,0.0001426,0.3223,0.0578,0.04187,0.002028,0.03488,0.002468,0.001951,0.04151,0.1735,0.01847,0.0002672,0.002398,9.574,0.007044,0.01676,0.02027,0.18125,0.09856,0.1983,,0.0629,0.3782,0.0461,11.413,0.0701,0.0023365,,0.02852,,0.5003,,0.0347,83962.9
2025-03-18 00:00:00+00:00,0.4644,0.01087,0.00804,0.06172,0.0072783,0.02636,0.0001214,0.012534,0.0878,0.001321,0.18964,0.1709,0.04073,0.058,0.001385,0.03339,,0.0273,0.003153,0.16794,0.0001447,0.2953,0.0569,0.03534,0.00202,0.03754,0.002454,0.001896,0.03968,0.1499,0.01893,0.0002515,0.002433,9.164,0.006389,0.01675,0.01664,0.17177,0.09644,0.1969,,0.0613,0.3713,0.0358,11.015,0.0663,0.0022861,,0.02502,,0.4799,,0.0291,82666.1
2025-03-19 00:00:00+00:00,0.4844,0.011927,0.00799,0.06419,0.0074549,0.02748,0.0001215,0.012931,0.12074,0.0013583,0.19024,0.1912,0.05051,0.0606,0.00144,0.03401,,0.0295,0.003342,0.1779,0.0001455,0.3976,0.0587,0.04242,0.002189,0.04876,0.0025,0.002005,0.04053,0.1348,0.01988,0.0002649,0.002398,9.99,0.006759,0.01701,0.01752,0.17761,0.10162,0.2071,,0.065,0.4443,0.0417,11.646,0.064,0.0023989,,0.02693,,0.5171,,0.0336,86809.8
2025-03-20 00:00:00+00:00,0.4545,0.011643,0.00747,0.06286,0.0076399,0.02591,0.0001214,0.012935,0.12467,0.0013238,0.18927,0.1856,0.05836,0.0571,0.001402,0.03248,,0.0289,0.003143,0.16938,0.0001444,0.3601,0.0564,0.04216,0.002108,0.041,0.002402,0.001942,0.03762,0.1291,0.01863,0.000265,0.002502,9.814,0.006422,0.017,0.01689,0.17215,0.09749,0.1902,,0.0613,0.4394,0.0401,11.046,0.0628,0.0022969,,0.02753,,0.5064,,0.0365,84183.6
2025-03-21 00:00:00+00:00,0.4622,0.011835,0.00744,0.06164,0.0072046,0.02798,0.0001243,0.012491,0.10365,0.001319,0.18868,0.1969,0.06244,0.0561,0.001352,0.032,,0.0287,0.003169,0.16718,0.000155,0.4276,0.0555,0.04493,0.002115,0.03803,0.002325,0.00193,0.03648,0.1315,0.01756,0.0002693,0.002459,9.571,0.006393,0.01633,0.01711,0.17434,0.09884,0.1948,,0.0609,0.5037,0.0415,10.855,0.0634,0.0022163,,0.02644,,0.4882,,0.0329,84050.3
2025-03-22 00:00:00+00:00,0.4646,0.012104,0.00767,0.06206,0.007062,0.0316,0.0001247,0.012804,0.09632,0.0013468,0.18997,0.1997,0.0579,0.0581,0.001427,0.03346,,0.0293,0.003296,0.16729,0.0001577,0.442,0.0565,0.04298,0.002077,0.0362,0.002426,0.00207,0.03724,0.1267,0.01847,0.0002752,0.002524,10.105,0.006328,0.01717,0.01711,0.18764,0.10696,0.1996,,0.0623,0.4903,0.0405,10.739,0.064,0.0023314,,0.02698,,0.5074,,0.0339,83804.9
2025-03-23 00:00:00+00:00,0.4607,0.013879,0.00768,0.06354,0.0073416,0.03128,0.0001361,0.012946,0.08788,0.0013381,0.19328,0.199,0.05291,0.059,0.001483,0.03293,,0.0297,0.003359,0.17255,0.0001583,0.5519,0.059,0.04525,0.002017,0.03555,0.002464,0.002113,0.03859,0.1571,0.01856,0.0002749,0.0025,9.92,0.006275,0.01737,0.0169,0.22423,0.11051,0.2146,,0.0638,0.5271,0.0416,11.512,0.0651,0.0022778,,0.02639,,0.517,,0.0334,86044.2
2025-03-24 00:00:00+00:00,0.5561,0.014103,0.00804,0.0678,0.0079932,0.03213,0.0001444,0.01353,0.08425,0.0013856,0.19522,0.2007,0.07577,0.0585,0.001568,0.03618,,0.0318,0.003467,0.1829,0.0001663,0.5721,0.0636,0.05204,0.002133,0.03622,0.002568,0.002165,0.04014,0.1362,0.01921,0.0002873,0.002621,10.303,0.007115,0.01825,0.01966,0.2149,0.1106,0.235,,0.068,0.5991,0.0453,11.888,0.0677,0.0024307,,0.03021,,0.5574,,0.0398,87463.4
2025-03-25 00:00:00+00:00,0.5562,0.014022,0.00808,0.06804,0.008009,0.03195,0.0001222,0.013847,0.07565,0.0014188,0.19386,0.2099,0.06997,0.0582,0.001621,0.03772,,0.0322,0.003489,0.19056,0.0001685,0.5814,0.0636,0.04596,0.002115,0.03716,0.002622,0.002295,0.04148,0.1482,0.01926,0.0002912,0.002673,10.118,0.007032,0.01824,0.01961,0.21492,0.10994,0.2449,,0.0685,0.6314,0.044,11.601,0.0608,0.0024866,,0.02873,,0.5488,,0.0371,87369.8
2025-03-26 00:00:00+00:00,0.5522,0.01392,0.00802,0.07025,0.0085216,0.03046,0.000103,0.014201,0.07323,0.0013884,0.19214,0.1855,0.05102,0.0588,0.001603,0.03744,,0.0314,0.003423,0.19481,0.0001667,0.5224,0.0619,0.04389,0.002139,0.03645,0.002602,0.002781,0.0442,0.1336,0.01924,0.0002818,0.002666,9.486,0.006988,0.01844,0.0178,0.20797,0.11181,0.2451,,0.0663,0.6031,0.0384,11.392,0.0617,0.0024885,,0.0266,,0.5276,,0.0374,86873.8
2025-03-27 00:00:00+00:00,0.5328,0.013583,0.00823,0.06955,0.0084385,0.02805,9.19e-05,0.014015,0.07443,0.0013824,0.192,0.1986,0.05289,0.0575,0.001577,0.03648,,0.0293,0.003441,0.19039,0.0001704,0.5334,0.0614,0.04459,0.002132,0.03094,0.002552,0.002514,0.0422,0.1063,0.01872,0.0002665,0.002675,9.301,0.007141,0.01826,0.01803,0.19889,0.11032,0.2438,,0.0668,0.6189,0.0387,11.102,0.0641,0.0024664,,0.02608,,0.5203,,0.0353,87191.2
2025-03-28 00:00:00+00:00,0.4659,0.012244,0.00718,0.06246,0.0077797,0.02789,9.08e-05,0.013232,0.06628,0.001267,0.19023,0.1791,0.05159,0.0585,0.001408,0.03385,,0.0269,0.003091,0.18013,0.0001507,0.4696,0.0547,0.03899,0.002044,0.02833,0.002286,0.002258,0.03669,0.0879,0.01642,0.0002241,0.002476,8.704,0.006257,0.01629,0.01598,0.18057,0.09843,0.2066,,0.0619,0.5169,0.0367,10.339,0.0691,0.0021989,,0.02643,,0.4606,,0.0343,84380.8
2025-03-29 00:00:00+00:00,0.4114,0.011329,0.00641,0.05784,0.007215,0.02689,8.3e-05,0.012671,0.06577,0.0012003,0.18969,0.158,0.04897,0.0582,0.00132,0.03054,,0.026,0.002916,0.16946,0.0001313,0.4195,0.0515,0.0371,0.002162,0.02721,0.002083,0.002624,0.03351,0.0712,0.01536,0.0001976,0.002245,8.22,0.005681,0.01518,0.01472,0.17028,0.08984,0.1834,,0.0589,0.4327,0.0345,10.071,0.0654,0.0019911,,0.0318,,0.4321,,0.0296,82604.7
2025-03-30 00:00:00+00:00,0.4076,0.011189,0.00638,0.05762,0.0069407,0.03069,8.38e-05,0.012451,0.08178,0.0012019,0.18974,0.1606,0.05362,0.0591,0.001321,0.03025,,0.0263,0.002928,0.16645,0.0001408,0.4476,0.0517,0.03798,0.002189,0.02748,0.002083,0.002624,0.03373,0.0611,0.01612,0.0002014,0.002282,8.338,0.005947,0.01504,0.01462,0.17818,0.09037,0.19,,0.0587,0.439,0.0345,10.214,0.0685,0.0019854,,0.03445,,0.4368,,0.0298,82352.8
2025-03-31 00:00:00+00:00,0.3973,0.011254,0.00623,0.05845,0.007203,0.03155,7.2e-05,0.012374,0.08201,0.0011886,0.18858,0.1649,0.04713,0.0598,0.001321,0.02999,,0.026,0.002866,0.16658,0.0001432,0.4537,0.0505,0.03617,0.002165,0.02635,0.002061,0.002509,0.03283,0.0519,0.0176,0.0001958,0.002269,8.271,0.005408,0.01483,0.01477,0.181,0.0903,0.1907,,0.0596,0.4434,0.0332,10.01,0.068,0.0019412,,0.04709,,0.4196,,0.0286,82517.5
2025-04-01 00:00:00+00:00,0.4309,0.012493,0.00612,0.05977,0.0077182,0.03174,6.6e-05,0.012674,0.07824,0.0012144,0.08111,0.1953,0.05018,0.0597,0.001271,0.03253,,0.0248,0.002898,0.17391,0.0001386,0.5213,0.0495,0.03937,0.002291,0.02643,0.002059,0.00287,0.03102,0.0461,0.01724,0.0001916,0.002269,8.103,0.005225,0.01477,0.01348,0.15781,0.09079,0.1914,,0.0599,0.5218,0.0333,10.386,0.0642,0.0019488,,0.04483,,0.4222,,0.0295,85120.9
2025-04-02 00:00:00+00:00,0.3694,0.011025,0.00535,0.05476,0.0070548,0.03107,5.71e-05,0.012043,0.06947,0.0011244,0.05209,0.1715,0.04287,0.0568,0.001158,0.02928,,0.0233,0.00266,0.16376,0.0001322,0.4229,0.0451,0.03466,0.002219,0.02459,0.001867,0.003047,0.02681,0.0407,0.01534,0.0001723,0.002101,6.981,0.00475,0.01303,0.01239,0.14545,0.08277,0.1619,,0.0548,0.4411,0.0272,9.155,0.0678,0.0017465,,0.04122,,0.3735,,0.0266,82485.1
2025-04-03 00:00:00+00:00,0.3853,0.010919,0.00532,0.0547,0.0067035,0.03015,5.39e-05,0.012229,0.06793,0.0011497,0.06114,0.1577,0.03739,0.058,0.001131,0.03051,,0.0233,0.00261,0.16222,0.0001276,0.4174,0.0444,0.03361,0.00232,0.02443,0.001857,0.002909,0.02684,0.0376,0.0151,0.0001794,0.002073,7.183,0.004768,0.0129,0.01219,0.1461,0.08218,0.1622,,0.0548,0.4669,0.0263,9.47,0.0704,0.0017435,,0.03791,,0.3835,,0.0255,83181.5
2025-04-04 00:00:00+00:00,0.3755,0.011367,0.00536,0.05697,0.007238,0.03102,4.65e-05,0.012301,0.06601,0.001168,0.05589,0.1429,0.04152,0.0566,0.001149,0.0306,,0.0234,0.002591,0.1712,0.0001293,0.5124,0.045,0.03324,0.002347,0.02417,0.001849,0.00283,0.02685,0.0386,0.01523,0.0001776,0.002039,7.175,0.004697,0.01308,0.01246,0.15026,0.0851,0.1648,,0.0575,0.5409,0.0247,9.347,0.0693,0.0017599,,0.03295,,0.3881,,0.0251,83861.3
2025-04-05 00:00:00+00:00,0.3469,0.01111,0.00524,0.05551,0.0070551,0.03054,4.6e-05,0.012328,0.06926,0.0011614,0.05372,0.1276,0.04034,0.0565,0.00113,0.02992,,0.0226,0.002533,0.16887,0.0001265,0.4965,0.0442,0.03191,0.002236,0.02323,0.001797,0.002724,0.02652,0.038,0.01491,0.0001812,0.002009,6.982,0.004677,0.01308,0.01188,0.14605,0.08331,0.1603,,0.0566,0.5113,0.0241,9.227,0.0714,0.0017649,,0.03097,,0.386,,0.0247,83506.1
2025-04-06 00:00:00+00:00,0.2758,0.009811,0.0047,0.04893,0.0063289,0.02527,4.14e-05,0.011318,0.05971,0.0010486,0.05336,0.1089,0.03486,0.0539,0.000987,0.02498,,0.019,0.002061,0.14915,0.0001092,0.4446,0.0392,0.02803,0.002296,0.0201,0.00156,0.002253,0.02274,0.0397,0.01257,0.0001548,0.001748,6,0.004044,0.01127,0.0105,0.12772,0.07231,0.1382,,0.0496,0.4165,0.0201,7.93,0.0703,0.0014904,,0.02999,,0.3346,,0.0219,78390
2025-04-07 00:00:00+00:00,0.3425,0.010171,0.00473,0.05076,0.0064496,0.02519,4.42e-05,0.011415,0.06659,0.001087,0.05612,0.1133,0.03335,0.0476,0.001031,0.02615,,0.0202,0.002095,0.14951,0.0001151,0.5533,0.0411,0.0289,0.002394,0.01848,0.00159,0.00214,0.02377,0.0388,0.01358,0.0001645,0.001812,6.392,0.004175,0.01202,0.01104,0.1347,0.07237,0.1388,,0.0496,0.482,0.021,7.821,0.0758,0.00154,,0.03013,,0.3433,,0.0214,79140
2025-04-08 00:00:00+00:00,0.3153,0.009524,0.00437,0.0473,0.0060402,0.02335,3.78e-05,0.010646,0.06073,0.0010531,0.05206,0.1047,0.02885,0.0338,0.000986,0.02467,,0.0185,0.001916,0.1422,0.0001085,0.5105,0.0386,0.02513,0.00238,0.01727,0.001475,0.001964,0.02241,0.0297,0.01232,0.0001565,0.001688,6.142,0.003867,0.01139,0.01003,0.12662,0.06784,0.1252,,0.0481,0.3963,0.0203,7.569,0.0731,0.0014729,,0.0269,,0.3193,,0.0192,76297.9
2025-04-09 00:00:00+00:00,0.4092,0.011094,0.00486,0.05425,0.0069747,0.02646,4.23e-05,0.011927,0.06959,0.0011564,0.05729,0.128,0.03453,0.0331,0.001109,0.02891,,0.0205,0.002196,0.16028,0.0001188,0.7633,0.0432,0.03085,0.00251,0.01953,0.001632,0.002261,0.02505,0.0331,0.01169,0.0001738,0.00187,6.877,0.004416,0.01264,0.01157,0.13883,0.07811,0.1703,,0.0549,0.476,0.0226,8.169,0.0831,0.001692,,0.03899,,0.3715,,0.023,82588
2025-04-10 00:00:00+00:00,0.379,0.010623,0.00475,0.05239,0.0067066,0.0253,4.2e-05,0.011623,0.06646,0.0011341,0.05437,0.1345,0.02912,0.0322,0.001075,0.02594,,0.0196,0.002036,0.15349,0.0001159,0.7543,0.0421,0.02894,0.002474,0.01758,0.001545,0.002109,0.02353,0.0284,0.01239,0.000167,0.001822,6.759,0.004235,0.01198,0.01129,0.13175,0.07325,0.1744,,0.0518,0.4849,0.0215,7.911,0.0718,0.0016847,,0.03989,,0.3655,,0.0221,79560.2
2025-04-11 00:00:00+00:00,0.4376,0.01252,0.00489,0.05501,0.0069347,0.02696,4.2e-05,0.012204,0.06903,0.0011776,0.05719,0.1346,0.03474,0.0382,0.001138,0.02706,,0.0205,0.002196,0.15996,0.0001195,0.8782,0.0488,0.03044,0.002489,0.01938,0.001592,0.002449,0.02541,0.0295,0.01286,0.0001724,0.001884,7.059,0.004756,0.01234,0.01188,0.13651,0.07714,0.2163,,0.0561,0.4926,0.0227,8.051,0.0763,0.0017935,,0.04232,,0.3962,,0.023,83378.3
2025-04-12 00:00:00+00:00,0.4995,0.013882,0.00578,0.05969,0.0074368,0.0272,4.32e-05,0.012529,0.07494,0.0012305,0.05781,0.1538,0.03876,0.0396,0.001202,0.03071,,0.0218,0.002491,0.16757,0.0001238,0.889,0.0572,0.03349,0.00253,0.02005,0.001668,0.002551,0.02777,0.0314,0.01318,0.0001859,0.001892,7.112,0.005442,0.01266,0.01457,0.14622,0.08476,0.2689,0.12213,0.0582,0.5679,0.024,8.686,0.0755,0.0020721,,0.04004,,0.4671,,0.024,85237.8
2025-04-13 00:00:00+00:00,0.4743,0.012568,0.00542,0.05742,0.0072729,0.02389,3.8e-05,0.012045,0.06906,0.0011681,0.05387,0.1342,0.0345,0.0343,0.001117,0.03136,,0.0191,0.002277,0.16252,0.0001112,0.8023,0.0516,0.02873,0.002437,0.01758,0.001541,0.002309,0.0265,0.0258,0.01069,0.0001748,0.001723,6.381,0.00497,0.01127,0.01259,0.13291,0.07953,0.2444,0.10257,0.0557,0.5219,0.0203,8.258,0.0715,0.0019187,,0.03938,,0.4445,,0.0209,83713.7
2025-04-14 00:00:00+00:00,0.4733,0.012788,0.00536,0.05612,0.0073346,0.02434,3.92e-05,0.012004,0.06865,0.0011576,0.05853,0.1349,0.03924,0.0339,0.001115,0.03546,,0.0209,0.002271,0.15845,0.0001097,0.9183,0.0494,0.0286,0.002495,0.01835,0.001527,0.002352,0.0268,0.0236,0.0112,0.0001762,0.001707,6.488,0.004889,0.01093,0.01267,0.12821,0.08057,0.279,0.10402,0.0567,0.5106,0.0207,7.874,0.0718,0.0019146,,0.03915,,0.4302,,0.0202,84553.9
2025-04-15 00:00:00+00:00,0.4455,0.011763,0.00517,0.05344,0.0069999,0.02476,3.79e-05,0.011672,0.06711,0.0011231,0.06001,0.1296,0.03401,0.0331,0.001093,0.03309,,0.0194,0.002107,0.15349,0.0001111,0.8099,0.0461,0.02664,0.002499,0.01728,0.001452,0.00226,0.02422,0.0232,0.01044,0.0001637,0.001694,6.147,0.004518,0.01034,0.01073,0.12254,0.07782,0.2251,0.0983,0.0557,0.4499,0.02,7.82,0.0718,0.0017751,,0.03291,,0.3882,,0.0191,83608.7
2025-04-16 00:00:00+00:00,0.4075,0.011745,0.00501,0.05368,0.0071305,0.02424,3.5e-05,0.011829,0.0652,0.0011533,0.05834,0.1301,0.03606,0.0327,0.001076,0.0319,,0.0201,0.002164,0.15464,0.0001028,0.8982,0.046,0.02679,0.0024,0.01734,0.001435,0.002288,0.0236,0.0244,0.01074,0.0001585,0.001644,5.975,0.004618,0.01066,0.01165,0.12362,0.07749,0.244,0.1598,0.061,0.4522,0.0204,7.715,0.0738,0.0017495,,0.02968,,0.3782,,0.0197,83990
2025-04-17 00:00:00+00:00,0.4447,0.011781,0.005244,0.05431,0.0072316,0.02333,3.53e-05,0.011787,0.06495,0.0012038,0.05893,0.1332,0.03596,0.03911,0.001119,0.03504,,0.02492,0.002304,0.15579,0.000104,0.8342,0.04662,0.02845,0.002567,0.0172,0.001422,0.002241,0.02543,0.02611,0.01117,0.00017,0.001708,5.951,0.004859,0.01093,0.01284,0.12825,0.07899,0.2546,0.16353,0.0678,0.4514,0.02023,7.556,0.0716,0.0018718,,0.02956,,0.3761,,0.02015,84915
2025-04-18 00:00:00+00:00,0.438,0.011908,0.005488,0.05657,0.0073318,0.02626,3.65e-05,0.012286,0.06664,0.0012864,0.06005,0.1326,0.03189,0.0419,0.001222,0.03448,,0.02138,0.002273,0.15753,0.0001128,0.733,0.04642,0.02736,0.00257,0.01647,0.002477,0.002422,0.02705,0.02595,0.01134,0.0001812,0.001819,6.082,0.004703,0.01153,0.01229,0.12959,0.08043,0.2302,0.162,0.064,0.4259,0.01965,7.786,0.0711,0.0020938,,0.02953,,0.4018,,0.01983,84421
2025-04-19 00:00:00+00:00,0.4635,0.012446,0.005601,0.05807,0.0075078,0.02826,3.9e-05,0.012339,0.06724,0.0012708,0.05988,0.15,0.03444,0.04535,0.001227,0.03671,,0.02148,0.002539,0.15726,0.0001156,0.8144,0.0491,0.02908,0.002592,0.01677,0.002158,0.002393,0.02806,0.02409,0.01136,0.000183,0.001855,6.462,0.004953,0.01181,0.01239,0.13391,0.08328,0.2428,0.15417,0.0649,0.4324,0.02044,8.411,0.0707,0.0020564,,0.0324,,0.4174,,0.02005,85046.9
2025-04-20 00:00:00+00:00,0.4509,0.012295,0.005702,0.05841,0.0075364,0.03037,4.14e-05,0.012349,0.06807,0.0012686,0.06142,0.1448,0.03603,0.04653,0.001269,0.03408,,0.02111,0.002551,0.15519,0.0001199,0.8951,0.05158,0.02969,0.002587,0.01767,0.002256,0.002418,0.02847,0.02656,0.01222,0.0001872,0.001947,6.658,0.004968,0.0124,0.01273,0.13521,0.0849,0.2544,0.17238,0.0638,0.4252,0.02117,8.171,0.0719,0.0021018,,0.03168,,0.4283,,0.02088,85138.8
2025-04-21 00:00:00+00:00,0.4554,0.012321,0.005717,0.05735,0.007738,0.03023,3.9e-05,0.012354,0.06817,0.001271,0.05616,0.1331,0.0351,0.04654,0.001264,0.03536,,0.02098,0.00259,0.15931,0.0001198,0.9343,0.05218,0.03164,0.002628,0.02325,0.00201,0.002456,0.02859,0.02898,0.01311,0.000191,0.001934,6.728,0.005012,0.012,0.01409,0.13379,0.08406,0.2617,0.17538,0.0621,0.4386,0.02049,8.314,0.066,0.0022196,,0.02991,,0.4226,,0.02465,87466
2025-04-22 00:00:00+00:00,0.5474,0.01523,0.006268,0.06525,0.0088086,0.03308,4.28e-05,0.013573,0.0744,0.0013785,0.06206,0.1769,0.05534,0.05393,0.001413,0.04474,,0.03023,0.003068,0.17857,0.0001308,1.1292,0.066,0.04313,0.002717,0.02578,0.002145,0.002756,0.03536,0.03273,0.01682,0.0002187,0.002028,7.254,0.007042,0.01288,0.01779,0.15078,0.09682,0.3376,0.2088,0.0679,0.5232,0.02618,9.222,0.0676,0.0030576,,0.03533,,0.5007,,0.05165,93404.9
2025-04-23 00:00:00+00:00,0.5517,0.014909,0.006915,0.06975,0.0088281,0.03355,4.66e-05,0.013558,0.08052,0.0014362,0.05847,0.1795,0.05026,0.05299,0.001474,0.0555,,0.02793,0.00309,0.17858,0.0001496,1.0918,0.06503,0.05316,0.002772,0.02402,0.002222,0.002714,0.03951,0.03673,0.02339,0.0002334,0.002176,7.765,0.006622,0.01484,0.01707,0.16925,0.1008,0.3346,0.08874,0.0702,0.518,0.03012,13.282,0.0777,0.0046237,,0.03592,,0.5389,,0.07748,93632.1
2025-04-24 00:00:00+00:00,0.5697,0.015573,0.006878,0.07151,0.0087545,0.03243,4.77e-05,0.013781,0.07845,0.0013887,0.05894,0.1943,0.05567,0.05209,0.001494,0.05422,,0.0314,0.002967,0.18246,0.0001456,1.137,0.06666,0.05912,0.002765,0.02292,0.002139,0.0027,0.03725,0.03298,0.02298,0.0002239,0.002295,7.89,0.007292,0.01484,0.01681,0.16263,0.10307,0.3938,0.09605,0.072,0.5428,0.03023,12.201,0.0814,0.0042806,,0.03638,,0.5541,,0.07723,93931.6
2025-04-25 00:00:00+00:00,0.6635,0.019824,0.007286,0.08039,0.0090444,0.03342,4.82e-05,0.014144,0.08084,0.0014393,0.0597,0.2335,0.05945,0.05055,0.001607,0.05705,,0.02884,0.003201,0.18154,0.0001523,1.029,0.07554,0.05785,0.00276,0.02434,0.002229,0.002906,0.04073,0.03345,0.02259,0.0002461,0.002416,8.354,0.008628,0.01505,0.01942,0.17602,0.1106,0.3959,0.08648,0.0754,0.5897,0.03207,13.333,0.0798,0.0043703,,0.03701,,0.6379,,0.05128,94591.8
2025-04-26 00:00:00+00:00,0.6769,0.01845,0.007529,0.08021,0.0091664,0.03379,5.23e-05,0.014137,0.08062,0.0014559,0.06196,0.24,0.06813,0.04939,0.001671,0.0686,,0.03214,0.003296,0.18182,0.0001569,1.0301,0.08122,0.06874,0.002762,0.02446,0.002281,0.002898,0.04869,0.03661,0.03049,0.0002651,0.002608,8.811,0.009819,0.01589,0.0198,0.18878,0.12552,0.4027,0.08758,0.075,0.6106,0.03182,15.604,0.0752,0.005503,,0.03759,,0.6511,,0.04779,94575.7
2025-04-27 00:00:00+00:00,0.603,0.01863,0.006882,0.0769,0.0087594,0.02965,4.63e-05,0.013436,0.07524,0.0013278,0.05472,0.2395,0.06146,0.04895,0.001507,0.06423,,0.03087,0.003101,0.17924,0.000144,1.0725,0.07339,0.06097,0.002652,0.02219,0.002074,0.002789,0.04391,0.03564,0.02709,0.0002329,0.002571,8.072,0.012736,0.01441,0.01797,0.17369,0.11979,0.3798,0.08242,0.072,0.5807,0.02808,14.854,0.0706,0.0048866,,0.03402,,0.6151,,0.04513,93697.1
2025-04-28 00:00:00+00:00,0.6339,0.020784,0.007267,0.08707,0.0089601,0.03248,4.73e-05,0.013726,0.08089,0.001316,0.05581,0.2704,0.06499,0.0519,0.001583,0.06522,,0.03872,0.003144,0.17898,0.000154,1.0941,0.08731,0.06515,0.002674,0.02484,0.002179,0.002951,0.04541,0.03479,0.02766,0.0002538,0.002527,8.148,0.012071,0.01523,0.02449,0.18386,0.12455,0.3832,0.08519,0.0724,0.5796,0.03111,14.668,0.0702,0.0049643,,0.03789,,0.6187,,0.06004,94969
2025-04-29 00:00:00+00:00,0.5962,0.020156,0.006948,0.08344,0.0088562,0.03063,4.54e-05,0.0134,0.07578,0.001298,0.0532,0.2882,0.06317,0.04993,0.001499,0.06044,,0.03805,0.002987,0.17453,0.0001496,1.108,0.08678,0.06269,0.002579,0.02175,0.002083,0.002834,0.04302,0.03167,0.02605,0.0002309,0.002549,7.971,0.0111,0.0146,0.02134,0.1722,0.11564,0.3625,0.08224,0.0708,0.5577,0.03002,12.963,0.0664,0.0046402,,0.03877,,0.6027,,0.04392,94200.1
2025-04-30 00:00:00+00:00,0.5953,0.01949,0.00716,0.08905,0.0088881,0.03122,4.66e-05,0.013231,0.07817,0.0012853,0.05462,0.2761,0.05911,0.04872,0.001586,0.06217,,0.03672,0.002976,0.17217,0.0001632,1.2445,0.08271,0.06067,0.002606,0.02437,0.002126,0.00286,0.04243,0.03435,0.02493,0.0002362,0.002607,7.991,0.011129,0.01586,0.02132,0.17768,0.11744,0.3998,0.08034,0.0707,0.5553,0.0304,13.158,0.0671,0.004539,,0.04636,,0.6322,,0.04884,94125.1
2025-05-01 00:00:00+00:00,0.6217,0.018775,0.007122,0.08615,0.0087265,0.03189,4.6e-05,0.013488,0.07739,0.0013217,0.05569,0.3116,0.06649,0.04766,0.001576,0.06427,,0.04556,0.003128,0.18057,0.0001753,1.1977,0.08623,0.07053,0.002559,0.02348,0.002236,0.002863,0.04403,0.03484,0.02596,0.0002495,0.002629,8.276,0.010578,0.01587,0.02265,0.17519,0.1204,0.3828,0.08116,0.0717,0.5447,0.03463,12.737,0.0685,0.0049231,,0.04329,,0.6156,,0.05114,96423.3
2025-05-02 00:00:00+00:00,0.6155,0.018737,0.007254,0.08591,0.0086911,0.03186,4.53e-05,0.013463,0.07722,0.0013382,0.05517,0.2988,0.06276,0.04537,0.001606,0.06603,,0.05155,0.003122,0.18142,0.0001639,1.1517,0.0839,0.06886,0.002644,0.02374,0.002158,0.003146,0.04577,0.03539,0.02575,0.0002552,0.002426,8.23,0.011842,0.01564,0.02245,0.18523,0.11652,0.4099,0.08174,0.0705,0.5613,0.03344,13.206,0.0653,0.0055119,,0.04947,,0.6447,,0.05059,96831.2
2025-05-03 00:00:00+00:00,0.5644,0.016665,0.006333,0.07915,0.0081707,0.02724,4.06e-05,0.012956,0.07287,0.0012549,0.05065,0.2612,0.05727,0.04211,0.001427,0.05701,,0.04872,0.002905,0.17555,0.0001467,1.0882,0.07332,0.06417,0.002618,0.0244,0.00193,0.002806,0.0403,0.02961,0.0234,0.0002281,0.002244,7.526,0.010368,0.01403,0.01797,0.16812,0.10342,0.3696,0.08484,0.0682,0.5208,0.02942,11.307,0.0637,0.004781,,0.03943,,0.568,,0.0467,95803.3
2025-05-04 00:00:00+00:00,0.5766,0.016412,0.00609,0.07459,0.0080764,0.02575,3.98e-05,0.012656,0.07118,0.0012191,0.05193,0.2555,0.05456,0.04388,0.001391,0.05369,,0.04253,0.002823,0.1704,0.0001415,1.0851,0.06939,0.05926,0.002609,0.02087,0.001904,0.002695,0.03807,0.02954,0.02274,0.0002122,0.002229,7.365,0.010436,0.01362,0.01801,0.16073,0.09962,0.3642,0.07345,0.0658,0.5149,0.02803,10.957,0.0699,0.005388,,0.03856,,0.5478,,0.04295,94230.2
2025-05-05 00:00:00+00:00,0.602,0.01695,0.006141,0.07691,0.0079342,0.02824,3.99e-05,0.012676,0.07109,0.0012267,0.05157,0.2583,0.0546,0.04405,0.001371,0.05223,,0.05256,0.002771,0.1705,0.0001421,1.1355,0.07047,0.05679,0.002592,0.02025,0.001853,0.002702,0.03826,0.02852,0.02282,0.000211,0.002202,7.239,0.010903,0.01348,0.01731,0.15848,0.10202,0.3835,0.07522,0.067,0.5141,0.02636,11.171,0.0655,0.0054113,,0.03762,,0.5477,,0.04085,94696.7
2025-05-06 00:00:00+00:00,0.6568,0.016976,0.005776,0.07627,0.0079884,0.02834,3.86e-05,0.012742,0.0701,0.0012673,0.05014,0.2653,0.05333,0.04825,0.001358,0.05134,,0.05161,0.002706,0.17211,0.0001365,1.0814,0.06947,0.05401,0.002507,0.01821,0.001827,0.002607,0.03773,0.02686,0.02447,0.000208,0.002173,7.108,0.011358,0.01332,0.01672,0.15542,0.10276,0.4047,0.07208,0.0664,0.495,0.0227,11.048,0.0741,0.0054743,,0.03526,,0.5617,,0.04024,96798.9
2025-05-07 00:00:00+00:00,0.8061,0.016983,0.005958,0.07648,0.0082465,0.02988,3.89e-05,0.0128,0.07105,0.0012567,0.0508,0.265,0.0545,0.06171,0.001391,0.05421,,0.04981,0.002773,0.17193,0.0001398,1.0224,0.07259,0.05561,0.002518,0.01771,0.001839,0.002832,0.03963,0.02685,0.02373,0.0002084,0.002173,6.919,0.011229,0.01342,0.01644,0.15768,0.11741,0.4586,0.06648,0.0676,0.505,0.02365,10.973,0.0753,0.0053878,,0.03661,,0.5748,,0.03631,96988.4
2025-05-08 00:00:00+00:00,0.9967,0.019894,0.007032,0.09155,0.0111212,0.03356,4.42e-05,0.014392,0.07965,0.0014487,0.06041,0.3233,0.06545,0.06554,0.001638,0.07407,,0.05912,0.003465,0.19807,0.0001675,1.2426,0.09133,0.07078,0.002704,0.02671,0.002179,0.003167,0.07588,0.03174,0.0283,0.0002731,0.002416,8.232,0.014124,0.01613,0.02103,0.22051,0.13735,0.4743,0.0722,0.0787,0.6414,0.03007,12.586,0.0684,0.0059429,,0.04426,,0.6912,,0.0471,103228.1
2025-05-09 00:00:00+00:00,1.0456,0.021685,0.010494,0.09987,0.0123701,0.03314,4.96e-05,0.015045,0.08636,0.0016405,0.07013,0.3556,0.0835,0.06718,0.002054,0.07801,,0.08367,0.003877,0.20521,0.0002077,1.3718,0.16265,0.08723,0.002795,0.0351,0.002653,0.003554,0.13148,0.06022,0.03256,0.0003426,0.002699,9.26,0.014374,0.01973,0.02748,0.38471,0.1593,0.5192,0.07548,0.0896,0.6947,0.03766,14.257,0.0671,0.0059595,,0.0528,,0.749,,0.04797,102941.9
2025-05-10 00:00:00+00:00,1.2593,0.023744,0.010581,0.10979,0.0136887,0.03253,5.44e-05,0.017063,0.10652,0.0018044,0.06255,0.3681,0.09204,0.07019,0.0022,0.09105,,0.07346,0.004277,0.25057,0.0002296,1.4232,0.15631,0.09276,0.00285,0.03296,0.002896,0.003703,0.13682,0.04793,0.03535,0.0003869,0.003001,10.528,0.0151,0.02177,0.02568,0.36078,0.17302,0.5473,0.07804,0.0907,0.814,0.03619,14.936,0.0622,0.006092,,0.05856,,0.9454,,0.04575,104788.8
2025-05-11 00:00:00+00:00,1.1509,0.022216,0.011444,0.10385,0.0136173,0.03128,5.19e-05,0.015899,0.11148,0.0017479,0.06408,0.3515,0.0875,0.06701,0.002178,0.08336,,0.08726,0.003958,0.23172,0.0002232,1.3442,0.20644,0.08834,0.002717,0.03241,0.002842,0.003511,0.22207,0.05191,0.03586,0.0004176,0.002914,10.379,0.014095,0.02199,0.03376,0.41774,0.17469,0.5261,0.07806,0.0892,0.779,0.03983,13.746,0.0615,0.0058504,,0.05979,,0.91,,0.04926,104072.7
2025-05-12 00:00:00+00:00,1.0751,0.022723,0.010654,0.11185,0.0136221,0.03185,5.27e-05,0.015758,0.1015,0.0017397,0.08182,0.3613,0.09199,0.06877,0.002316,0.07862,,0.10253,0.008336,0.2309,0.0002167,1.3815,0.20381,0.10916,0.002636,0.03224,0.002673,0.00393,0.26376,0.05227,0.03825,0.0004406,0.002948,10.676,0.013663,0.02224,0.03918,0.40569,0.17134,0.5708,0.07885,0.1021,0.774,0.04072,13.072,0.0661,0.0056667,,0.05894,,1.1476,,0.05225,102739.3
2025-05-13 00:00:00+00:00,1.1232,0.023453,0.012049,0.11436,0.0144432,0.03495,5.85e-05,0.016355,0.1033,0.0020013,0.08148,0.3806,0.09745,0.06924,0.003023,0.08026,,0.10633,0.0076,0.24068,0.0002347,1.4369,0.21172,0.13637,0.00259,0.03264,0.003061,0.004024,0.31664,0.06641,0.04081,0.0006128,0.003345,12.375,0.014287,0.03388,0.03885,0.44212,0.2095,0.5763,0.0796,0.1119,0.8237,0.0438,13.77,0.0675,0.0058847,,0.06823,,1.175,,0.05818,104082
2025-05-14 00:00:00+00:00,1.0323,0.02236,0.011077,0.1079,0.0139027,0.02989,6.06e-05,0.015725,0.09588,0.0018478,0.07439,0.3411,0.08629,0.06515,0.002671,0.07486,,0.10944,0.006025,0.23267,0.0002246,1.3234,0.19001,0.1295,0.002537,0.02913,0.002794,0.00369,0.25004,0.05809,0.03434,0.0006237,0.003198,11.615,0.014827,0.03474,0.03785,0.39227,0.19148,0.5238,0.07697,0.0988,0.763,0.0382,13.366,0.0626,0.0056178,,0.05611,,1.1316,,0.05723,103458.1
2025-05-15 00:00:00+00:00,1.0422,0.020866,0.009627,0.09983,0.0130186,0.02554,4.91e-05,0.014819,0.088,0.0017127,0.0646,0.3027,0.06979,0.06147,0.002369,0.07013,,0.08792,0.005283,0.21926,0.0001928,1.3035,0.15717,0.10707,0.002321,0.02493,0.002375,0.003362,0.22492,0.04757,0.03191,0.0005186,0.002851,10.202,0.013601,0.026,0.0285,0.34113,0.17358,0.4891,0.07107,0.0901,0.7125,0.03234,12.77,0.0609,0.0051744,,0.04852,,0.9856,,0.04736,103714.5
2025-05-16 00:00:00+00:00,0.9972,0.019507,0.009072,0.09703,0.0125926,0.02306,4.76e-05,0.014558,0.08497,0.0016716,0.06105,0.2895,0.06358,0.05912,0.002191,0.06749,,0.07942,0.005154,0.221,0.0001812,1.1922,0.14311,0.09669,0.002206,0.02508,0.002291,0.003317,0.20277,0.04698,0.02773,0.0004758,0.002782,9.497,0.012927,0.02423,0.02628,0.32008,0.16423,0.4315,0.06969,0.0873,0.6827,0.02942,12.628,0.0589,0.0052679,,0.04453,,1.0038,,0.04541,103412.2
2025-05-17 00:00:00+00:00,0.9811,0.018404,0.008625,0.09024,0.0121608,0.02522,4.47e-05,0.014178,0.08215,0.0015925,0.05807,0.2672,0.05877,0.05849,0.002089,0.06577,,0.07792,0.005232,0.21449,0.0001737,1.2045,0.13242,0.09032,0.002315,0.02342,0.002193,0.003107,0.18702,0.04345,0.02719,0.0004461,0.002634,9.303,0.012026,0.02225,0.0245,0.29944,0.1536,0.4287,0.06813,0.0825,0.6463,0.02793,12.647,0.061,0.0048999,,0.04278,,0.9309,,0.04198,103079.6
2025-05-18 00:00:00+00:00,1.1144,0.02062,0.009651,0.10015,0.0138382,0.02471,4.94e-05,0.015002,0.09128,0.0017459,0.06365,0.3,0.06616,0.06106,0.002343,0.07573,,0.08756,0.005853,0.23296,0.000197,1.3601,0.17628,0.11216,0.002346,0.02521,0.002409,0.00344,0.27419,0.05051,0.03322,0.0006393,0.002947,10.354,0.013103,0.02723,0.02667,0.35547,0.1866,0.4789,0.07247,0.0882,0.7176,0.03298,13.237,0.0609,0.0053142,,0.05123,,1.0691,,0.0497,106407.6
2025-05-19 00:00:00+00:00,1.069,0.019706,0.00916,0.09857,0.013275,0.0241,5.29e-05,0.014584,0.08834,0.0016669,0.0616,0.2821,0.05704,0.06569,0.002232,0.06825,,0.08216,0.005673,0.22437,0.000188,1.2083,0.16484,0.10233,0.002292,0.02317,0.002291,0.003337,0.26064,0.05146,0.03129,0.0005879,0.002823,9.656,0.01294,0.02501,0.02534,0.34296,0.17222,0.435,0.06998,0.0853,0.7039,0.02998,12.855,0.0603,0.0056677,,0.04901,,0.9918,,0.0466,105531.6
2025-05-20 00:00:00+00:00,1.0876,0.020006,0.009179,0.09886,0.0131586,0.02307,5.02e-05,0.0146,0.08746,0.0016848,0.06146,0.2934,0.06051,0.0651,0.002222,0.06726,,0.08534,0.006044,0.22617,0.0001887,1.2987,0.16185,0.10332,0.00236,0.02391,0.002312,0.003341,0.24539,0.0606,0.03083,0.0005298,0.002799,9.833,0.012586,0.02556,0.02516,0.3249,0.16849,0.4534,0.07189,0.0853,0.7388,0.03108,14.447,0.0591,0.0054155,,0.04872,,0.9741,,0.03929,106800.1
2025-05-21 00:00:00+00:00,1.1817,0.020566,0.009713,0.10188,0.0136423,0.02495,5.78e-05,0.014826,0.0891,0.0017389,0.06396,0.3135,0.0695,0.06837,0.002337,0.07146,,0.09395,0.00611,0.23398,0.0001964,1.4041,0.16457,0.10724,0.00235,0.0247,0.002392,0.003517,0.23146,0.06107,0.03244,0.000549,0.002841,10.418,0.013875,0.02608,0.02614,0.35354,0.17333,0.4864,0.07228,0.088,0.7803,0.03317,14.381,0.0595,0.005487,,0.05144,,1.115,,0.04224,109609.5
2025-05-22 00:00:00+00:00,1.3757,0.02305,0.0103,0.11223,0.0155288,0.02625,6e-05,0.015542,0.09222,0.0018542,0.06855,0.3432,0.07035,0.06697,0.002614,0.08025,,0.10856,0.006387,0.24547,0.0002099,1.5553,0.19054,0.11113,0.002346,0.02641,0.002603,0.004091,0.31714,0.05941,0.03652,0.0006103,0.003023,11.264,0.014602,0.02848,0.03202,0.37983,0.19422,0.5409,0.07346,0.0926,0.8991,0.03679,14.717,0.0608,0.0058026,,0.05398,,1.2008,,0.04453,111662.7
2025-05-23 00:00:00+00:00,1.1709,0.020989,0.008753,0.10092,0.0138,0.02255,5.57e-05,0.014294,0.08327,0.0016448,0.05979,0.2988,0.05809,0.06531,0.00226,0.06495,,0.08775,0.005356,0.22505,0.0001831,1.4714,0.14993,0.08902,0.002146,0.0222,0.00226,0.003853,0.25697,0.05761,0.02979,0.0005298,0.002666,10.154,0.012851,0.02397,0.02597,0.3334,0.16836,0.4978,0.06849,0.0885,0.8539,0.03021,12.526,0.0587,0.0050594,,0.04373,,1.1131,,0.03832,107271.5
2025-05-24 00:00:00+00:00,1.1764,0.021214,0.00883,0.09838,0.0137645,0.02314,5.46e-05,0.014372,0.08552,0.001668,0.06115,0.2949,0.05865,0.06707,0.00229,0.06516,,0.08745,0.005439,0.22501,0.0001872,1.4297,0.15271,0.09264,0.002131,0.0227,0.002276,0.0041,0.25697,0.05348,0.02908,0.000511,0.00264,10.571,0.013196,0.02386,0.02701,0.33516,0.16461,0.4842,0.07205,0.0887,0.8838,0.02997,12.917,0.0589,0.0052092,,0.04629,,1.1179,,0.04142,107698.9
2025-05-25 00:00:00+00:00,1.1934,0.020884,0.008815,0.09798,0.0135971,0.02282,5.42e-05,0.014468,0.08643,0.0016931,0.06172,0.3014,0.05766,0.0663,0.002282,0.06797,,0.08775,0.005507,0.22478,0.0001865,1.4582,0.16112,0.09133,0.002181,0.02239,0.00225,0.003998,0.27298,0.05459,0.02931,0.0005612,0.002631,10.303,0.012954,0.02451,0.02626,0.33026,0.16887,0.484,0.0705,0.0875,0.9038,0.0295,12.81,0.0592,0.005239,,0.04653,,1.1034,,0.03984,108955.9
2025-05-26 00:00:00+00:00,1.1611,0.020179,0.008527,0.09797,0.0138432,0.02232,5.3e-05,0.014397,0.08493,0.0016514,0.06041,0.2923,0.0546,0.06827,0.002243,0.06545,,0.08563,0.005611,0.22585,0.0001821,1.3886,0.15064,0.08705,0.002193,0.02275,0.002204,0.003989,0.25683,0.05108,0.02846,0.0005153,0.002615,10.089,0.012501,0.02408,0.02509,0.31714,0.16727,0.4711,0.07053,0.0866,0.8427,0.02912,12.719,0.0596,0.00522,,0.04496,,1.1247,,0.03829,109386.8
2025-05-27 00:00:00+00:00,1.2023,0.020696,0.008746,0.10073,0.0138871,0.02302,5.54e-05,0.01445,0.08625,0.0016749,0.06277,0.3179,0.05927,0.06776,0.002294,0.06849,,0.08632,0.005577,0.22589,0.0001884,1.3619,0.15642,0.09301,0.002094,0.02263,0.002259,0.004044,0.25644,0.05349,0.02821,0.0005339,0.002727,10.743,0.013065,0.02445,0.02576,0.3413,0.1647,0.4681,0.0708,0.088,0.9123,0.03043,12.773,0.0594,0.0053362,,0.04783,,1.1083,,0.04024,108889.3
2025-05-28 00:00:00+00:00,1.1331,0.019952,0.008659,0.1021,0.0139916,0.02327,5.69e-05,0.01432,0.08689,0.0016616,0.06258,0.2997,0.05533,0.0666,0.002299,0.0676,,0.08013,0.005446,0.22086,0.0001925,1.2967,0.15471,0.08759,0.002172,0.0216,0.002279,0.003832,0.25092,0.05063,0.02736,0.0005472,0.002801,10.967,0.01242,0.02448,0.02405,0.33715,0.16079,0.4491,0.06595,0.0851,1.0542,0.02979,12.471,0.0593,0.0052676,,0.04583,,1.1226,,0.0381,107723.1
2025-05-29 00:00:00+00:00,1.1202,0.018799,0.008215,0.09722,0.0134306,0.02315,5.37e-05,0.013878,0.08524,0.0015468,0.05709,0.2749,0.04974,0.06447,0.002159,0.06354,,0.07518,0.005117,0.21477,0.000177,1.2101,0.14524,0.07745,0.002089,0.02071,0.002182,0.003624,0.23206,0.04724,0.02605,0.0005143,0.002715,10.47,0.01156,0.02291,0.02213,0.31502,0.14983,0.4085,0.07193,0.0828,1.1119,0.02754,11.939,0.0586,0.005019,,0.04588,,1.0549,,0.03651,105539.9
2025-05-30 00:00:00+00:00,0.8999,0.016178,0.006857,0.0829,0.0115965,0.01777,4.23e-05,0.012751,0.07276,0.0013385,0.0468,0.2096,0.0407,0.0629,0.001765,0.05208,,0.06665,0.004249,0.19348,0.0001437,1.0556,0.11653,0.06282,0.001952,0.01826,0.001803,0.003067,0.19948,0.03696,0.02059,0.0004059,0.002176,8.176,0.010126,0.01916,0.01872,0.25096,0.12616,0.3491,0.06196,0.0748,0.9827,0.02236,10.822,0.0377,0.0041015,,0.03448,,0.8868,,0.02938,103950
2025-05-31 00:00:00+00:00,0.9236,0.016551,0.007223,0.08497,0.011637,0.02034,4.6e-05,0.012804,0.0762,0.0013932,0.05215,0.2236,0.04034,0.06255,0.001839,0.05277,,0.06831,0.00471,0.19241,0.0001483,1.0734,0.12358,0.06225,0.002038,0.01894,0.001856,0.003229,0.2028,0.03933,0.02249,0.0004502,0.002205,8.558,0.010156,0.0201,0.01925,0.26077,0.13198,0.3641,0.05609,0.0745,0.9983,0.02289,11.235,0.0419,0.0042944,,0.03639,,0.8508,,0.03045,104544.7
2025-06-01 00:00:00+00:00,0.9451,0.01686,0.007365,0.08582,0.0117962,0.0213,4.63e-05,0.01294,0.07725,0.0014232,0.05297,0.2531,0.04249,0.06226,0.001921,0.05462,,0.0712,0.00469,0.19353,0.0001552,1.1486,0.12531,0.06618,0.002029,0.02064,0.001913,0.003324,0.20861,0.04016,0.02281,0.0004555,0.002261,8.794,0.010816,0.02133,0.02008,0.26716,0.13659,0.3745,0.05705,0.0756,1.0237,0.02387,11.378,0.0419,0.0044317,,0.03834,,0.8734,,0.03683,105583.3
2025-06-02 00:00:00+00:00,0.955,0.017473,0.007455,0.08791,0.0123488,0.02158,4.69e-05,0.013192,0.07722,0.0014348,0.05384,0.2451,0.04394,0.0632,0.001949,0.05291,,0.0736,0.004615,0.19498,0.0001562,1.144,0.12973,0.06384,0.002045,0.02316,0.00194,0.003301,0.20597,0.04159,0.02276,0.0004548,0.002278,8.973,0.010878,0.02182,0.01993,0.27003,0.13927,0.3867,0.05753,0.0753,1.1334,0.02369,11.313,0.0433,0.0044156,,0.0386,,0.9475,,0.03258,105814.3
2025-06-03 00:00:00+00:00,0.967,0.016743,0.007433,0.08639,0.0122491,0.02327,4.76e-05,0.013035,0.07551,0.0014324,0.052,0.2355,0.04144,0.05966,0.001953,0.05436,,0.06739,0.004589,0.19302,0.0001598,1.0282,0.12642,0.05988,0.002018,0.0218,0.001971,0.003333,0.20747,0.0423,0.02353,0.0004647,0.002303,8.93,0.010408,0.02184,0.01948,0.27489,0.14033,0.3812,0.05987,0.0759,1.0921,0.02342,11.176,0.0411,0.0043182,,0.03933,,0.9719,,0.03296,105330.1
2025-06-04 00:00:00+00:00,0.8702,0.015702,0.006991,0.08167,0.0118198,0.02167,4.55e-05,0.012802,0.07329,0.0013961,0.05051,0.2103,0.04067,0.05642,0.001841,0.0489,,0.06043,0.004517,0.188,0.0001525,0.9449,0.11926,0.05522,0.001999,0.02124,0.001871,0.003188,0.19358,0.041,0.02193,0.0004299,0.002223,8.703,0.010081,0.02083,0.01782,0.25837,0.13388,0.3474,0.05322,0.0738,1.1377,0.02224,10.788,0.0408,0.0040612,,0.03719,,0.8803,,0.03053,104641.8
2025-06-05 00:00:00+00:00,0.7971,0.014532,0.00638,0.07661,0.010638,0.0196,4.17e-05,0.011999,0.06956,0.001288,0.04647,0.2061,0.0348,0.05452,0.001662,0.0452,,0.05758,0.004013,0.17095,0.0001406,1.0287,0.11014,0.05037,0.002011,0.01983,0.001701,0.002943,0.18063,0.03833,0.01926,0.0004029,0.002045,7.878,0.009285,0.01892,0.01644,0.23377,0.12197,0.3292,0.0496,0.0688,1.0766,0.02103,9.719,0.0403,0.0037336,,0.03335,,0.826,,0.02953,101458.6
2025-06-06 00:00:00+00:00,0.8124,0.014803,0.006507,0.0817,0.0110505,0.02049,4.35e-05,0.012406,0.07174,0.0013178,0.0474,0.2036,0.03557,0.05539,0.001702,0.04684,,0.05739,0.003992,0.17869,0.0001442,0.9665,0.11211,0.05172,0.001998,0.02043,0.001738,0.003022,0.18521,0.03734,0.01973,0.0003933,0.0021,8.065,0.009391,0.01886,0.01658,0.24035,0.12685,0.3343,0.04702,0.0707,1.0759,0.02139,10.105,0.0409,0.0039601,,0.03538,,0.8138,,0.03005,104240
2025-06-07 00:00:00+00:00,0.8821,0.015526,0.006944,0.08347,0.0115017,0.02108,4.48e-05,0.012718,0.074,0.0013611,0.04939,0.2141,0.03734,0.05634,0.001807,0.05443,,0.06212,0.004348,0.18502,0.0001513,1.0049,0.12258,0.05652,0.002011,0.02075,0.001826,0.003151,0.20213,0.04049,0.02268,0.0004224,0.002215,8.505,0.010083,0.02023,0.01803,0.26306,0.13876,0.3493,0.04871,0.0728,1.1626,0.02264,10.377,0.0408,0.0040912,,0.0377,,0.8718,,0.02959,105507.5
2025-06-08 00:00:00+00:00,0.8559,0.015775,0.006865,0.08298,0.0116682,0.02106,4.45e-05,0.012489,0.07378,0.0013544,0.04907,0.2168,0.0383,0.05701,0.001828,0.05051,,0.06156,0.004267,0.18409,0.0001501,1.0377,0.11993,0.05549,0.002002,0.02044,0.001824,0.003121,0.20177,0.03924,0.02254,0.0004179,0.002215,8.407,0.009916,0.02029,0.01794,0.26105,0.13493,0.3566,0.04943,0.0738,1.2555,0.02386,10.399,0.0421,0.0040517,,0.03749,,0.8893,,0.03087,105676.5
2025-06-09 00:00:00+00:00,1.0943,0.017418,0.007595,0.09115,0.012653,0.0234,4.71e-05,0.013105,0.07685,0.0014399,0.05185,0.2523,0.04222,0.05826,0.001978,0.0578,,0.0683,0.00479,0.19482,0.0001613,1.2265,0.13264,0.0628,0.001517,0.02192,0.001939,0.00341,0.2155,0.04327,0.024,0.0004627,0.002368,9.152,0.011012,0.02274,0.02004,0.29333,0.15401,0.4045,0.05712,0.0791,1.4156,0.02532,10.848,0.0429,0.0043913,,0.03993,,1.0275,,0.03314,110227.9
2025-06-10 00:00:00+00:00,1.1195,0.017953,0.00771,0.09669,0.0131177,0.02441,4.81e-05,0.013366,0.07631,0.0014749,0.05316,0.2425,0.04144,0.05936,0.00205,0.05947,,0.06622,0.004848,0.19838,0.0001661,1.3892,0.13753,0.06154,0.001483,0.02178,0.002011,0.003479,0.21334,0.04274,0.02498,0.0005246,0.002462,9.608,0.012313,0.0241,0.02064,0.30084,0.17117,0.4156,0.05494,0.081,1.5893,0.02509,10.968,0.0417,0.0045738,,0.0392,,1.0268,,0.03311,110235.4
2025-06-11 00:00:00+00:00,1.0803,0.016762,0.007105,0.09064,0.0124744,0.02195,4.53e-05,0.012939,0.06873,0.0014054,0.04956,0.2025,0.03563,0.05684,0.001885,0.05486,,0.05744,0.004424,0.19284,0.0001566,1.3574,0.12486,0.05184,0.001099,0.02014,0.001855,0.003262,0.18456,0.03873,0.02209,0.0004885,0.002316,9.192,0.011248,0.02193,0.01823,0.26871,0.15212,0.3809,0.05423,0.0785,1.6142,0.02253,10.7,0.0406,0.0042666,,0.0355,,0.9556,,0.03066,108600
2025-06-12 00:00:00+00:00,0.9828,0.015298,0.006415,0.08249,0.0114989,0.02034,4.13e-05,0.012202,0.06545,0.001302,0.04459,0.1714,0.03107,0.05291,0.001695,0.04917,,0.05249,0.004005,0.18103,0.0001395,1.2227,0.10901,0.04483,0.000979,0.01842,0.00168,0.002969,0.16985,0.03416,0.02006,0.0004176,0.002132,7.931,0.010139,0.01934,0.01629,0.23576,0.14128,0.3388,0.05176,0.07341,1.5792,0.02048,10.115,0.03888,0.0038588,,0.03249,,0.885,,0.02634,105609.5
2025-06-13 00:00:00+00:00,0.9707,0.015007,0.006178,0.07989,0.0112125,0.02327,4.09e-05,0.012098,0.05883,0.0012797,0.04591,0.174,0.03086,0.05346,0.001648,0.04618,,0.05133,0.00401,0.18032,0.0001339,1.2858,0.10565,0.04336,0.000891,0.01998,0.001655,0.002906,0.16413,0.0339,0.01987,0.0004101,0.002084,7.948,0.009889,0.01866,0.01653,0.23,0.1318,0.3213,0.0471,0.07159,1.5521,0.02054,10.209,0.04615,0.003806,,0.03198,,0.8521,,0.02846,106027.3
2025-06-14 00:00:00+00:00,0.8881,0.014722,0.006247,0.07738,0.0109358,0.02383,4.1e-05,0.012033,0.05905,0.0012616,0.04676,0.1714,0.02941,0.0555,0.001609,0.04331,,0.04984,0.003702,0.17817,0.0001318,1.1867,0.10066,0.04129,0.000923,0.01835,0.001653,0.002777,0.15746,0.03341,0.01933,0.000394,0.002086,7.97,0.009585,0.01854,0.01629,0.22491,0.12321,0.3099,0.0471,0.06934,1.4224,0.02008,10.019,0.04568,0.0036889,,0.03097,,0.8324,,0.0279,105359.9
2025-06-15 00:00:00+00:00,0.9006,0.01504,0.006235,0.07799,0.0111056,0.02355,4.09e-05,0.01203,0.0584,0.0012625,0.04665,0.1783,0.03042,0.05732,0.001624,0.04514,,0.05279,0.003675,0.17543,0.0001317,1.2098,0.10193,0.04217,0.000916,0.01841,0.001654,0.002864,0.15558,0.03397,0.01968,0.000397,0.002089,7.91,0.009775,0.01871,0.01659,0.22945,0.1259,0.3219,0.0471,0.07354,1.4896,0.02066,9.962,0.0457,0.003708,,0.03134,,0.8505,,0.02852,105534.6
2025-06-16 00:00:00+00:00,0.94,0.014713,0.006442,0.07734,0.0105875,0.02302,4.07e-05,0.011856,0.05684,0.0012798,0.04573,0.1825,0.03084,0.05745,0.001613,0.04404,,0.05182,0.003858,0.17261,0.0001337,1.1816,0.1039,0.04507,0.000872,0.01846,0.001649,0.002824,0.15485,0.03492,0.01994,0.0004016,0.002087,7.951,0.010059,0.01894,0.01679,0.22818,0.128,0.3135,0.0471,0.07195,1.4743,0.02084,9.646,0.04567,0.003807,,0.03208,,0.8342,,0.02921,106750.1
2025-06-17 00:00:00+00:00,0.8748,0.014079,0.006019,0.07329,0.0101253,0.02288,3.93e-05,0.011601,0.05481,0.0011684,0.04586,0.1625,0.02728,0.05839,0.001532,0.04221,,0.048,0.003556,0.16926,0.0001264,1.0977,0.09613,0.04235,0.000817,0.01729,0.001556,0.002687,0.14589,0.03293,0.01776,0.0003665,0.001979,7.585,0.009223,0.01803,0.01562,0.21926,0.1162,0.2922,0.0471,0.0698,1.296,0.01959,9.517,0.04667,0.0036114,,0.03031,,0.7698,,0.0314,104508
2025-06-18 00:00:00+00:00,0.8952,0.014307,0.006162,0.07493,0.0103354,0.02147,3.84e-05,0.011675,0.05764,0.0011486,0.04301,0.1742,0.02851,0.05822,0.001548,0.04359,,0.04975,0.003546,0.17057,0.0001289,1.122,0.09883,0.04321,0.000801,0.01737,0.00158,0.002713,0.15197,0.03315,0.01856,0.0003813,0.002005,7.594,0.009549,0.01815,0.01589,0.22348,0.11866,0.303,0.0471,0.06964,1.4586,0.01986,9.379,0.04298,0.0037017,,0.02973,,0.791,,0.02872,104832.8
2025-06-19 00:00:00+00:00,0.867,0.014241,0.006113,0.07431,0.0102967,0.02132,3.78e-05,0.011574,0.06223,0.0011285,0.04159,0.1627,0.02785,0.0585,0.001526,0.0425,,0.0491,0.003432,0.17085,0.0001282,1.0359,0.09689,0.0406,0.000803,0.01704,0.001558,0.002662,0.1521,0.03286,0.01863,0.0003847,0.001953,7.521,0.009321,0.01793,0.0154,0.22187,0.11376,0.2921,0.0471,0.06903,1.3169,0.01934,9.356,0.04298,0.0036689,,0.02986,,0.7929,,0.02818,104607.1
2025-06-20 00:00:00+00:00,0.8008,0.013541,0.006002,0.07116,0.0098401,0.0203,3.65e-05,0.011299,0.05827,0.0011092,0.04039,0.1541,0.02579,0.05793,0.001455,0.03951,,0.04603,0.003193,0.16227,0.0001251,0.9306,0.09513,0.03736,0.000766,0.0164,0.001486,0.002581,0.14298,0.03265,0.01697,0.0003723,0.001874,7.231,0.009029,0.01719,0.01475,0.22344,0.10943,0.2837,0.0471,0.06553,1.089,0.01767,9.186,0.04243,0.0034973,,0.02807,,0.7605,,0.0293,103246.1
2025-06-21 00:00:00+00:00,0.7473,0.01277,0.005636,0.06673,0.009269,0.01969,3.48e-05,0.010887,0.05393,0.0010601,0.04068,0.1449,0.02397,0.05499,0.001367,0.0374,,0.04451,0.002896,0.1544,0.0001171,0.906,0.08882,0.0353,0.000719,0.01529,0.001405,0.002438,0.1306,0.02988,0.01561,0.0003314,0.001766,6.706,0.008632,0.01612,0.01387,0.20515,0.1024,0.2708,0.0471,0.06303,1.0342,0.01592,8.969,0.04338,0.0033141,,0.02635,,0.6987,,0.02815,102079.8
2025-06-22 00:00:00+00:00,0.7312,0.012212,0.005461,0.06377,0.0088703,0.01964,3.37e-05,0.010592,0.0522,0.0010429,0.04061,0.1364,0.02288,0.05573,0.001301,0.03581,,0.04251,0.002798,0.15118,0.0001121,0.9287,0.08543,0.03499,0.00067,0.01636,0.001328,0.002311,0.12718,0.0302,0.01495,0.0003367,0.001692,6.584,0.008443,0.0159,0.0146,0.19569,0.09806,0.2584,0.0471,0.06122,1.0503,0.01541,8.728,0.04248,0.0031208,,0.02538,,0.6882,,0.02714,100904.7
2025-06-23 00:00:00+00:00,0.9196,0.01395,0.006312,0.07215,0.0098993,0.02197,3.79e-05,0.011563,0.05596,0.0011443,0.04319,0.1609,0.02728,0.0588,0.001489,0.04315,,0.0504,0.003163,0.16371,0.0001276,1.0435,0.09937,0.04156,0.000743,0.01763,0.001505,0.00263,0.15454,0.03564,0.01737,0.0003801,0.001822,7.372,0.009825,0.0178,0.01607,0.22144,0.11676,0.3009,0.0471,0.0671,1.2161,0.01742,9.283,0.04602,0.003643,,0.02873,,0.8302,,0.02952,105290.9
2025-06-24 00:00:00+00:00,0.9291,0.014201,0.006568,0.07426,0.0100543,0.0221,3.86e-05,0.011699,0.05604,0.0011425,0.04298,0.1585,0.02838,0.05281,0.001516,0.04228,,0.05017,0.003208,0.16564,0.0001292,1.0327,0.09873,0.04697,0.000708,0.01817,0.001566,0.002654,0.14993,0.03619,0.01768,0.0004062,0.001837,7.465,0.009961,0.01803,0.0163,0.22078,0.12205,0.297,0.0471,0.06783,1.3346,0.01762,9.294,0.04625,0.0036832,,0.02964,,0.8689,,0.02939,106034.9
2025-06-25 00:00:00+00:00,0.9372,0.013748,0.006317,0.0712,0.0094577,0.01905,3.72e-05,0.011613,0.05519,0.0011019,0.04135,0.1417,0.02504,0.05648,0.001449,0.0393,,0.04583,0.003017,0.16451,0.0001239,0.9952,0.09148,0.03917,0.000672,0.01722,0.001496,0.002545,0.13843,0.03419,0.01692,0.0003708,0.001774,7.132,0.009666,0.01739,0.01504,0.2052,0.1117,0.2696,0.0471,0.06597,1.2817,0.01607,8.932,0.04197,0.0034893,,0.02764,,0.7943,,0.02774,107280
2025-06-26 00:00:00+00:00,0.8846,0.013116,0.006097,0.06926,0.0091549,0.01887,3.7e-05,0.011197,0.05264,0.0010767,0.03991,0.135,0.02387,0.05648,0.001393,0.03892,,0.0442,0.002934,0.15993,0.0001193,0.9461,0.08858,0.03767,0.000658,0.01681,0.001441,0.002444,0.13544,0.03178,0.01612,0.0003477,0.001685,6.962,0.009179,0.01659,0.01491,0.19674,0.10735,0.2592,0.0471,0.06451,1.1713,0.01522,8.958,0.0418,0.0033926,,0.02714,,0.7554,,0.02784,106913.7
2025-06-27 00:00:00+00:00,0.8781,0.013364,0.006197,0.07045,0.0091707,0.01834,3.69e-05,0.01132,0.05379,0.0011091,0.04089,0.1362,0.02492,0.05671,0.001438,0.03999,,0.04608,0.002935,0.16097,0.0001237,1.0081,0.09103,0.03845,0.000671,0.01691,0.001483,0.002525,0.13816,0.03396,0.01649,0.000355,0.001738,7.06,0.010746,0.01684,0.01501,0.20316,0.11076,0.2725,0.0471,0.06541,1.1508,0.01597,9.006,0.04244,0.0034524,,0.02782,,0.7727,,0.02827,107010.7
2025-06-28 00:00:00+00:00,0.9185,0.014752,0.007483,0.07385,0.0095489,0.01875,3.81e-05,0.011548,0.05438,0.0011523,0.04227,0.1444,0.02699,0.05688,0.001533,0.04213,,0.0509,0.003147,0.16357,0.0001291,1.0961,0.09778,0.04158,0.000687,0.01751,0.001559,0.002728,0.1482,0.03691,0.01781,0.0003671,0.001816,7.23,0.013898,0.01745,0.01562,0.22104,0.12225,0.3044,0.0471,0.06895,1.2733,0.0165,9.111,0.04214,0.0037124,,0.02933,,0.8297,,0.02918,107241
2025-06-29 00:00:00+00:00,1.057,0.015009,0.007896,0.07839,0.0103925,0.01942,3.99e-05,0.011859,0.05613,0.0012086,0.04388,0.1563,0.02893,0.05727,0.001629,0.04499,,0.05445,0.003338,0.16938,0.0001358,1.1536,0.1046,0.04318,0.00071,0.0191,0.001643,0.00278,0.16285,0.03873,0.01877,0.0003969,0.0019,7.841,0.014044,0.01892,0.0167,0.2365,0.12855,0.3148,0.0471,0.07112,1.3364,0.01747,9.237,0.04263,0.0038186,,0.0302,,0.8699,,0.0312,108309.8
2025-06-30 00:00:00+00:00,1.0063,0.01453,0.007642,0.07447,0.009741,0.02051,3.78e-05,0.011419,0.04469,0.001153,0.03969,0.1563,0.02957,0.05887,0.001561,0.04282,,0.05187,0.003148,0.16509,0.0001286,1.1424,0.09811,0.04177,0.000692,0.01832,0.001559,0.002653,0.14741,0.03796,0.01833,0.0003892,0.001828,7.439,0.014716,0.018,0.01657,0.23008,0.12205,0.2978,0.0471,0.07024,1.2034,0.02221,8.887,0.04161,0.003671,,0.02985,,0.8666,,0.03039,107087.4
2025-07-01 00:00:00+00:00,0.9099,0.013663,0.007269,0.07055,0.0092524,0.01835,3.58e-05,0.011186,0.04333,0.0011079,0.03871,0.1376,0.02557,0.05548,0.001435,0.03906,,0.04595,0.002939,0.15769,0.0001205,1.0196,0.09229,0.03726,0.000657,0.01712,0.001457,0.00248,0.13628,0.03534,0.01638,0.0003562,0.001691,7.003,0.014616,0.01684,0.01504,0.21378,0.11224,0.2771,0.0471,0.06647,1.0929,0.01885,8.578,0.04109,0.0033721,,0.02738,,0.7828,,0.02731,105637.9
2025-07-02 00:00:00+00:00,1.0348,0.01573,0.008131,0.07793,0.0100647,0.02002,4.01e-05,0.011798,0.04571,0.001177,0.04127,0.1624,0.03143,0.05711,0.001643,0.04446,,0.05746,0.003357,0.16866,0.0001353,1.1473,0.1095,0.04612,0.000705,0.01902,0.001613,0.002679,0.17503,0.03993,0.01879,0.0004725,0.001897,7.985,0.01549,0.01892,0.01712,0.23997,0.12853,0.3156,0.0471,0.07024,1.235,0.02877,8.826,0.04263,0.0037414,,0.03125,,0.9087,,0.02946,108800
2025-07-03 00:00:00+00:00,1.0498,0.016656,0.007703,0.07927,0.0101227,0.02058,4.05e-05,0.011886,0.04401,0.0012033,0.04161,0.1603,0.02954,0.06121,0.00164,0.04457,,0.05604,0.003493,0.17194,0.0001354,1.2193,0.10545,0.04533,0.000703,0.01883,0.001598,0.002785,0.18722,0.03916,0.01866,0.000452,0.001934,8,0.016809,0.01846,0.01703,0.24085,0.12712,0.3205,0.0471,0.06949,1.2749,0.02857,8.92,0.04221,0.0038358,,0.03076,,0.9224,,0.02844,109545.2
2025-07-04 00:00:00+00:00,0.9614,0.017477,0.006967,0.0743,0.0096386,0.01893,3.66e-05,0.011426,0.04605,0.0011286,0.03916,0.152,0.0276,0.06242,0.001518,0.04207,,0.05375,0.00333,0.16279,0.0001252,1.1768,0.09749,0.04161,0.000665,0.01752,0.001487,0.002644,0.18185,0.03707,0.01719,0.00043,0.001792,7.319,0.016402,0.01732,0.0154,0.22396,0.11887,0.2986,0.0471,0.06547,1.2096,0.0257,8.498,0.04076,0.0036311,,0.02903,,0.8448,,0.02635,107935.4
2025-07-05 00:00:00+00:00,0.9554,0.018938,0.006998,0.07473,0.0096863,0.01892,3.73e-05,0.011457,0.04384,0.0011289,0.03853,0.1528,0.02686,0.06388,0.001509,0.04226,,0.05278,0.003333,0.16413,0.0001252,1.1775,0.09774,0.04205,0.00067,0.01711,0.001488,0.002639,0.18172,0.03711,0.0167,0.0004195,0.00176,7.388,0.016066,0.01729,0.01521,0.22173,0.1215,0.2952,0.0471,0.06526,1.2291,0.02366,8.527,0.04076,0.003598,,0.02878,,0.8462,,0.02625,108153.4
2025-07-06 00:00:00+00:00,1.006,0.022032,0.007081,0.0853,0.0100205,0.01924,3.82e-05,0.011822,0.04525,0.0011695,0.03948,0.1559,0.02692,0.06233,0.001586,0.04418,,0.05666,0.00358,0.17188,0.000129,1.1696,0.09916,0.04307,0.000684,0.01802,0.001552,0.002773,0.18756,0.03861,0.01777,0.0004311,0.001811,7.61,0.015906,0.0181,0.01651,0.22358,0.12575,0.301,0.0471,0.06752,1.2999,0.02356,8.62,0.04063,0.0039962,,0.02916,,0.8769,,0.02699,109145.8
2025-07-07 00:00:00+00:00,0.9652,0.022785,0.00685,0.08188,0.0099023,0.01849,3.78e-05,0.011616,0.04548,0.0011354,0.03853,0.1508,0.02554,0.06084,0.001549,0.0423,,0.05258,0.003483,0.16782,0.0001256,1.1011,0.09718,0.04176,0.000667,0.01816,0.001522,0.002686,0.17819,0.03638,0.01795,0.0004183,0.00179,7.487,0.01453,0.01789,0.01638,0.2128,0.12267,0.2857,0.0471,0.06622,1.2597,0.02224,8.573,0.04112,0.0037727,,0.02851,,0.8417,,0.02622,108203.9
2025-07-08 00:00:00+00:00,1.063,0.022026,0.006888,0.09101,0.0101929,0.01846,3.85e-05,0.01185,0.04653,0.0012022,0.03905,0.1527,0.02513,0.0602,0.001584,0.04357,,0.05678,0.003675,0.17085,0.0001267,1.0579,0.09926,0.04081,0.000665,0.01941,0.001548,0.002728,0.17903,0.03706,0.01869,0.0004154,0.00181,7.613,0.014893,0.01817,0.01677,0.22913,0.126,0.2905,0.0471,0.06741,1.3689,0.02197,8.613,0.0409,0.003848,,0.02906,,0.8479,,0.02654,108873.1
2025-07-09 00:00:00+00:00,1.1978,0.021025,0.007447,0.0917,0.0110531,0.01969,4.59e-05,0.012381,0.0487,0.0012424,0.04044,0.1665,0.02854,0.06256,0.001694,0.04906,,0.06199,0.004078,0.18051,0.0001364,1.1103,0.10478,0.0452,0.000702,0.01995,0.001637,0.002896,0.18833,0.04012,0.02014,0.0004727,0.001975,8.424,0.015375,0.01972,0.01817,0.23617,0.1344,0.325,0.0471,0.07051,1.4989,0.02327,9.051,0.04104,0.0039824,,0.03132,,0.96,,0.03443,111199.9
2025-07-10 00:00:00+00:00,1.4571,0.023775,0.007949,0.10239,0.0124082,0.02103,4.78e-05,0.013343,0.05532,0.0013313,0.04401,0.1916,0.03432,0.06597,0.001911,0.05723,,0.07219,0.004451,0.195,0.0001549,1.3227,0.13376,0.05741,0.000801,0.02197,0.001868,0.003122,0.2109,0.04779,0.02319,0.000512,0.002157,9.82,0.019108,0.02227,0.02001,0.29333,0.15467,0.3769,0.005184,0.07472,1.5983,0.02675,9.798,0.0452,0.0044336,,0.03804,,1.049,,0.03258,115979.2
2025-07-11 00:00:00+00:00,1.6274,0.02246,0.00754,0.09557,0.0123651,0.02052,4.59e-05,0.013305,0.05576,0.00134,0.04356,0.1848,0.03073,0.0655,0.001853,0.0566,,0.06787,0.004172,0.20103,0.0001472,1.2871,0.13326,0.05348,0.000781,0.02135,0.001832,0.003067,0.19188,0.04444,0.02208,0.000504,0.002132,9.561,0.023548,0.02155,0.01864,0.27284,0.14236,0.3614,0.005336,0.079,1.6246,0.02504,9.927,0.04378,0.0042805,,0.03599,,0.96,,0.03192,117500
2025-07-12 00:00:00+00:00,1.734,0.025166,0.007263,0.09764,0.0122435,0.01999,4.4e-05,0.013198,0.05703,0.001311,0.04246,0.1804,0.03178,0.06926,0.001775,0.05505,,0.06602,0.003986,0.19732,0.000142,1.2462,0.12478,0.05177,0.000739,0.01988,0.001771,0.003136,0.18328,0.04274,0.0211,0.0004769,0.002087,9.216,0.0233,0.02089,0.01726,0.27094,0.1407,0.3592,0.006866,0.07735,1.5339,0.02477,9.6,0.04251,0.00414,,0.0342,,0.9555,,0.03192,117389.3
2025-07-13 00:00:00+00:00,1.9025,0.026357,0.007794,0.09671,0.0122934,0.02021,4.42e-05,0.013298,0.05912,0.0013356,0.04266,0.1848,0.03095,0.06783,0.001802,0.05546,,0.06935,0.004239,0.19843,0.0001455,1.2808,0.12598,0.05186,0.000736,0.02205,0.001817,0.003158,0.1824,0.0442,0.02193,0.0004825,0.002121,9.427,0.030011,0.02111,0.01741,0.282,0.141,0.3721,0.005963,0.07807,1.5528,0.02332,9.531,0.04123,0.0044202,,0.03454,,0.995,,0.032,119038.3
2025-07-14 00:00:00+00:00,1.6335,0.026947,0.00755,0.0963,0.0122177,0.02098,4.39e-05,0.013253,0.05645,0.001338,0.04267,0.1831,0.03249,0.06587,0.001786,0.05456,,0.06535,0.004484,0.19736,0.0001444,1.2924,0.12444,0.05179,0.00074,0.02173,0.001799,0.003114,0.192,0.04337,0.02193,0.0004794,0.002112,9.267,0.029894,0.02085,0.01804,0.27097,0.13857,0.3688,0.005722,0.076,1.5088,0.02551,9.427,0.04078,0.0060459,,0.03442,,1.0114,,0.0322,119816.5
2025-07-15 00:00:00+00:00,1.6668,0.02969,0.008244,0.10022,0.012857,0.02153,4.59e-05,0.013744,0.05826,0.0013852,0.04552,0.1926,0.03208,0.06577,0.001899,0.05752,,0.06892,0.004597,0.19916,0.0001533,1.2402,0.12933,0.053,0.000788,0.02285,0.001905,0.003225,0.19768,0.04678,0.02312,0.0005055,0.002231,9.801,0.032346,0.02198,0.01828,0.28577,0.1559,0.3779,0.006777,0.07692,1.6041,0.02432,9.485,0.04274,0.0061988,,0.03681,,1.075,,0.03328,117738.5
2025-07-16 00:00:00+00:00,1.6652,0.038614,0.009919,0.13111,0.0135453,0.02214,4.78e-05,0.014379,0.0591,0.0014987,0.04682,0.1919,0.03287,0.06644,0.002149,0.0617,,0.07192,0.00468,0.2127,0.0001593,1.4382,0.13248,0.05316,0.000819,0.02432,0.002048,0.003647,0.20047,0.04755,0.02499,0.0005465,0.002337,10.01,0.030789,0.02284,0.01818,0.29728,0.16955,0.4124,0.005869,0.0831,1.8047,0.02436,9.86,0.04343,0.005952,,0.03708,,1.0822,,0.03322,118590.7
2025-07-17 00:00:00+00:00,1.6096,0.035196,0.009073,0.13059,0.0133688,0.02253,4.77e-05,0.01447,0.06018,0.0014783,0.04618,0.1883,0.03206,0.06554,0.002312,0.06089,,0.06906,0.004572,0.21826,0.0001578,1.404,0.12903,0.05463,0.0009,0.02313,0.002023,0.003646,0.1944,0.0461,0.02443,0.0005189,0.00233,10.193,0.030199,0.0223,0.0195,0.28984,0.16005,0.3935,0.004929,0.08159,1.7871,0.02409,9.997,0.04263,0.0056534,,0.03658,,1.0665,,0.0326,119176.6
2025-07-18 00:00:00+00:00,1.5248,0.032521,0.008668,0.13458,0.0129888,0.02292,4.94e-05,0.01467,0.06141,0.0014864,0.04536,0.1704,0.03104,0.06535,0.002291,0.0567,,0.06598,0.004313,0.23576,0.0001542,1.3509,0.12521,0.04943,0.000865,0.02482,0.001954,0.003588,0.1866,0.04382,0.02331,0.000543,0.002268,10.317,0.032245,0.02258,0.02105,0.2795,0.15811,0.3744,0.004199,0.08054,1.7596,0.0233,10.002,0.04161,0.0054265,,0.04206,,1.0114,,0.03188,117896.4
2025-07-19 00:00:00+00:00,1.595,0.033094,0.008937,0.13754,0.0134296,0.02313,4.92e-05,0.014888,0.06149,0.0014854,0.04538,0.1717,0.03054,0.06381,0.002212,0.05928,,0.06825,0.004342,0.24136,0.0001569,1.4195,0.13033,0.04846,0.000879,0.02406,0.002016,0.004007,0.1884,0.04445,0.02382,0.000551,0.002333,10.55,0.030883,0.02323,0.01957,0.28462,0.16102,0.3886,0.004126,0.08077,1.809,0.0224,10.155,0.04169,0.0054913,,0.04092,,1.0765,,0.03089,117814.4
2025-07-20 00:00:00+00:00,1.6094,0.032796,0.009206,0.13565,0.0140308,0.02318,5.04e-05,0.015514,0.06549,0.0015449,0.04943,0.1808,0.03081,0.06634,0.002308,0.06178,,0.07703,0.004643,0.27379,0.000163,1.4192,0.13128,0.05257,0.000912,0.02471,0.002082,0.004122,0.19147,0.04661,0.02482,0.0005637,0.002398,11.016,0.030979,0.02448,0.01952,0.30968,0.16394,0.4199,0.004235,0.08511,1.8874,0.02362,10.749,0.04157,0.0054206,,0.04282,,1.2132,,0.03158,117216
2025-07-21 00:00:00+00:00,1.5809,0.034635,0.009605,0.14722,0.0141033,0.02266,5.19e-05,0.015477,0.06775,0.0016123,0.0511,0.204,0.03261,0.06803,0.002459,0.06453,,0.07953,0.004687,0.2714,0.0001667,1.599,0.15046,0.05734,0.000952,0.02497,0.002152,0.004231,0.23706,0.0502,0.02545,0.0005627,0.002436,11.601,0.037195,0.02509,0.02096,0.32666,0.16995,0.4361,0.004143,0.08939,1.9309,0.02705,11.219,0.04267,0.0056882,,0.04529,,1.2396,,0.0335,117330.2
2025-07-22 00:00:00+00:00,1.6219,0.03705,0.00933,0.15119,0.0141721,0.02173,4.99e-05,0.015476,0.06605,0.0015827,0.0514,0.2027,0.033,0.06543,0.002354,0.06634,,0.08384,0.004623,0.27107,0.0001649,1.6684,0.15656,0.05684,0.000952,0.02452,0.002105,0.004206,0.22544,0.04839,0.02534,0.0005479,0.002394,11.369,0.04227,0.02389,0.02164,0.33009,0.16668,0.4823,0.003815,0.09137,1.9897,0.02554,11.158,0.04149,0.0056683,,0.04465,,1.2729,,0.03227,119993.7
2025-07-23 00:00:00+00:00,1.5122,0.034641,0.008248,0.13222,0.0127282,0.01918,4.46e-05,0.013851,0.06013,0.0013851,0.04703,0.1738,0.02802,0.05922,0.002077,0.05759,,0.07364,0.004081,0.24072,0.0001422,1.5214,0.12544,0.04782,0.00084,0.02325,0.001859,0.003664,0.20165,0.04226,0.02174,0.0004789,0.002084,10.041,0.042865,0.0207,0.02017,0.28736,0.14352,0.3915,0.003074,0.08286,1.8588,0.0239,10.129,0.04099,0.0051383,,0.03883,,1.1638,,0.02934,118713.5
2025-07-24 00:00:00+00:00,1.4548,0.033061,0.007793,0.12411,0.0123885,0.0185,4.29e-05,0.01361,0.0585,0.001337,0.04457,0.1517,0.02516,0.06076,0.001984,0.05414,,0.07079,0.003974,0.23208,0.0001366,1.3187,0.11899,0.04229,0.000798,0.02396,0.001768,0.003437,0.198,0.04205,0.02043,0.0004497,0.001985,9.636,0.037615,0.01988,0.01562,0.26779,0.13531,0.3635,0.002651,0.07838,1.7471,0.02113,9.991,0.03923,0.0049665,,0.05625,,1.0305,,0.02852,118294.3
2025-07-25 00:00:00+00:00,1.5182,0.03534,0.008174,0.12957,0.012552,0.01985,4.42e-05,0.014082,0.05992,0.0014152,0.0459,0.1527,0.02477,0.06294,0.002102,0.05613,,0.06957,0.003857,0.23662,0.0001463,1.3684,0.12092,0.04432,0.00084,0.02454,0.001856,0.003611,0.20827,0.04322,0.02125,0.0004661,0.002078,10.105,0.039179,0.02095,0.01647,0.27852,0.14259,0.3843,0.00274,0.07966,1.9374,0.02153,10.119,0.03987,0.0052268,,0.05616,,1.0727,,0.02908,117583.5
2025-07-26 00:00:00+00:00,1.5316,0.034675,0.008071,0.12864,0.0124087,0.01954,4.38e-05,0.013965,0.05903,0.0013923,0.04547,0.1509,0.02433,0.06288,0.002058,0.05635,,0.06853,0.003696,0.23537,0.0001427,1.3253,0.11952,0.044,0.000814,0.02445,0.001828,0.003609,0.20298,0.04223,0.02124,0.0004547,0.002065,10.148,0.041949,0.02094,0.01629,0.27393,0.13756,0.3744,0.002857,0.07887,1.963,0.02135,10.147,0.0406,0.0051571,,0.06609,,1.061,,0.02898,117889.2
2025-07-27 00:00:00+00:00,1.6789,0.033767,0.010022,0.12973,0.0127842,0.02058,4.72e-05,0.014158,0.06189,0.0014919,0.0475,0.1614,0.02697,0.06367,0.002205,0.06005,,0.0731,0.004347,0.24059,0.0001593,1.3437,0.12512,0.04551,0.000852,0.02546,0.001934,0.003693,0.21213,0.04573,0.02212,0.0004738,0.002196,11.675,0.043108,0.02252,0.01695,0.28788,0.14129,0.3835,0.002633,0.08082,2.1465,0.02255,10.315,0.04346,0.0052253,,0.13816,,1.1232,,0.02973,119423.4
2025-07-28 00:00:00+00:00,1.4759,0.03217,0.01113,0.1195,0.0119008,0.01914,4.3e-05,0.013345,0.05712,0.0014131,0.04403,0.1446,0.02342,0.06433,0.002005,0.05486,,0.06477,0.003928,0.22606,0.0001439,1.1574,0.10958,0.04183,0.000794,0.02301,0.001776,0.003406,0.19135,0.0432,0.02103,0.0004323,0.002021,10.723,0.040415,0.02053,0.01561,0.26087,0.13073,0.3453,0.002446,0.07836,2.1404,0.01985,9.723,0.04258,0.0048939,,0.14092,,1.0281,,0.02699,118041.4
2025-07-29 00:00:00+00:00,1.4233,0.028721,0.010445,0.11583,0.0115213,0.01901,4.19e-05,0.013119,0.05737,0.0013697,0.04257,0.143,0.02293,0.06494,0.001944,0.05284,,0.05945,0.00391,0.22381,0.000142,1.0932,0.10865,0.0405,0.000777,0.02313,0.001762,0.003298,0.18338,0.0417,0.01943,0.0004223,0.001992,10.037,0.038017,0.02011,0.01629,0.24893,0.12481,0.3369,0.002809,0.07716,2.0054,0.01908,9.495,0.0437,0.0047451,,0.13344,,0.9844,,0.02808,117897
2025-07-30 00:00:00+00:00,1.433,0.028414,0.010799,0.11187,0.0113369,0.01821,4.1e-05,0.012859,0.05555,0.0013621,0.04143,0.1409,0.02244,0.06512,0.001915,0.05431,,0.05898,0.003815,0.21988,0.0001388,1.0679,0.10453,0.03952,0.000771,0.02312,0.001742,0.003234,0.17871,0.04073,0.01888,0.0004209,0.001964,9.733,0.035436,0.01986,0.01609,0.25596,0.12021,0.3312,0.002759,0.07483,1.8216,0.01927,9.301,0.04104,0.0047437,,0.11523,,0.9668,,0.02712,117771
2025-07-31 00:00:00+00:00,1.2869,0.026089,0.009643,0.10941,0.0107718,0.01763,3.9e-05,0.012436,0.05309,0.0013098,0.03922,0.1275,0.02018,0.06573,0.001808,0.0524,,0.0551,0.003566,0.20966,0.0001373,0.9811,0.0978,0.03702,0.000742,0.02261,0.001976,0.003057,0.1669,0.03687,0.01798,0.0003953,0.001978,9.127,0.033685,0.01883,0.01602,0.2325,0.11733,0.307,0.002508,0.07253,1.6255,0.0189,8.941,0.041,0.004579,,0.1063,,0.9176,,0.02603,115697.3
2025-08-01 00:00:00+00:00,1.2497,0.025528,0.008877,0.10384,0.010381,0.01759,3.68e-05,0.012051,0.05097,0.0012523,0.03802,0.1224,0.01905,0.06242,0.001758,0.04992,,0.05292,0.003486,0.20085,0.0001358,0.9148,0.09464,0.03556,0.000718,0.02385,0.001872,0.002944,0.16136,0.03633,0.01769,0.0003812,0.00207,8.731,0.034212,0.01805,0.01696,0.22462,0.1108,0.2984,0.002564,0.06765,1.5315,0.01927,8.711,0.04091,0.0042911,,0.09748,,0.8768,,0.02642,113244.8
2025-08-02 00:00:00+00:00,1.164,0.024848,0.008457,0.10212,0.0101264,0.01639,3.64e-05,0.011823,0.05048,0.001224,0.03744,0.1166,0.01794,0.06104,0.001707,0.04764,,0.05111,0.003265,0.19093,0.0001316,0.8983,0.09178,0.0341,0.000717,0.02316,0.001847,0.002893,0.15645,0.03477,0.0175,0.0003706,0.00202,8.487,0.033244,0.01769,0.01707,0.21812,0.10563,0.2855,0.002775,0.06583,1.4972,0.01942,8.612,0.0405,0.0041748,,0.06772,,0.8532,,0.02583,112508.8
2025-08-03 00:00:00+00:00,1.1899,0.026076,0.009155,0.10721,0.0104508,0.01722,3.78e-05,0.012191,0.05319,0.0012667,0.0385,0.1202,0.01834,0.06842,0.001778,0.05191,,0.05298,0.003439,0.19866,0.0001372,0.9274,0.09473,0.035,0.000731,0.02331,0.00182,0.002993,0.15942,0.03644,0.0182,0.0003907,0.002184,8.83,0.035294,0.01816,0.01733,0.22369,0.1161,0.295,0.002921,0.06808,1.6059,0.01994,8.812,0.04037,0.0043299,,0.076,,0.8974,,0.02685,114150.8
2025-08-04 00:00:00+00:00,1.2703,0.026602,0.009811,0.11125,0.0107482,0.01807,3.93e-05,0.012511,0.05434,0.001327,0.03975,0.131,0.01908,0.06442,0.001837,0.05534,,0.0555,0.003558,0.21031,0.0001399,1.0277,0.09911,0.03652,0.000753,0.02379,0.001807,0.003081,0.16277,0.03843,0.01898,0.0004029,0.002144,9.391,0.03622,0.01894,0.01688,0.22903,0.11885,0.3139,0.003114,0.0709,1.7155,0.01982,9.046,0.04031,0.0044125,,0.07006,,0.9254,,0.02791,115002.1
2025-08-05 00:00:00+00:00,1.2059,0.024194,0.008984,0.10374,0.0101938,0.01584,3.66e-05,0.012075,0.05095,0.0012528,0.03792,0.1185,0.01763,0.06118,0.001704,0.05199,,0.05098,0.003431,0.19971,0.0001298,0.9834,0.09323,0.03369,0.000701,0.02495,0.001653,0.002952,0.15479,0.03459,0.01775,0.0003742,0.002026,8.863,0.033443,0.0174,0.01652,0.21789,0.10972,0.2936,0.00325,0.0693,1.6377,0.01936,8.682,0.04029,0.0041862,,0.06747,,0.872,,0.02718,114069.6
2025-08-06 00:00:00+00:00,1.2275,0.024486,0.009216,0.1069,0.0105522,0.01594,3.79e-05,0.012328,0.05153,0.0012804,0.03859,0.1242,0.02026,0.0544,0.001752,0.05349,,0.05287,0.003539,0.20519,0.0001346,0.937,0.0965,0.03582,0.0007315,0.02365,0.001683,0.003034,0.16202,0.03452,0.01836,0.0003886,0.002024,9.191,0.035617,0.01791,0.01696,0.22795,0.11539,0.3031,0.003419,0.07281,1.689,0.02035,8.85,0.04551,0.0044089,,0.0713,,0.9033,,0.02821,114941
2025-08-07 00:00:00+00:00,1.2803,0.026012,0.009674,0.11722,0.0111122,0.01717,4.01e-05,0.012873,0.05464,0.0013477,0.04015,0.1337,0.02069,0.05466,0.001858,0.05671,,0.05562,0.003713,0.22216,0.0001436,1.0453,0.10082,0.03756,0.0007494,0.0235,0.001724,0.003233,0.16488,0.03536,0.01955,0.0004113,0.002133,9.825,0.037219,0.01907,0.01745,0.23642,0.12187,0.3266,0.003574,0.07381,1.8203,0.02052,9.241,0.02707,0.0045272,,0.07008,,0.9537,,0.02911,117419.9
2025-08-08 00:00:00+00:00,1.3596,0.026083,0.009592,0.11918,0.0118189,0.01842,4.1e-05,0.013247,0.0571,0.0013701,0.04069,0.1366,0.02044,0.05527,0.001886,0.05885,,0.05628,0.003775,0.23032,0.0001452,1.0531,0.10124,0.0372,0.0007558,0.02406,0.001755,0.003248,0.17513,0.03565,0.02081,0.000408,0.002255,9.798,0.037716,0.01967,0.01724,0.23827,0.12179,0.3246,0.003378,0.07451,1.7822,0.02064,9.393,0.02663,0.0046896,,0.06799,,0.9751,,0.02924,116628.2
2025-08-09 00:00:00+00:00,1.5266,0.027271,0.009961,0.12046,0.0123993,0.01775,4.29e-05,0.013724,0.05642,0.0014164,0.04283,0.1403,0.022,0.05586,0.001979,0.06148,,0.05947,0.0041,0.23989,0.0001517,1.0911,0.10638,0.04092,0.0007921,0.02427,0.001828,0.003366,0.17963,0.03769,0.02278,0.0004268,0.002305,10.488,0.038592,0.02085,0.0179,0.25786,0.12531,0.3372,0.003145,0.07544,1.9427,0.02165,9.518,0.02614,0.0050056,,0.06933,,1.0083,,0.02897,116422.1
2025-08-10 00:00:00+00:00,1.538,0.027644,0.009647,0.11843,0.0120679,0.01768,4.28e-05,0.013567,0.0571,0.0013967,0.0461,0.1502,0.0281,0.05716,0.001977,0.0602,,0.06127,0.003999,0.23377,0.0001509,1.0858,0.10757,0.05326,0.0007856,0.02558,0.001806,0.003385,0.18102,0.0378,0.02499,0.0004346,0.002272,10.381,0.040279,0.02063,0.01994,0.25762,0.12306,0.3429,0.003116,0.07693,1.9423,0.02816,9.269,0.02443,0.0050496,,0.06776,,1.0072,,0.03123,119255.3
2025-08-11 00:00:00+00:00,1.3433,0.024893,0.008942,0.10832,0.0112214,0.01621,3.97e-05,0.012916,0.05351,0.0013088,0.04139,0.1284,0.02313,0.05217,0.001805,0.05427,,0.05367,0.00374,0.22198,0.0001388,0.8812,0.09653,0.04305,0.0007363,0.02375,0.001702,0.00311,0.1673,0.03508,0.02676,0.0003943,0.002126,9.564,0.03636,0.01892,0.01736,0.23695,0.11319,0.3049,0.003437,0.07519,1.7563,0.02539,8.786,0.02953,0.0046493,,0.06959,,0.91,,0.02781,118641.9
2025-08-12 00:00:00+00:00,1.3858,0.025585,0.009372,0.11467,0.0121396,0.01719,4.21e-05,0.013545,0.05586,0.001385,0.04371,0.1391,0.02392,0.05913,0.001989,0.05932,,0.05829,0.004083,0.23571,0.0001467,1.0592,0.10683,0.04411,0.0007854,0.02464,0.001817,0.003325,0.17789,0.03802,0.02807,0.0004302,0.002165,10.192,0.037265,0.02076,0.01743,0.25513,0.12177,0.334,0.004009,0.08125,1.794,0.02517,9.225,0.02797,0.0048987,,0.06898,,0.9893,,0.02895,120081
2025-08-13 00:00:00+00:00,1.4491,0.02746,0.009556,0.11906,0.0122554,0.01799,4.4e-05,0.013921,0.05588,0.0014272,0.04448,0.1426,0.0233,0.06808,0.002131,0.0627,,0.06062,0.004069,0.24478,0.0001501,1.1258,0.10954,0.0444,0.0008207,0.02448,0.001939,0.003426,0.18241,0.03871,0.03009,0.0004455,0.002134,10.603,0.037548,0.02208,0.0177,0.263,0.13196,0.3447,0.003955,0.0836,1.7282,0.02472,9.632,0.02683,0.004981,,0.06831,,1.0331,,0.02909,123323.9
2025-08-14 00:00:00+00:00,1.2388,0.023789,0.008305,0.10459,0.0110419,0.01563,3.91e-05,0.012877,0.05208,0.0013107,0.0397,0.1228,0.01993,0.06873,0.001867,0.05561,,0.05069,0.003654,0.22368,0.0001339,0.9847,0.09592,0.0386,0.0007249,0.02401,0.001879,0.003096,0.16157,0.03328,0.02675,0.0003857,0.001901,8.994,0.033048,0.01914,0.01646,0.22804,0.11404,0.2993,0.003598,0.07802,1.5021,0.02101,9.078,0.02512,0.004367,,0.06059,,0.9174,,0.02751,118242.2
2025-08-15 00:00:00+00:00,1.1664,0.02361,0.008243,0.10421,0.0108007,0.01584,3.88e-05,0.012855,0.05255,0.0012911,0.03974,0.1236,0.01981,0.06404,0.001814,0.054,,0.04805,0.003628,0.22875,0.0001342,0.9304,0.09441,0.03811,0.0007306,0.02448,0.001863,0.003083,0.16154,0.03311,0.02538,0.0003752,0.001919,8.997,0.032365,0.01869,0.01673,0.22617,0.11345,0.2926,0.003482,0.07581,1.4694,0.02004,9.238,0.02587,0.0043581,0.2996,0.06336,,0.8738,,0.02716,117279.2
2025-08-16 00:00:00+00:00,1.1697,0.02421,0.008392,0.10734,0.0110811,0.01869,3.99e-05,0.012977,0.05331,0.0013022,0.0408,0.1249,0.02127,0.06987,0.001883,0.05503,,0.04835,0.003697,0.23103,0.0001387,0.9407,0.09583,0.03879,0.0007432,0.02651,0.002007,0.003118,0.16211,0.03424,0.02643,0.0003883,0.001974,9.309,0.03315,0.01955,0.01673,0.22884,0.11558,0.2966,0.00348,0.07675,1.4624,0.02003,9.106,0.03075,0.0044219,0.3563,0.06288,,0.8847,,0.02761,117329.7
2025-08-17 00:00:00+00:00,1.1656,0.023814,0.008259,0.10618,0.0111143,0.01805,3.99e-05,0.013013,0.05273,0.001307,0.04123,0.1273,0.02106,0.06983,0.001869,0.05617,,0.04819,0.003726,0.23447,0.0001371,0.9635,0.09654,0.03999,0.0007474,0.02652,0.001959,0.003094,0.16111,0.03498,0.02553,0.0003946,0.001925,9.253,0.032824,0.01961,0.01668,0.23092,0.11557,0.2965,0.003641,0.07721,1.52,0.02059,9.233,0.03268,0.0044536,0.3266,0.06429,,0.9123,,0.02785,117353.8
2025-08-18 00:00:00+00:00,1.1053,0.022589,0.007894,0.10284,0.0106815,0.01861,3.82e-05,0.012706,0.05197,0.001267,0.03987,0.1211,0.02021,0.06884,0.0018,0.05202,,0.04501,0.003588,0.22253,0.0001322,0.908,0.09071,0.03759,0.0007178,0.02394,0.002136,0.002959,0.15309,0.03343,0.02633,0.0003705,0.001877,8.901,0.031093,0.01894,0.01661,0.22211,0.11074,0.2798,0.003123,0.07443,1.3972,0.01957,9.069,0.03123,0.0042387,0.2744,0.06679,,0.8679,,0.02731,116183.6
2025-08-19 00:00:00+00:00,1.0166,0.02145,0.007464,0.09817,0.0101991,0.01669,3.59e-05,0.012089,0.05534,0.0011994,0.03809,0.1138,0.0193,0.06355,0.001712,0.04875,,0.04352,0.003396,0.20933,0.0001248,0.8526,0.08719,0.03532,0.0006856,0.0234,0.002085,0.002806,0.14538,0.03099,0.02608,0.0003506,0.001793,8.488,0.029541,0.01789,0.01646,0.20876,0.10411,0.2673,0.002818,0.07182,1.3017,0.01896,8.608,0.02916,0.0040252,0.2689,0.06786,,0.8259,,0.0262,112824.2
2025-08-20 00:00:00+00:00,1.0683,0.022277,0.008036,0.10334,0.0106659,0.01754,3.85e-05,0.012575,0.05528,0.0012585,0.04002,0.1206,0.0205,0.08491,0.001863,0.05215,,0.05068,0.003627,0.2216,0.0001331,0.9175,0.09285,0.03762,0.0007283,0.02414,0.002768,0.002969,0.15162,0.03312,0.02619,0.0003751,0.001879,9.003,0.032076,0.01983,0.01789,0.22255,0.11128,0.2847,0.003135,0.07643,1.3536,0.01985,8.906,0.02984,0.0042311,0.2723,0.0701,,0.8716,,0.02724,114220.5
2025-08-21 00:00:00+00:00,1.0284,0.021421,0.007848,0.09962,0.0103964,0.01724,3.74e-05,0.01237,0.05317,0.001213,0.03921,0.114,0.01935,0.08461,0.00179,0.04935,,0.04535,0.003431,0.21465,0.0001293,0.8686,0.08823,0.03579,0.0007035,0.02791,0.002571,0.002855,0.14503,0.03184,0.0246,0.0003617,0.001839,8.703,0.030452,0.0191,0.01718,0.21309,0.10577,0.2734,0.002812,0.07269,1.2752,0.01847,8.403,0.02745,0.004062,0.2144,0.06075,,0.8499,,0.02457,112462.2
2025-08-22 00:00:00+00:00,1.1807,0.02384,0.008748,0.11087,0.0115868,0.02024,4.18e-05,0.013398,0.05704,0.0013479,0.04374,0.1286,0.02201,0.08424,0.002121,0.05984,,0.04961,0.003894,0.2405,0.0001471,0.9792,0.09825,0.0399,0.0007746,0.02761,0.004096,0.003254,0.16298,0.03487,0.02767,0.0004112,0.002019,10.113,0.036228,0.02161,0.01799,0.23682,0.117,0.2994,0.003211,0.08117,1.505,0.02074,9.005,0.02871,0.0045302,0.2824,0.07853,,0.9338,,0.0269,116897.5
2025-08-23 00:00:00+00:00,1.1482,0.023033,0.008808,0.1066,0.011256,0.01943,4.38e-05,0.013268,0.05562,0.0013311,0.04462,0.1281,0.02166,0.08508,0.002302,0.05774,,0.0492,0.00382,0.23625,0.0001577,0.9528,0.09713,0.03887,0.0007774,0.02296,0.003626,0.003189,0.15808,0.03576,0.026,0.0004017,0.002008,10.018,0.0363,0.02172,0.01799,0.23597,0.11467,0.2941,0.003144,0.08214,1.3959,0.01987,8.911,0.02823,0.0044525,0.2793,0.07136,,0.9054,0.2971,0.02643,115377.1
2025-08-24 00:00:00+00:00,1.0942,0.022337,0.008385,0.10329,0.0108303,0.01912,4.1e-05,0.012966,0.0541,0.0012957,0.04229,0.1252,0.02016,0.08892,0.002162,0.056,,0.04643,0.003699,0.23175,0.0001516,0.9433,0.09228,0.03624,0.000752,0.02262,0.003898,0.00304,0.15176,0.03438,0.025,0.0003843,0.001904,9.527,0.03409,0.021,0.01587,0.2261,0.11172,0.282,0.002917,0.08375,1.3248,0.01924,8.671,0.02775,0.0042955,0.2636,0.06896,,0.8652,0.2225,0.02495,113446.3
2025-08-25 00:00:00+00:00,0.9612,0.019951,0.007519,0.09298,0.009749,0.0187,3.63e-05,0.012022,0.05083,0.001181,0.03793,0.1022,0.01724,0.08604,0.001976,0.04816,,0.04021,0.003305,0.20953,0.000137,0.7822,0.08133,0.03152,0.0006744,0.02223,0.003455,0.002771,0.13666,0.02997,0.02251,0.0003386,0.001755,8.329,0.029916,0.01821,0.01474,0.20209,0.09924,0.2541,0.002631,0.07454,1.1795,0.01717,8.174,0.02563,0.0038651,0.22,0.06262,,0.777,0.2302,0.02266,110064
2025-08-26 00:00:00+00:00,0.9876,0.021203,0.007875,0.09682,0.0100854,0.01976,3.71e-05,0.012538,0.0526,0.0012305,0.03983,0.1055,0.0184,0.08551,0.00196,0.0508,,0.04372,0.003516,0.21833,0.0001434,0.8094,0.08521,0.0336,0.0007127,0.02277,0.003332,0.002894,0.14192,0.03217,0.02365,0.0003575,0.001831,8.641,0.031122,0.01878,0.01526,0.21484,0.10747,0.2686,0.002876,0.07815,1.2275,0.01866,8.442,0.02611,0.0040819,0.2314,0.07545,,0.8117,0.2655,0.0238,111709.9
2025-08-27 00:00:00+00:00,0.967,0.021043,0.007763,0.09616,0.0100251,0.01977,3.69e-05,0.012488,0.05138,0.0012129,0.03969,0.1049,0.01806,0.08368,0.001976,0.04931,,0.0427,0.003404,0.21883,0.0001403,0.8088,0.08478,0.03229,0.0007135,0.02252,0.003103,0.002873,0.13882,0.03169,0.0236,0.000354,0.001807,8.661,0.029998,0.0187,0.01514,0.21102,0.10578,0.266,0.003011,0.08117,1.2272,0.01886,8.41,0.02629,0.0040183,0.216,0.07196,,0.8174,0.2584,0.02329,111194.9
2025-08-28 00:00:00+00:00,0.946,0.02159,0.008001,0.09906,0.0102131,0.02,3.85e-05,0.012669,0.05123,0.0012422,0.04223,0.1138,0.01908,0.09855,0.002109,0.05097,,0.04562,0.003482,0.2243,0.0001432,0.8522,0.0896,0.03487,0.0007346,0.02291,0.002994,0.003017,0.14325,0.03243,0.02446,0.000368,0.001904,9.127,0.03045,0.02012,0.01546,0.22267,0.1098,0.2747,0.003507,0.08575,1.2268,0.01935,8.565,0.02715,0.0041474,0.2205,0.07315,,0.8519,0.2865,0.02406,112507.3
2025-08-29 00:00:00+00:00,0.8715,0.021806,0.007537,0.09318,0.0097737,0.02183,3.63e-05,0.012192,0.04847,0.0011892,0.03964,0.1007,0.01751,0.09025,0.001943,0.04714,,0.04238,0.003239,0.2138,0.0001332,0.7699,0.08253,0.0318,0.0006939,0.02209,0.002893,0.002859,0.13604,0.02962,0.02253,0.0003458,0.001773,8.561,0.029266,0.01857,0.01527,0.20884,0.10292,0.2584,0.003512,0.08045,1.0846,0.01814,8.358,0.02601,0.003862,0.2232,0.06902,,0.7935,0.2679,0.023,108332.4
2025-08-30 00:00:00+00:00,0.8858,0.022414,0.007987,0.09397,0.0098317,0.02113,3.69e-05,0.012332,0.04904,0.0012023,0.04022,0.1034,0.0186,0.09737,0.001952,0.04815,,0.04396,0.003294,0.21585,0.000135,0.786,0.08518,0.03343,0.0007093,0.02227,0.002843,0.002881,0.13817,0.03016,0.0231,0.0003549,0.001788,8.811,0.029764,0.01919,0.01531,0.21347,0.10239,0.2616,0.003448,0.08078,1.1234,0.019,8.365,0.02588,0.0039431,0.2131,0.06922,,0.8061,0.2811,0.02351,108757.9
2025-08-31 00:00:00+00:00,0.8388,0.02224,0.007692,0.0922,0.0096434,0.01885,3.58e-05,0.012173,0.04816,0.0011706,0.0388,0.0986,0.01787,0.09595,0.001902,0.04642,,0.04188,0.003181,0.21359,0.0001302,0.7521,0.08247,0.03207,0.0006896,0.02244,0.002731,0.002797,0.135,0.02924,0.02475,0.0003436,0.001749,8.625,0.028934,0.01863,0.01497,0.2072,0.10433,0.2532,0.003363,0.07927,1.1387,0.01805,8.622,0.02514,0.0038627,0.1999,0.0662,,0.7832,0.3137,0.02056,108208.4
2025-09-01 00:00:00+00:00,0.8137,0.020238,0.00705,0.08861,0.0094565,0.01816,3.38e-05,0.012103,0.04677,0.0011366,0.03443,0.0903,0.01645,0.10139,0.001808,0.04396,,0.03873,0.003064,0.21063,0.0001245,0.7177,0.07638,0.02938,0.000655,0.02215,0.002522,0.002688,0.12606,0.02688,0.02207,0.0003211,0.001731,8.236,0.028481,0.01768,0.0147,0.19366,0.09671,0.2351,0.003413,0.07726,1.0751,0.01745,8.34,0.02362,0.0036223,0.1707,0.06419,,0.7609,0.2333,0.02024,109187.9
2025-09-02 00:00:00+00:00,0.8365,0.020572,0.007196,0.09173,0.0097902,0.02122,3.59e-05,0.012439,0.04798,0.0011714,0.03691,0.0927,0.01822,0.09518,0.001934,0.04587,,0.04168,0.003119,0.21481,0.0001296,0.7945,0.08312,0.0324,0.0006836,0.0223,0.002535,0.002778,0.13285,0.02821,0.0225,0.0003356,0.001803,8.624,0.030923,0.01854,0.01562,0.20683,0.0939,0.2557,0.0039,0.08208,1.1079,0.02033,8.394,0.02371,0.0038086,0.1759,0.06472,,0.8194,0.2271,0.02075,111188
2025-09-03 00:00:00+00:00,0.8491,0.02056,0.007424,0.09281,0.0098742,0.02046,3.64e-05,0.012484,0.0489,0.001187,0.03729,0.0956,0.01823,0.10365,0.001952,0.04609,,0.04296,0.003194,0.22022,0.0001329,0.7937,0.08419,0.0327,0.0006928,0.02284,0.002548,0.002796,0.13425,0.02865,0.02273,0.0003445,0.001881,8.939,0.030601,0.01879,0.01609,0.21028,0.09699,0.2541,0.004065,0.08204,1.1595,0.01995,8.435,0.02413,0.0038713,0.1635,0.0652,,0.8166,0.2171,0.02096,111659.8
2025-09-04 00:00:00+00:00,0.8394,0.019352,0.006845,0.0884,0.0094432,0.01838,3.42e-05,0.012106,0.04748,0.0011417,0.03465,0.0874,0.01718,0.09914,0.001846,0.04344,,0.04009,0.003046,0.2123,0.0001266,0.7479,0.07841,0.03123,0.0006665,0.0218,0.002422,0.002681,0.12698,0.02666,0.02115,0.0003272,0.001812,8.516,0.028477,0.0178,0.01503,0.19745,0.0913,0.2362,0.004277,0.07861,1.0826,0.01903,8.282,0.02297,0.0036764,0.1566,0.06204,,0.7827,0.1863,0.01934,110679.4
2025-09-05 00:00:00+00:00,0.8368,0.020223,0.007174,0.09088,0.0097514,0.02023,3.58e-05,0.012393,0.04858,0.0011778,0.03523,0.0939,0.01842,0.09895,0.001916,0.04547,,0.04419,0.00312,0.21778,0.0001363,0.7487,0.08315,0.03376,0.0006786,0.02225,0.002488,0.002706,0.13181,0.02752,0.0224,0.0003464,0.001929,8.91,0.02914,0.01902,0.02034,0.21304,0.09652,0.244,0.004632,0.0795,1.1362,0.02057,8.36,0.02348,0.0039313,0.1863,0.06441,,0.8181,0.1811,0.01896,110614.9
2025-09-06 00:00:00+00:00,0.8173,0.01991,0.007154,0.08962,0.0096361,0.01977,3.55e-05,0.012269,0.04823,0.0011909,0.03573,0.0931,0.01857,0.09985,0.001904,0.04389,,0.04362,0.003104,0.21583,0.0001343,0.731,0.08216,0.03401,0.0006873,0.02209,0.002519,0.002698,0.13102,0.02811,0.02252,0.0003429,0.001916,8.983,0.028571,0.01887,0.02058,0.20986,0.09561,0.2399,0.004523,0.07841,1.1264,0.02039,8.351,0.024,0.0038533,0.2076,0.06335,,0.8145,0.216,0.01973,110135.3
2025-09-07 00:00:00+00:00,0.8429,0.021017,0.007332,0.09213,0.0098811,0.01984,3.62e-05,0.012469,0.0482,0.0012715,0.03563,0.0956,0.01915,0.10921,0.001938,0.0449,,0.04505,0.003331,0.22868,0.0001363,0.7581,0.08438,0.03714,0.0006916,0.02283,0.002612,0.002772,0.13417,0.02816,0.02276,0.0003507,0.001949,9.196,0.030618,0.01899,0.02099,0.21598,0.09915,0.2488,0.004853,0.08036,1.2936,0.02226,8.483,0.02457,0.0039222,0.222,0.06526,,0.8323,0.2251,0.02182,111076
2025-09-08 00:00:00+00:00,0.9189,0.023251,0.007684,0.09771,0.0103068,0.02023,3.68e-05,0.012878,0.04994,0.001288,0.03744,0.12,0.02051,0.07788,0.002032,0.04875,,0.04871,0.003393,0.24157,0.0001391,0.8198,0.09548,0.04088,0.0007333,0.02304,0.002625,0.002967,0.14304,0.03024,0.02341,0.000374,0.001983,9.32,0.033867,0.01972,0.02005,0.23499,0.10563,0.2635,0.00473,0.08381,1.3245,0.02228,8.615,0.02514,0.0042168,0.2252,0.06874,,0.8696,0.211,0.02183,112012.6
2025-09-09 00:00:00+00:00,0.9074,0.022723,0.007639,0.09622,0.0103114,0.02023,3.93e-05,0.012883,0.05342,0.0012811,0.03779,0.1127,0.01996,0.09032,0.002007,0.0489,,0.04691,0.00326,0.24051,0.0001389,0.8332,0.09544,0.03965,0.0007247,0.02302,0.002568,0.002911,0.14246,0.02969,0.02349,0.0003669,0.001988,9.56,0.033589,0.02007,0.02051,0.23416,0.10065,0.265,0.004771,0.08416,1.396,0.02167,8.676,0.02502,0.004123,0.2081,0.06515,,0.8738,0.2005,0.02096,111499.9
2025-09-10 00:00:00+00:00,0.9042,0.023194,0.007833,0.09738,0.0105262,0.02093,4.16e-05,0.013062,0.05041,0.0013041,0.03851,0.113,0.01951,0.10138,0.002049,0.05058,,0.04616,0.00332,0.24525,0.0001409,0.8775,0.0941,0.04122,0.000738,0.02294,0.002533,0.002957,0.14601,0.03165,0.02399,0.0003652,0.00197,9.451,0.034754,0.02019,0.02063,0.23224,0.10425,0.2722,0.005636,0.08855,1.4357,0.02359,8.82,0.02827,0.0041746,0.2426,0.07022,,0.8946,0.2019,0.02184,113896.8
2025-09-11 00:00:00+00:00,0.9548,0.02445,0.007883,0.10004,0.0106907,0.02158,4.08e-05,0.013254,0.05154,0.0013578,0.03877,0.115,0.01969,0.08558,0.002074,0.05165,,0.04848,0.003375,0.25591,0.0001438,0.895,0.09565,0.04261,0.0007549,0.02371,0.002814,0.003021,0.14818,0.03162,0.02462,0.000379,0.002017,9.787,0.034836,0.02053,0.02003,0.23801,0.1062,0.2783,0.005896,0.09256,1.4649,0.0234,8.824,0.02711,0.0042588,0.2652,0.07049,,0.9097,0.1999,0.02156,115427
2025-09-12 00:00:00+00:00,1.015,0.025666,0.008323,0.1047,0.0115403,0.02228,4.24e-05,0.013911,0.05312,0.001385,0.04175,0.1217,0.02186,0.08463,0.00225,0.0537,,0.05284,0.003642,0.27545,0.0001453,0.9025,0.11339,0.04415,0.0007639,0.02448,0.002744,0.003191,0.18478,0.03303,0.02649,0.0003962,0.001979,10.308,0.036388,0.02181,0.02189,0.25734,0.11537,0.29,0.006221,0.09666,1.4697,0.02636,8.991,0.02996,0.0044706,0.2601,0.081,,0.9504,0.2072,0.0233,115978.4
2025-09-13 00:00:00+00:00,1.0491,0.026078,0.008457,0.10686,0.0119136,0.02206,4.27e-05,0.014281,0.05293,0.0014119,0.0413,0.132,0.02257,0.08357,0.002258,0.05609,,0.05406,0.003631,0.28933,0.0001473,0.952,0.11311,0.04568,0.0007767,0.02429,0.00278,0.003343,0.21728,0.03393,0.02631,0.0003962,0.002005,10.436,0.036487,0.02257,0.02147,0.26241,0.11398,0.2985,0.007483,0.09528,1.4689,0.02542,9.244,0.02917,0.0044717,0.2894,0.0852,,0.9764,0.2256,0.02455,115862.7
2025-09-14 00:00:00+00:00,0.9648,0.02459,0.008027,0.10136,0.0115486,0.02024,4.11e-05,0.01368,0.05097,0.0013557,0.03916,0.1173,0.0207,0.07884,0.00213,0.05217,,0.05056,0.003542,0.27785,0.0001391,0.8701,0.1056,0.04315,0.0007375,0.02219,0.002617,0.00318,0.21206,0.03179,0.02526,0.0003751,0.001908,9.914,0.034696,0.02159,0.02097,0.24872,0.10586,0.2817,0.008017,0.09242,1.352,0.02341,8.738,0.02686,0.0042393,0.2591,0.07692,,0.9283,0.2107,0.02125,115210
2025-09-15 00:00:00+00:00,0.9064,0.023206,0.007656,0.09535,0.0107697,0.02153,3.89e-05,0.013059,0.04973,0.0012985,0.03718,0.1079,0.0201,0.0791,0.001995,0.0522,,0.04652,0.003594,0.26818,0.0001345,0.8281,0.09974,0.03897,0.0007052,0.02108,0.002577,0.003016,0.1797,0.0305,0.02359,0.000352,0.001871,9.458,0.033124,0.02029,0.0201,0.23951,0.10191,0.2656,0.008628,0.08862,1.2981,0.02162,8.525,0.02818,0.0040061,0.2362,0.07286,,0.879,0.2168,0.02125,115300.6
2025-09-16 00:00:00+00:00,0.9057,0.024182,0.008265,0.09791,0.0110719,0.02226,4.09e-05,0.013153,0.05053,0.0013623,0.0399,0.1137,0.02056,0.07814,0.002053,0.04957,,0.04756,0.003603,0.26984,0.0001377,0.8446,0.10068,0.04032,0.0007232,0.02258,0.002659,0.003114,0.19098,0.03661,0.02399,0.0003618,0.001879,9.783,0.033955,0.02076,0.02028,0.24686,0.10382,0.2746,0.007806,0.09512,1.3054,0.02218,8.596,0.04202,0.0041002,0.2284,0.07305,,0.9635,0.2237,0.02172,116747.3
2025-09-17 00:00:00+00:00,1.0184,0.025417,0.00825,0.10177,0.0114055,0.02168,4.22e-05,0.013493,0.05075,0.0013917,0.04158,0.127,0.0233,0.07764,0.002155,0.05345,,0.05125,0.003652,0.28241,0.0001433,0.9273,0.10447,0.04402,0.0007555,0.02259,0.002731,0.003254,0.18681,0.03588,0.02505,0.0003758,0.001916,10.41,0.035953,0.02149,0.02015,0.25974,0.11072,0.2895,0.008185,0.09889,1.465,0.02327,8.696,0.05134,0.0042846,0.2322,0.08386,,0.9624,0.2206,0.0217,116402.5
2025-09-18 00:00:00+00:00,0.9755,0.025262,0.008411,0.10185,0.0114421,0.02318,4.26e-05,0.013397,0.05139,0.0013816,0.04123,0.1261,0.02216,0.07601,0.00215,0.05646,,0.0506,0.003746,0.27838,0.0001424,0.9368,0.10748,0.04256,0.0007722,0.02327,0.002687,0.003283,0.18907,0.03959,0.0251,0.0003735,0.001938,10.508,0.038056,0.02144,0.02011,0.25514,0.11078,0.2885,0.007821,0.10125,1.4278,0.023,8.663,0.04781,0.0043986,0.2518,0.07785,,0.9552,0.2201,0.0212,117017.1
2025-09-19 00:00:00+00:00,0.8805,0.023742,0.008193,0.0959,0.0107502,0.0214,3.96e-05,0.012852,0.0489,0.0013071,0.03875,0.1129,0.01987,0.06417,0.002012,0.0527,,0.04622,0.003517,0.26513,0.0001358,0.791,0.09938,0.0388,0.0007243,0.02274,0.00255,0.003085,0.1771,0.03719,0.02386,0.0003484,0.001841,9.831,0.035612,0.01996,0.01905,0.23904,0.10493,0.2678,0.007161,0.09393,1.2473,0.02144,8.408,0.04669,0.0040822,0.2098,0.07293,,0.8978,0.2235,0.01989,115569.5
2025-09-20 00:00:00+00:00,0.8802,0.023084,0.008847,0.09719,0.010714,0.02153,4.07e-05,0.01291,0.0491,0.001365,0.03956,0.1149,0.02028,0.07413,0.002026,0.05181,,0.04571,0.003523,0.26747,0.0001389,0.7754,0.09687,0.03849,0.0007401,0.0247,0.002641,0.003064,0.17266,0.04262,0.02394,0.0003493,0.001852,10.076,0.035265,0.02029,0.01924,0.23917,0.10568,0.2654,0.006984,0.09653,1.2532,0.02163,8.442,0.04274,0.0040828,0.1892,0.07506,,0.8981,0.2247,0.02022,115624.9
2025-09-21 00:00:00+00:00,0.8472,0.022319,0.008385,0.09436,0.0104061,0.02089,3.93e-05,0.01273,0.04774,0.001323,0.03896,0.1098,0.01954,0.07137,0.001981,0.05012,,0.0444,0.003444,0.2606,0.0001358,0.7087,0.09513,0.03854,0.000719,0.02341,0.002684,0.002978,0.16544,0.04086,0.02348,0.0003427,0.001806,9.809,0.033876,0.01986,0.02006,0.2322,0.10257,0.2569,0.006539,0.093,1.1666,0.02134,8.358,0.03975,0.0039879,0.1816,0.07213,,0.8754,0.2438,0.02005,115183.9
2025-09-22 00:00:00+00:00,0.7357,0.020589,0.007241,0.08524,0.0096583,0.02063,3.46e-05,0.012118,0.04397,0.001194,0.03387,0.0939,0.01714,0.06614,0.001736,0.04346,,0.03922,0.003143,0.24109,0.0001207,0.6257,0.08563,0.03223,0.0006443,0.02171,0.00229,0.002727,0.15109,0.03379,0.0208,0.0002909,0.001633,8.49,0.030854,0.01717,0.02064,0.21522,0.09072,0.2309,0.005708,0.084,1.0893,0.01866,7.675,0.03568,0.0036104,0.1577,0.05714,,0.7953,0.2121,0.02015,112604.7
2025-09-23 00:00:00+00:00,0.6962,0.020297,0.007286,0.08501,0.0095674,0.02481,3.38e-05,0.012088,0.0439,0.0011978,0.03321,0.093,0.0169,0.06459,0.001702,0.04215,,0.03818,0.003046,0.23698,0.0001211,0.6042,0.08421,0.03164,0.0006367,0.02001,0.00235,0.0027,0.14868,0.03263,0.02031,0.0002824,0.001651,8.391,0.029337,0.01688,0.02,0.2123,0.08854,0.2242,0.005834,0.08096,1.0371,0.01825,7.622,0.03423,0.003495,0.1436,0.05908,,0.7822,0.1967,0.01805,111947
2025-09-24 00:00:00+00:00,0.6957,0.020222,0.007291,0.08524,0.0096343,0.02697,3.68e-05,0.012129,0.04345,0.0012028,0.03374,0.093,0.01796,0.065,0.00169,0.04246,,0.0388,0.003014,0.24097,0.000122,0.6171,0.0839,0.03147,0.0006476,0.02014,0.002349,0.002704,0.15225,0.03205,0.02132,0.0002876,0.001621,8.381,0.029897,0.01699,0.02014,0.2136,0.08884,0.2211,0.005633,0.0815,1.0626,0.01849,7.698,0.03409,0.0035607,0.1636,0.05707,,0.7875,0.1976,0.01758,113254
2025-09-25 00:00:00+00:00,0.6251,0.018832,0.006682,0.0797,0.0090678,0.02753,4.03e-05,0.011635,0.04141,0.001132,0.03101,0.0837,0.02045,0.0597,0.001577,0.03841,,0.03542,0.002767,0.22281,0.000116,0.5522,0.07815,0.02917,0.0006002,0.01876,0.00215,0.002484,0.14206,0.02877,0.01925,0.0002632,0.001534,7.723,0.026753,0.01592,0.01986,0.20042,0.07992,0.2091,0.005016,0.07354,0.9428,0.01771,7.406,0.03107,0.0033098,0.1438,0.05353,,0.7295,0.1924,0.01732,108934.5
2025-09-26 00:00:00+00:00,0.6556,0.019647,0.00695,0.08311,0.0093737,0.02709,5.05e-05,0.011912,0.04194,0.0011679,0.03291,0.088,0.02105,0.06119,0.001661,0.03998,,0.03773,0.002883,0.23232,0.0001203,0.5867,0.08067,0.03055,0.0006236,0.01966,0.002393,0.002587,0.15071,0.0301,0.01986,0.0002753,0.001564,8.342,0.028543,0.01666,0.02019,0.20644,0.08587,0.2172,0.005273,0.07778,1.0212,0.0181,7.585,0.03007,0.003443,0.157,0.05475,,0.7534,0.2103,0.01759,109588.5
2025-09-27 00:00:00+00:00,0.6443,0.019091,0.007163,0.08146,0.0092371,0.0296,4.31e-05,0.011799,0.0415,0.0011691,0.03255,0.0864,0.02041,0.0697,0.001628,0.03923,,0.03672,0.00287,0.23067,0.0001206,0.5948,0.08034,0.03076,0.0006213,0.02007,0.002352,0.002577,0.14698,0.03028,0.01954,0.0002689,0.001564,8.217,0.027882,0.01663,0.02005,0.20157,0.08424,0.2152,0.00517,0.07677,0.9579,0.01808,7.561,0.03001,0.0034328,0.1532,0.05318,,0.7358,0.2068,0.01759,109577.3
2025-09-28 00:00:00+00:00,0.6764,0.019561,0.007218,0.08294,0.0094247,0.02729,4e-05,0.012011,0.04307,0.0012066,0.03332,0.09,0.02053,0.06712,0.001668,0.04117,,0.03828,0.002914,0.23722,0.0001224,0.6353,0.08176,0.03161,0.0006384,0.0203,0.002415,0.002639,0.15626,0.03047,0.01981,0.0002737,0.001592,8.162,0.029028,0.0168,0.02014,0.20701,0.08661,0.2249,0.005988,0.07867,1.0024,0.01858,7.652,0.0308,0.0035092,0.1599,0.05592,,0.7452,0.2207,0.01794,112119.6
2025-09-29 00:00:00+00:00,0.6986,0.019379,0.0072,0.08234,0.0093891,0.02679,3.6e-05,0.011962,0.04222,0.0012276,0.03225,0.0859,0.01994,0.0752,0.001616,0.03997,,0.03739,0.002862,0.23469,0.000121,0.627,0.08032,0.03013,0.0006228,0.01934,0.002364,0.0026,0.14781,0.02946,0.01931,0.0002671,0.00154,7.987,0.028119,0.01654,0.02008,0.20247,0.08576,0.2218,0.005753,0.07928,1,0.01798,7.576,0.03033,0.0034814,0.1704,0.05431,,0.7278,0.2017,0.01753,114257.1
2025-09-30 00:00:00+00:00,0.6767,0.019151,0.007059,0.08128,0.0093213,0.02827,3.74e-05,0.011819,0.04141,0.0012181,0.0319,0.0853,0.02066,0.07211,0.001618,0.04054,,0.03748,0.002813,0.23282,0.0001182,0.6198,0.07952,0.03013,0.0006164,0.01937,0.002395,0.002601,0.14653,0.02868,0.01899,0.0002687,0.001533,7.929,0.027887,0.01659,0.02345,0.20113,0.0844,0.2169,0.005945,0.07666,0.9706,0.01826,7.374,0.02881,0.0034819,0.1737,0.06091,,0.7282,0.1961,0.01707,113988.8
2025-10-01 00:00:00+00:00,0.7285,0.020556,0.007469,0.08491,0.0097778,0.02719,3.84e-05,0.012388,0.04192,0.0012559,0.03292,0.092,0.02107,0.0702,0.001698,0.04366,,0.03979,0.002971,0.24894,0.0001238,0.6316,0.08378,0.03222,0.0006517,0.01964,0.002445,0.002769,0.15392,0.03012,0.01999,0.0002814,0.00161,8.164,0.031452,0.01741,0.02128,0.21621,0.08913,0.2318,0.00701,0.08138,1.1168,0.0185,7.583,0.03031,0.0036761,0.185,0.06077,,0.765,0.2058,0.01765,118552.4
2025-10-02 00:00:00+00:00,0.846,0.020821,0.007806,0.08794,0.0102172,0.02725,3.88e-05,0.012637,0.0432,0.0013266,0.03344,0.1,0.02326,0.06757,0.001761,0.04644,,0.04289,0.003059,0.26191,0.0001255,0.6772,0.08927,0.03454,0.0006707,0.01996,0.002595,0.002851,0.16201,0.03423,0.0212,0.0002897,0.001637,8.633,0.031822,0.01811,0.01998,0.22459,0.09311,0.2398,0.007087,0.08603,1.2946,0.01899,7.832,0.0371,0.0038892,0.231,0.06272,,0.788,0.2085,0.01794,120481.3
2025-10-03 00:00:00+00:00,0.862,0.020857,0.008051,0.09758,0.0101141,0.0272,4.08e-05,0.012664,0.04332,0.0013585,0.03412,0.0999,0.02338,0.06653,0.001781,0.04688,,0.04291,0.003,0.25811,0.0001262,0.6681,0.08839,0.03376,0.0006637,0.02058,0.002536,0.002882,0.16356,0.03444,0.02107,0.0002933,0.001634,8.844,0.031899,0.01812,0.02126,0.2233,0.09256,0.2424,0.006886,0.08591,1.4037,0.01924,7.858,0.03364,0.0038231,0.234,0.06634,,0.7865,0.2015,0.01838,122182.7
2025-10-04 00:00:00+00:00,0.871,0.019999,0.007886,0.10379,0.0097556,0.02739,4.05e-05,0.012365,0.04181,0.0013057,0.03288,0.0971,0.02256,0.06692,0.001713,0.04533,,0.04233,0.002903,0.2507,0.0001228,0.6588,0.08631,0.03284,0.0006453,0.01994,0.00243,0.00279,0.16617,0.03302,0.02017,0.0002826,0.001593,8.357,0.030263,0.01755,0.02147,0.21678,0.08976,0.2363,0.006664,0.08282,1.4671,0.01867,7.752,0.03286,0.0037374,0.2356,0.069,,0.7542,0.2008,0.01807,122343.2
2025-10-05 00:00:00+00:00,0.8195,0.019751,0.007809,0.10033,0.0097916,0.02687,3.85e-05,0.01245,0.042,0.0012869,0.03259,0.0964,0.02115,0.06819,0.001696,0.04521,,0.04257,0.002878,0.25268,0.000122,0.676,0.08592,0.03227,0.0006346,0.01976,0.002416,0.002767,0.16348,0.03258,0.01957,0.0002828,0.001592,8.213,0.031493,0.01728,0.02127,0.21526,0.08843,0.2335,0.006413,0.08274,1.574,0.01828,7.779,0.03137,0.0036734,0.2197,0.06529,,0.7623,0.1998,0.01823,123426.7
2025-10-06 00:00:00+00:00,0.8764,0.021748,0.008087,0.1023,0.0102055,0.02677,3.99e-05,0.012854,0.04338,0.0013444,0.03402,0.1013,0.0216,0.06625,0.001779,0.04813,,0.04444,0.003019,0.26601,0.0001259,0.7422,0.08905,0.03385,0.0006557,0.02077,0.002541,0.002861,0.16863,0.03375,0.02029,0.0002954,0.001624,8.802,0.032776,0.01819,0.02154,0.22619,0.09325,0.2483,0.006186,0.08462,1.5862,0.01879,7.957,0.03323,0.0039056,0.287,0.06515,,0.8025,0.1994,0.0187,124628.5
2025-10-07 00:00:00+00:00,0.7849,0.019779,0.008537,0.09809,0.009465,0.02721,3.73e-05,0.012194,0.04166,0.0013248,0.03195,0.0927,0.0198,0.0702,0.001626,0.04306,,0.04065,0.002839,0.24671,0.000117,0.6444,0.0825,0.03107,0.0006221,0.02528,0.002385,0.002644,0.15648,0.03772,0.01886,0.0002662,0.001548,7.966,0.030376,0.01679,0.02044,0.20945,0.08788,0.2285,0.006433,0.07946,1.4271,0.0179,7.512,0.03826,0.0035562,0.3192,0.0614,,0.7355,0.1821,0.01847,121286.5
2025-10-08 00:00:00+00:00,0.7769,0.020163,0.008769,0.09968,0.0095638,0.02615,3.84e-05,0.012327,0.04175,0.0013417,0.03412,0.0986,0.02241,0.06943,0.001725,0.04593,,0.04413,0.002889,0.25557,0.0001214,0.6822,0.08619,0.03264,0.000639,0.02762,0.002507,0.002747,0.16101,0.04023,0.01903,0.0002908,0.001623,8.25,0.032488,0.01773,0.02099,0.21417,0.09047,0.2413,0.006163,0.08286,1.5485,0.01847,7.727,0.03925,0.0037072,0.3497,0.066,,0.7448,0.1862,0.01983,123237.5
2025-10-09 00:00:00+00:00,0.712,0.018923,0.008095,0.09303,0.0092519,0.02504,3.69e-05,0.012012,0.04044,0.001273,0.03223,0.0869,0.02133,0.07058,0.001625,0.0424,,0.04023,0.002722,0.24843,0.0001167,0.6378,0.08187,0.03099,0.0006213,0.02545,0.002389,0.002605,0.15172,0.0347,0.01811,0.0002669,0.001558,7.9,0.030129,0.01655,0.02038,0.2035,0.08455,0.2234,0.00553,0.0793,1.4646,0.0174,7.528,0.03245,0.0035035,0.3668,0.05957,,0.7058,0.1794,0.0177,121579.3
2025-10-10 00:00:00+00:00,0.4605,0.012937,0.005666,0.06686,0.0066637,0.01311,2.48e-05,0.00972,0.02993,0.0009742,0.02052,0.0476,0.0114,0.06838,0.001,0.02999,,0.02546,0.002031,0.19312,7.14e-05,0.3704,0.05278,0.01936,0.0004063,0.01717,0.001543,0.001939,0.10852,0.02272,0.01066,0.0001665,0.000914,5.287,0.023706,0.0114,0.01004,0.13365,0.06195,0.1506,0.004023,0.06502,1.1057,0.01096,5.356,0.02013,0.0024032,0.2676,0.03786,,0.4646,0.1246,0.0113,112714.9
2025-10-11 00:00:00+00:00,0.4436,0.013502,0.005567,0.06651,0.0067198,0.01386,2.42e-05,0.009943,0.03168,0.0010195,0.02062,0.0519,0.01192,0.05314,0.00101,0.02989,,0.02568,0.001935,0.18516,6.93e-05,0.3451,0.05458,0.02141,0.0004163,0.01798,0.001609,0.001915,0.10552,0.02309,0.01274,0.0001733,0.000888,4.938,0.021691,0.01142,0.01402,0.13633,0.06013,0.1489,0.003761,0.06254,1.0473,0.01218,5.855,0.02118,0.0024386,0.2194,0.03798,,0.4796,0.1224,0.04118,110579.1
2025-10-12 00:00:00+00:00,0.5235,0.015439,0.006559,0.07391,0.0074821,0.02647,2.78e-05,0.010686,0.03569,0.0011418,0.02316,0.0622,0.01233,0.05774,0.001185,0.03403,,0.03,0.002219,0.20704,7.75e-05,0.4542,0.0611,0.02487,0.0004617,0.01938,0.00182,0.00212,0.12548,0.0287,0.0149,0.0001979,0.00096,5.536,0.025671,0.0131,0.01395,0.14968,0.06743,0.1652,0.004321,0.07053,1.3416,0.01335,6.19,0.02487,0.0027805,0.3295,0.05956,,0.5517,0.141,0.03221,114894.4
2025-10-13 00:00:00+00:00,0.5328,0.01672,0.006589,0.07787,0.0078384,0.02838,2.85e-05,0.011105,0.03617,0.001156,0.02512,0.0696,0.01346,0.0606,0.001265,0.03475,,0.03109,0.002278,0.2137,8.02e-05,0.4676,0.06306,0.02754,0.0004949,0.01952,0.001878,0.002235,0.12664,0.02887,0.01629,0.000215,0.000984,6.028,0.026356,0.01378,0.01478,0.16084,0.07113,0.175,0.004334,0.07484,1.3415,0.01395,6.545,0.02504,0.0030228,0.4159,0.05797,,0.6047,0.1521,0.04441,115111.9
2025-10-14 00:00:00+00:00,0.5064,0.016253,0.006209,0.07467,0.007515,0.02819,2.71e-05,0.010736,0.03465,0.0010879,0.02456,0.066,0.01249,0.06029,0.001199,0.0325,,0.02989,0.002185,0.20426,7.64e-05,0.4215,0.05918,0.02507,0.0004737,0.01856,0.001795,0.002128,0.12306,0.02785,0.01476,0.0002044,0.000947,5.659,0.024522,0.01327,0.01416,0.15183,0.06747,0.1685,0.004095,0.07015,1.2055,0.0134,6.286,0.02388,0.002834,0.4167,0.05485,,0.5822,0.144,0.04033,112983.8
2025-10-15 00:00:00+00:00,0.4757,0.015119,0.005914,0.07059,0.0071769,0.02718,2.56e-05,0.010321,0.03394,0.0010374,0.02335,0.0623,0.01217,0.05535,0.00111,0.02989,,0.02781,0.002075,0.19611,7.44e-05,0.3963,0.05513,0.02259,0.0004427,0.01794,0.001707,0.00201,0.1188,0.02615,0.01428,0.0001904,0.000889,5.34,0.023181,0.01266,0.01369,0.14195,0.06601,0.1582,0.003829,0.06618,1.1285,0.01472,6.057,0.0227,0.0026598,0.3608,0.05175,,0.5418,0.1385,0.03674,110699
2025-10-16 00:00:00+00:00,0.4457,0.014348,0.005663,0.06736,0.0068676,0.02738,2.45e-05,0.009998,0.0325,0.0010278,0.02218,0.0584,0.01144,0.05355,0.001082,0.02837,,0.02756,0.001984,0.18838,7.02e-05,0.3785,0.05305,0.02154,0.0004191,0.01767,0.001654,0.001915,0.11325,0.02493,0.01363,0.0001838,0.000853,5.114,0.022053,0.01218,0.014,0.13521,0.06262,0.1515,0.003465,0.06073,1.0526,0.01371,5.941,0.02187,0.0025453,0.3187,0.04636,,0.5235,0.1354,0.04062,108129.4
2025-10-17 00:00:00+00:00,0.4344,0.014083,0.005377,0.06508,0.0066478,0.02944,2.36e-05,0.009745,0.03215,0.0009815,0.0217,0.0568,0.01157,0.05548,0.001041,0.02621,,0.02596,0.001954,0.18463,6.83e-05,0.3637,0.05201,0.02088,0.0004041,0.01786,0.00164,0.001845,0.10736,0.02419,0.0131,0.0001768,0.000834,4.961,0.021175,0.01173,0.01447,0.1319,0.05968,0.1449,0.003524,0.05943,0.9831,0.01381,5.753,0.02108,0.0024547,0.3095,0.04598,,0.506,0.1296,0.03924,106378.6
2025-10-18 00:00:00+00:00,0.4527,0.014252,0.005525,0.06484,0.0067432,0.03023,2.38e-05,0.009914,0.03295,0.0009916,0.02223,0.0566,0.01352,0.0592,0.001059,0.02618,,0.0265,0.001986,0.18951,7e-05,0.367,0.05279,0.02147,0.000412,0.0204,0.001661,0.001877,0.10838,0.02468,0.01351,0.0001806,0.000844,5.032,0.021449,0.0121,0.01968,0.13597,0.06206,0.1486,0.003965,0.072,0.9557,0.01503,5.872,0.02148,0.0024957,0.3086,0.04581,,0.5156,0.1305,0.03604,107117.5
2025-10-19 00:00:00+00:00,0.4673,0.014619,0.005598,0.06685,0.0069907,0.02989,2.4e-05,0.01007,0.03348,0.001009,0.02246,0.0584,0.01341,0.05842,0.001086,0.02688,,0.02696,0.002012,0.19526,7.32e-05,0.3741,0.05378,0.02116,0.0004271,0.01981,0.001704,0.001925,0.11217,0.02473,0.01425,0.0001896,0.000843,5.198,0.022234,0.01237,0.01574,0.13991,0.06396,0.1537,0.003917,0.06834,1.0179,0.01461,5.95,0.02148,0.0025337,0.2963,0.04591,,0.5312,0.1313,0.04283,108586.2
2025-10-20 00:00:00+00:00,0.4734,0.014931,0.005683,0.07967,0.0071512,0.02825,2.46e-05,0.01018,0.0334,0.0010473,0.02283,0.058,0.01336,0.07073,0.001109,0.02712,,0.02696,0.002046,0.19991,7.22e-05,0.3725,0.05369,0.02094,0.0004283,0.01985,0.001741,0.001942,0.11486,0.02484,0.01429,0.0001954,0.000857,5.284,0.022397,0.01265,0.0154,0.13968,0.0656,0.1567,0.003872,0.07059,1.0303,0.01401,5.975,0.02128,0.0026089,0.3425,0.04651,,0.541,0.132,0.04004,110469.9
2025-10-21 00:00:00+00:00,0.4486,0.014373,0.005398,0.07343,0.0069132,0.02685,2.34e-05,0.010053,0.03315,0.0009962,0.02154,0.0567,0.01303,0.06876,0.001057,0.02589,,0.02589,0.001965,0.19418,6.11e-05,0.3649,0.0516,0.01973,0.0004132,0.01884,0.001637,0.001859,0.11052,0.0232,0.01375,0.0001864,0.000796,5.106,0.021272,0.01213,0.01454,0.13435,0.06229,0.1469,0.003696,0.07059,0.9888,0.01364,5.865,0.01999,0.0024085,0.3138,0.0454,,0.5266,0.126,0.0306,108253.7
2025-10-22 00:00:00+00:00,0.4312,0.013828,0.005251,0.07082,0.0067142,0.02788,2.22e-05,0.009853,0.03276,0.0009901,0.0207,0.0539,0.01199,0.06689,0.00101,0.02441,,0.02498,0.001887,0.18982,5.91e-05,0.3287,0.05002,0.01864,0.0004001,0.0184,0.001583,0.00176,0.10711,0.02271,0.01338,0.0001769,0.000803,4.928,0.01993,0.01182,0.01486,0.12975,0.05881,0.1425,0.003457,0.07059,0.8936,0.01375,5.709,0.01932,0.0023024,0.2771,0.04436,,0.4909,0.1222,0.03059,107532
2025-10-23 00:00:00+00:00,0.4381,0.014527,0.00544,0.07308,0.0069474,0.02895,2.39e-05,0.010097,0.03324,0.0010182,0.02137,0.0573,0.01354,0.06624,0.001063,0.02582,,0.02598,0.00193,0.19484,6e-05,0.3604,0.05242,0.0191,0.0004148,0.01889,0.001642,0.001853,0.11098,0.02432,0.01375,0.0001867,0.000825,5.16,0.020458,0.01221,0.02156,0.13554,0.06104,0.1507,0.003808,0.07059,0.9758,0.01532,5.856,0.02005,0.0023362,0.2889,0.04614,,0.5254,0.1419,0.03282,110025.9
2025-10-24 00:00:00+00:00,0.4631,0.014877,0.005507,0.07431,0.0071701,0.03008,2.42e-05,0.010234,0.03369,0.0010078,0.02184,0.0617,0.01316,0.06421,0.001082,0.02763,,0.02691,0.002006,0.19766,5.92e-05,0.3822,0.05432,0.01953,0.0004217,0.01924,0.001696,0.001888,0.11391,0.02452,0.01419,0.0001981,0.000828,5.257,0.021156,0.01253,0.02513,0.13771,0.06474,0.1559,0.00416,0.07059,1.0411,0.0164,5.957,0.02021,0.00241,0.2927,0.04681,,0.5451,0.1361,0.03523,110965.4
2025-10-25 00:00:00+00:00,0.4639,0.014869,0.005541,0.07324,0.0071514,0.03084,2.42e-05,0.010194,0.03375,0.001009,0.02397,0.0738,0.01562,0.06501,0.001087,0.02773,,0.0272,0.002161,0.1964,5.91e-05,0.3883,0.05625,0.02163,0.0004183,0.0199,0.001674,0.001904,0.11616,0.02426,0.01443,0.0001966,0.00083,5.292,0.021359,0.01247,0.03658,0.13791,0.0651,0.1556,0.004138,0.07059,1.0464,0.01846,5.988,0.02008,0.0024329,0.2887,0.04717,,0.5469,0.1377,0.0371,111589.4
2025-10-26 00:00:00+00:00,0.4817,0.015339,0.005734,0.07537,0.0073208,0.0331,2.58e-05,0.01056,0.03457,0.0010463,0.02376,0.0712,0.01459,0.06674,0.001131,0.03054,,0.02811,0.002134,0.2057,5.98e-05,0.4134,0.05768,0.02107,0.000433,0.01991,0.001728,0.001987,0.12086,0.02449,0.01515,0.0002027,0.000852,5.481,0.022309,0.01303,0.01895,0.14298,0.06718,0.1639,0.004789,0.07059,1.124,0.01749,6.272,0.02035,0.0025655,0.3119,0.04799,,0.5678,0.1505,0.0365,114497.8
2025-10-27 00:00:00+00:00,0.4543,0.01483,0.005509,0.07309,0.0071275,0.03214,2.46e-05,0.010381,0.03338,0.0010184,0.02292,0.06508,0.01454,0.07202,0.001087,0.03035,,0.02891,0.002087,0.2003,5.83e-05,0.4028,0.05552,0.02017,0.0004223,0.01912,0.001654,0.001933,0.11849,0.0233,0.01887,0.0001954,0.000818,5.308,0.021381,0.01252,0.01794,0.13816,0.06377,0.1564,0.004779,0.07059,1.0525,0.01624,7.132,0.01904,0.0025181,0.2874,0.04553,,0.5521,0.1476,0.03354,114064.1
2025-10-28 00:00:00+00:00,0.4447,0.014339,0.005264,0.07099,0.0069828,0.0324,2.31e-05,0.010102,0.03235,0.000991,0.02168,0.06541,0.01364,0.07197,0.001047,0.0292,,0.02694,0.002044,0.19351,5.63e-05,0.3672,0.05307,0.01972,0.0004083,0.01867,0.001585,0.001864,0.11291,0.02233,0.01837,0.0001899,0.000784,5.111,0.020537,0.01174,0.01808,0.13253,0.06169,0.1496,0.004619,0.07059,1.0148,0.01529,7.17,0.01937,0.0023853,0.2816,0.04492,,0.5324,0.1378,0.03377,112833.5
2025-10-29 00:00:00+00:00,0.4485,0.014495,0.005371,0.07233,0.0070231,0.03181,2.34e-05,0.010151,0.03257,0.0010068,0.022,0.06553,0.01307,0.07091,0.001054,0.02916,,0.02855,0.002008,0.19228,5.6e-05,0.4007,0.05313,0.0204,0.0004092,0.01791,0.00161,0.001858,0.11438,0.02194,0.01909,0.0001903,0.000799,5.154,0.021141,0.0121,0.01885,0.13598,0.06304,0.1567,0.005223,0.07059,1.0197,0.01496,8.261,0.01881,0.0023929,0.2923,0.0453,,0.5376,0.1448,0.0343,109985.6
2025-10-30 00:00:00+00:00,0.3935,0.013111,0.005009,0.06638,0.0064357,0.03121,2.15e-05,0.00972,0.03111,0.0009542,0.01956,0.05783,0.01301,0.06847,0.000949,0.0261,,0.02471,0.001844,0.18256,5.14e-05,0.3333,0.0479,0.0179,0.0003772,0.01779,0.001493,0.001725,0.10347,0.01967,0.01698,0.0001717,0.000725,4.542,0.018562,0.01095,0.02671,0.12126,0.05571,0.1387,0.004411,0.07059,0.8919,0.01348,7.518,0.01726,0.0021846,0.2494,0.04188,,0.4927,0.1369,0.03662,108263.5
2025-10-31 00:00:00+00:00,0.3995,0.013958,0.005012,0.06987,0.0065611,0.03396,2.21e-05,0.01002,0.03326,0.0009649,0.02014,0.0749,0.01616,0.07067,0.000976,0.0269,,0.02635,0.001877,0.18635,5.2e-05,0.3195,0.05042,0.01933,0.0003827,0.01787,0.001535,0.001766,0.1037,0.01996,0.01769,0.0001771,0.000769,4.637,0.018108,0.01114,0.03792,0.12486,0.05667,0.1404,0.004612,0.07059,0.8471,0.01579,8,0.01795,0.0021507,0.2304,0.04319,,0.5145,0.1371,0.04586,109557.3
2025-11-01 00:00:00+00:00,0.5454,0.014225,0.005174,0.07057,0.0066919,0.03422,2.29e-05,0.010191,0.03342,0.0009793,0.0212,0.09278,0.01757,0.06927,0.001011,0.0282,,0.02788,0.001939,0.18726,5.32e-05,0.3395,0.05353,0.0213,0.0004051,0.01847,0.001568,0.001801,0.10494,0.02038,0.01745,0.0001876,0.0007946,4.958,0.018155,0.01176,0.03862,0.1302,0.05839,0.153,0.004658,0.07059,0.9034,0.01672,7.742,0.0181,0.0022786,0.2317,0.0446,,0.535,0.1386,0.04315,110047.2
2025-11-02 00:00:00+00:00,0.4392,0.014301,0.005089,0.06985,0.0066978,0.03612,2.28e-05,0.010167,0.03333,0.0009598,0.02081,0.08123,0.01922,0.06406,0.001,0.02728,,0.02711,0.001905,0.18629,5.33e-05,0.3388,0.05354,0.02096,0.0004068,0.01845,0.001542,0.001774,0.10442,0.01999,0.01746,0.0001889,0.0008004,4.864,0.017773,0.01171,0.03282,0.12828,0.0588,0.152,0.004353,0.07059,0.8746,0.01731,7.543,0.01776,0.0021986,0.2238,0.04413,,0.5438,0.1349,0.04248,110494.9
2025-11-03 00:00:00+00:00,0.3845,0.011933,0.004289,0.06028,0.0057161,0.03458,1.94e-05,0.009183,0.03007,0.0008484,0.01702,0.06887,0.02366,0.0644,0.000847,0.02263,,0.02295,0.001652,0.1673,4.48e-05,0.2639,0.04516,0.01748,0.0003403,0.01624,0.001382,0.00153,0.08822,0.01669,0.01523,0.0001532,0.0006565,4.054,0.015482,0.01001,0.03199,0.1085,0.0499,0.1241,0.003872,0.07059,0.7286,0.01467,7.27,0.01538,0.0018829,0.1841,0.03952,,0.4402,0.1157,0.04651,106544
2025-11-04 00:00:00+00:00,0.3173,0.01147,0.004112,0.05737,0.0055952,0.03505,1.96e-05,0.008842,0.03016,0.0008016,0.01636,0.05711,0.02564,0.06161,0.000809,0.02123,,0.02198,0.001553,0.16217,4.55e-05,0.2567,0.04377,0.01665,0.0003998,0.0165,0.001338,0.001433,0.08546,0.01707,0.01443,0.0001459,0.0006601,3.983,0.014357,0.00984,0.03113,0.10561,0.04598,0.123,0.003751,0.07059,0.642,0.01457,6.944,0.01571,0.0017835,0.1538,0.03945,,0.4022,0.1135,0.04946,101450.3
2025-11-05 00:00:00+00:00,0.3825,0.012259,0.004259,0.06004,0.005757,0.04146,2.12e-05,0.009154,0.0306,0.000828,0.01767,0.0648,0.02645,0.06071,0.00083,0.02248,,0.02291,0.00163,0.16709,4.64e-05,0.2725,0.04515,0.01752,0.000347,0.0165,0.001428,0.001481,0.08919,0.01833,0.01452,0.0001579,0.0006677,4.136,0.015305,0.01004,0.03164,0.11259,0.04946,0.1292,0.004149,0.07059,0.6936,0.01961,8.078,0.01856,0.0019132,0.1755,0.04,,0.4367,0.1235,0.04697,103837
2025-11-06 00:00:00+00:00,0.363,0.011978,0.004128,0.05852,0.0055398,0.03989,2.04e-05,0.009019,0.03014,0.0007998,0.01758,0.06168,0.02267,0.05876,0.000816,0.02143,,0.02123,0.001577,0.16155,4.62e-05,0.2594,0.04301,0.01685,0.0003134,0.01625,0.001421,0.001433,0.08605,0.01754,0.01409,0.0001506,0.0006517,4.062,0.014458,0.01004,0.03226,0.10706,0.04825,0.1284,0.003699,0.07059,0.6377,0.01806,7.601,0.01753,0.0018369,0.1459,0.03955,,0.4252,0.1149,0.04534,101305.6
2025-11-07 00:00:00+00:00,0.3923,0.013332,0.004726,0.06514,0.0061943,0.04122,2.61e-05,0.010023,0.03217,0.0008993,0.01984,0.06168,0.0252,0.05801,0.000967,0.02389,,0.02333,0.001717,0.17873,5.45e-05,0.2995,0.05014,0.0187,0.0003346,0.01812,0.001707,0.001594,0.09708,0.01983,0.01553,0.0001783,0.0008338,5.544,0.015732,0.01369,0.03826,0.12224,0.05752,0.1466,0.004182,0.07059,0.7206,0.01717,7.729,0.01904,0.0021304,0.1809,0.044,,0.4802,0.1253,0.04667,103305.2
2025-11-08 00:00:00+00:00,0.3624,0.012922,0.004602,0.06245,0.0060864,0.03735,2.33e-05,0.009955,0.03163,0.0008816,0.01951,0.06168,0.02944,0.05667,0.000937,0.02249,,0.02264,0.00167,0.17597,5.35e-05,0.2943,0.04818,0.01787,0.0003337,0.0175,0.00164,0.001581,0.09214,0.01934,0.01504,0.0001695,0.0007872,5.299,0.014799,0.01238,0.03584,0.11821,0.054,0.1441,0.003774,0.07059,0.6668,0.01554,7.497,0.01848,0.0021496,0.165,0.04299,,0.475,0.1246,0.04436,102269.3
2025-11-09 00:00:00+00:00,0.3819,0.012929,0.004682,0.06322,0.0060636,0.03724,2.29e-05,0.009984,0.03161,0.0008859,0.02185,0.06168,0.03018,0.0578,0.000951,0.02368,,0.02329,0.001741,0.17922,5.31e-05,0.3225,0.05065,0.01835,0.0003281,0.01773,0.001647,0.001623,0.09771,0.02024,0.0149,0.000172,0.0007612,5.206,0.015267,0.01254,0.03461,0.11939,0.05622,0.144,0.004119,0.07059,0.7127,0.01621,7.692,0.01877,0.0021601,0.2176,0.04381,,0.4805,0.1264,0.04279,104670.6
2025-11-10 00:00:00+00:00,0.3821,0.01349,0.004635,0.06478,0.0062182,0.04088,2.32e-05,0.010139,0.03366,0.000878,0.02212,0.06168,0.02831,0.05586,0.000974,0.0251,,0.02364,0.001735,0.1817,5.44e-05,0.3411,0.05142,0.01888,0.0003345,0.01795,0.001683,0.001671,0.09785,0.02024,0.01439,0.0001779,0.0007735,5.191,0.016295,0.01231,0.03797,0.12377,0.05481,0.1503,0.004505,0.07059,0.7233,0.01608,8.875,0.01845,0.0021868,0.211,0.04433,,0.498,0.1543,0.03649,105966.3
2025-11-11 00:00:00+00:00,0.3535,0.012288,0.004288,0.05953,0.0058364,0.04004,2.15e-05,0.009631,0.0307,0.0008258,0.02014,0.06168,0.0295,0.0541,0.00089,0.0221,,0.02189,0.001615,0.17197,4.94e-05,0.2922,0.04627,0.01699,0.000302,0.01689,0.001517,0.001546,0.08907,0.01891,0.0118,0.0001606,0.0007001,4.933,0.014664,0.01147,0.03519,0.11238,0.04812,0.1501,0.004099,0.07059,0.662,0.01509,7.881,0.0176,0.0019772,0.1703,0.04163,,0.4598,0.15,0.03286,103005.8
2025-11-12 00:00:00+00:00,0.3836,0.012091,0.0041,0.05856,0.0057132,0.04065,2.12e-05,0.009501,0.02991,0.0008165,0.01996,0.06168,0.03005,0.05717,0.000884,0.02164,,0.02145,0.001617,0.17008,4.97e-05,0.2805,0.04571,0.01646,0.0002985,0.0166,0.001511,0.00151,0.09003,0.0186,0.01134,0.0001588,0.0007145,4.745,0.014308,0.01128,0.03342,0.11058,0.04819,0.1271,0.003916,0.07059,0.6461,0.01503,7.476,0.01727,0.0019479,0.1627,0.04133,,0.447,0.1443,0.03406,101605.8
2025-11-13 00:00:00+00:00,0.4013,0.011585,0.00393,0.05642,0.005422,0.04025,2.08e-05,0.009295,0.02735,0.0007889,0.01869,0.06168,0.03223,0.05409,0.000838,0.02029,,0.02018,0.001543,0.16374,4.7e-05,0.2655,0.04361,0.01559,0.0002857,0.01529,0.001444,0.001435,0.08674,0.01793,0.01127,0.0001498,0.0006882,4.58,0.013571,0.01099,0.03528,0.10482,0.04599,0.1224,0.003624,0.07059,0.6138,0.01369,7.241,0.01661,0.0018926,0.1557,0.03448,,0.4402,0.1446,0.03477,99654.3
2025-11-14 00:00:00+00:00,0.3649,0.011014,0.003732,0.05424,0.0049049,0.04265,1.97e-05,0.008971,0.02555,0.000762,0.01762,0.06168,0.03112,0.05348,0.000805,0.01879,,0.01763,0.001399,0.15756,4.57e-05,0.2341,0.04127,0.01425,0.0002835,0.01531,0.001424,0.001367,0.08123,0.01667,0.01001,0.0001406,0.0007193,4.479,0.012872,0.01069,0.03128,0.10114,0.0457,0.1064,0.003473,0.07059,0.5137,0.01324,7.182,0.01601,0.0017853,0.1446,0.03396,,0.4033,0.1427,0.0328,94544.9
2025-11-15 00:00:00+00:00,0.3719,0.011048,0.003802,0.05507,0.0049824,0.04239,2.01e-05,0.009041,0.02555,0.0007839,0.01799,0.06168,0.02958,0.05369,0.00082,0.01854,,0.01787,0.001421,0.16309,4.62e-05,0.2436,0.04167,0.01451,0.00029,0.01546,0.001446,0.001377,0.08271,0.01928,0.01001,0.0001421,0.0007049,4.522,0.013127,0.01082,0.02994,0.10172,0.04763,0.1101,0.003588,0.07059,0.5136,0.01322,7.207,0.01694,0.0017925,0.1428,0.03315,,0.424,0.1451,0.03118,95560.3
2025-11-16 00:00:00+00:00,0.357,0.010591,0.003695,0.05358,0.0048658,0.04156,1.94e-05,0.008893,0.02555,0.0007693,0.01835,0.06168,0.03051,0.0547,0.000783,0.01689,,0.01767,0.001365,0.15851,4.5e-05,0.244,0.04026,0.01449,0.000278,0.01514,0.001411,0.00136,0.07784,0.01869,0.01001,0.0001327,0.0006658,4.395,0.012476,0.01059,0.02885,0.09602,0.0448,0.1076,0.003418,0.07059,0.4899,0.0123,7.06,0.01639,0.0016775,0.1174,0.03122,,0.4102,0.141,0.02772,94221.7
2025-11-17 00:00:00+00:00,0.3372,0.010123,0.003595,0.0513,0.0047167,0.04465,1.88e-05,0.008581,0.02555,0.0007462,0.01783,0.06168,0.03012,0.05422,0.000765,0.01564,,0.01736,0.001303,0.15205,4.47e-05,0.2416,0.03867,0.01418,0.0002724,0.01489,0.001387,0.001298,0.07685,0.01953,0.01001,0.0001279,0.0006417,4.296,0.012018,0.01041,0.02664,0.09429,0.04267,0.1062,0.00289,0.07059,0.4616,0.01218,6.914,0.01645,0.0015734,0.1114,0.02939,,0.3883,0.137,0.03022,92169.7
2025-11-18 00:00:00+00:00,0.3559,0.010482,0.003763,0.05401,0.004867,0.04296,1.96e-05,0.008873,0.02555,0.0007666,0.01913,0.06168,0.03277,0.05747,0.000799,0.01763,,0.01766,0.001321,0.16168,4.57e-05,0.257,0.04008,0.01428,0.000277,0.01528,0.001441,0.00134,0.07984,0.01899,0.01001,0.0001357,0.0006564,4.679,0.012347,0.0109,0.02633,0.09807,0.04367,0.1067,0.003122,0.07059,0.5427,0.01226,7.138,0.01633,0.001786,0.1243,0.03134,,0.4169,0.1405,0.02714,92916.9
2025-11-19 00:00:00+00:00,0.3474,0.010089,0.00358,0.05188,0.0047637,0.04509,1.89e-05,0.00856,0.02555,0.0007345,0.02066,0.06168,0.03086,0.05887,0.000768,0.01792,,0.0176,0.001316,0.15453,4.62e-05,0.2687,0.0398,0.01424,0.0002696,0.01473,0.001405,0.001283,0.07597,0.0181,0.01001,0.0001314,0.0006407,4.375,0.012063,0.01046,0.02537,0.09335,0.04257,0.1068,0.003201,0.07059,0.5823,0.0116,6.868,0.01542,0.001651,0.1285,0.03052,,0.3977,0.1382,0.02681,91508.9
2025-11-20 00:00:00+00:00,0.3208,0.009592,0.003536,0.04825,0.0044488,0.04183,1.81e-05,0.008247,0.02555,0.0007055,0.02312,0.06168,0.02853,0.05498,0.0007512,0.01586,,0.01779,0.001272,0.14886,5.12e-05,0.2688,0.04264,0.01353,0.0002642,0.01418,0.001377,0.001236,0.07369,0.0176,0.01001,0.0001263,0.0006359,4.369,0.011478,0.01028,0.0239,0.08945,0.04145,0.1035,0.002951,0.07059,0.4998,0.01153,6.661,0.01496,0.0015283,0.1094,0.02887,,0.3784,0.1315,0.0248,86601.3
2025-11-21 00:00:00+00:00,0.2747,0.008854,0.003233,0.04619,0.0041191,0.03706,1.66e-05,0.007839,0.02555,0.0006637,0.02,0.06168,0.0316,0.06059,0.0006859,0.01376,,0.01598,0.001191,0.14022,4.53e-05,0.2237,0.0417,0.01242,0.0002502,0.01348,0.001297,0.001135,0.06901,0.01593,0.01001,0.0001173,0.0005822,3.847,0.010498,0.00962,0.02218,0.08349,0.04011,0.0921,0.00274,0.07059,0.4632,0.01111,6.267,0.01386,0.0013939,0.0945,0.02784,,0.3291,0.1448,0.02365,85093.5
2025-11-22 00:00:00+00:00,0.2678,0.008704,0.003207,0.04538,0.0041219,0.03225,1.71e-05,0.007793,0.02555,0.0006715,0.02018,0.06168,0.03746,0.06042,0.0006773,0.01357,,0.01561,0.001157,0.14019,4.33e-05,0.2097,0.03962,0.0121,0.0002518,0.01339,0.00128,0.001116,0.06791,0.01573,0.01001,0.0001165,0.0005568,3.81,0.010196,0.00937,0.02935,0.08131,0.03893,0.0899,0.002658,0.07059,0.4609,0.01099,6.288,0.01357,0.0013961,0.0935,0.02748,,0.3321,0.1521,0.02323,84689.4
2025-11-23 00:00:00+00:00,0.2745,0.008868,0.003211,0.0454,0.0041602,0.0567,1.82e-05,0.007856,0.02555,0.0006964,0.02054,0.06168,0.02719,0.06269,0.0006751,0.01361,,0.01583,0.001208,0.14494,4.42e-05,0.224,0.0396,0.01267,0.0002469,0.01307,0.001254,0.001139,0.06907,0.01612,0.01001,0.0001172,0.000552,3.857,0.010338,0.00941,0.02771,0.08176,0.03881,0.0903,0.002525,0.07059,0.5043,0.01165,6.261,0.01506,0.0013633,0.0935,0.02882,,0.3349,0.1524,0.02323,86807.7
2025-11-24 00:00:00+00:00,0.2761,0.010123,0.003435,0.04882,0.0045606,0.0427,1.8e-05,0.00833,0.02555,0.0007286,0.02294,0.06168,0.03472,0.06149,0.0007401,0.0149,,0.01781,0.001255,0.15173,4.52e-05,0.2826,0.04255,0.01414,0.0002569,0.01361,0.00131,0.001205,0.07477,0.01682,0.01001,0.0001285,0.000592,4.027,0.011257,0.01018,0.06409,0.08831,0.03882,0.1037,0.002813,0.07059,0.5777,0.01235,6.367,0.01559,0.0015041,0.1137,0.02936,,0.3763,0.1536,0.02541,88247.1
2025-11-25 00:00:00+00:00,0.2669,0.009749,0.003458,0.04927,0.0045755,0.04323,1.83e-05,0.008794,0.02555,0.0007378,0.0222,0.06168,0.03643,0.06572,0.0007509,0.01582,,0.01964,0.001269,0.15295,4.58e-05,0.3002,0.04214,0.01425,0.0002589,0.01367,0.00131,0.001198,0.07882,0.01738,0.01001,0.00013,0.0006083,4.059,0.011351,0.01019,0.06331,0.08867,0.03779,0.104,0.002782,0.07059,0.6155,0.01275,6.227,0.01492,0.0015326,0.1235,0.02909,,0.3668,0.1644,0.02455,87324.1
2025-11-26 00:00:00+00:00,0.3158,0.010011,0.003555,0.04977,0.004695,0.03818,1.8e-05,0.008585,0.02555,0.0007506,0.02211,0.06168,0.03601,0.06084,0.0007576,0.01809,,0.01933,0.001311,0.15467,4.76e-05,0.3528,0.0425,0.01438,0.0002574,0.01411,0.001309,0.001231,0.07947,0.0172,0.01001,0.0001329,0.0006201,4.148,0.01162,0.01031,0.0597,0.09038,0.03826,0.11,0.002926,0.07059,0.7167,0.01251,6.282,0.01508,0.0016134,0.1241,0.03101,,0.3865,0.1648,0.02477,90438.1
2025-11-27 00:00:00+00:00,0.3059,0.009901,0.003562,0.04969,0.0047104,0.03685,1.83e-05,0.008751,0.02555,0.0007632,0.02247,0.06168,0.0383,0.06023,0.0007628,0.01798,,0.02035,0.001334,0.15256,4.83e-05,0.3416,0.04232,0.01386,0.0002587,0.01404,0.001379,0.001227,0.07835,0.01744,0.01001,0.0001351,0.0006293,4.133,0.011306,0.01048,0.06253,0.09105,0.03737,0.109,0.002916,0.07059,0.7073,0.01225,6.138,0.01533,0.0021204,0.1202,0.03134,,0.3833,0.1632,0.02523,91292.2
2025-11-28 00:00:00+00:00,0.2933,0.009796,0.003472,0.04899,0.0046292,0.03691,1.78e-05,0.008637,0.02555,0.0007406,0.02316,0.06168,0.04531,0.06027,0.000748,0.01844,,0.02096,0.001324,0.15011,4.99e-05,0.3433,0.04202,0.01397,0.0002483,0.01341,0.00138,0.001211,0.08122,0.01741,0.01001,0.0001341,0.0006061,4.094,0.011182,0.01048,0.07442,0.09063,0.03807,0.1083,0.00292,0.07059,0.6926,0.01226,6.037,0.01509,0.0023894,0.1203,0.0308,,0.3808,0.1597,0.02462,90847.8
2025-11-29 00:00:00+00:00,0.2903,0.009632,0.003396,0.04805,0.0045636,0.03626,1.72e-05,0.008516,0.02555,0.0007091,0.02204,0.06168,0.04066,0.06162,0.0007262,0.0172,,0.02058,0.001305,0.14829,4.65e-05,0.3199,0.04011,0.01633,0.0002441,0.01292,0.001311,0.001162,0.07895,0.01668,0.01001,0.0001319,0.0005984,4.014,0.010817,0.01007,0.10152,0.09021,0.03807,0.1061,0.002885,0.07059,0.6652,0.0131,6.024,0.01486,0.0021128,0.1153,0.0306,,0.3786,0.1601,0.0247,90765
2025-11-30 00:00:00+00:00,0.3076,0.009352,0.003352,0.04733,0.004531,0.03436,1.65e-05,0.008364,0.02555,0.0006979,0.02382,0.06168,0.0508,0.06008,0.0007027,0.01701,,0.02086,0.001325,0.1459,4.54e-05,0.3056,0.04009,0.0211,0.0002294,0.01344,0.001275,0.001104,0.07667,0.01684,0.01001,0.0001318,0.0005813,4.032,0.010719,0.00993,0.15063,0.08924,0.03807,0.1038,0.002946,0.07059,0.6713,0.01437,5.997,0.01559,0.0020153,0.1065,0.03004,,0.3664,0.1592,0.02489,90320.6
2025-12-01 00:00:00+00:00,0.2724,0.008804,0.003072,0.04308,0.0040508,0.02927,1.56e-05,0.007967,0.02555,0.0006588,0.02092,0.06168,0.04216,0.06024,0.0006554,0.01541,,0.02011,0.001177,0.13536,4.15e-05,0.32,0.03734,0.02101,0.0002156,0.01278,0.001191,0.001043,0.07214,0.01543,0.01001,0.0001212,0.0005331,3.564,0.009762,0.00927,0.18843,0.08115,0.03807,0.0953,0.002787,0.07059,0.6132,0.01242,5.719,0.01593,0.0018309,0.101,0.02861,,0.346,0.1532,0.03015,86241.6
2025-12-02 00:00:00+00:00,0.3061,0.009834,0.003303,0.04787,0.0045651,0.0301,1.73e-05,0.008452,0.02555,0.0007037,0.02164,0.06168,0.04417,0.06286,0.0007174,0.02032,,0.02038,0.001434,0.1457,4.85e-05,0.3522,0.04045,0.01973,0.0002281,0.01353,0.001239,0.001174,0.07699,0.01661,0.01001,0.0001355,0.0005853,3.979,0.01224,0.01011,0.22517,0.08825,0.03807,0.1039,0.003262,0.07059,0.6991,0.01277,5.988,0.01564,0.0024757,0.1178,0.03019,,0.404,0.1604,0.03361,91249.1
2025-12-03 00:00:00+00:00,0.3117,0.010018,0.003507,0.04989,0.0048007,0.03472,1.76e-05,0.008969,0.02555,0.0007531,0.02277,0.06168,0.04426,0.06305,0.000733,0.02068,,0.02078,0.001421,0.15159,4.93e-05,0.3485,0.04068,0.01938,0.0002304,0.01377,0.001242,0.001182,0.08008,0.01704,0.01001,0.0001408,0.0005933,4.173,0.01199,0.01029,0.20216,0.09088,0.03807,0.1071,0.003168,0.07059,0.7228,0.01246,6.063,0.01646,0.0023885,0.1307,0.03059,,0.3986,0.1605,0.03894,93376.7
2025-12-04 00:00:00+00:00,0.2938,0.009623,0.003334,0.04761,0.0047621,0.0299,1.72e-05,0.008698,0.02555,0.0007136,0.02474,0.06168,0.04059,0.06329,0.0007044,0.01931,,0.01959,0.00138,0.14734,4.74e-05,0.3805,0.0394,0.01995,0.000221,0.01288,0.001185,0.001138,0.07657,0.01654,0.01001,0.0001373,0.0005709,4.106,0.01165,0.00999,0.18038,0.08808,0.03807,0.1052,0.003119,0.07059,0.6762,0.01245,5.92,0.01532,0.002367,0.1156,0.02998,,0.3822,0.1532,0.03716,92034.7
2025-12-05 00:00:00+00:00,0.2857,0.009075,0.003172,0.04498,0.0043895,0.02823,1.64e-05,0.0083,0.02555,0.0006755,0.02325,0.06168,0.04027,0.06252,0.0006732,0.01664,,0.01858,0.001352,0.13947,4.47e-05,0.3744,0.03699,0.02008,0.0002149,0.0125,0.001136,0.001064,0.0721,0.01541,0.01001,0.0001308,0.0005514,3.923,0.010638,0.00942,0.19305,0.08117,0.03807,0.0978,0.002837,0.07059,0.6504,0.01152,5.733,0.01482,0.0022358,0.108,0.02959,,0.3707,0.1507,0.03837,89288.5
2025-12-06 00:00:00+00:00,0.288,0.009378,0.003415,0.04666,0.0045112,0.03085,1.83e-05,0.008419,0.02555,0.0006981,0.02135,0.06168,0.04005,0.06209,0.0007084,0.01743,,0.02113,0.001411,0.1397,4.81e-05,0.3771,0.04116,0.02349,0.0002534,0.01289,0.001214,0.001111,0.0999,0.01764,0.01001,0.0001404,0.0006492,4.166,0.011094,0.00988,0.20822,0.09035,0.03807,0.1014,0.002981,0.07059,0.6339,0.01573,5.719,0.01547,0.0021719,0.1035,0.03168,,0.3798,0.1509,0.03412,89197.1
2025-12-07 00:00:00+00:00,0.2818,0.009098,0.003236,0.04524,0.004424,0.03101,1.72e-05,0.008329,0.02555,0.000682,0.02144,0.06168,0.03926,0.06306,0.0006727,0.01799,,0.02005,0.001516,0.13862,4.93e-05,0.3702,0.03892,0.02179,0.000221,0.01261,0.001162,0.001076,0.08976,0.01669,0.01001,0.0001329,0.0005917,3.938,0.010976,0.00965,0.1568,0.08361,0.03807,0.0993,0.002911,0.07059,0.6436,0.01442,5.654,0.0151,0.0021645,0.0958,0.02997,,0.368,0.1482,0.02938,90345.4
2025-12-08 00:00:00+00:00,0.286,0.009514,0.003394,0.04883,0.0047504,0.035,1.75e-05,0.008569,0.02555,0.0007008,0.02124,0.06168,0.03941,0.06205,0.0007327,0.01849,,0.02035,0.001465,0.14253,4.9e-05,0.3814,0.03993,0.02049,0.0002246,0.01277,0.001181,0.001122,0.09386,0.01861,0.01001,0.0001411,0.0005914,4.244,0.01144,0.01026,0.17866,0.0912,0.03807,0.1027,0.00305,0.07059,0.6525,0.01408,5.685,0.01591,0.0022032,0.1026,0.03072,,0.3887,0.1506,0.0315,90610.8
2025-12-09 00:00:00+00:00,0.2996,0.009949,0.003497,0.05087,0.0049489,0.03509,1.75e-05,0.008717,0.02555,0.0007125,0.0216,0.06168,0.03694,0.06044,0.000786,0.01899,,0.02054,0.001646,0.1479,5e-05,0.3683,0.04084,0.02046,0.0002284,0.01276,0.001209,0.001177,0.09325,0.0179,0.01001,0.0001471,0.0006152,4.412,0.012653,0.01075,0.31151,0.09227,0.03807,0.1056,0.003066,0.07059,0.6517,0.01353,5.933,0.01612,0.0021793,0.1053,0.03025,,0.4375,0.1513,0.03003,92638.4
2025-12-10 00:00:00+00:00,0.2815,0.009439,0.003304,0.04938,0.0046437,0.03813,1.68e-05,0.008541,0.02555,0.000697,0.02039,0.06168,0.0338,0.05988,0.0007136,0.0174,,0.01936,0.001581,0.14324,5.11e-05,0.3539,0.03957,0.02032,0.0002198,0.01234,0.001149,0.001101,0.08799,0.01698,0.01001,0.0001371,0.000593,4.103,0.011742,0.01013,0.33909,0.08663,0.03807,0.1013,0.002869,0.07059,0.6294,0.01328,5.732,0.0151,0.0020641,0.0988,0.02956,,0.3909,0.1529,0.02883,91977.5
2025-12-11 00:00:00+00:00,0.279,0.009657,0.003207,0.04773,0.0045938,0.04044,1.65e-05,0.008501,0.02555,0.0006872,0.02,0.06168,0.03261,0.06228,0.0007026,0.0175,,0.01915,0.001591,0.14028,4.79e-05,0.3638,0.0397,0.01896,0.0002135,0.01178,0.001141,0.001054,0.08677,0.01682,0.01001,0.0001348,0.0005802,4.164,0.011219,0.00987,0.32288,0.08501,0.03807,0.1007,0.002856,0.07059,0.6249,0.0123,5.682,0.0149,0.0020288,0.1047,0.03056,,0.4024,0.1466,0.02929,92477.5
2025-12-12 00:00:00+00:00,0.2711,0.009201,0.003143,0.04611,0.0043264,0.04039,1.67e-05,0.008271,0.02555,0.0006656,0.01951,0.06168,0.03163,0.06386,0.000674,0.01654,,0.01912,0.001498,0.13684,4.74e-05,0.3721,0.03901,0.01815,0.0002137,0.01123,0.001091,0.001008,0.08488,0.01647,0.01001,0.0001291,0.0005708,4.219,0.010903,0.00941,0.33057,0.08239,0.03807,0.0992,0.00276,0.07059,0.5803,0.01282,5.608,0.01449,0.0019604,0.0936,0.02946,,0.39,0.143,0.02908,90229.6
2025-12-13 00:00:00+00:00,0.2667,0.009324,0.003145,0.04633,0.0043795,0.0421,1.69e-05,0.008347,0.02555,0.0006677,0.02094,0.06168,0.03012,0.06794,0.0006713,0.01736,,0.01921,0.001491,0.13897,4.96e-05,0.3594,0.03935,0.01831,0.0002153,0.01171,0.001097,0.001011,0.0835,0.01654,0.01001,0.0001313,0.0005923,4.456,0.01131,0.00969,0.34104,0.08349,0.03807,0.0986,0.002793,0.07059,0.5898,0.01238,5.551,0.01467,0.0020396,0.0954,0.02939,,0.3958,0.1442,0.02991,90191.3
2025-12-14 00:00:00+00:00,0.2466,0.009031,0.002935,0.04446,0.0041704,0.04116,1.59e-05,0.008067,0.02555,0.0006375,0.02003,0.06168,0.03228,0.0688,0.0006321,0.01587,,0.01779,0.001401,0.134,4.57e-05,0.3489,0.03694,0.01722,0.0002016,0.01113,0.001051,0.000951,0.07599,0.01563,0.01001,0.0001238,0.0005536,4.377,0.01039,0.00916,0.33873,0.07835,0.03807,0.0958,0.002642,0.07059,0.5467,0.01239,5.415,0.01412,0.0019762,0.0868,0.02853,,0.3788,0.1362,0.02727,88118.8
2025-12-15 00:00:00+00:00,0.2434,0.008714,0.002858,0.0427,0.0040666,0.04123,1.53e-05,0.007895,0.02555,0.00062,0.02072,0.06168,0.03997,0.07012,0.0006091,0.0155,,0.01777,0.001367,0.12968,4.4e-05,0.3344,0.03525,0.01834,0.0002043,0.01074,0.001023,0.000913,0.07363,0.01548,0.01001,0.0001201,0.0005406,4.148,0.010251,0.00889,0.42715,0.07675,0.03807,0.0895,0.002519,0.07059,0.5213,0.01539,5.324,0.01406,0.0019279,0.077,0.02738,,0.3728,0.1336,0.02832,86389.9
2025-12-16 00:00:00+00:00,0.2439,0.008634,0.002939,0.04273,0.0040928,0.03916,1.58e-05,0.007862,0.02555,0.0006287,0.02064,0.06168,0.04856,0.07133,0.0006117,0.01519,,0.01802,0.00137,0.13171,4.37e-05,0.3522,0.03495,0.01947,0.0002022,0.01084,0.001009,0.000903,0.07486,0.01574,0.01001,0.000119,0.0005315,4.569,0.01012,0.009,0.35214,0.0763,0.03807,0.0922,0.002343,0.07059,0.5494,0.02063,5.291,0.0146,0.0018774,0.078,0.0292,,0.38,0.1351,0.02976,87826.3
2025-12-17 00:00:00+00:00,0.224,0.008156,0.00273,0.04038,0.0039006,0.0412,1.45e-05,0.007522,0.02555,0.0005862,0.02468,0.06168,0.03615,0.08126,0.0005651,0.01416,,0.0167,0.001261,0.12626,4.03e-05,0.3075,0.03212,0.01616,0.0001978,0.01022,0.000943,0.000842,0.06903,0.01453,0.01001,0.0001107,0.0005021,3.912,0.009411,0.00847,0.39547,0.07121,0.03807,0.0844,0.00209,0.07059,0.4834,0.01617,5.129,0.01372,0.0017799,0.0665,0.02766,,0.3545,0.1292,0.02851,86201.6
2025-12-18 00:00:00+00:00,0.2113,0.007598,0.002475,0.03841,0.003715,0.04049,1.46e-05,0.00703,0.02555,0.0005699,0.02921,0.06168,0.04012,0.08095,0.0005467,0.01334,,0.01576,0.001181,0.12203,4.12e-05,0.2441,0.03057,0.01638,0.0002391,0.00964,0.000899,0.0008,0.06845,0.01418,0.01001,0.0001046,0.000488,3.646,0.008652,0.00825,0.36553,0.06778,0.03807,0.0768,0.00186,0.07059,0.4546,0.01731,5.011,0.01311,0.0016909,0.0601,0.0268,,0.3296,0.1257,0.02692,85469.7
2025-12-19 00:00:00+00:00,0.2244,0.008235,0.002632,0.04153,0.0041123,0.03918,1.56e-05,0.00751,0.02555,0.0006116,0.02924,0.06168,0.04233,0.07528,0.0005911,0.01443,,0.01679,0.00127,0.13215,4.25e-05,0.2836,0.03292,0.01635,0.0002292,0.00998,0.000976,0.000869,0.07644,0.01545,0.01001,0.0001117,0.0005222,4.002,0.009431,0.00959,0.37468,0.07243,0.03807,0.0839,0.00199,0.07059,0.4928,0.01692,5.156,0.01552,0.0017871,0.0659,0.02818,,0.3563,0.1351,0.02706,88100
2025-12-20 00:00:00+00:00,0.2137,0.00826,0.002655,0.04107,0.0040751,0.04108,1.55e-05,0.007427,0.02555,0.0005998,0.03931,0.06168,0.04512,0.08694,0.0005963,0.01431,,0.01695,0.001251,0.13188,4.37e-05,0.2903,0.03317,0.01739,0.0002197,0.01005,0.000966,0.000864,0.074,0.01586,0.01001,0.0001099,0.0005237,3.988,0.009302,0.00966,0.42013,0.07283,0.03807,0.0817,0.001966,0.07059,0.4937,0.01957,5.089,0.0156,0.0017603,0.0674,0.02772,,0.3456,0.1342,0.03034,88320.8
2025-12-21 00:00:00+00:00,0.2137,0.008069,0.002578,0.04066,0.004024,0.04067,1.51e-05,0.00728,0.02555,0.0005884,0.03385,0.06168,0.0444,0.085,0.0005789,0.01386,,0.01621,0.001216,0.13105,4.17e-05,0.2909,0.03215,0.01656,0.0002118,0.00972,0.000947,0.000851,0.07101,0.01516,0.01001,0.0001052,0.0005116,3.824,0.009058,0.00933,0.40873,0.06888,0.03807,0.0814,0.001973,0.07059,0.4821,0.01735,5.067,0.01632,0.0016831,0.0634,0.02804,,0.3402,0.1343,0.02919,88621.3
2025-12-22 00:00:00+00:00,0.2135,0.008136,0.002657,0.04045,0.0040204,0.04036,1.51e-05,0.007199,0.02555,0.0005941,0.03413,0.06168,0.04483,0.089,0.0005822,0.01439,,0.01646,0.00121,0.13249,4.13e-05,0.2933,0.03212,0.01631,0.0002117,0.00989,0.000947,0.000857,0.07212,0.0168,0.01001,0.0001059,0.0005162,3.935,0.009125,0.00941,0.35907,0.07162,0.03807,0.08,0.001912,0.07059,0.4795,0.0171,4.977,0.01859,0.0016871,0.0615,0.02794,,0.3354,0.1346,0.02971,88581.5
2025-12-23 00:00:00+00:00,0.2098,0.007978,0.002643,0.04011,0.0039339,0.0408,1.5e-05,0.007119,0.02555,0.0005802,0.0368,0.06168,0.04014,0.07074,0.0005733,0.01436,,0.01637,0.001196,0.12923,4.06e-05,0.2769,0.03211,0.01648,0.0002087,0.00983,0.000962,0.000838,0.07139,0.01655,0.01001,0.0001034,0.0005183,3.834,0.008788,0.00918,0.46341,0.07002,0.03807,0.0792,0.001731,0.07059,0.475,0.01613,4.946,0.018,0.001688,0.05664,0.02845,,0.3216,0.1316,0.02926,87463
2025-12-24 00:00:00+00:00,0.2115,0.007854,0.002656,0.0403,0.0039736,0.04026,1.51e-05,0.007214,0.02555,0.0005753,0.03921,0.06168,0.04127,0.08102,0.0005757,0.0144,,0.01631,0.001201,0.12849,4.14e-05,0.2912,0.03239,0.01632,0.0002074,0.00988,0.000954,0.000856,0.07074,0.01592,0.01001,0.0001042,0.0005176,3.988,0.009224,0.0092,0.48848,0.07124,0.03807,0.0791,0.001742,0.07059,0.4767,0.015,4.915,0.01838,0.001701,0.06296,0.02887,,0.3236,0.1325,0.02899,87627.3
2025-12-25 00:00:00+00:00,0.2081,0.007662,0.002607,0.0392,0.0038938,0.03997,1.51e-05,0.007063,0.02555,0.0005572,0.04525,0.06168,0.04616,0.08122,0.000562,0.01405,,0.01603,0.001158,0.12356,3.99e-05,0.2903,0.03148,0.0159,0.0002023,0.00961,0.000934,0.000863,0.06905,0.01526,0.01001,0.0001035,0.0005161,3.924,0.008817,0.00893,0.51006,0.06941,0.03807,0.0784,0.001732,0.07059,0.4704,0.01437,4.872,0.01824,0.0017138,0.06191,0.02798,,0.307,0.1371,0.02949,87182.8
2025-12-26 00:00:00+00:00,0.215,0.007873,0.002696,0.04003,0.0040325,0.04053,1.53e-05,0.007118,0.02555,0.0005674,0.04217,0.06168,0.04355,0.07873,0.00058,0.01456,,0.0165,0.001176,0.12205,4.19e-05,0.2995,0.03222,0.01629,0.0002223,0.01,0.001006,0.000877,0.07122,0.01585,0.01001,0.0001086,0.0005268,4.157,0.009016,0.00927,0.48935,0.07133,0.03807,0.0795,0.001805,0.07059,0.491,0.01545,4.897,0.019,0.0016958,0.06479,0.02831,,0.3147,0.1464,0.02725,87318.2
2025-12-27 00:00:00+00:00,0.2378,0.008105,0.002799,0.04088,0.0041963,0.04166,1.59e-05,0.00738,0.02555,0.0005822,0.04331,0.06168,0.04567,0.07764,0.0005905,0.01474,,0.01649,0.001187,0.1243,4.24e-05,0.3163,0.03265,0.0164,0.0002213,0.01016,0.001024,0.000895,0.07226,0.01636,0.01001,0.0001103,0.0005436,4.28,0.009333,0.00952,0.46449,0.07276,0.03807,0.0812,0.001874,0.07059,0.5164,0.01478,4.962,0.01898,0.0017268,0.06913,0.02831,,0.3198,0.1446,0.02747,87829.4
2025-12-28 00:00:00+00:00,0.2374,0.007996,0.002735,0.04071,0.0041753,0.04257,1.56e-05,0.007398,0.02555,0.0006061,0.04191,0.06168,0.0403,0.07929,0.000583,0.01441,,0.01599,0.001159,0.12388,4.11e-05,0.3092,0.03283,0.01603,0.0002119,0.01011,0.000994,0.000877,0.07204,0.01582,0.01001,0.0001091,0.0005351,4.234,0.009306,0.0096,0.41715,0.07164,0.03807,0.0805,0.001881,0.07059,0.5013,0.01499,4.925,0.01774,0.0017102,0.06612,0.02708,,0.313,0.1445,0.02626,87920.5
2025-12-29 00:00:00+00:00,0.2262,0.007742,0.002644,0.0392,0.0040677,0.04406,1.5e-05,0.007192,0.02555,0.0006319,0.0431,0.06168,0.03716,0.08137,0.0005525,0.01407,,0.01587,0.001127,0.1228,3.99e-05,0.2891,0.03295,0.01692,0.00021,0.01013,0.000963,0.000837,0.07048,0.01606,0.01001,0.0001066,0.0005201,4.099,0.008899,0.00933,0.41922,0.06916,0.03807,0.0788,0.001807,0.07059,0.4762,0.01436,4.912,0.01812,0.0016899,0.06033,0.02696,,0.2893,0.142,0.0256,87203.3
2025-12-30 00:00:00+00:00,0.2274,0.007725,0.002614,0.04011,0.0041372,0.04031,1.53e-05,0.007097,0.02555,0.0006335,0.03804,0.06168,0.03502,0.08053,0.0005331,0.01395,,0.01591,0.001159,0.12326,3.98e-05,0.2859,0.03369,0.01776,0.0002091,0.01044,0.00096,0.000842,0.07031,0.01545,0.01001,0.0001049,0.0005149,4.221,0.009004,0.00924,0.40971,0.0693,0.03807,0.0784,0.001842,0.07059,0.4884,0.01431,4.905,0.01932,0.0016478,0.0647,0.02734,,0.2765,0.1441,0.02564,88455.3
2025-12-31 00:00:00+00:00,0.2222,0.007464,0.002722,0.03939,0.0040325,0.0403,1.49e-05,0.006906,0.02555,0.0006317,0.03276,0.06168,0.03546,0.07898,0.0005422,0.01341,,0.0161,0.001042,0.11741,3.82e-05,0.2689,0.03293,0.01859,0.0002123,0.01063,0.000987,0.000822,0.0668,0.018,0.01001,0.0001026,0.0005174,4.156,0.00867,0.00945,0.38939,0.06872,0.03807,0.0738,0.001914,0.07059,0.4756,0.01428,4.798,0.01588,0.001615,0.06361,0.02708,,0.2699,0.1435,0.02443,87608.2
2026-01-01 00:00:00+00:00,0.248,0.008212,0.002889,0.04423,0.0049218,0.04189,1.61e-05,0.007463,0.02555,0.0006712,0.02907,0.06168,0.03517,0.07319,0.0005946,0.01488,,0.01796,0.001107,0.12679,4.19e-05,0.2905,0.03537,0.02106,0.0002198,0.01103,0.001071,0.000917,0.07376,0.01773,0.01001,0.0001268,0.0005706,4.513,0.009473,0.01026,0.39114,0.07634,0.03807,0.0834,0.002109,0.07059,0.5032,0.0147,4.888,0.01639,0.0017568,0.07469,0.02833,,0.3016,0.1467,0.02575,88800
2026-01-02 00:00:00+00:00,0.2776,0.009282,0.003068,0.0486,0.0060008,0.04244,1.69e-05,0.008118,0.02555,0.0007147,0.02902,0.06168,0.03382,0.07452,0.000677,0.01671,,0.01974,0.00121,0.14181,4.4e-05,0.3343,0.03998,0.02087,0.0002254,0.01161,0.001154,0.000981,0.0787,0.01901,0.01001,0.0001319,0.0005905,4.567,0.010854,0.01089,0.37269,0.08283,0.03807,0.094,0.002272,0.07059,0.5614,0.01514,5.047,0.01634,0.0020886,0.09727,0.02983,,0.3257,0.1547,0.02762,89951.4
2026-01-03 00:00:00+00:00,0.3201,0.009331,0.00303,0.05073,0.0061073,0.04628,1.72e-05,0.00808,0.02555,0.0007012,0.02836,0.06168,0.03579,0.07631,0.000678,0.01675,,0.02147,0.001233,0.14307,4.31e-05,0.3567,0.03898,0.02197,0.0002255,0.01166,0.001136,0.000991,0.07991,0.01819,0.01001,0.000138,0.000624,4.615,0.01148,0.01058,0.42362,0.08329,0.03807,0.0982,0.002327,0.07059,0.5833,0.01567,5.259,0.01597,0.0020036,0.10269,0.03004,,0.3387,0.1725,0.02839,90595.8
2026-01-04 00:00:00+00:00,0.3381,0.011977,0.003434,0.05724,0.0071717,0.04341,1.78e-05,0.009039,0.02555,0.0007431,0.02807,0.06168,0.03607,0.07738,0.0008506,0.02043,,0.0218,0.001458,0.14944,4.99e-05,0.4011,0.04309,0.02277,0.0002504,0.01204,0.001248,0.001116,0.0908,0.02026,0.01001,0.0001506,0.0006454,4.748,0.01257,0.01151,0.48944,0.09672,0.03807,0.111,0.002353,0.07059,0.6484,0.01641,5.413,0.0186,0.0021219,0.11871,0.03173,,0.406,0.1707,0.02804,91497.1
2026-01-05 00:00:00+00:00,0.349,0.012096,0.003224,0.05789,0.0070047,0.04327,1.79e-05,0.009258,0.02555,0.0007325,0.02751,0.06168,0.03648,0.07891,0.0008029,0.0196,,0.02343,0.001504,0.15165,4.87e-05,0.43,0.04263,0.02216,0.0002489,0.01203,0.001233,0.00111,0.08789,0.02015,0.01001,0.0001465,0.0006305,4.802,0.013082,0.01162,0.33824,0.09423,0.03807,0.1081,0.002504,0.07059,0.6432,0.01636,5.615,0.01745,0.0021532,0.11447,0.03188,,0.4089,0.1735,0.0285,93822.4
2026-01-06 00:00:00+00:00,0.3446,0.011933,0.003276,0.05704,0.0067067,0.04552,1.82e-05,0.009119,0.02555,0.0007305,0.02784,0.06168,0.03529,0.07502,0.0008053,0.01918,,0.02626,0.001475,0.15048,5.11e-05,0.4646,0.04221,0.0226,0.0002512,0.01201,0.001245,0.001102,0.08851,0.02064,0.01001,0.000147,0.0006363,4.787,0.013312,0.01158,0.32609,0.094,0.03807,0.1066,0.002651,0.07059,0.6401,0.01542,5.478,0.01806,0.0021223,0.1305,0.03263,,0.4207,0.1752,0.02965,93708
2026-01-07 00:00:00+00:00,0.3297,0.011177,0.003054,0.05501,0.0065616,0.05396,1.72e-05,0.008787,0.02555,0.0006984,0.02472,0.06168,0.03252,0.07431,0.0007718,0.01798,,0.02392,0.001419,0.14634,4.7e-05,0.4141,0.04008,0.02133,0.0002395,0.01091,0.001193,0.001048,0.08501,0.0192,0.01001,0.0001388,0.0006129,4.572,0.012014,0.01096,0.27924,0.08948,0.03807,0.1062,0.002352,0.07059,0.6078,0.01447,5.36,0.01675,0.001968,0.11182,0.03033,,0.3896,0.1686,0.02804,91328
2026-01-08 00:00:00+00:00,0.3159,0.010901,0.003033,0.05337,0.0060843,0.05307,1.71e-05,0.008747,0.02555,0.0006881,0.02568,0.06168,0.03735,0.07458,0.0007168,0.01767,,0.02338,0.001409,0.14189,4.57e-05,0.3992,0.03957,0.02167,0.0002496,0.01089,0.001161,0.001025,0.08131,0.01935,0.01001,0.0001341,0.0005973,4.469,0.011965,0.01056,0.37124,0.08611,0.03807,0.0996,0.002183,0.07059,0.5768,0.01438,5.356,0.01668,0.0019441,0.11082,0.03137,,0.3803,0.1713,0.02805,91059.8
2026-01-09 00:00:00+00:00,0.3146,0.010819,0.003016,0.05262,0.0061095,0.05249,1.72e-05,0.008671,0.02555,0.0006917,0.02525,0.06168,0.04282,0.07249,0.0007112,0.01776,,0.02401,0.001485,0.14065,4.57e-05,0.4025,0.03983,0.02038,0.0002464,0.01064,0.001167,0.001014,0.08205,0.02007,0.01001,0.0001328,0.0005944,4.531,0.012091,0.01048,0.41668,0.08598,0.03807,0.1027,0.002349,0.07059,0.5867,0.0144,5.434,0.01651,0.0019431,0.11368,0.03103,,0.3873,0.1673,0.02809,90603.6
2026-01-10 00:00:00+00:00,0.3317,0.010504,0.003074,0.05148,0.0059424,0.058,1.69e-05,0.008653,0.02555,0.000696,0.02508,0.06168,0.04396,0.0771,0.0006958,0.0177,,0.02305,0.001417,0.13958,4.52e-05,0.3693,0.03886,0.02005,0.0002579,0.01094,0.001147,0.001001,0.08035,0.02177,0.01001,0.000131,0.000587,4.513,0.011875,0.01028,0.39353,0.08384,0.03807,0.0987,0.002285,0.07059,0.5768,0.01422,5.4,0.01736,0.0019026,0.09885,0.02993,,0.3789,0.1668,0.03019,90469.6
2026-01-11 00:00:00+00:00,0.3257,0.010456,0.003039,0.05106,0.0058056,0.0556,1.61e-05,0.008459,0.02555,0.000689,0.02507,0.06168,0.04903,0.08804,0.0006858,0.0176,,0.02457,0.001392,0.13794,4.41e-05,0.3755,0.03887,0.02086,0.0002395,0.01063,0.001129,0.001002,0.07865,0.02253,0.01001,0.0001312,0.0005817,4.383,0.012043,0.01,0.33415,0.08343,0.03807,0.0997,0.002397,0.07059,0.5813,0.01454,5.443,0.01755,0.001911,0.10513,0.03095,,0.3768,0.1661,0.02817,90964.4
2026-01-12 00:00:00+00:00,0.3122,0.010205,0.002952,0.05045,0.0057297,0.05363,1.6e-05,0.008371,0.02555,0.0006732,0.0245,0.06168,0.04907,0.0851,0.0006702,0.01696,,0.02395,0.001316,0.13653,4.28e-05,0.3658,0.0375,0.02107,0.0002333,0.01062,0.001106,0.000972,0.07731,0.02132,0.01001,0.0001285,0.0005732,4.231,0.011782,0.00992,0.32493,0.08145,0.03807,0.0951,0.002436,0.07059,0.5702,0.01435,5.341,0.0166,0.0018371,0.10492,0.03019,,0.3688,0.1695,0.03015,91252.6
2026-01-13 00:00:00+00:00,0.3475,0.011497,0.003304,0.05513,0.0065715,0.06696,2.08e-05,0.008986,0.02555,0.0007467,0.02525,0.06168,0.0671,0.08228,0.0007397,0.01871,,0.02539,0.001456,0.14821,4.79e-05,0.4186,0.04125,0.02174,0.0002533,0.01141,0.001219,0.001078,0.08403,0.02252,0.01001,0.0001424,0.0007047,5.497,0.013329,0.01166,0.32933,0.09079,0.03807,0.1071,0.002662,0.07059,0.6224,0.01499,5.665,0.01717,0.0019966,0.1172,0.03138,,0.4199,0.18,0.01868,95375.2
2026-01-14 00:00:00+00:00,0.3318,0.011027,0.003152,0.0533,0.0062412,0.05463,1.95e-05,0.00873,0.02555,0.0007359,0.02523,0.06168,0.05718,0.08081,0.0007015,0.01832,,0.02371,0.001409,0.14712,4.75e-05,0.3999,0.03947,0.02072,0.0002481,0.01081,0.001174,0.00106,0.08178,0.02169,0.01001,0.0001355,0.0006561,5.052,0.012818,0.01104,0.32153,0.08781,0.03807,0.1019,0.002814,0.07059,0.6145,0.01485,5.555,0.01697,0.0019275,0.11323,0.03112,,0.4108,0.1749,0.01717,96907.9
2026-01-15 00:00:00+00:00,0.3046,0.010547,0.002986,0.04999,0.0059097,0.05257,1.98e-05,0.008411,0.02555,0.0006928,0.02567,0.06168,0.05468,0.08177,0.0006726,0.01686,,0.02201,0.001326,0.13997,4.5e-05,0.3711,0.03685,0.01897,0.0002409,0.01063,0.001113,0.000983,0.07702,0.02128,0.01001,0.0001297,0.0006238,5.182,0.012067,0.0105,0.31438,0.08274,0.03807,0.0935,0.002717,0.07059,0.5659,0.01407,5.359,0.0162,0.0018036,0.10149,0.0289,,0.3856,0.1685,0.01669,95567.3
2026-01-16 00:00:00+00:00,0.3069,0.010739,0.003106,0.05157,0.0059244,0.05117,1.99e-05,0.008549,0.02555,0.0006901,0.02695,0.06168,0.05165,0.079,0.0006832,0.01685,,0.02223,0.001349,0.13804,4.7e-05,0.3804,0.03763,0.01982,0.0002508,0.01092,0.001155,0.001006,0.07786,0.02178,0.01001,0.0001326,0.0006457,5.162,0.012271,0.01073,0.3082,0.08542,0.03807,0.0948,0.002952,0.07059,0.5814,0.01453,5.384,0.0169,0.0018303,0.10399,0.02912,,0.3882,0.1689,0.01563,95503.7
2026-01-17 00:00:00+00:00,0.3021,0.010386,0.003103,0.05019,0.0057965,0.04739,1.89e-05,0.008478,0.02555,0.0006729,0.02593,0.06168,0.04917,0.07365,0.0006648,0.01656,,0.02182,0.00132,0.13781,4.66e-05,0.3555,0.03741,0.01876,0.0002568,0.01078,0.001126,0.001094,0.07738,0.02122,0.01001,0.0001298,0.0006234,5.149,0.011813,0.0108,0.32299,0.08321,0.03807,0.0909,0.002799,0.07059,0.56,0.01458,5.313,0.01638,0.0017758,0.09131,0.02916,,0.3787,0.1688,0.01497,95107.9
2026-01-18 00:00:00+00:00,0.2797,0.009624,0.002955,0.04671,0.0054629,0.04938,1.74e-05,0.008091,0.02555,0.000654,0.02414,0.06168,0.05501,0.07597,0.0006311,0.01526,,0.02035,0.001228,0.13156,4.35e-05,0.3272,0.03565,0.01936,0.0002405,0.01052,0.001068,0.001025,0.07087,0.02123,0.01001,0.0001199,0.0005755,4.88,0.010696,0.01007,0.32638,0.07803,0.03807,0.0858,0.002591,0.07059,0.519,0.01328,5.084,0.01637,0.0016538,0.08142,0.02715,,0.3514,0.1657,0.01429,93614
2026-01-19 00:00:00+00:00,0.2718,0.00931,0.002855,0.0453,0.0052739,0.04709,1.64e-05,0.008137,0.02555,0.0006201,0.02362,0.06168,0.06704,0.07878,0.0006053,0.01491,,0.01898,0.001177,0.12909,4.03e-05,0.3253,0.03336,0.01744,0.000232,0.00919,0.00106,0.000958,0.0696,0.02056,0.01001,0.0001192,0.0005514,4.423,0.010362,0.00972,0.31192,0.07554,0.03807,0.0823,0.002639,0.07059,0.4887,0.01201,5.009,0.01513,0.0016213,0.07962,0.02642,,0.353,0.1655,0.01279,92589.6
2026-01-20 00:00:00+00:00,0.2408,0.008828,0.002663,0.04235,0.0049849,0.04549,1.55e-05,0.007725,0.02555,0.0005939,0.02296,0.06168,0.08201,0.08455,0.000563,0.01346,,0.01648,0.001079,0.12329,3.92e-05,0.296,0.03131,0.01657,0.0002198,0.00863,0.001114,0.000868,0.06547,0.01923,0.01001,0.0001116,0.0005266,4.112,0.009462,0.00927,0.28027,0.06995,0.03807,0.0762,0.002399,0.07059,0.4336,0.01106,4.831,0.01438,0.0015008,0.06807,0.02495,,0.3297,0.1605,0.01224,88390.6
2026-01-21 00:00:00+00:00,0.2596,0.00917,0.00281,0.04402,0.0051403,0.04718,1.59e-05,0.007978,0.02555,0.0006056,0.02333,0.06168,0.07039,0.07551,0.0006093,0.01397,,0.0169,0.001124,0.12644,4.11e-05,0.3018,0.03214,0.01718,0.0002307,0.00907,0.001148,0.000935,0.06741,0.02053,0.01001,0.0001263,0.0005477,4.093,0.009958,0.00952,0.37698,0.07314,0.03807,0.0797,0.002646,0.07059,0.4462,0.0122,4.936,0.01515,0.0015507,0.07487,0.02641,,0.3383,0.1687,0.01279,89411.4
2026-01-22 00:00:00+00:00,0.2495,0.00899,0.002738,0.04322,0.0049506,0.04465,1.59e-05,0.007818,0.02555,0.0005996,0.02293,0.06168,0.06256,0.08028,0.0005914,0.0137,,0.01634,0.001088,0.12431,4.01e-05,0.2961,0.03175,0.01638,0.0002234,0.00881,0.001077,0.000908,0.06722,0.01992,0.01001,0.0001182,0.0005357,4.078,0.009834,0.00934,0.38815,0.07145,0.03807,0.0778,0.002465,0.07059,0.4101,0.012,4.842,0.01474,0.001528,0.07095,0.02698,,0.3333,0.1694,0.01247,89518.5
2026-01-23 00:00:00+00:00,0.2519,0.009035,0.002735,0.04328,0.0050235,0.04403,1.58e-05,0.007877,0.02555,0.0006001,0.02322,0.06168,0.06072,0.07545,0.0005896,0.0136,,0.01634,0.001064,0.1247,3.97e-05,0.3001,0.03166,0.01623,0.0002272,0.00854,0.001062,0.000916,0.06827,0.01981,0.01001,0.0001187,0.000548,4.006,0.009931,0.00944,0.38054,0.0726,0.03807,0.0789,0.002395,0.07059,0.4015,0.01176,4.852,0.01472,0.00153,0.0688,0.02705,,0.3349,0.1721,0.01217,89558.7
2026-01-24 00:00:00+00:00,0.2501,0.008855,0.002724,0.043,0.0050006,0.04234,1.58e-05,0.007814,0.02555,0.0005913,0.0231,0.06168,0.05794,0.07754,0.0005909,0.01347,,0.0166,0.001058,0.12415,3.94e-05,0.302,0.03198,0.01493,0.0002266,0.00829,0.001066,0.000917,0.06903,0.01964,0.01001,0.0001202,0.0005641,4.049,0.009893,0.00946,0.38204,0.07425,0.03807,0.0777,0.002736,0.07059,0.3937,0.01169,4.935,0.01485,0.0015163,0.06396,0.0275,,0.334,0.1785,0.01194,89180.7
2026-01-25 00:00:00+00:00,0.2265,0.008425,0.002483,0.04047,0.0047081,0.04004,1.49e-05,0.007508,0.02555,0.0005579,0.02152,0.06168,0.05048,0.07662,0.0005432,0.01263,,0.01494,0.000987,0.11938,3.64e-05,0.2757,0.02972,0.01356,0.0002115,0.00798,0.000992,0.000841,0.06489,0.01806,0.01001,0.0001107,0.0005281,3.772,0.009187,0.00892,0.31754,0.06819,0.03807,0.0724,0.002465,0.07059,0.3571,0.01053,4.76,0.01399,0.0014299,0.05785,0.02663,,0.3178,0.166,0.01105,86628.9
2026-01-26 00:00:00+00:00,0.2419,0.008669,0.002619,0.04159,0.005006,0.04609,1.55e-05,0.007697,0.02555,0.0005743,0.02233,0.06168,0.05028,0.07762,0.0005768,0.0131,,0.01555,0.001044,0.12228,3.86e-05,0.2899,0.03054,0.01375,0.0002782,0.00824,0.001049,0.00089,0.06837,0.01817,0.01001,0.0001149,0.000551,3.921,0.00964,0.00919,0.29655,0.07264,0.03807,0.0734,0.002709,0.07059,0.3798,0.0109,4.801,0.0144,0.001492,0.06111,0.0269,,0.3282,0.1592,0.01122,88300.6
2026-01-27 00:00:00+00:00,0.2464,0.008867,0.002651,0.04206,0.0050233,0.05871,1.56e-05,0.007836,0.02555,0.000582,0.02212,0.06168,0.05161,0.07745,0.0005914,0.01325,,0.01614,0.001041,0.12615,3.85e-05,0.3086,0.03102,0.01446,0.0002326,0.00834,0.001062,0.000908,0.06908,0.01817,0.01001,0.0001155,0.0005492,3.967,0.00997,0.00934,0.4518,0.0731,0.03807,0.0744,0.00317,0.07059,0.3922,0.01258,4.8,0.01423,0.0015251,0.06777,0.02703,,0.3237,0.1655,0.01187,89197.8
2026-01-28 00:00:00+00:00,0.24,0.008748,0.002605,0.04165,0.0049803,0.05906,1.52e-05,0.007799,0.02555,0.0005994,0.02121,0.06168,0.0547,0.07753,0.0005966,0.01318,,0.0159,0.00101,0.12495,3.74e-05,0.3004,0.0311,0.01502,0.0002215,0.00791,0.001036,0.000926,0.0689,0.0181,0.01001,0.0001143,0.0005209,3.914,0.009989,0.0092,0.4071,0.07298,0.03807,0.0737,0.003062,0.07059,0.3766,0.01207,4.754,0.01385,0.0015192,0.06882,0.02622,,0.3203,0.1643,0.01149,89261.7
2026-01-29 00:00:00+00:00,0.2251,0.008261,0.002374,0.03903,0.0047323,0.06042,1.42e-05,0.007351,0.02555,0.0005586,0.0186,0.06168,0.04804,0.07626,0.0005446,0.01188,,0.01424,0.000946,0.1172,3.47e-05,0.2621,0.02867,0.01321,0.0002117,0.00802,0.000975,0.000817,0.06273,0.01723,0.01001,0.0001037,0.0004681,3.728,0.009076,0.00842,0.30505,0.066,0.03807,0.0677,0.002825,0.07059,0.3389,0.01174,4.574,0.01325,0.0014054,0.06034,0.02466,,0.2959,0.1574,0.01065,84604.7
2026-01-30 00:00:00+00:00,0.2173,0.008032,0.002394,0.03921,0.0046367,0.06079,1.43e-05,0.007227,0.02555,0.0005391,0.01751,0.06168,0.04243,0.0777,0.0005579,0.01189,,0.01442,0.000908,0.11577,3.41e-05,0.2566,0.02887,0.01255,0.0002121,0.00793,0.00093,0.000802,0.06133,0.01835,0.01001,0.000102,0.0005037,3.649,0.008854,0.00835,0.23651,0.06641,0.03807,0.0656,0.002815,0.07059,0.33,0.01168,4.457,0.01295,0.0013684,0.0605,0.02462,,0.2883,0.1539,0.01063,84211.4
2026-01-31 00:00:00+00:00,0.1959,0.007183,0.002094,0.0347,0.0041466,0.06155,1.25e-05,0.0068,0.02555,0.0004756,0.01537,0.06168,0.0432,0.07659,0.0004751,0.01008,,0.01208,0.000828,0.10417,3.1e-05,0.2277,0.02633,0.01144,0.0001937,0.0076,0.000842,0.000717,0.05429,0.01636,0.01001,8.87e-05,0.0004434,3.083,0.007782,0.00745,0.18853,0.05722,0.03807,0.0561,0.00269,0.07059,0.2976,0.00857,4.244,0.01164,0.0012363,0.04666,0.02243,,0.2544,0.1325,0.00895,78706.8
2026-02-01 00:00:00+00:00,0.1851,0.007015,0.002067,0.03391,0.0041569,0.06347,1.23e-05,0.006619,0.02555,0.0004572,0.01476,0.06168,0.04183,0.07181,0.0004675,0.00937,,0.0116,0.00079,0.10421,3e-05,0.2157,0.02532,0.01073,0.0001868,0.0076,0.000813,0.00069,0.05347,0.01587,0.01001,8.46e-05,0.0004386,3.064,0.007529,0.0074,0.18351,0.05587,0.03807,0.0543,0.002556,0.07059,0.287,0.00885,4.132,0.01129,0.0011867,0.04289,0.02112,,0.2453,0.1297,0.00877,76931.5
2026-02-02 00:00:00+00:00,0.1933,0.007196,0.00211,0.03561,0.0042478,0.06177,1.29e-05,0.006871,0.02555,0.0004813,0.01566,0.06168,0.04669,0.07126,0.0004851,0.00975,,0.01239,0.000837,0.10785,3.14e-05,0.2253,0.0261,0.01109,0.0001892,0.00769,0.000832,0.00072,0.05522,0.01635,0.01001,8.79e-05,0.0004503,3.095,0.007802,0.00772,0.17528,0.05737,0.03807,0.0567,0.002402,0.07059,0.3233,0.00899,4.266,0.0118,0.0012572,0.04547,0.02153,,0.2551,0.1303,0.00923,78692.5
2026-02-03 00:00:00+00:00,0.1846,0.007048,0.002072,0.03456,0.0041199,0.06014,1.37e-05,0.0067,0.02555,0.0004761,0.01549,0.06168,0.07049,0.07593,0.0004723,0.00914,,0.01183,0.000799,0.10595,3.07e-05,0.2177,0.02528,0.01088,0.0001871,0.00758,0.000819,0.000686,0.05304,0.01556,0.01001,8.69e-05,0.0004474,3.125,0.007408,0.00769,0.17921,0.05573,0.03807,0.0561,0.002408,0.07059,0.3065,0.00832,4.21,0.01145,0.0012244,0.04315,0.0207,,0.2504,0.1352,0.00851,75732.4
2026-02-04 00:00:00+00:00,0.185,0.00696,0.002001,0.03383,0.0042032,0.05553,1.31e-05,0.006627,0.02555,0.0004509,0.01595,0.06168,0.0636,0.07155,0.0004692,0.0087,,0.01126,0.000771,0.10377,2.99e-05,0.2211,0.02498,0.01058,0.0001893,0.00746,0.000807,0.000673,0.05235,0.01475,0.01001,8.57e-05,0.0004433,3.092,0.007306,0.00759,0.18495,0.05478,0.03807,0.0557,0.002267,0.07059,0.3069,0.00798,4.142,0.01141,0.0012046,0.04029,0.02035,,0.2483,0.1332,0.00851,73137.4
2026-02-05 00:00:00+00:00,0.1535,0.005852,0.001689,0.02847,0.0034273,0.05154,1.08e-05,0.005623,0.02555,0.000382,0.01455,0.06168,0.06829,0.06533,0.0003785,0.00691,,0.00946,0.00064,0.08841,2.57e-05,0.183,0.02159,0.00872,0.0001657,0.00677,0.00068,0.000555,0.04291,0.01243,0.01001,7.15e-05,0.0003797,2.496,0.00597,0.0063,0.16232,0.04592,0.03807,0.0459,0.001929,0.07059,0.2489,0.00638,3.426,0.00978,0.0009886,0.03152,0.01744,,0.2075,0.111,0.00758,62868.1
2026-02-06 00:00:00+00:00,0.1775,0.006514,0.001906,0.03234,0.0039113,0.0476,1.23e-05,0.006323,0.02555,0.0004265,0.01512,0.06168,0.07989,0.07202,0.0004345,0.0083,,0.01081,0.000741,0.09842,2.87e-05,0.2007,0.02342,0.00946,0.0001824,0.00734,0.000755,0.000634,0.04743,0.01373,0.01001,8.09e-05,0.0004196,2.906,0.00672,0.00706,0.18708,0.05178,0.03807,0.052,0.002112,0.07059,0.3067,0.00716,3.505,0.01086,0.0011287,0.03535,0.01957,,0.2347,0.1071,0.00819,70544.5
2026-02-07 00:00:00+00:00,0.1781,0.006455,0.001899,0.03178,0.0038624,0.04851,1.19e-05,0.006318,0.02555,0.0004079,0.0153,0.06168,0.06155,0.07069,0.0004274,0.00779,,0.01082,0.000744,0.09819,2.95e-05,0.2007,0.02293,0.00947,0.0001766,0.00699,0.000742,0.00062,0.04749,0.01432,0.01001,7.9e-05,0.0004078,2.903,0.006616,0.00689,0.18982,0.05048,0.03807,0.0533,0.002095,0.07059,0.2921,0.00713,3.425,0.01061,0.0011095,0.03269,0.01935,,0.2336,0.1015,0.00813,69254.2
2026-02-08 00:00:00+00:00,0.1715,0.006251,0.001831,0.03101,0.0037756,0.04973,1.17e-05,0.006114,0.02555,0.0003903,0.01484,0.06168,0.07588,0.07596,0.0004055,0.0076,,0.0106,0.000716,0.09657,2.88e-05,0.1948,0.02228,0.00923,0.0001699,0.00712,0.000711,0.000598,0.04605,0.01401,0.01001,7.67e-05,0.000398,2.806,0.006469,0.0066,0.28591,0.0487,0.03807,0.0515,0.002087,0.07059,0.2927,0.00722,3.355,0.0102,0.0010571,0.03419,0.01828,,0.2275,0.1047,0.00808,70288.1
2026-02-09 00:00:00+00:00,0.1701,0.006202,0.001838,0.03086,0.0038153,0.0513,1.16e-05,0.006105,0.02555,0.0003907,0.01468,0.06168,0.06396,0.07572,0.0004017,0.00743,,0.0103,0.000701,0.09605,2.84e-05,0.1942,0.02236,0.00926,0.0001761,0.00719,0.000715,0.000603,0.04508,0.01387,0.01001,7.63e-05,0.0003965,2.785,0.006366,0.0066,0.27179,0.04801,0.03807,0.05113,0.002,0.07059,0.296,0.0071,3.36,0.01012,0.0010648,0.03316,0.01858,,0.2263,0.1089,0.00823,70110.5
2026-02-10 00:00:00+00:00,0.1643,0.005973,0.001772,0.02987,0.0036476,0.04597,1.15e-05,0.006012,0.02555,0.0003799,0.01416,0.06168,0.07131,0.08096,0.0003857,0.00713,,0.00975,0.000674,0.09271,2.79e-05,0.1806,0.0218,0.00911,0.0001719,0.00723,0.000688,0.000575,0.04367,0.01407,0.01001,7.23e-05,0.0003887,2.724,0.006137,0.0063,0.3892,0.04605,0.03807,0.04999,0.001912,0.07059,0.2934,0.00697,3.233,0.00996,0.0010163,0.03093,0.01824,,0.2166,0.1068,0.00781,68805.3
2026-02-11 00:00:00+00:00,0.1617,0.005869,0.001766,0.02905,0.0035642,0.04492,1.12e-05,0.005909,0.02555,0.0003774,0.01397,0.06168,0.06683,0.08141,0.0003817,0.00681,,0.00978,0.00066,0.09107,2.77e-05,0.1681,0.02174,0.00898,0.000174,0.00741,0.000675,0.000576,0.04287,0.01419,0.01001,7.06e-05,0.0003837,2.701,0.006026,0.0064,0.48677,0.045,0.03807,0.04786,0.001842,0.07059,0.2821,0.00672,3.217,0.00982,0.0010037,0.03155,0.01801,,0.2075,0.1022,0.00783,67054.4
2026-02-12 00:00:00+00:00,0.1672,0.006085,0.001828,0.03001,0.0037183,0.04634,1.15e-05,0.006044,0.02555,0.000391,0.01433,0.06168,0.07523,0.09137,0.0003993,0.0072,,0.01006,0.000676,0.09296,2.89e-05,0.1818,0.02356,0.00937,0.0001767,0.00804,0.0006929,0.0006277,0.05554,0.01479,0.01001,7.35e-05,0.0004009,2.788,0.006302,0.00664,0.5119,0.04762,0.03807,0.05004,0.00192,0.07059,0.285,0.00701,3.284,0.01012,0.0010565,0.0332,0.01815,,0.2156,0.1063,0.008,66243.1
2026-02-13 00:00:00+00:00,0.1685,0.006272,0.001897,0.03047,0.0037746,0.04849,1.18e-05,0.006313,0.02555,0.0004092,0.01466,0.06168,0.08264,0.09498,0.0004092,0.00779,,0.01075,0.000736,0.09663,2.94e-05,0.1894,0.02362,0.01004,0.0001789,0.0078,0.000705,0.0006367,0.05243,0.0171,0.01001,7.42e-05,0.0004081,2.849,0.006631,0.00681,0.58501,0.04876,0.03807,0.05119,0.002083,0.07059,0.298,0.00746,3.416,0.01069,0.0010973,0.0327,0.01861,,0.2208,0.1041,0.00826,68821.5
2026-02-14 00:00:00+00:00,0.1894,0.007191,0.002034,0.0351,0.004834,0.04915,1.27e-05,0.007028,0.02555,0.0004335,0.01621,0.06168,0.07954,0.09187,0.000456,0.00851,,0.01245,0.000817,0.11099,3.1e-05,0.2189,0.02535,0.01038,0.0001866,0.00799,0.0007771,0.0007009,0.06169,0.01858,0.01001,8.33e-05,0.0004315,2.962,0.007861,0.00744,0.70548,0.05482,0.03807,0.06116,0.002331,0.07059,0.3502,0.00787,3.584,0.01184,0.0012194,0.04279,0.02102,,0.2549,0.1073,0.00874,69795.4
2026-02-15 00:00:00+00:00,0.1759,0.006539,0.001885,0.03199,0.0044136,0.04647,1.16e-05,0.006543,0.02555,0.0004055,0.01553,0.06168,0.07701,0.09856,0.0004336,0.00779,,0.01148,0.000756,0.10261,2.9e-05,0.1979,0.02371,0.01003,0.0001795,0.00784,0.0007167,0.0006515,0.05563,0.01802,0.01001,7.59e-05,0.0004045,2.777,0.007045,0.00698,0.7007,0.04999,0.03807,0.05328,0.002203,0.07059,0.3203,0.00753,3.418,0.01123,0.0011043,0.04462,0.0193,,0.2306,0.1011,0.00842,68796.9
2026-02-16 00:00:00+00:00,0.1797,0.006574,0.001943,0.03218,0.0044769,0.04989,1.2e-05,0.006568,0.02555,0.0004063,0.01564,0.06168,0.07936,0.10004,0.0004423,0.0081,,0.0117,0.000772,0.10097,3.03e-05,0.2018,0.02417,0.01003,0.0001821,0.00841,0.0007285,0.0006556,0.06358,0.02024,0.01001,7.8e-05,0.0004076,2.816,0.00729,0.00716,0.66663,0.05142,0.03807,0.05466,0.002215,0.07059,0.3241,0.0076,3.379,0.01148,0.0011295,0.05221,0.02002,,0.236,0.1006,0.00877,68862.5
2026-02-17 00:00:00+00:00,0.1753,0.006502,0.001892,0.03171,0.004396,0.04569,1.17e-05,0.006515,0.02555,0.0003998,0.01505,0.06168,0.07751,0.10819,0.0004299,0.00786,,0.0114,0.000717,0.10061,2.96e-05,0.1964,0.02377,0.00974,0.0001795,0.00734,0.0007128,0.0006399,0.06067,0.02054,0.01001,7.6e-05,0.0003998,2.781,0.007136,0.00697,0.50736,0.05042,0.03807,0.05253,0.002202,0.07059,0.3416,0.00741,3.453,0.01093,0.0010934,0.04973,0.01947,,0.23,0.1081,0.00839,67475.9
2026-02-18 00:00:00+00:00,0.1683,0.006165,0.001781,0.03041,0.004233,0.04826,1.11e-05,0.006295,0.02555,0.000384,0.01455,0.06168,0.07796,0.11832,0.0004157,0.00741,,0.01051,0.000688,0.09849,2.8e-05,0.1855,0.02222,0.00917,0.0001753,0.00701,0.0006831,0.0006041,0.05644,0.01642,0.01001,7.25e-05,0.0003823,2.646,0.006768,0.0067,0.4986,0.04782,0.03807,0.05034,0.002012,0.07059,0.3275,0.00667,3.378,0.01044,0.0010415,0.04124,0.01856,,0.2216,0.117,0.00765,66422.8
2026-02-19 00:00:00+00:00,0.1692,0.006157,0.001764,0.02998,0.0042272,0.0461,1.1e-05,0.006205,0.02555,0.0003802,0.01476,0.06168,0.07669,0.12071,0.0004123,0.0073,,0.01037,0.000676,0.09831,2.81e-05,0.181,0.02179,0.00919,0.0001782,0.00731,0.0006747,0.0006016,0.0559,0.0165,0.01001,7.25e-05,0.0003783,2.585,0.006626,0.00672,0.47952,0.04765,0.03807,0.04963,0.002067,0.07059,0.3234,0.00701,3.415,0.01047,0.001035,0.04069,0.01873,,0.2168,0.116,0.00793,66974
2026-02-20 00:00:00+00:00,0.1725,0.006421,0.001846,0.03062,0.0042552,0.04777,1.13e-05,0.006422,0.02555,0.0003979,0.01473,0.06168,0.07339,0.12697,0.0004231,0.00789,,0.01109,0.00069,0.10004,2.9e-05,0.1862,0.02201,0.00919,0.0001811,0.00735,0.0006889,0.0006336,0.05606,0.01633,0.01001,7.51e-05,0.000383,2.623,0.006913,0.0069,0.47835,0.04898,0.03807,0.05195,0.002108,0.07059,0.3233,0.00717,3.569,0.01061,0.0010809,0.04327,0.01867,,0.2256,0.1211,0.00802,67979.3
2026-02-21 00:00:00+00:00,0.1702,0.006269,0.001816,0.03003,0.0041503,0.04731,1.12e-05,0.006386,0.02555,0.0003924,0.0143,0.06168,0.07362,0.13061,0.0004076,0.00748,,0.01089,0.000672,0.09836,2.84e-05,0.1832,0.02151,0.00875,0.0001765,0.00718,0.0006808,0.0006222,0.05601,0.01507,0.01001,7.28e-05,0.000381,2.631,0.006813,0.00671,0.48996,0.04787,0.03807,0.05126,0.002118,0.07059,0.3182,0.00702,3.464,0.01047,0.0010507,0.03991,0.01806,,0.2213,0.1204,0.00773,67933.1
2026-02-22 00:00:00+00:00,0.1653,0.006105,0.001745,0.02912,0.0040527,0.04796,1.07e-05,0.006193,0.02555,0.0003769,0.01408,0.06168,0.09048,0.12952,0.00039,0.00718,,0.01036,0.000651,0.09552,2.73e-05,0.1749,0.02113,0.00865,0.0001743,0.00687,0.0006625,0.0005908,0.05355,0.01467,0.01001,6.96e-05,0.000368,2.502,0.006572,0.00647,0.6247,0.04615,0.03807,0.04893,0.00202,0.07059,0.3046,0.0068,3.388,0.01013,0.0010125,0.03797,0.01777,,0.2111,0.1145,0.00722,67613.5
2026-02-23 00:00:00+00:00,0.1577,0.005856,0.001678,0.02805,0.0039664,0.04998,1.06e-05,0.006009,0.02555,0.0003675,0.0135,0.06168,0.09077,0.12788,0.0003756,0.00685,,0.00996,0.000619,0.09263,2.64e-05,0.1448,0.01904,0.00787,0.000158,0.00712,0.0006426,0.0005739,0.0512,0.01383,0.01001,6.73e-05,0.0003623,2.322,0.006315,0.00623,0.73944,0.04399,0.03807,0.04661,0.00179,0.07059,0.2715,0.00647,3.305,0.00958,0.000972,0.03764,0.01632,,0.2003,0.1099,0.00694,64625.8
2026-02-24 00:00:00+00:00,0.156,0.005728,0.001628,0.02785,0.0039445,0.05023,1.04e-05,0.005892,0.02555,0.0003668,0.01372,0.06168,0.10345,0.12496,0.000376,0.00683,,0.00985,0.000624,0.09133,2.61e-05,0.1496,0.01875,0.0077,0.0001641,0.00764,0.0006377,0.0005702,0.05061,0.01357,0.01001,6.62e-05,0.0003581,2.365,0.006439,0.00618,0.81198,0.04418,0.03807,0.0468,0.001692,0.07059,0.2863,0.0063,3.36,0.00935,0.0009682,0.03795,0.01647,,0.1943,0.1113,0.0068,64031.3
2026-02-25 00:00:00+00:00,0.1698,0.006434,0.00179,0.03045,0.0041359,0.04491,1.13e-05,0.006232,0.02555,0.0004124,0.01431,0.06168,0.05802,0.10793,0.0004073,0.00752,,0.01074,0.000685,0.10091,2.81e-05,0.1679,0.01982,0.00903,0.0001699,0.00842,0.0006495,0.0006256,0.05406,0.01448,0.01001,7.26e-05,0.0003873,2.566,0.007231,0.00683,0.74162,0.04816,0.03807,0.05146,0.001878,0.07059,0.3173,0.00703,3.526,0.01007,0.0010489,0.04334,0.01751,,0.2146,0.1161,0.00732,67952.5
2026-02-26 00:00:00+00:00,0.1655,0.006121,0.001729,0.02902,0.0038234,0.04426,1.1e-05,0.005963,0.02555,0.0003968,0.01408,0.06168,0.03055,0.11383,0.0003884,0.00721,,0.01023,0.000676,0.09694,2.76e-05,0.1671,0.019,0.00901,0.0001607,0.00768,0.0006259,0.0006091,0.05103,0.01334,0.01001,7.1e-05,0.0003742,2.445,0.006943,0.0067,0.80943,0.04603,0.03807,0.04855,0.001802,0.07059,0.3156,0.00718,3.466,0.00975,0.0010117,0.03997,0.01707,,0.2088,0.1155,0.00712,67448.2
2026-02-27 00:00:00+00:00,0.1603,0.005931,0.001664,0.0285,0.0036802,0.03822,1.11e-05,0.005787,0.02555,0.0003883,0.01395,0.06168,0.03076,0.11328,0.0003808,0.006913,,0.00983,0.0007018,0.09331,2.72e-05,0.1569,0.01914,0.00893,0.0001599,0.007287,0.0006131,0.0005911,0.05019,0.01362,0.01001,6.797e-05,0.000369,2.434,0.006789,0.0065,0.64548,0.04482,0.03807,0.04727,0.001791,0.07059,0.2973,0.007313,3.397,0.00962,0.0009739,0.03891,0.01663,,0.2039,0.1109,0.007081,65836
2026-02-28 00:00:00+00:00,0.1586,0.006011,0.001675,0.02784,0.0036532,0.03705,1.11e-05,0.005775,0.02555,0.0003835,0.01372,0.06168,0.02809,0.10868,0.0003806,0.007055,,0.00995,0.000703,0.094,2.59e-05,0.1648,0.01873,0.00864,0.0001568,0.007967,0.0006014,0.0006119,0.05039,0.01357,0.01001,6.547e-05,0.0003607,2.444,0.006985,0.00644,0.5912,0.0447,0.03807,0.04794,0.001922,0.07059,0.3155,0.007306,3.475,0.00952,0.0009855,0.04344,0.01696,,0.1947,0.1126,0.007205,66937.1
2026-03-01 00:00:00+00:00,0.1569,0.005824,0.00165,0.02714,0.0034494,0.0313,1.11e-05,0.005532,0.02555,0.0003777,0.01303,0.06168,0.04183,0.11108,0.0003791,0.006883,,0.00987,0.0006742,0.09186,2.56e-05,0.1534,0.01801,0.00841,0.000151,0.007769,0.0005729,0.0005929,0.04835,0.01316,0.01001,6.671e-05,0.0003483,2.386,0.006704,0.0062,0.57084,0.04335,0.03807,0.04621,0.001921,0.07059,0.3182,0.006976,3.418,0.00912,0.0009498,0.04056,0.01624,,0.1902,0.108,0.006957,65750
2026-03-02 00:00:00+00:00,0.1607,0.006004,0.001727,0.02804,0.0035156,0.03879,1.12e-05,0.005502,0.02555,0.0003929,0.01386,0.06168,0.05126,0.11133,0.0003889,0.007161,,0.01026,0.0006963,0.09351,2.72e-05,0.1638,0.01861,0.00899,0.0001576,0.008059,0.0005841,0.0006077,0.04923,0.01365,0.01001,6.825e-05,0.0003652,2.473,0.00701,0.00635,0.55442,0.04514,0.03807,0.04748,0.001974,0.07059,0.3285,0.007065,3.482,0.00946,0.0009779,0.04091,0.01656,,0.2014,0.1069,0.007069,68801.8
2026-03-03 00:00:00+00:00,0.1587,0.005968,0.001744,0.02807,0.0034586,0.04527,1.13e-05,0.005474,0.02555,0.0003913,0.01377,0.06168,0.0371,0.11202,0.0004007,0.007325,,0.01048,0.0007024,0.08991,2.71e-05,0.1666,0.01827,0.00914,0.0001564,0.007804,0.0006516,0.0006031,0.0483,0.01517,0.01001,6.823e-05,0.0003636,2.478,0.007027,0.00654,0.38122,0.04557,0.03807,0.04782,0.001918,0.07059,0.3255,0.007389,3.388,0.00968,0.0009634,0.04354,0.0167,,0.2035,0.1043,0.007305,68295.3
2026-03-04 00:00:00+00:00,0.1695,0.006242,0.001794,0.02946,0.0036488,0.05003,1.16e-05,0.005694,0.02555,0.0004088,0.01385,0.06168,0.03959,0.10993,0.000418,0.007625,,0.01095,0.0007404,0.0989,2.82e-05,0.1745,0.01926,0.00936,0.0001597,0.008087,0.0006306,0.0006371,0.05185,0.01456,0.01001,7.065e-05,0.0003789,2.55,0.007197,0.00707,0.35305,0.04795,0.03807,0.05147,0.002048,0.07059,0.3572,0.007369,3.426,0.00995,0.0010103,0.04727,0.01739,,0.2143,0.1067,0.007315,72641.4
2026-03-05 00:00:00+00:00,0.1638,0.006101,0.001698,0.02906,0.0034742,0.04827,1.12e-05,0.005525,0.02555,0.0003949,0.01364,0.06168,0.03723,0.11318,0.0004093,0.007592,,0.01036,0.0007263,0.09353,2.83e-05,0.1657,0.01879,0.008908,0.0001571,0.007967,0.0006156,0.0006283,0.05009,0.01435,0.01001,6.778e-05,0.0003754,2.494,0.007102,0.00711,0.34491,0.04688,0.03807,0.05164,0.002023,0.07059,0.3449,0.00731,3.227,0.00963,0.0009858,0.0424,0.01756,,0.2148,0.1026,0.007082,70854.8
2026-03-06 00:00:00+00:00,0.158,0.005852,0.001631,0.02808,0.0033857,0.04735,1.09e-05,0.005402,0.02555,0.000383,0.01334,0.06168,0.03857,0.12261,0.0003931,0.007198,,0.01005,0.0006919,0.09123,2.71e-05,0.1579,0.01825,0.008586,0.000155,0.00759,0.000597,0.0005887,0.04908,0.01407,0.01001,6.64e-05,0.0003625,2.414,0.006829,0.00697,0.35302,0.04574,0.03807,0.05088,0.001855,0.07059,0.3224,0.00685,3.133,0.00929,0.000934,0.04141,0.01732,,0.1887,0.0999,0.006792,68083
2026-03-07 00:00:00+00:00,0.1508,0.005672,0.001561,0.02767,0.0032458,0.04321,1.06e-05,0.005323,0.02555,0.0003723,0.01296,0.06168,0.03618,0.11833,0.0003816,0.006935,,0.00965,0.0006762,0.08987,2.55e-05,0.1468,0.01841,0.008248,0.0001514,0.007211,0.0005535,0.0005662,0.04679,0.01413,0.01001,6.324e-05,0.0003584,2.336,0.006564,0.00684,0.35125,0.0442,0.03807,0.04895,0.001883,0.07059,0.3088,0.006456,2.996,0.0093,0.0008925,0.03844,0.01666,,0.1773,0.096,0.006581,67232.1
2026-03-08 00:00:00+00:00,0.1505,0.005562,0.001597,0.02741,0.0031792,0.04305,1.05e-05,0.005282,0.02555,0.0003712,0.0125,0.06168,0.03481,0.11599,0.0003787,0.006848,,0.00949,0.0006862,0.08907,2.62e-05,0.1456,0.01788,0.00818,0.0001481,0.007177,0.0005583,0.000559,0.04621,0.01415,0.01001,6.259e-05,0.0003565,2.323,0.006488,0.00678,0.33471,0.04349,0.03807,0.04987,0.001916,0.07059,0.2964,0.006449,2.966,0.00923,0.0008808,0.03683,0.01676,,0.1771,0.0973,0.006743,65934.3
2026-03-09 00:00:00+00:00,0.1513,0.005846,0.001687,0.02826,0.0032628,0.04438,1.14e-05,0.005421,0.02555,0.0003937,0.01294,0.06168,0.03869,0.11994,0.0003989,0.006953,,0.00966,0.0006995,0.09042,3.48e-05,0.1477,0.01789,0.008311,0.0001519,0.008109,0.0005701,0.0005782,0.04789,0.01468,0.01001,6.426e-05,0.0003836,2.37,0.006946,0.00741,0.37002,0.0439,0.03807,0.05129,0.001952,0.07059,0.3042,0.006643,2.88,0.0098,0.000907,0.03798,0.01706,,0.1704,0.1003,0.006808,68394.1
2026-03-10 00:00:00+00:00,0.1574,0.005932,0.001747,0.02904,0.0032974,0.04823,1.11e-05,0.005645,0.02555,0.000406,0.01303,0.06168,0.04272,0.10857,0.0004241,0.007098,,0.00966,0.0007081,0.09446,3.23e-05,0.1551,0.01841,0.00852,0.0001575,0.00836,0.0005765,0.0005952,0.04848,0.01506,0.01001,6.521e-05,0.0003811,2.4,0.006973,0.0077,0.3549,0.04459,0.03807,0.05065,0.002007,0.07059,0.3046,0.006651,2.901,0.00974,0.0009077,0.03919,0.01698,,0.1636,0.1023,0.006727,69901.9
2026-03-11 00:00:00+00:00,0.1576,0.005961,0.001779,0.0294,0.003328,0.04889,1.17e-05,0.00573,0.02555,0.0004177,0.01344,0.06168,0.04197,0.11308,0.0004335,0.007155,,0.00964,0.0007269,0.09283,3.21e-05,0.1538,0.01886,0.009024,0.0001602,0.00839,0.0005861,0.0006093,0.04885,0.0149,0.01001,6.699e-05,0.0004021,2.547,0.007113,0.0075,0.36109,0.04553,0.03807,0.05119,0.002019,0.07059,0.3076,0.007056,2.896,0.00997,0.0009256,0.03867,0.0171,,0.1659,0.1011,0.007607,70150
2026-03-12 00:00:00+00:00,0.1607,0.006078,0.00183,0.0301,0.0033495,0.05029,1.32e-05,0.005914,0.02555,0.0004285,0.01392,0.06168,0.04405,0.11324,0.0004482,0.007515,,0.00967,0.0007361,0.09469,3.09e-05,0.1561,0.01923,0.010065,0.0001608,0.008347,0.0006084,0.0006165,0.05079,0.01562,0.01001,7.244e-05,0.000422,2.572,0.007212,0.00745,0.35266,0.04641,0.03807,0.0525,0.002096,0.07059,0.3131,0.007069,2.931,0.01014,0.0011697,0.03862,0.01841,,0.1697,0.1008,0.008049,70480.1
2026-03-13 00:00:00+00:00,0.16,0.006134,0.001808,0.02996,0.0033687,0.04903,1.22e-05,0.005934,0.02555,0.0004166,0.01372,0.06168,0.04264,0.11771,0.0004514,0.00746,,0.00916,0.0007374,0.09591,3.08e-05,0.1585,0.01868,0.009597,0.0001626,0.008318,0.0005911,0.0006473,0.0536,0.01583,0.01001,7.028e-05,0.0003955,2.537,0.007264,0.0074,0.35935,0.04689,0.03807,0.0527,0.001977,0.07059,0.3064,0.006922,3.856,0.01,0.0011414,0.03574,0.01816,,0.1675,0.104,0.007984,70895.5
2026-03-14 00:00:00+00:00,0.1589,0.006032,0.0018,0.02958,0.0033531,0.05032,1.22e-05,0.005875,0.02555,0.0004201,0.01381,0.06168,0.04882,0.11553,0.0004435,0.0073,,0.00937,0.0007529,0.09599,3.04e-05,0.1605,0.0185,0.009732,0.0001629,0.007919,0.0005925,0.0006374,0.05421,0.01547,0.01001,6.931e-05,0.0003861,2.52,0.00728,0.00715,0.37271,0.04628,0.03807,0.05283,0.001988,0.07059,0.306,0.006844,4.009,0.00988,0.0010696,0.0362,0.01827,,0.1663,0.1044,0.008036,71174.4
2026-03-15 00:00:00+00:00,0.1634,0.006073,0.001893,0.03009,0.0034559,0.05102,1.21e-05,0.005943,0.02555,0.0004421,0.01417,0.06168,0.04662,0.1333,0.0004479,0.007642,,0.00947,0.0008358,0.09734,3.09e-05,0.166,0.01881,0.00979,0.0001648,0.007626,0.0005917,0.0006487,0.05364,0.01547,0.01001,7.039e-05,0.0004034,2.582,0.007472,0.00724,0.36953,0.04704,0.03807,0.05526,0.001945,0.07059,0.3156,0.006964,4.044,0.01021,0.0010884,0.03966,0.0183,,0.1696,0.1041,0.008159,72778.9
2026-03-16 00:00:00+00:00,0.1769,0.006638,0.001894,0.03243,0.00401,0.04973,1.27e-05,0.006185,0.02555,0.0004517,0.01461,0.06168,0.04315,0.14012,0.0004794,0.00825,,0.00996,0.000823,0.10299,3.13e-05,0.2064,0.01995,0.010116,0.0001683,0.007567,0.0006254,0.0006868,0.05668,0.01573,0.01001,7.602e-05,0.0004273,2.775,0.007991,0.00756,0.18473,0.05031,0.03807,0.05851,0.002156,0.07059,0.3537,0.007129,3.898,0.01042,0.0011191,0.04642,0.01818,,0.1897,0.107,0.008349,74846.4
2026-03-17 00:00:00+00:00,0.1738,0.00663,0.001811,0.03104,0.003664,0.0477,1.24e-05,0.00606,0.02555,0.0004299,0.01428,0.06168,0.0364,0.16951,0.0004671,0.008081,,0.00926,0.0008108,0.10012,3.06e-05,0.2043,0.01947,0.010028,0.0001667,0.007209,0.0006059,0.0006612,0.05501,0.01494,0.01001,7.358e-05,0.0004097,2.689,0.007828,0.00713,0.12734,0.04827,0.03807,0.05582,0.00209,0.07059,0.345,0.006686,3.655,0.01012,0.0010437,0.0427,0.0168,,0.1887,0.1021,0.007957,73872.4
2026-03-18 00:00:00+00:00,0.1608,0.006162,0.001714,0.02989,0.003524,0.04895,1.15e-05,0.005817,0.02555,0.0004094,0.01388,0.06168,0.04067,0.05777,0.0004363,0.00756,,0.00829,0.000766,0.0952,2.88e-05,0.2126,0.01865,0.009371,0.0001599,0.006939,0.0005807,0.0006344,0.05166,0.01475,0.01001,6.877e-05,0.0003946,2.524,0.00747,0.0068,0.09455,0.04547,0.03807,0.05498,0.00197,0.07059,0.3143,0.006464,3.482,0.00951,0.0010038,0.03897,0.01635,,0.1807,0.0976,0.007104,71202.9
2026-03-19 00:00:00+00:00,0.1523,0.005956,0.001639,0.02978,0.0034131,0.04452,1.13e-05,0.005806,0.02555,0.0004057,0.01367,0.06168,0.04458,0.06054,0.0004165,0.006939,,0.00802,0.0007389,0.09349,2.81e-05,0.199,0.018,0.008882,0.0001554,0.006827,0.0005619,0.0006113,0.04995,0.01419,0.01001,6.549e-05,0.00039,2.462,0.007098,0.00659,0.09545,0.04429,0.03807,0.05246,0.001841,0.07059,0.302,0.006476,3.345,0.00915,0.0009883,0.03762,0.01591,,0.1726,0.0925,0.006945,69887.4
2026-03-20 00:00:00+00:00,0.1517,0.005916,0.001631,0.02966,0.0034133,0.04441,1.13e-05,0.005953,0.02555,0.0004147,0.0137,0.06168,0.04845,0.05333,0.0004121,0.006912,,0.00816,0.0007392,0.09413,2.81e-05,0.1978,0.01799,0.008784,0.0001554,0.006624,0.0005678,0.000625,0.05,0.01339,0.01001,6.404e-05,0.0003947,2.454,0.007125,0.00653,0.10142,0.04423,0.03807,0.05156,0.001868,0.07059,0.3048,0.006876,3.344,0.00874,0.0009956,0.03863,0.0161,,0.1786,0.0931,0.00694,70472.7
2026-03-21 00:00:00+00:00,0.148,0.005759,0.001635,0.0289,0.0033106,0.04876,1.07e-05,0.005851,0.02555,0.000407,0.01381,0.06168,0.04979,0.05227,0.0004018,0.006658,,0.00809,0.0007194,0.09129,2.78e-05,0.1865,0.01767,0.008424,0.0001499,0.006635,0.0005639,0.0005972,0.04822,0.01253,0.01001,6.35e-05,0.000394,2.355,0.006815,0.00681,0.09852,0.04278,0.03807,0.05079,0.001821,0.07059,0.2911,0.006851,3.251,0.00822,0.0010937,0.03693,0.01654,,0.1739,0.0956,0.006717,68881.5
2026-03-22 00:00:00+00:00,0.1455,0.005685,0.001617,0.02824,0.0032753,0.05054,1.06e-05,0.005697,0.02555,0.0003968,0.01329,0.06168,0.04821,0.05114,0.0003944,0.006403,,0.00798,0.0006996,0.09008,2.66e-05,0.1845,0.01662,0.008705,0.0001438,0.00627,0.000541,0.0005786,0.04673,0.01267,0.01001,6.045e-05,0.0003751,2.305,0.006685,0.00658,0.0908,0.04161,0.03807,0.05003,0.001763,0.07059,0.2873,0.006876,3.192,0.00918,0.0011333,0.03479,0.01592,,0.1718,0.0971,0.006568,67830.6
2026-03-23 00:00:00+00:00,0.152,0.005969,0.001755,0.02946,0.0034543,0.04825,1.11e-05,0.006098,0.02555,0.0004213,0.01454,0.06168,0.0475,0.06083,0.0004161,0.00655,,0.00823,0.000728,0.09408,2.84e-05,0.1772,0.01717,0.009625,0.0001479,0.006023,0.0005783,0.0006312,0.04875,0.01275,0.01001,6.322e-05,0.0003868,2.397,0.007007,0.00683,0.07164,0.04322,0.03807,0.05099,0.001811,0.07059,0.2957,0.00711,3.288,0.00919,0.001138,0.03561,0.01585,,0.1864,0.1039,0.006715,70865.9
2026-03-24 00:00:00+00:00,0.1542,0.006183,0.001698,0.02995,0.0035312,0.04648,1.17e-05,0.006197,0.02555,0.0004119,0.01387,0.06168,0.04676,0.05703,0.0004158,0.006756,,0.00842,0.000722,0.09506,2.87e-05,0.1873,0.01693,0.010007,0.0001452,0.006296,0.000578,0.0006241,0.04901,0.01253,0.01001,6.163e-05,0.0003892,2.399,0.007091,0.00678,0.07988,0.04273,0.03807,0.05149,0.001827,0.07059,0.298,0.007253,3.269,0.009,0.0010927,0.03609,0.01601,,0.192,0.1036,0.006938,70523.9
2026-03-25 00:00:00+00:00,0.1533,0.006208,0.001735,0.03032,0.0035388,0.04965,1.14e-05,0.006127,0.02555,0.0004193,0.01384,0.06168,0.0446,0.06094,0.0004184,0.006914,,0.00795,0.0007433,0.09613,2.9e-05,0.1921,0.01714,0.0111,0.000145,0.006471,0.0005907,0.0006306,0.04983,0.01253,0.01001,6.148e-05,0.0003833,2.417,0.007316,0.00697,0.05093,0.0431,0.03807,0.05339,0.001903,0.07059,0.3009,0.00757,3.282,0.00871,0.0010845,0.03641,0.01654,,0.19,0.102,0.007158,71297.5
2026-03-26 00:00:00+00:00,0.1431,0.005903,0.00158,0.02888,0.0034029,0.05852,1.08e-05,0.005912,0.02555,0.0003956,0.01296,0.06168,0.04278,0.05839,0.0003937,0.006624,,0.00772,0.0007002,0.09201,2.74e-05,0.176,0.01609,0.011337,0.0001394,0.006181,0.0005669,0.0005928,0.04723,0.01165,0.01001,5.838e-05,0.000362,2.299,0.006834,0.0065,0.05444,0.04102,0.03807,0.05001,0.001784,0.07059,0.2867,0.008319,3.125,0.00827,0.0010415,0.03217,0.01629,,0.1868,0.0984,0.006781,68788
2026-03-27 00:00:00+00:00,0.1401,0.005716,0.001556,0.02764,0.0032759,0.0577,1.05e-05,0.005772,0.02555,0.0003813,0.01221,0.06168,0.0475,0.05647,0.0003831,0.006091,,0.0074,0.0006865,0.09005,2.61e-05,0.1677,0.01521,0.010823,0.0001351,0.005995,0.0005287,0.0005629,0.045,0.01135,0.01001,5.561e-05,0.0003492,2.179,0.006491,0.00653,0.05181,0.03865,0.03807,0.04733,0.001711,0.07059,0.2719,0.009328,2.991,0.00823,0.0010009,0.031,0.01559,,0.1705,0.097,0.006509,66364.2
2026-03-28 00:00:00+00:00,0.1407,0.005732,0.001583,0.02758,0.0032813,0.04843,1.05e-05,0.00583,0.02555,0.0003867,0.01176,0.06168,0.05172,0.05638,0.0003758,0.00604,,0.00734,0.0006785,0.09092,2.59e-05,0.1693,0.01616,0.010994,0.0001324,0.005905,0.0005125,0.0005512,0.04471,0.01111,0.01001,5.514e-05,0.0003473,2.194,0.006365,0.00637,0.05594,0.0385,0.03807,0.04682,0.001707,0.07059,0.2717,0.008896,2.938,0.00815,0.001026,0.03037,0.01488,,0.1755,0.0975,0.006207,66334.8
2026-03-29 00:00:00+00:00,0.1378,0.005637,0.001546,0.02716,0.0032734,0.04585,1e-05,0.005784,0.02555,0.0003761,0.01166,0.06168,0.05051,0.05733,0.0003662,0.005832,,0.00696,0.0006616,0.0904,2.49e-05,0.1623,0.01568,0.011116,0.0001305,0.005966,0.0004951,0.0005397,0.04373,0.01106,0.01001,5.402e-05,0.0003392,2.15,0.006245,0.00611,0.05296,0.03777,0.03807,0.04619,0.001667,0.07059,0.2628,0.009282,2.863,0.00786,0.0009962,0.03116,0.01496,,0.1713,0.0977,0.005998,65977.9
2026-03-30 00:00:00+00:00,0.1401,0.005785,0.001663,0.02747,0.0033172,0.04419,1.04e-05,0.005923,0.02555,0.0003868,0.01179,0.06168,0.05075,0.06302,0.000376,0.005941,,0.0071,0.0006652,0.09078,2.72e-05,0.1706,0.018,0.010822,0.0001329,0.006413,0.0005067,0.0005486,0.04594,0.01116,0.01001,5.567e-05,0.0003508,2.207,0.006385,0.00616,0.05363,0.03873,0.03807,0.04689,0.001657,0.07059,0.2628,0.009377,2.935,0.00806,0.0010034,0.03038,0.01627,,0.1769,0.0984,0.006011,66764.4
2026-03-31 00:00:00+00:00,0.1437,0.005876,0.001629,0.02781,0.0034044,0.04166,1.1e-05,0.00595,0.02555,0.0003982,0.01185,0.06168,0.05391,0.06013,0.0003839,0.00613,,0.00727,0.0006768,0.09228,2.76e-05,0.1739,0.01797,0.01175,0.0001325,0.006683,0.0005228,0.0005655,0.04657,0.0114,0.01001,5.706e-05,0.0003638,2.318,0.006506,0.00662,0.04844,0.03968,0.03807,0.04794,0.001675,0.07059,0.2702,0.009515,3.01,0.00849,0.0010149,0.03101,0.01719,,0.179,0.0989,0.006285,68241.5
2026-04-01 00:00:00+00:00,0.1443,0.005881,0.001697,0.02775,0.0034026,0.03756,1.09e-05,0.006003,0.02555,0.000394,0.01201,0.06168,0.05501,0.05434,0.0003867,0.006131,,0.00728,0.0006835,0.09214,2.73e-05,0.1695,0.01724,0.011292,0.0001364,0.006432,0.0005218,0.0005687,0.04662,0.01159,0.01001,5.737e-05,0.0003618,2.309,0.006531,0.0065,0.05854,0.04056,0.03807,0.0479,0.001684,0.07059,0.2735,0.01035,2.948,0.0086,0.0010262,0.03126,0.01741,,0.1812,0.0997,0.006862,68086.5
2026-04-02 00:00:00+00:00,0.1387,0.005638,0.001595,0.02651,0.0033317,0.03998,1.05e-05,0.005858,0.02555,0.0003792,0.01176,0.06168,0.05245,0.05826,0.0003675,0.005897,,0.007401,0.0006621,0.09035,2.65e-05,0.1595,0.01665,0.01199,0.0001373,0.006253,0.000508,0.0005487,0.04508,0.01089,0.01001,5.397e-05,0.0003452,2.269,0.006217,0.00615,0.06323,0.03909,0.03807,0.04659,0.001631,0.07059,0.2617,0.009554,2.813,0.008591,0.0009493,0.03263,0.01827,,0.1792,0.1,0.007164,66868.5
2026-04-03 00:00:00+00:00,0.1324,0.005713,0.001577,0.02667,0.0034165,0.03632,1.08e-05,0.005984,0.02555,0.0003778,0.01204,0.06168,0.05486,0.05557,0.0003858,0.006055,,0.008023,0.0006566,0.0915,2.72e-05,0.1636,0.01685,0.011799,0.0001418,0.006336,0.0005111,0.0005497,0.04492,0.01108,0.01001,5.549e-05,0.0003572,2.46,0.006274,0.00656,0.02852,0.04053,0.03807,0.04801,0.001651,0.07059,0.2638,0.008636,2.792,0.008731,0.0009973,0.03462,0.01855,,0.1815,0.0986,0.007008,66930
2026-04-04 00:00:00+00:00,0.1369,0.005693,0.001604,0.02714,0.0034051,0.03738,1.08e-05,0.005988,0.02555,0.000381,0.01204,0.06168,0.05511,0.05766,0.0003802,0.00613,,0.008003,0.0006641,0.09202,2.69e-05,0.1663,0.01677,0.012094,0.0001385,0.006448,0.0005046,0.0005519,0.04539,0.01113,0.01001,5.495e-05,0.0003573,2.511,0.006241,0.00666,0.04132,0.04034,0.03807,0.04821,0.001671,0.07059,0.2637,0.010756,2.9,0.008448,0.0009905,0.03165,0.01798,,0.1817,0.0984,0.007094,67271
2026-04-05 00:00:00+00:00,0.1395,0.005667,0.001648,0.02717,0.0034942,0.03869,1.06e-05,0.005996,0.02555,0.0003822,0.01187,0.06168,0.05375,0.05901,0.0003812,0.006348,,0.008428,0.0006643,0.09235,2.66e-05,0.1693,0.0163,0.011493,0.0001377,0.010117,0.0005015,0.0005575,0.04582,0.01127,0.01001,5.57e-05,0.0003485,2.352,0.006309,0.00651,0.04526,0.04079,0.03807,0.04882,0.001693,0.07059,0.2702,0.009946,2.876,0.008602,0.0009934,0.03188,0.01802,,0.1825,0.0985,0.007222,68997.9
2026-04-06 00:00:00+00:00,0.1329,0.005638,0.001616,0.02681,0.0033193,0.03553,1.09e-05,0.005827,0.02555,0.0003913,0.01172,0.06168,0.05709,0.05812,0.0003754,0.006166,,0.008125,0.0006713,0.09053,2.71e-05,0.1668,0.01595,0.012956,0.0001368,0.009422,0.0004996,0.0005606,0.04512,0.01184,0.01001,5.501e-05,0.0003456,2.331,0.006253,0.00639,0.03287,0.0406,0.03807,0.04729,0.001678,0.07059,0.2743,0.00951,2.839,0.008498,0.0009564,0.03053,0.0172,,0.1783,0.0981,0.007072,68817.9
2026-04-07 00:00:00+00:00,0.1445,0.006102,0.001683,0.02885,0.0037214,0.03842,1.14e-05,0.006134,0.02555,0.0004078,0.01224,0.06168,0.05871,0.05701,0.0004,0.00692,,0.008489,0.0007338,0.09491,2.87e-05,0.1974,0.01732,0.015185,0.0001435,0.008506,0.0005283,0.0005988,0.04985,0.01204,0.01001,5.939e-05,0.0003661,2.496,0.006838,0.00697,0.03426,0.04452,0.03807,0.0513,0.001865,0.07059,0.3166,0.015002,2.999,0.008867,0.0010332,0.03465,0.01791,,0.1993,0.1004,0.007702,71890.2
2026-04-08 00:00:00+00:00,0.1373,0.005782,0.001663,0.02751,0.0035394,0.03725,1.1e-05,0.005932,0.02555,0.0003919,0.01197,0.06168,0.06005,0.05593,0.0003879,0.006638,,0.008426,0.0007263,0.09235,2.75e-05,0.204,0.01683,0.016509,0.0001396,0.008547,0.0005062,0.0005727,0.04801,0.01159,0.01001,5.729e-05,0.0003492,2.397,0.006508,0.00661,0.03291,0.04167,0.03807,0.05067,0.001755,0.07059,0.2938,0.015897,2.916,0.008613,0.0010061,0.03531,0.01691,,0.194,0.0902,0.007932,71038.1
2026-04-09 00:00:00+00:00,0.1348,0.005874,0.001683,0.02839,0.0035127,0.03659,1.1e-05,0.005908,0.02555,0.000394,0.01231,0.06168,0.07114,0.05717,0.0003977,0.006609,,0.010178,0.0007521,0.09255,2.78e-05,0.1748,0.01808,0.016535,0.0001396,0.008215,0.0005134,0.0005895,0.04916,0.01155,0.01001,5.858e-05,0.0003561,2.422,0.006567,0.00689,0.03062,0.0426,0.03807,0.05043,0.0018,0.07059,0.304,0.017368,2.924,0.008328,0.0010695,0.03629,0.0169,,0.1985,0.0885,0.00917,71750.4
2026-04-10 00:00:00+00:00,0.1358,0.005966,0.001707,0.02941,0.0036281,0.03651,1.11e-05,0.005967,0.02555,0.0003978,0.01273,0.06168,0.07113,0.0593,0.0004042,0.006765,,0.012987,0.0007582,0.09365,2.84e-05,0.185,0.01748,0.016446,0.0001443,0.007747,0.0005206,0.0005947,0.05119,0.01218,0.01001,5.955e-05,0.0003668,2.452,0.006768,0.00701,0.02996,0.04285,0.03807,0.05225,0.001857,0.07059,0.326,0.017392,2.847,0.008344,0.001058,0.04247,0.01729,,0.1982,0.0806,0.010132,72917.4
2026-04-11 00:00:00+00:00,0.1367,0.00593,0.001649,0.02916,0.0036393,0.03762,1.11e-05,0.005948,0.02555,0.0003938,0.01237,0.06168,0.07671,0.05977,0.0003981,0.006737,,0.012982,0.0007489,0.09303,2.98e-05,0.2044,0.01757,0.016887,0.0001455,0.007987,0.0005206,0.0005977,0.05072,0.01191,0.01001,5.914e-05,0.0003783,2.398,0.006999,0.00686,0.02943,0.04231,0.03807,0.05204,0.001907,0.07059,0.3296,0.017567,2.822,0.00847,0.0010455,0.04353,0.01728,,0.1986,0.0796,0.00924,73013.4
2026-04-12 00:00:00+00:00,0.1288,0.005619,0.001581,0.02742,0.003459,0.03746,1.07e-05,0.005757,0.02555,0.0003773,0.01171,0.06168,0.07493,0.07332,0.0003743,0.006748,,0.013264,0.0007219,0.09078,2.72e-05,0.1836,0.01517,0.016025,0.0001381,0.007649,0.0004899,0.0005599,0.04696,0.01111,0.01001,5.531e-05,0.0003539,2.238,0.006415,0.00647,0.02682,0.03999,0.03807,0.04946,0.001784,0.07059,0.2989,0.016502,2.79,0.008036,0.0009902,0.03845,0.01627,,0.1871,0.0783,0.008897,70711.1
2026-04-13 00:00:00+00:00,0.139,0.006117,0.001746,0.02969,0.0037512,0.03751,1.14e-05,0.006002,0.02555,0.0004056,0.01374,0.06168,0.07254,0.0871,0.0004459,0.007437,,0.014666,0.0007406,0.09409,2.86e-05,0.1995,0.01556,0.016049,0.000148,0.008724,0.0005356,0.000597,0.05256,0.01311,0.01001,6.854e-05,0.0003787,2.541,0.007029,0.00703,0.02652,0.04611,0.03807,0.05356,0.001923,0.07059,0.3292,0.01636,2.871,0.010288,0.001079,0.04402,0.01677,,0.2013,0.0815,0.009864,74385
2026-04-14 00:00:00+00:00,0.1328,0.005847,0.001714,0.02796,0.0035643,0.03637,1.14e-05,0.005821,0.02555,0.0003966,0.0129,0.06168,0.0703,0.08282,0.0004088,0.00703,,0.013592,0.0007196,0.0929,2.99e-05,0.1908,0.01453,0.014552,0.0001465,0.008752,0.0005117,0.0005617,0.0501,0.01348,0.01001,6.428e-05,0.0003616,2.441,0.006799,0.00718,0.0258,0.04365,0.03807,0.05002,0.001825,0.07059,0.3145,0.014536,2.8,0.010498,0.0010279,0.04246,0.01635,,0.1931,0.0807,0.010412,74106.9
2026-04-15 00:00:00+00:00,0.1371,0.006083,0.001788,0.02896,0.0037223,0.04428,1.33e-05,0.005964,0.02555,0.0004086,0.01346,0.06168,0.07019,0.07885,0.0004452,0.007287,,0.012378,0.000735,0.09485,3.01e-05,0.206,0.01611,0.013065,0.0001478,0.008766,0.0005458,0.0005783,0.05252,0.01328,0.01001,7.836e-05,0.0003966,3.432,0.007158,0.00746,0.02575,0.05074,0.03807,0.05279,0.001911,0.07059,0.3357,0.014303,2.936,0.009759,0.0011428,0.04325,0.01674,,0.1998,0.0808,0.010107,74776.2
2026-04-16 00:00:00+00:00,0.1475,0.006491,0.002093,0.03206,0.003977,0.04419,1.85e-05,0.006262,0.02555,0.000447,0.01698,0.06168,0.07327,0.0729,0.0005602,0.008036,,0.011847,0.0007785,0.09917,3.72e-05,0.2251,0.01822,0.016658,0.0001811,0.010276,0.0006234,0.0006244,0.05931,0.01501,0.01001,0.0001164,0.0004424,8.526,0.007885,0.00876,0.04085,0.07122,0.03807,0.06093,0.002009,0.07059,0.3566,0.018939,3.07,0.014408,0.0012749,0.04776,0.02209,,0.2182,0.0821,0.012686,75106.8
2026-04-17 00:00:00+00:00,0.1523,0.006412,0.001965,0.03222,0.0039526,0.03986,1.78e-05,0.006301,0.02555,0.0004456,0.01534,0.06168,0.06973,0.07081,0.0005263,0.007721,,0.013081,0.0007723,0.09936,3.28e-05,0.2158,0.01781,0.016192,0.0001636,0.010339,0.0005816,0.000629,0.05715,0.01545,0.01001,0.00010216,0.0004205,7.173,0.007665,0.00811,0.03184,0.06455,0.03807,0.06259,0.001994,0.07059,0.3705,0.018216,3.04,0.014919,0.001196,0.04672,0.02024,,0.2143,0.0808,0.014994,77030.6
2026-04-18 00:00:00+00:00,0.1444,0.006037,0.001848,0.03067,0.0037739,0.0361,1.48e-05,0.006064,0.02555,0.0004176,0.01475,0.06168,0.06873,0.07113,0.0004924,0.007155,,0.014072,0.0007591,0.09473,3.13e-05,0.1984,0.01682,0.017125,0.0001527,0.009331,0.0005418,0.0005887,0.05296,0.01423,0.01001,8.662e-05,0.0003915,5.048,0.007255,0.00754,0.02738,0.05496,0.03807,0.06131,0.001875,0.07059,0.3401,0.016673,2.876,0.011537,0.0011039,0.04276,0.01883,,0.2025,0.0788,0.013365,75653.8
2026-04-19 00:00:00+00:00,0.1351,0.005909,0.001756,0.03035,0.0036479,0.0326,1.4e-05,0.005893,0.02555,0.0004054,0.0143,0.06168,0.06557,0.06737,0.0005718,0.006602,,0.013186,0.0007113,0.09298,3.37e-05,0.1923,0.01605,0.016609,0.0001478,0.008251,0.0005563,0.0005593,0.05184,0.01335,0.01001,8.843e-05,0.000375,4.203,0.00695,0.00728,0.02457,0.05582,0.03807,0.05875,0.001771,0.07059,0.3089,0.019189,2.792,0.010494,0.0011001,0.04031,0.01873,,0.1943,0.0772,0.012789,73758.4
2026-04-20 00:00:00+00:00,0.1594,0.006106,0.001857,0.03131,0.0037545,0.03402,1.48e-05,0.005999,0.02555,0.0004226,0.01433,0.06168,0.0668,0.06918,0.0005779,0.007121,,0.014543,0.0007286,0.09515,3.32e-05,0.2017,0.01652,0.018452,0.0001544,0.008562,0.0005775,0.0005839,0.05763,0.01389,0.01001,8.453e-05,0.0003884,4.846,0.007507,0.00731,0.02545,0.05691,0.03807,0.06004,0.001818,0.07059,0.3293,0.020524,2.87,0.01099,0.001138,0.04219,0.01973,,0.199,0.0783,0.014706,75790.1
2026-04-21 00:00:00+00:00,0.153,0.006175,0.001845,0.03127,0.0038164,0.03464,1.48e-05,0.006087,0.02555,0.0004212,0.01423,0.06168,0.06674,0.07436,0.0005477,0.007035,,0.01321,0.0007454,0.09513,3.35e-05,0.2008,0.01676,0.016451,0.0001551,0.008589,0.0005741,0.0005876,0.05641,0.01358,0.01001,8.284e-05,0.0003935,4.686,0.007768,0.00733,0.02499,0.05668,0.03807,0.06017,0.001843,0.07059,0.3428,0.018175,2.854,0.011239,0.0011324,0.04223,0.02021,,0.1966,0.0789,0.017281,76288.2
2026-04-22 00:00:00+00:00,0.1645,0.006323,0.001862,0.03234,0.0037922,0.0367,1.44e-05,0.006103,0.02555,0.0004243,0.014,0.06168,0.06533,0.08386,0.0005418,0.007062,,0.013424,0.0007548,0.09557,3.26e-05,0.2012,0.01704,0.016683,0.0001539,0.008542,0.0005666,0.0006048,0.05775,0.01341,0.01001,9.178e-05,0.0003981,4.289,0.008219,0.00758,0.0241,0.05392,0.03807,0.05958,0.001838,0.07059,0.3922,0.018583,2.912,0.010771,0.0011474,0.04127,0.01943,,0.1895,0.078,0.0152,78139.8
2026-04-23 00:00:00+00:00,0.1578,0.006339,0.001875,0.03374,0.0038267,0.04031,1.45e-05,0.006147,0.02555,0.0004245,0.0139,0.06168,0.06685,0.08112,0.0005306,0.006932,,0.013593,0.000707,0.09709,3.2e-05,0.1999,0.01718,0.017538,0.0001556,0.008607,0.0005688,0.0006062,0.05948,0.01364,0.01001,9.167e-05,0.0004012,4.574,0.00844,0.00768,0.02506,0.05362,0.03807,0.06005,0.001793,0.07059,0.3959,0.018495,2.866,0.01135,0.0011495,0.0425,0.01936,,0.179,0.0777,0.015882,78216.8
2026-04-24 00:00:00+00:00,0.1571,0.006318,0.001892,0.03296,0.0038634,0.03674,1.46e-05,0.006199,0.02555,0.0004234,0.01425,0.06168,0.06469,0.078,0.0005457,0.006939,,0.012571,0.0006641,0.09839,3.29e-05,0.1994,0.01704,0.021031,0.0001568,0.0086,0.0005761,0.0006099,0.05911,0.01394,0.01001,8.717e-05,0.0004316,4.868,0.008374,0.00805,0.02837,0.05289,0.03807,0.06031,0.001776,0.07059,0.3799,0.018046,2.878,0.011181,0.0011718,0.04348,0.01567,,0.1788,0.0751,0.01673,77395.4
2026-04-25 00:00:00+00:00,0.1519,0.006206,0.001847,0.03222,0.0038488,0.03744,1.44e-05,0.006169,0.02555,0.000416,0.01449,0.06168,0.06697,0.09603,0.0005155,0.006883,,0.012323,0.0006502,0.09796,3.21e-05,0.1981,0.0164,0.017593,0.0001561,0.008009,0.0005701,0.0006078,0.05772,0.0136,0.01001,8.826e-05,0.0004124,4.673,0.008614,0.0078,0.03109,0.052,0.03807,0.05914,0.001749,0.07059,0.3738,0.017837,2.562,0.011188,0.0011637,0.04081,0.01517,,0.178,0.075,0.017283,77585
2026-04-26 00:00:00+00:00,0.1566,0.006292,0.001888,0.03295,0.0038939,0.03723,1.47e-05,0.006207,0.02555,0.0004197,0.01513,0.06168,0.06893,0.08241,0.0005196,0.007018,,0.012,0.0006825,0.09916,3.2e-05,0.2081,0.01682,0.01763,0.0001576,0.008124,0.0005742,0.0006183,0.05821,0.01353,0.01001,8.774e-05,0.0004191,4.585,0.008943,0.00786,0.02976,0.05378,0.03807,0.06222,0.001759,0.07059,0.3868,0.018454,2.609,0.011287,0.0011796,0.04119,0.01562,,0.1778,0.0749,0.014898,78613.5
2026-04-27 00:00:00+00:00,0.154,0.006228,0.001826,0.0322,0.0039064,0.03855,1.439e-05,0.006141,0.02555,0.0004106,0.01409,0.06168,0.07923,0.07136,0.0005126,0.007092,,0.011076,0.0006824,0.09889,3.098e-05,0.201,0.0167,0.017393,0.0001543,0.007619,0.0005672,0.0006012,0.05885,0.01335,0.01001,8.92e-05,0.0004046,4.394,0.01032,0.00769,0.02625,0.05562,0.03807,0.06342,0.001776,0.07059,0.3777,0.019814,2.524,0.010809,0.0011656,0.04047,0.01719,,0.1773,0.0727,0.017064,77331.2
2026-04-28 00:00:00+00:00,0.1514,0.006225,0.001938,0.03188,0.0038782,0.04017,1.417e-05,0.006135,0.02555,0.0004084,0.01437,0.06168,0.06674,0.07614,0.0005111,0.007236,,0.011302,0.0006713,0.09928,3.171e-05,0.2048,0.01752,0.018674,0.0001536,0.007743,0.0005709,0.0005954,0.058,0.01482,0.01001,8.865e-05,0.0003999,4.456,0.010176,0.00758,0.02634,0.05512,0.03807,0.06078,0.0019,0.07059,0.3623,0.021334,2.485,0.011609,0.0011552,0.03938,0.01575,,0.1789,0.0738,0.019666,76298.1
2026-04-29 00:00:00+00:00,0.149,0.006171,0.00188,0.0323,0.0038529,0.03742,1.344e-05,0.006155,0.02555,0.0004108,0.01369,0.06168,0.07543,0.07177,0.0005021,0.007135,,0.011373,0.0006713,0.10402,3.063e-05,0.1977,0.01693,0.01995,0.0001572,0.006914,0.0005667,0.00058,0.05934,0.01359,0.01001,8.745e-05,0.0003858,4.283,0.009693,0.00746,0.0259,0.05295,0.03807,0.05885,0.001743,0.07059,0.374,0.025095,2.391,0.010749,0.0011423,0.03812,0.01575,,0.1781,0.0631,0.027255,75749.9
2026-04-30 00:00:00+00:00,0.1473,0.00615,0.001888,0.03205,0.0038727,0.03861,1.384e-05,0.006219,0.02555,0.0004144,0.0138,0.06168,0.07481,0.07252,0.0005212,0.007169,,0.011278,0.0006713,0.10645,3.158e-05,0.1976,0.01649,0.018012,0.0001521,0.006686,0.0005613,0.0005784,0.05947,0.01335,0.01001,8.832e-05,0.0003801,4.367,0.009962,0.00745,0.02544,0.05303,0.03807,0.05565,0.001776,0.07059,0.361,0.026178,2.381,0.010635,0.0011336,0.03788,0.01575,,0.1835,0.0607,0.025589,76305.4
2026-05-01 00:00:00+00:00,0.1509,0.006223,0.001852,0.03222,0.0039365,0.0395,1.378e-05,0.006268,0.02555,0.0004119,0.0141,0.06168,0.07534,0.07365,0.0005167,0.007712,,0.013933,0.0006713,0.10845,3.181e-05,0.206,0.0175,0.018019,0.0001524,0.006813,0.0005592,0.000587,0.06091,0.01343,0.01001,8.975e-05,0.0003821,4.468,0.009849,0.00779,0.0261,0.05514,0.03807,0.05823,0.001814,0.07059,0.3721,0.025662,2.309,0.010612,0.0011382,0.0391,0.01575,,0.1885,0.0544,0.030642,78192
2026-05-02 00:00:00+00:00,0.1557,0.006302,0.001912,0.0324,0.003991,0.03958,1.53e-05,0.006272,0.02555,0.0004169,0.01501,0.06168,0.07168,0.07812,0.0005566,0.007956,,0.015823,0.0006713,0.10844,3.25e-05,0.2077,0.01884,0.018149,0.0001559,0.007086,0.0005725,0.0005957,0.06142,0.0139,0.01001,9.585e-05,0.0003961,5.464,0.009872,0.00797,0.02585,0.06001,0.03807,0.0605,0.001817,0.07059,0.377,0.026298,2.354,0.011395,0.0012089,0.04099,0.01575,,0.1894,0.0554,0.026097,78652.9
2026-05-03 00:00:00+00:00,0.1566,0.006236,0.001956,0.03184,0.0039409,0.03853,1.468e-05,0.006162,0.02555,0.000415,0.0146,0.06168,0.06837,0.07526,0.0005356,0.00798,,0.01424,0.0006713,0.10822,3.252e-05,0.2028,0.01873,0.017766,0.000156,0.007156,0.0005627,0.0005889,0.05944,0.01518,0.01001,9.407e-05,0.0004022,5.387,0.009876,0.0078,0.02544,0.05992,0.03807,0.0601,0.001798,0.07059,0.3698,0.026276,2.329,0.015217,0.0011817,0.0418,0.01575,,0.1877,0.0584,0.025553,78529
2026-05-04 00:00:00+00:00,0.1558,0.006223,0.002035,0.0318,0.0039814,0.03851,1.476e-05,0.006188,0.02555,0.0004176,0.01581,0.06168,0.06684,0.07521,0.0005373,0.007962,,0.017006,0.0006713,0.11005,3.776e-05,0.2043,0.01953,0.018002,0.0001731,0.00739,0.0005781,0.0006029,0.06137,0.0172,0.01001,9.331e-05,0.0004555,5.039,0.010092,0.00792,0.02515,0.05932,0.03807,0.06016,0.001822,0.07059,0.3793,0.033807,2.313,0.025971,0.0011998,0.04305,0.01575,,0.1905,0.0636,0.034032,79826.1
2026-05-05 00:00:00+00:00,0.151,0.006492,0.002061,0.03295,0.0041132,0.03931,1.515e-05,0.006344,0.02555,0.0004397,0.01596,0.06168,0.07041,0.07671,0.0005904,0.0079,,0.016582,0.0006713,0.11478,6.169e-05,0.2245,0.01891,0.017036,0.0001744,0.007226,0.0005957,0.0006213,0.06293,0.01642,0.01001,9.815e-05,0.0005273,5.198,0.011032,0.00839,0.02528,0.06017,0.03807,0.06204,0.001854,0.07059,0.3948,0.030215,2.373,0.020396,0.0012798,0.04232,0.01575,,0.2003,0.0652,0.029853,80861.9
2026-05-06 00:00:00+00:00,0.157,0.006802,0.002141,0.03356,0.0041608,0.03927,1.566e-05,0.006409,0.02555,0.0004409,0.01599,0.06168,0.06981,0.06979,0.0005963,0.008225,,0.017784,0.0006713,0.11239,5.89e-05,0.2519,0.01892,0.015225,0.0001926,0.007546,0.0006104,0.0006379,0.06415,0.01627,0.01001,9.821e-05,0.0005464,5.521,0.010734,0.00836,0.02439,0.06246,0.03807,0.0703,0.001947,0.07059,0.4298,0.026348,2.367,0.019032,0.0013057,0.04869,0.01575,,0.2213,0.067,0.043557,81390.1
2026-05-07 00:00:00+00:00,0.1542,0.006785,0.002275,0.035,0.0041552,0.03846,1.542e-05,0.006272,0.02555,0.0004393,0.01624,0.06168,0.06758,0.07246,0.0006028,0.008815,,0.015582,0.0006713,0.10778,8.691e-05,0.2443,0.01878,0.014637,0.0002136,0.007678,0.0006122,0.0006224,0.06389,0.01584,0.01001,9.711e-05,0.0006924,5.131,0.010275,0.00834,0.02469,0.06093,0.03807,0.06864,0.002012,0.07059,0.4172,0.027822,2.377,0.024739,0.0013037,0.05075,0.01575,,0.2192,0.0741,0.03621,79969.4
2026-05-08 00:00:00+00:00,0.1583,0.007198,0.002243,0.03687,0.0043167,0.03918,1.597e-05,0.006454,0.02555,0.0004712,0.01608,0.06168,0.06972,0.07242,0.0006276,0.008966,,0.015635,0.0006713,0.10947,8.555e-05,0.2538,0.02027,0.015001,0.00019,0.008155,0.0006386,0.0006666,0.06636,0.01595,0.01001,0.00010139,0.0006772,5.622,0.010491,0.00865,0.02545,0.06218,0.03807,0.06956,0.002157,0.07059,0.4484,0.026763,2.478,0.022124,0.0013355,0.05258,0.01575,,0.2255,0.0752,0.039606,80155.2
2026-05-09 00:00:00+00:00,0.1602,0.007237,0.002235,0.03596,0.0042449,0.03907,1.584e-05,0.006363,0.02555,0.00046,0.01575,0.06168,0.06871,0.07237,0.0006038,0.010045,,0.015059,0.0006713,0.10869,7.705e-05,0.2534,0.0212,0.01514,0.0001818,0.00881,0.0006207,0.0006747,0.06629,0.01592,0.01001,9.903e-05,0.0006288,5.516,0.010682,0.00834,0.02555,0.06101,0.03807,0.06781,0.00214,0.07059,0.4586,0.024508,2.458,0.024127,0.0013333,0.05097,0.01575,,0.225,0.07,0.047508,80634
2026-05-10 00:00:00+00:00,0.17,0.007715,0.002257,0.03732,0.0044091,0.03887,1.594e-05,0.006606,0.02555,0.000478,0.01613,0.06168,0.06317,0.07552,0.0006459,0.010773,,0.016401,0.0006713,0.11242,7.012e-05,0.2654,0.02127,0.0154,0.0001815,0.008372,0.0006315,0.000706,0.06708,0.01611,0.01001,0.00010331,0.000597,5.338,0.010639,0.00856,0.02603,0.06305,0.03807,0.07219,0.002191,0.07059,0.4832,0.022205,2.486,0.021823,0.0013621,0.05696,0.01575,,0.2315,0.0688,0.051776,82177.7
2026-05-11 00:00:00+00:00,0.1725,0.007535,0.002202,0.03702,0.0043402,0.03875,1.55e-05,0.006593,0.02555,0.0004688,0.01596,0.06168,0.06431,0.07395,0.0006358,0.010463,,0.018201,0.0006713,0.11127,6.72e-05,0.2576,0.02099,0.015477,0.0001838,0.008068,0.0006172,0.000696,0.06394,0.01717,0.01001,0.00010151,0.000584,4.902,0.010221,0.00836,0.02707,0.06183,0.03807,0.07064,0.002097,0.07059,0.479,0.019948,2.43,0.021224,0.0013314,0.06855,0.01575,,0.2306,0.0667,0.043737,81699.1
2026-05-12 00:00:00+00:00,0.1656,0.007076,0.002145,0.03525,0.0041413,0.03654,1.513e-05,0.006416,0.02555,0.0004509,0.01607,0.06168,0.06736,0.07354,0.0006038,0.009879,,0.017341,0.0006713,0.11012,6.521e-05,0.2327,0.02098,0.012259,0.0001779,0.007814,0.0005994,0.0006477,0.05916,0.01677,0.01001,9.528e-05,0.000559,4.641,0.009508,0.00789,0.02626,0.05976,0.03807,0.0667,0.001965,0.07059,0.4439,0.018685,2.445,0.020919,0.0012888,0.07925,0.01575,,0.2209,0.0671,0.038774,80461
2026-05-13 00:00:00+00:00,0.16,0.00683,0.002054,0.03396,0.0040538,0.03534,1.43e-05,0.006271,0.02555,0.0004411,0.01531,0.06168,0.06395,0.07555,0.0005933,0.009193,,0.015288,0.0006713,0.11261,5.962e-05,0.2174,0.02038,0.011985,0.0001673,0.007419,0.0005838,0.0006191,0.05744,0.01542,0.01001,9.323e-05,0.0005414,4.553,0.008985,0.00777,0.02385,0.05829,0.03807,0.06331,0.001862,0.07059,0.4157,0.016914,2.361,0.019947,0.0013439,0.06277,0.01575,,0.2161,0.0675,0.03413,79288.3
2026-05-14 00:00:00+00:00,0.1645,0.006895,0.002058,0.03492,0.0040915,0.03529,1.46e-05,0.006366,0.02555,0.0004499,0.01557,0.06168,0.06031,0.0733,0.0006322,0.009054,,0.016701,0.0006713,0.1154,6.022e-05,0.218,0.02268,0.012139,0.0001671,0.007305,0.0005933,0.0006247,0.05857,0.01558,0.01001,9.876e-05,0.0005551,4.689,0.009097,0.0079,0.02437,0.06463,0.03807,0.0637,0.001886,0.07059,0.4286,0.013794,2.373,0.019973,0.0013444,0.06782,0.01575,,0.2204,0.069,0.028166,81048.9
2026-05-15 00:00:00+00:00,0.1516,0.006528,0.001954,0.0329,0.0039052,0.03486,1.384e-05,0.006122,0.02555,0.0004297,0.01432,0.06168,0.0739,0.07474,0.0005891,0.008483,,0.015605,0.0006713,0.1133,5.839e-05,0.2004,0.02029,0.011342,0.0001582,0.00692,0.0005579,0.0005805,0.05499,0.01471,0.01001,9.332e-05,0.0005216,4.283,0.008826,0.00747,0.02367,0.06188,0.03807,0.05994,0.001793,0.07059,0.39,0.012016,2.249,0.019387,0.0012262,0.06096,0.01575,,0.2047,0.0658,0.02835,79074
2026-05-16 00:00:00+00:00,0.1442,0.006229,0.001864,0.03168,0.0037587,0.03598,1.358e-05,0.005859,0.02555,0.0004126,0.01353,0.06168,0.06167,0.07382,0.0005651,0.008144,,0.014822,0.0006713,0.10933,5.431e-05,0.1931,0.01982,0.010858,0.0001536,0.006692,0.0005328,0.000562,0.05244,0.014,0.01001,8.832e-05,0.0005002,4.282,0.008441,0.00712,0.02458,0.05868,0.03807,0.05789,0.001736,0.07059,0.3742,0.012358,2.173,0.018092,0.0011551,0.05668,0.01575,,0.1973,0.061,0.024915,78104.2
2026-05-17 00:00:00+00:00,0.142,0.006038,0.001815,0.03064,0.0036773,0.03453,1.304e-05,0.005731,0.02555,0.0004034,0.01281,0.06168,0.06768,0.07392,0.000568,0.007567,,0.013424,0.0006713,0.10891,5.399e-05,0.1845,0.01858,0.010846,0.0001475,0.006401,0.0005082,0.0005446,0.05022,0.01347,0.01001,8.643e-05,0.0004853,4.101,0.008356,0.00685,0.02337,0.05795,0.03807,0.05622,0.001707,0.07059,0.3638,0.012218,2.083,0.017716,0.0011152,0.05571,0.01575,,0.1924,0.06,0.023108,77430.4
2026-05-18 00:00:00+00:00,0.1422,0.006002,0.001826,0.03028,0.0036955,0.03463,1.345e-05,0.005751,0.02555,0.0004027,0.01322,0.06168,0.06599,0.07446,0.0006206,0.007662,,0.01441,0.0006713,0.10472,5.641e-05,0.1868,0.01829,0.011138,0.0001482,0.006477,0.0005181,0.0005578,0.05117,0.01407,0.01001,8.952e-05,0.0004997,4.198,0.008593,0.00689,0.02335,0.05822,0.03807,0.05704,0.001712,0.07059,0.3686,0.012489,2.073,0.016475,0.0011369,0.06056,0.01575,,0.1934,0.062,0.02231,76963.2
2026-05-19 00:00:00+00:00,0.1405,0.005921,0.001793,0.0296,0.0036434,0.03236,1.308e-05,0.005689,0.02555,0.0003951,0.01309,0.06168,0.0646,0.07444,0.0006099,0.007352,,0.013714,0.0006713,0.10293,5.384e-05,0.1824,0.01797,0.011031,0.0001471,0.0066,0.00051,0.0005462,0.04979,0.01361,0.01001,8.849e-05,0.0004881,4.06,0.008691,0.00679,0.02293,0.05581,0.03807,0.05557,0.001675,0.07059,0.3598,0.012553,2.015,0.016825,0.0011111,0.05912,0.01575,,0.1892,0.06,0.022719,76799.9
2026-05-20 00:00:00+00:00,0.1437,0.006083,0.001889,0.0301,0.0037167,0.03236,1.348e-05,0.00578,0.02555,0.0004048,0.01305,0.06168,0.06529,0.07447,0.0006263,0.007546,,0.013985,0.0006713,0.10365,5.932e-05,0.1889,0.01813,0.011601,0.0001508,0.00713,0.0005186,0.0005585,0.05155,0.01429,0.01001,9.878e-05,0.0004921,4.234,0.009122,0.00689,0.02309,0.05835,0.03807,0.05688,0.001743,0.07059,0.3716,0.014884,2.029,0.016523,0.001119,0.06561,0.01575,,0.1944,0.0627,0.0216,77510.3
2026-05-21 00:00:00+00:00,0.1456,0.006253,0.001907,0.03077,0.0038016,0.03416,1.351e-05,0.005845,0.02555,0.0004095,0.0134,0.06168,0.06418,0.07467,0.0006137,0.007953,,0.014933,0.0006713,0.10562,5.829e-05,0.1984,0.01816,0.01149,0.0001523,0.007116,0.0005278,0.0005697,0.05263,0.01436,0.01001,0.00010256,0.0004955,4.316,0.009477,0.00695,0.02407,0.05988,0.03807,0.0578,0.001815,0.07059,0.3872,0.011327,2.076,0.020085,0.0011776,0.07608,0.01575,,0.1999,0.0624,0.021461,77586.2
2026-05-22 00:00:00+00:00,0.137,0.005937,0.001805,0.0289,0.0035993,0.03593,1.265e-05,0.005653,0.02555,0.0003889,0.01273,0.06168,0.06405,0.08086,0.0005584,0.007135,,0.012546,0.0006713,0.10228,5.183e-05,0.1773,0.01694,0.010895,0.0001448,0.006701,0.0004988,0.0005341,0.04959,0.01308,0.01001,9.257e-05,0.0004564,3.986,0.008748,0.00656,0.023,0.05617,0.03807,0.05337,0.001704,0.07059,0.3589,0.010664,2.016,0.01739,0.0011095,0.06793,0.01575,,0.19,0.0602,0.021389,75513.1
2026-05-23 00:00:00+00:00,0.14,0.00612,0.001851,0.02979,0.0036431,0.03458,1.304e-05,0.005669,0.02555,0.0004005,0.0129,0.06168,0.06466,0.09517,0.000543,0.007321,,0.012923,0.0006713,0.10303,5.155e-05,0.1835,0.01755,0.011717,0.000148,0.006786,0.00052,0.0005536,0.05163,0.01329,0.01001,9.795e-05,0.0004696,4.02,0.008983,0.00673,0.02328,0.05465,0.03807,0.05505,0.001777,0.07059,0.3627,0.010387,2.098,0.017167,0.0011473,0.07675,0.01575,,0.1932,0.0619,0.021766,76715.2
2026-05-24 00:00:00+00:00,0.1338,0.006006,0.001775,0.02926,0.0035769,0.03277,1.252e-05,0.005575,0.02555,0.0003907,0.01242,0.06168,0.06421,0.09702,0.0005224,0.007032,,0.012668,0.0006713,0.10222,5.076e-05,0.1795,0.0169,0.011301,0.000141,0.006554,0.0005028,0.0005334,0.05045,0.01265,0.01001,9.339e-05,0.0004487,3.94,0.008941,0.00656,0.02217,0.05283,0.03807,0.05427,0.001737,0.07059,0.3498,0.010285,2.06,0.017572,0.0011075,0.07391,0.01575,,0.1873,0.0614,0.022287,77030.3
2026-05-25 00:00:00+00:00,0.136,0.006051,0.00184,0.02951,0.0035938,0.03306,1.296e-05,0.005554,0.02555,0.0003991,0.0126,0.06168,0.06521,0.09099,0.0005264,0.007049,,0.012455,0.0006713,0.10208,5.248e-05,0.181,0.01727,0.011284,0.0001602,0.006723,0.0005104,0.0005373,0.05012,0.01321,0.01001,9.368e-05,0.0004831,4.074,0.008819,0.00664,0.02209,0.05658,0.03807,0.05614,0.001787,0.07059,0.3612,0.009866,2.08,0.017422,0.0011134,0.08216,0.01575,,0.1932,0.0612,0.02434,77281.5
2026-05-26 00:00:00+00:00,0.1354,0.005951,0.001793,0.02904,0.0035125,0.03252,1.268e-05,0.005524,0.02555,0.0003924,0.01287,0.06168,0.06432,0.09541,0.0005189,0.006853,,0.012151,0.0006713,0.10099,5.184e-05,0.1732,0.01673,0.011039,0.0001689,0.006603,0.0004996,0.0005277,0.0496,0.01429,0.01001,8.642e-05,0.0004593,3.993,0.008485,0.00659,0.02091,0.05613,0.03807,0.05511,0.001797,0.07059,0.3502,0.009248,2.013,0.017774,0.0010916,0.07599,0.01575,,0.1938,0.0569,0.022387,75905.5
2026-05-27 00:00:00+00:00,0.131,0.005745,0.001755,0.02831,0.0034701,0.0327,1.228e-05,0.005431,0.02555,0.0003877,0.01235,0.06168,0.06418,0.08878,0.0005049,0.006664,,0.011239,0.0006713,0.10043,4.991e-05,0.1676,0.01634,0.010401,0.0001676,0.006481,0.000495,0.0005148,0.04869,0.01273,0.01001,8.269e-05,0.0004486,3.983,0.008149,0.0064,0.02134,0.05402,0.03807,0.0525,0.001789,0.07059,0.3371,0.010016,1.951,0.017583,0.001072,0.07093,0.01575,,0.1864,0.059,0.022296,74418.1
2026-05-28 00:00:00+00:00,0.1281,0.005458,0.001697,0.02748,0.0033798,0.0313,1.116e-05,0.005365,0.02555,0.0003808,0.01178,0.06168,0.07178,0.07269,0.0004993,0.00651,,0.01022,0.0006713,0.09951,4.735e-05,0.1634,0.01599,0.010201,0.0001665,0.006912,0.0004793,0.0004967,0.04822,0.01199,0.01001,7.949e-05,0.0004417,3.449,0.007715,0.00625,0.01909,0.05287,0.03807,0.05143,0.001704,0.07059,0.3243,0.007412,1.904,0.016829,0.0010556,0.06894,0.01575,,0.1842,0.0585,0.022589,73591.4
2026-05-29 00:00:00+00:00,0.1305,0.005445,0.001735,0.02759,0.003386,0.03076,1.111e-05,0.005418,0.02555,0.0003832,0.0119,0.06168,0.0749,0.06971,0.0005003,0.006602,,0.010403,0.0006713,0.09965,4.779e-05,0.1589,0.01601,0.010087,0.000165,0.00677,0.0005008,0.0004943,0.05011,0.01205,0.01001,7.843e-05,0.0004407,3.287,0.007898,0.00627,0.01884,0.05228,0.03807,0.05181,0.001725,0.07059,0.3248,0.006612,1.974,0.017815,0.0010738,0.07,0.01575,,0.1875,0.0588,0.023241,73428.2
2026-05-30 00:00:00+00:00,0.1324,0.005435,0.001943,0.02826,0.0034093,0.03292,1.141e-05,0.005494,0.02555,0.0004254,0.01206,0.06168,0.0784,0.06751,0.0005028,0.006819,,0.010106,0.0006713,0.10056,4.779e-05,0.1594,0.01598,0.010037,0.0001625,0.006854,0.0005188,0.0004988,0.05021,0.01278,0.01001,7.923e-05,0.0004449,3.432,0.007995,0.00636,0.01901,0.0523,0.03807,0.05226,0.001782,0.07059,0.334,0.00717,1.996,0.018338,0.0010786,0.07227,0.01575,,0.1904,0.0592,0.025042,73856.8
2026-05-31 00:00:00+00:00,0.1312,0.005525,0.001912,0.02873,0.0034221,0.0349,1.149e-05,0.005519,0.02555,0.0004153,0.01219,0.06168,0.07345,0.07043,0.0005122,0.00682,,0.009917,0.0006713,0.10038,4.852e-05,0.1603,0.01628,0.010479,0.0001678,0.007201,0.0006065,0.0005017,0.05012,0.01274,0.01001,7.982e-05,0.0004611,3.451,0.007909,0.00639,0.0192,0.05292,0.03807,0.05189,0.001799,0.07059,0.3315,0.007246,2.015,0.018635,0.0010626,0.07148,0.01575,,0.1917,0.0595,0.024184,73653.2
2026-06-01 00:00:00+00:00,0.1295,0.005543,0.001932,0.02871,0.0034181,0.03429,1.194e-05,0.005527,0.02555,0.0004058,0.01224,0.06168,0.07672,0.07359,0.000525,0.00691,,0.010002,0.0006713,0.10105,5.186e-05,0.1536,0.01661,0.010422,0.0001702,0.007167,0.0005585,0.0005061,0.05027,0.01243,0.01001,8.004e-05,0.0004848,4.01,0.007581,0.0065,0.01895,0.05451,0.03807,0.05382,0.001833,0.07059,0.3317,0.00728,2.043,0.018266,0.0010591,0.0817,0.01575,,0.1918,0.0592,0.026041,71391.5
2026-06-02 00:00:00+00:00,0.12,0.005008,0.001723,0.02646,0.0031133,0.03292,1.053e-05,0.005178,0.02555,0.0003698,0.01093,0.06168,0.07086,0.07901,0.000471,0.006106,,0.009063,0.0006713,0.09272,4.641e-05,0.1347,0.01503,0.009041,0.0001552,0.006711,0.000494,0.0004407,0.04556,0.01128,0.01001,7.284e-05,0.0004444,3.352,0.006845,0.00591,0.01626,0.04816,0.03807,0.04947,0.001636,0.07059,0.3125,0.006711,1.949,0.016416,0.0009664,0.09393,0.01575,,0.1749,0.0596,0.025285,66730
2026-06-03 00:00:00+00:00,0.1208,0.005038,0.00172,0.02637,0.0031211,0.03245,1.088e-05,0.005195,0.02555,0.0003674,0.01115,0.06168,0.07425,0.07114,0.0004819,0.006294,,0.009254,0.0006713,0.09136,4.939e-05,0.1439,0.0154,0.009068,0.0001491,0.006805,0.0005687,0.0004393,0.04559,0.01151,0.01001,7.608e-05,0.0004686,3.562,0.0071,0.00608,0.01646,0.04821,0.03807,0.05023,0.001763,0.07059,0.3363,0.007111,1.986,0.015778,0.0010059,0.09908,0.01575,,0.1896,0.0626,0.025198,64117.7
2026-06-04 00:00:00+00:00,0.1138,0.00476,0.001598,0.02499,0.0029521,0.0298,1.026e-05,0.00495,0.02555,0.0003528,0.01037,0.06168,0.07558,0.07608,0.0004404,0.005807,,0.008794,0.0006713,0.08851,4.231e-05,0.1276,0.01434,0.008553,0.0001546,0.006803,0.0006361,0.0004078,0.04159,0.01066,0.01001,7.1e-05,0.0004108,3.325,0.006811,0.00571,0.01483,0.04308,0.03807,0.046,0.00165,0.07059,0.3061,0.006484,1.802,0.015024,0.0009298,0.07753,0.01575,,0.1676,0.06015,0.023372,63853.4
2026-06-05 00:00:00+00:00,0.1045,0.004278,0.001477,0.02331,0.0026926,0.02728,9.37e-06,0.004555,0.02555,0.0003224,0.00949,0.06168,0.0816,0.06318,0.0004034,0.005333,,0.007963,0.0006713,0.08143,3.927e-05,0.1072,0.01311,0.007971,0.00016,0.006203,0.0005763,0.0003635,0.03718,0.01016,0.01001,6.391e-05,0.0003727,2.972,0.006252,0.00531,0.01355,0.04023,0.03807,0.04197,0.001418,0.07059,0.2893,0.005911,1.594,0.013093,0.00084,0.06838,0.01575,,0.1528,0.05661,0.023826,61022
2026-06-06 00:00:00+00:00,0.1016,0.004232,0.001465,0.02326,0.0026808,0.02653,9.21e-06,0.004561,0.02555,0.0003231,0.00954,0.06168,0.08318,0.0616,0.0004018,0.005221,,0.008038,0.0006713,0.08186,3.955e-05,0.1059,0.0128,0.007982,0.0001771,0.006208,0.0005521,0.0003576,0.03734,0.00999,0.01001,6.255e-05,0.0003708,2.932,0.006286,0.00527,0.01358,0.04004,0.03807,0.03901,0.001425,0.07059,0.2964,0.006037,1.576,0.013712,0.0008336,0.06479,0.01575,,0.1521,0.05584,0.022098,60849.7
2026-06-07 00:00:00+00:00,0.1084,0.004437,0.00154,0.02477,0.0028159,0.02739,9.48e-06,0.004717,0.02555,0.0003393,0.00996,0.06168,0.08393,0.07359,0.0004133,0.005689,,0.008664,0.0006713,0.08622,4.03e-05,0.1154,0.01345,0.008235,0.0001869,0.006488,0.0005899,0.0003658,0.03859,0.01028,0.01001,6.484e-05,0.0003817,2.976,0.006977,0.00542,0.01805,0.04195,0.03807,0.04132,0.001526,0.07059,0.3177,0.006735,1.665,0.0143,0.0008715,0.06717,0.01575,,0.1586,0.05728,0.02376,63298.5
2026-06-08 00:00:00+00:00,0.11,0.0044,0.001553,0.02429,0.0028129,0.03176,9.54e-06,0.004718,0.02555,0.0003372,0.00995,0.06168,0.08389,0.07191,0.0004161,0.005599,,0.008659,0.0006713,0.08629,4.093e-05,0.1173,0.01359,0.008409,0.0001691,0.006425,0.0005169,0.000363,0.03838,0.01057,0.01001,6.852e-05,0.0003816,3.064,0.006802,0.00535,0.02578,0.0421,0.03807,0.04174,0.001625,0.07059,0.3065,0.006589,1.684,0.015145,0.000866,0.06888,0.01575,,0.1584,0.05786,0.025667,63057.9
2026-06-09 00:00:00+00:00,0.1069,0.004351,0.001495,0.02417,0.0027741,0.03389,9.31e-06,0.004665,0.02555,0.0003299,0.00975,0.06168,0.08303,0.06758,0.0004125,0.005459,,0.008478,0.0006713,0.08476,3.987e-05,0.1182,0.01275,0.008034,0.0001732,0.006337,0.0005723,0.0003481,0.03781,0.01043,0.01001,6.953e-05,0.0003775,3.113,0.006705,0.00528,0.02278,0.04196,0.03807,0.0412,0.001517,0.07059,0.3034,0.00702,1.653,0.015787,0.0008416,0.06618,0.01575,,0.1546,0.05473,0.027861,61695
2026-06-10 00:00:00+00:00,0.1035,0.004215,0.001463,0.02415,0.0026894,0.0327,9.25e-06,0.004615,0.02555,0.0003231,0.0096,0.06168,0.08386,0.0684,0.000408,0.0053,,0.00814,0.0006713,0.0829,4.091e-05,0.11,0.01263,0.007814,0.0002625,0.006948,0.0005335,0.0003397,0.03724,0.01022,0.01001,6.471e-05,0.0003918,3.154,0.006362,0.00517,0.01948,0.04058,0.03807,0.03933,0.00137,0.07059,0.3028,0.006649,1.635,0.015684,0.0008184,0.05716,0.01575,,0.1474,0.05888,0.025964,61483.7
2026-06-11 00:00:00+00:00,0.1086,0.004408,0.001526,0.02469,0.0027875,0.03143,9.53e-06,0.004815,0.02555,0.0003371,0.00998,0.06168,0.08327,0.07734,0.000435,0.005605,,0.008685,0.0006713,0.08603,4.3e-05,0.1157,0.01322,0.008201,0.0002669,0.007073,0.0005889,0.0003575,0.03866,0.01084,0.01001,6.908e-05,0.0004151,3.244,0.006752,0.00536,0.02129,0.04199,0.03807,0.0413,0.001456,0.07059,0.3335,0.007079,1.738,0.015946,0.000861,0.06337,0.01575,,0.1573,0.05857,0.026992,63597.9
2026-06-12 00:00:00+00:00,0.1081,0.004399,0.001501,0.02482,0.0028052,0.02948,9.61e-06,0.004845,0.02555,0.0003307,0.01007,0.06168,0.08876,0.07247,0.0004311,0.005666,,0.008515,0.0006713,0.08594,4.292e-05,0.1173,0.01329,0.008511,0.0001947,0.00657,0.0005697,0.0003629,0.0396,0.01092,0.01001,6.797e-05,0.0004703,3.361,0.006727,0.00541,0.01803,0.0423,0.03807,0.04045,0.00151,0.07059,0.319,0.008144,2.15,0.018392,0.0008566,0.06561,0.01575,,0.1574,0.05801,0.027156,63547
2026-06-13 00:00:00+00:00,0.109,0.004494,0.001506,0.02511,0.002853,0.02777,9.68e-06,0.00501,0.02555,0.0003372,0.01042,0.06168,0.08945,0.07003,0.0004339,0.006703,,0.009047,0.0006713,0.08783,4.317e-05,0.1209,0.01367,0.008331,0.000165,0.006848,0.0005598,0.0003714,0.04056,0.01074,0.01001,6.986e-05,0.0004779,3.354,0.006769,0.005497,0.018,0.04439,0.03807,0.04194,0.001538,0.07059,0.3324,0.00719,2.184,0.016018,0.0008892,0.06821,0.01575,,0.1602,0.05892,0.026095,64418.2
2026-06-14 00:00:00+00:00,0.1162,0.004656,0.001538,0.02548,0.0029174,0.02757,9.75e-06,0.005041,0.02555,0.0003443,0.01057,0.06168,0.08169,0.07559,0.0004477,0.006672,,0.009254,0.0006713,0.08886,4.5e-05,0.1272,0.01399,0.008488,0.000166,0.006767,0.0006324,0.000391,0.04126,0.0111,0.01001,7.129e-05,0.0004807,3.397,0.006944,0.005607,0.01904,0.04541,0.03807,0.04239,0.001575,0.07059,0.3372,0.006891,2.069,0.015158,0.0009189,0.0741,0.01575,,0.1647,0.05984,0.025881,65702.1
2026-06-15 00:00:00+00:00,0.1195,0.00482,0.00155,0.02629,0.0029445,0.02787,9.98e-06,0.005057,0.02555,0.0003455,0.01048,0.06168,0.07714,0.07573,0.0004642,0.006444,,0.009066,0.0006713,0.08808,4.476e-05,0.1285,0.01429,0.009159,0.0001695,0.00678,0.0006089,0.0003866,0.04224,0.01089,0.01001,6.968e-05,0.0004506,3.381,0.007111,0.005752,0.01822,0.0451,0.03807,0.044,0.001555,0.07059,0.3398,0.00703,1.99,0.011215,0.0009067,0.0748,0.01575,,0.1675,0.0599,0.024405,66285.9
2026-06-16 00:00:00+00:00,0.1196,0.004787,0.001536,0.02636,0.0029486,0.02812,9.93e-06,0.004977,0.02555,0.0003421,0.01032,0.06168,0.07363,0.07468,0.000469,0.006414,,0.008741,0.0006713,0.08712,4.341e-05,0.1373,0.01394,0.009106,0.0001753,0.007307,0.0006295,0.0003798,0.04168,0.0109,0.01001,6.964e-05,0.0004202,3.432,0.007132,0.005807,0.01851,0.04497,0.03807,0.04373,0.001507,0.07059,0.3903,0.007139,1.904,0.011302,0.0009169,0.07665,0.01575,,0.17,0.06011,0.022674,65644.8
2026-06-17 00:00:00+00:00,0.1193,0.004635,0.001506,0.02597,0.0029458,0.0286,9.82e-06,0.004953,0.02555,0.0003386,0.0101,0.06168,0.08462,0.07344,0.0004513,0.006767,,0.008668,0.0006713,0.08588,4.244e-05,0.1316,0.01384,0.00873,0.0001644,0.008631,0.0005914,0.0003787,0.04127,0.01113,0.01001,6.735e-05,0.0004197,3.191,0.006872,0.00574,0.01757,0.04437,0.03807,0.04375,0.001475,0.07059,0.4272,0.007464,1.914,0.011825,0.0008984,0.07426,0.01575,,0.1672,0.06278,0.029477,64472.9
2026-06-18 00:00:00+00:00,0.1135,0.004532,0.001406,0.0274,0.0028484,0.02779,9.5e-06,0.004765,0.02555,0.0003285,0.00909,0.06168,0.08201,0.06478,0.0004473,0.0062,,0.008302,0.0006713,0.08348,3.946e-05,0.1247,0.0134,0.008455,0.0001531,0.008149,0.0005465,0.0003672,0.04034,0.0104,0.01001,6.713e-05,0.0004022,3.066,0.006743,0.005685,0.01606,0.04423,0.03807,0.04209,0.001453,0.07059,0.3778,0.007743,1.889,0.011149,0.0009023,0.07535,0.01575,,0.1662,0.05949,0.0431,62924.1
2026-06-19 00:00:00+00:00,0.1144,0.004519,0.001394,0.02589,0.0028255,0.02835,1.027e-05,0.004751,0.02555,0.0003234,0.01027,0.06168,0.07905,0.06718,0.0004383,0.005778,,0.008519,0.0006713,0.0835,3.94e-05,0.1222,0.01316,0.008479,0.0001542,0.008045,0.0005505,0.0003655,0.04014,0.01051,0.01001,6.704e-05,0.0004058,3.541,0.006644,0.005589,0.01551,0.04433,0.03807,0.04269,0.001378,0.07059,0.3702,0.008696,1.852,0.011253,0.0008891,0.07662,0.01575,,0.1621,0.05901,0.044752,63512.6
2026-06-20 00:00:00+00:00,0.1141,0.004601,0.001432,0.02579,0.0028362,0.02837,1.003e-05,0.004741,0.02555,0.0003292,0.00933,0.06168,0.0801,0.06526,0.000437,0.005874,,0.00967,0.0006713,0.08366,4.019e-05,0.1236,0.01347,0.009163,0.0001585,0.008413,0.0005477,0.000375,0.04036,0.01052,0.01001,6.632e-05,0.0004012,3.315,0.006792,0.005571,0.01686,0.04418,0.03807,0.04561,0.001416,0.07059,0.3804,0.007832,1.809,0.01161,0.000881,0.07614,0.01575,,0.1624,0.05796,0.04484,64270
2026-06-21 00:00:00+00:00,0.1113,0.00449,0.001399,0.02512,0.0027876,0.02724,9.71e-06,0.004639,0.02555,0.0003221,0.00883,0.06168,0.08036,0.07188,0.0004387,0.005502,,0.008815,0.0006713,0.08221,4.009e-05,0.1232,0.0136,0.008802,0.0001836,0.008737,0.0005487,0.0003666,0.03977,0.01065,0.01001,6.684e-05,0.0004101,3.225,0.006622,0.005477,0.01624,0.04419,0.03807,0.04693,0.001464,0.07059,0.3623,0.007574,1.88,0.011121,0.0008638,0.07118,0.01575,,0.1601,0.05958,0.040069,63287.1
2026-06-22 00:00:00+00:00,0.1108,0.004559,0.001389,0.02494,0.0028091,0.02599,9.49e-06,0.00464,0.02555,0.0003251,0.00843,0.06168,0.08411,0.07301,0.0004332,0.005446,,0.008756,0.0006713,0.08241,4.126e-05,0.1296,0.01336,0.008785,0.000167,0.007667,0.0005344,0.0003658,0.03967,0.01039,0.01001,6.615e-05,0.0004039,3.213,0.006565,0.005651,0.01646,0.04417,0.03807,0.0429,0.001454,0.07059,0.3734,0.007248,1.87,0.010918,0.0008788,0.0701,0.01575,,0.1626,0.05888,0.0391,63990.2
2026-06-23 00:00:00+00:00,0.1074,0.004404,0.001347,0.02393,0.0026927,0.02495,9.4e-06,0.004564,0.02555,0.0003116,0.00826,0.06168,0.08299,0.07562,0.0004169,0.005293,,0.008537,0.0006713,0.07882,4.016e-05,0.1286,0.01275,0.00884,0.0001636,0.007286,0.0005425,0.0003503,0.03867,0.01042,0.01001,6.381e-05,0.0003932,3.19,0.006266,0.005446,0.01696,0.04342,0.03807,0.05234,0.001445,0.07059,0.3468,0.006943,1.762,0.011339,0.0008643,0.06899,0.01575,,0.157,0.05955,0.038451,62696.7
2026-06-24 00:00:00+00:00,0.1044,0.004207,0.001303,0.02305,0.0025302,0.02809,9.05e-06,0.004379,0.02555,0.000301,0.00795,0.06168,0.08279,0.0743,0.0004024,0.005156,,0.008105,0.0006713,0.07609,3.986e-05,0.1219,0.01249,0.008222,0.0001502,0.00707,0.0005034,0.0003423,0.03769,0.00994,0.01001,6.058e-05,0.0003853,3.114,0.00605,0.005243,0.01619,0.04154,0.03807,0.04654,0.001287,0.07059,0.3449,0.006442,1.693,0.010845,0.000827,0.07306,0.01575,,0.1492,0.05749,0.037149,61051.2
2026-06-25 00:00:00+00:00,0.1076,0.004063,0.001289,0.02205,0.0023557,0.03209,8.96e-06,0.004239,0.02555,0.0002906,0.00775,0.06168,0.0839,0.07257,0.0004054,0.005034,,0.007825,0.0006713,0.07488,3.789e-05,0.1207,0.01221,0.007911,0.0001591,0.006882,0.0004863,0.0003341,0.03677,0.00975,0.01001,6.106e-05,0.0003768,3.07,0.005859,0.005126,0.01633,0.03963,0.03807,0.04456,0.001199,0.07059,0.3245,0.006138,1.641,0.01056,0.000795,0.07292,0.01575,,0.1436,0.05835,0.037024,59771.9
2026-06-26 00:00:00+00:00,0.1064,0.004215,0.001315,0.02217,0.0023859,0.03139,9.06e-06,0.004244,0.02555,0.0002938,0.00797,0.06168,0.08427,0.07482,0.000409,0.005326,,0.008303,0.0006713,0.07574,3.844e-05,0.1308,0.01306,0.008594,0.0001791,0.007147,0.0005234,0.000365,0.03951,0.01007,0.01001,6.166e-05,0.0003819,3.177,0.006204,0.005201,0.01671,0.04179,0.03807,0.04488,0.001346,0.07059,0.3328,0.006316,1.709,0.010849,0.0008038,0.07741,0.01575,,0.1548,0.05787,0.03351,60072
2026-06-27 00:00:00+00:00,0.1046,0.004147,0.001264,0.0216,0.0023724,0.03012,8.98e-06,0.004211,0.02555,0.0002887,0.00784,0.06168,0.08415,0.07181,0.0003987,0.005227,,0.008202,0.0006713,0.07445,3.747e-05,0.1286,0.01269,0.008916,0.0001842,0.006852,0.0005278,0.0003563,0.03914,0.00976,0.01001,6.001e-05,0.0003816,3.078,0.006176,0.005052,0.01632,0.04067,0.03807,0.04359,0.001352,0.07059,0.344,0.006035,1.651,0.010609,0.0008076,0.07313,0.01575,,0.1662,0.05759,0.036105,60000.3
2026-06-28 00:00:00+00:00,0.1028,0.004141,0.001275,0.02147,0.0023526,0.0301,9.37e-06,0.004161,0.02555,0.0002897,0.011,0.06168,0.08839,0.07371,0.0004101,0.005329,,0.008968,0.0006713,0.07316,3.737e-05,0.1331,0.01289,0.009793,0.0001731,0.006668,0.0005866,0.0003614,0.03912,0.00991,0.01001,6.034e-05,0.000377,3.217,0.006086,0.004999,0.0169,0.04306,0.03807,0.04503,0.001438,0.07059,0.3335,0.006483,1.631,0.010543,0.0008826,0.07101,0.01575,,0.1727,0.05796,0.041943,59550.2
2026-06-29 00:00:00+00:00,0.1064,0.004259,0.001291,0.02223,0.0023531,0.03071,1.009e-05,0.004263,0.02555,0.0002925,0.01265,0.06168,0.08395,0.07667,0.0004239,0.005266,,0.008993,0.0006713,0.07339,3.9e-05,0.1404,0.01302,0.009006,0.0001915,0.006724,0.0005987,0.0003722,0.03984,0.00998,0.01001,6.376e-05,0.0003843,3.832,0.006208,0.00509,0.0169,0.04289,0.03807,0.04437,0.001506,0.07059,0.3558,0.006821,1.68,0.010682,0.000859,0.08014,0.01575,,0.176,0.05937,0.039489,60224.7
2026-06-30 00:00:00+00:00,0.1035,0.004108,0.001259,0.02152,0.0023275,0.02864,9.68e-06,0.004199,0.02555,0.0002853,0.01026,0.06168,0.08437,0.07101,0.0004091,0.004976,,0.008721,0.0006713,0.07204,3.748e-05,0.1376,0.01254,0.008523,0.0001884,0.006945,0.0006171,0.0003613,0.03965,0.01011,0.01001,6.127e-05,0.000375,3.641,0.006007,0.004967,0.0171,0.0411,0.03807,0.0426,0.001412,0.07059,0.3385,0.00641,1.657,0.010523,0.0008075,0.07713,0.01575,,0.1656,0.05778,0.040699,58605.4
2026-07-01 00:00:00+00:00,0.1045,0.004252,0.001361,0.02165,0.0023231,0.02798,9.53e-06,0.004279,0.02555,0.0002908,0.00981,0.06168,0.08346,0.07106,0.0004214,0.005152,,0.009019,0.0006713,0.07218,3.761e-05,0.1358,0.01346,0.008855,0.0001855,0.006985,0.0006257,0.0003664,0.04038,0.01084,0.01001,6.238e-05,0.000372,3.422,0.006132,0.005037,0.01722,0.04134,0.03807,0.04149,0.001382,0.07059,0.3505,0.006518,1.683,0.010962,0.0008385,0.07949,0.01575,,0.1677,0.0574,0.039443,59999.6
2026-07-02 00:00:00+00:00,0.1098,0.004345,0.001345,0.02214,0.0024432,0.02924,9.57e-06,0.004287,0.02555,0.0002972,0.00946,0.06168,0.08307,0.07148,0.000426,0.005394,961.77,0.009042,0.0006713,0.07415,3.899e-05,0.1602,0.01351,0.009086,0.000188,0.0071,0.0006175,0.0003798,0.04269,0.01095,0.01001,6.394e-05,0.0003882,3.458,0.00633,0.005189,0.02132,0.04337,0.03807,0.04779,0.001521,0.07059,0.3702,0.006644,1.717,0.010689,0.0008737,0.08517,0.01575,,0.1724,0.05827,0.042312,61540.6
2026-07-03 00:00:00+00:00,0.1182,0.004971,0.001416,0.02418,0.002771,0.03141,9.97e-06,0.004447,0.02555,0.0003083,0.00986,0.06168,0.07909,0.07203,0.0004551,0.005616,960,0.010421,0.0006713,0.07751,4.12e-05,0.1718,0.01467,0.009819,0.0002566,0.007471,0.0006452,0.0003976,0.04441,0.01105,0.01001,6.719e-05,0.0004073,3.56,0.006785,0.00542,0.02273,0.04565,0.03807,0.05163,0.001629,0.07059,0.4105,0.006956,1.791,0.011175,0.0009019,0.0884,0.01575,,0.1824,0.05684,0.03951,62565.5
2026-07-04 00:00:00+00:00,0.1173,0.004843,0.001414,0.02381,0.0027337,0.03147,9.82e-06,0.004453,0.02555,0.0003054,0.00949,0.06168,0.07814,0.07404,0.0004409,0.005528,960.17,0.01032,0.0006713,0.07762,4.591e-05,0.1606,0.01424,0.009982,0.0003385,0.007713,0.000602,0.0003914,0.0425,0.01149,0.01001,6.518e-05,0.0004323,3.447,0.006663,0.005405,0.01948,0.04454,0.03807,0.04886,0.001552,0.07059,0.4048,0.006811,1.821,0.011167,0.0008926,0.08589,0.01575,,0.1755,0.05777,0.035491,63114.8
2026-07-05 00:00:00+00:00,0.1165,0.004901,0.001408,0.02391,0.0027548,0.03084,9.66e-06,0.004419,0.02555,0.0003136,0.0093,0.06168,0.08155,0.07346,0.0004644,0.005602,964.48,0.010711,0.0006713,0.07785,4.51e-05,0.1611,0.01558,0.009787,0.0003101,0.007824,0.0005997,0.0003902,0.0437,0.01152,0.01001,7.103e-05,0.0004212,3.273,0.006795,0.005411,0.01961,0.04571,0.03807,0.05103,0.001629,0.07059,0.395,0.006728,1.706,0.011069,0.0009221,0.09258,0.01575,,0.1782,0.059,0.037628,63617.1
2026-07-06 00:00:00+00:00,0.1126,0.004406,0.001398,0.02347,0.0027349,0.03199,9.7e-06,0.004393,0.02555,0.0003091,0.00919,0.06168,0.08249,0.07315,0.0004406,0.00567,964.88,0.011601,0.0006713,0.07663,4.465e-05,0.1622,0.01465,0.00955,0.0003932,0.007858,0.0006036,0.0003908,0.04243,0.01189,0.01001,6.673e-05,0.000422,3.514,0.006769,0.00545,0.01897,0.04548,0.03807,0.04952,0.001628,0.07059,0.4062,0.006685,1.693,0.010371,0.0008959,0.09802,0.01575,,0.1713,0.0582,0.039365,64023.6
2026-07-07 00:00:00+00:00,0.1092,0.004151,0.001348,0.02284,0.0026641,0.03129,9.35e-06,0.004378,0.02555,0.0003003,0.00848,0.06168,0.08113,0.07398,0.0004214,0.005329,934.85,0.010967,0.0006713,0.07414,4.031e-05,0.1537,0.01411,0.008936,0.0002577,0.007405,0.0005711,0.0003737,0.04004,0.01206,0.01001,6.381e-05,0.0003959,3.467,0.006459,0.005257,0.01691,0.0435,0.03807,0.0467,0.001564,0.07059,0.376,0.006338,1.644,0.010178,0.0008526,0.08919,0.01575,,0.1653,0.0583,0.038152,63335.4
2026-07-08 00:00:00+00:00,0.1038,0.004015,0.001354,0.02245,0.0026029,0.02974,9.34e-06,0.00429,0.02555,0.0002939,0.009,0.06168,0.08159,0.0762,0.0004102,0.005153,943.03,0.01059,0.0006713,0.07238,3.838e-05,0.1448,0.01346,0.008626,0.0002016,0.007422,0.0005634,0.0003584,0.03946,0.01252,0.01001,6.19e-05,0.0003878,3.433,0.006155,0.005498,0.01704,0.04284,0.03807,0.04628,0.00149,0.07059,0.3751,0.005821,1.604,0.009975,0.0008445,0.08073,0.01575,,0.1578,0.0586,0.0362,62255.3
2026-07-09 00:00:00+00:00,0.1028,0.003968,0.001333,0.02254,0.0026039,0.03014,9.48e-06,0.004282,0.02555,0.0002937,0.00898,0.06168,0.07925,0.07557,0.0004104,0.005131,936.86,0.010181,0.0006713,0.07287,3.867e-05,0.1461,0.01351,0.008789,0.0001919,0.00755,0.0005652,0.000359,0.03983,0.01239,0.01001,6.23e-05,0.0003862,3.612,0.006175,0.005586,0.017,0.04278,0.03807,0.0457,0.001478,0.07059,0.3736,0.00627,1.604,0.010403,0.000847,0.08186,0.01575,7.57,0.158,0.05825,0.037243,63197
2026-07-10 00:00:00+00:00,0.1052,0.00417,0.001336,0.02343,0.0027973,0.03063,9.56e-06,0.004395,0.02555,0.0002975,0.00964,0.06168,0.07971,0.0731,0.0004138,0.00532,950.37,0.010348,0.0006713,0.07408,3.909e-05,0.1509,0.01392,0.008853,0.000211,0.007495,0.0005666,0.0003658,0.04038,0.01271,0.01001,6.316e-05,0.0003938,3.483,0.006269,0.005487,0.0168,0.0431,0.03807,0.0456,0.001457,0.07059,0.371,0.006336,1.614,0.010333,0.0008501,0.09044,0.01575,7.56,0.1536,0.05818,0.035667,64129.5
2026-07-11 00:00:00+00:00,0.1036,0.003978,0.001317,0.0227,0.0027071,0.03147,9.39e-06,0.004304,0.02555,0.0003221,0.00894,0.06168,0.07895,0.07328,0.0004097,0.005339,951.65,0.009862,0.0006713,0.07316,3.91e-05,0.1484,0.01371,0.008738,0.000201,0.007217,0.0005576,0.000365,0.04091,0.01332,0.01001,6.122e-05,0.0003845,3.36,0.006042,0.005488,0.01681,0.04261,0.03807,0.04543,0.001387,0.07059,0.3689,0.006185,1.582,0.010349,0.0008739,0.0849,0.01575,7.53,0.1499,0.05826,0.035314,63783
2026-07-12 00:00:00+00:00,0.1028,0.003971,0.00129,0.02237,0.0027662,0.03044,9.47e-06,0.00423,0.02555,0.0003148,0.00863,0.06168,0.07836,0.07029,0.00041,0.005221,958.33,0.010094,0.0006713,0.07269,3.833e-05,0.147,0.01366,0.008558,0.0002073,0.006986,0.0005552,0.000364,0.03894,0.01264,0.01001,6.092e-05,0.0003742,3.524,0.005986,0.005444,0.01678,0.04209,0.03807,0.04484,0.00146,0.07059,0.3734,0.006074,1.556,0.01067,0.0008388,0.08577,0.01575,7.55,0.1494,0.05758,0.03416,63750
2026-07-13 00:00:00+00:00,0.1015,0.003687,0.001263,0.02191,0.0027269,0.03608,9.48e-06,0.004153,0.02555,0.0003073,0.00847,0.06168,0.07426,0.07375,0.0004044,0.005058,928.02,0.009598,0.0006713,0.07194,3.678e-05,0.1384,0.0136,0.008242,0.0001999,0.006765,0.0005429,0.0003567,0.03766,0.01332,0.01001,6.066e-05,0.0003742,3.522,0.005795,0.005297,0.01593,0.04253,0.03807,0.04377,0.001479,0.07059,0.3444,0.00578,1.545,0.010953,0.0008244,0.08271,0.01575,7.51,0.151,0.05778,0.034274,62307
2026-07-14 00:00:00+00:00,0.1067,0.003793,0.001291,0.02236,0.0028138,0.03263,9.59e-06,0.004221,0.02555,0.0003149,0.00852,0.06168,0.08053,0.07363,0.0004163,0.005249,934.14,0.009797,0.0006713,0.07442,3.817e-05,0.1475,0.01384,0.008384,0.0001933,0.006856,0.0005499,0.0003658,0.03844,0.01249,0.01001,6.182e-05,0.0003732,3.483,0.005935,0.005529,0.01639,0.043,0.03807,0.04516,0.001512,0.07059,0.3818,0.006278,1.558,0.011059,0.0008474,0.08522,0.01575,7.48,0.1534,0.0574,0.036113,65014.7
2026-07-15 00:00:00+00:00,0.1056,0.003701,0.001297,0.02213,0.0027851,0.03074,9.68e-06,0.004233,0.02555,0.0003129,0.00889,0.06168,0.0765,0.07385,0.0004227,0.005268,912.73,0.010107,0.0006713,0.07405,3.775e-05,0.1498,0.01364,0.008385,0.0001886,0.007338,0.0005416,0.0003597,0.03875,0.01232,0.01001,6.206e-05,0.0003792,3.693,0.006223,0.005741,0.01642,0.04336,0.03807,0.04521,0.001689,0.07059,0.3795,0.006195,1.578,0.010998,0.0008535,0.08079,0.01575,7.44,0.1526,0.05747,0.035406,64721.4
2026-07-16 00:00:00+00:00,0.102,0.003451,0.001267,0.02156,0.0027227,0.02852,9.44e-06,0.004114,0.02555,0.0003022,0.00851,0.06168,0.0747,0.07169,0.0004011,0.005091,876.84,0.010153,0.0006713,0.07231,3.691e-05,0.1363,0.01315,0.008124,0.0001884,0.007142,0.000534,0.0003475,0.03759,0.01312,0.01001,6.101e-05,0.0003739,3.507,0.006027,0.005411,0.01683,0.04217,0.03807,0.04478,0.001696,0.07059,0.3516,0.006082,1.544,0.010976,0.0008303,0.0656,0.01575,7.77,0.151,0.05754,0.033343,63801
2026-07-17 00:00:00+00:00,0.1012,0.003069,0.001284,0.02155,0.0027422,0.02789,9.5e-06,0.00414,0.02555,0.0002997,0.00866,0.06168,0.07325,0.072,0.0003995,0.005018,875.67,0.009539,0.0006713,0.07252,3.652e-05,0.133,0.01304,0.008137,0.0001803,0.007202,0.000534,0.0003518,0.03724,0.01204,0.01001,6.025e-05,0.0003696,3.68,0.005929,0.005373,0.01697,0.04141,0.03807,0.0429,0.001637,0.07059,0.3564,0.006133,1.553,0.011181,0.0008177,0.06057,0.01575,7.77,0.1552,0.05719,0.033394,63909.9
2026-07-18 00:00:00+00:00,0.0998,0.002757,0.001287,0.02086,0.0027569,0.02841,9.41e-06,0.004142,0.02555,0.0003029,0.00828,0.06168,0.07113,0.07324,0.000394,0.005149,866.16,0.009519,0.0006713,0.07249,3.666e-05,0.1345,0.01342,0.008479,0.0001825,0.007388,0.0005382,0.0003616,0.03753,0.01172,0.01001,6.002e-05,0.0003682,3.569,0.006149,0.005306,0.01692,0.04085,0.03807,0.04287,0.001661,0.07059,0.3424,0.00669,1.625,0.010752,0.0008233,0.06135,0.01575,7.65,0.154,0.05694,0.033862,64806.7
2026-07-19 00:00:00+00:00,0.1002,0.002784,0.001263,0.02118,0.0028348,0.02777,9.44e-06,0.004143,0.02555,0.0003012,0.00812,0.06168,0.07094,0.0736,0.0003977,0.005095,866.05,0.009496,0.0006713,0.07237,3.634e-05,0.1331,0.01325,0.00826,0.0001794,0.007361,0.0005325,0.0003588,0.03742,0.01155,0.01001,5.9e-05,0.0003628,3.475,0.006118,0.005253,0.01651,0.04043,0.03807,0.04283,0.001997,0.07059,0.3424,0.006493,1.564,0.011107,0.0008199,0.05707,0.01575,7.7,0.1544,0.0577,0.044012,64694.7
2026-07-20 00:00:00+00:00,0.1021,0.003184,0.001287,0.02139,0.00292,0.02765,9.59e-06,0.004248,0.02555,0.0003015,0.00882,0.06168,0.07058,0.0734,0.0004111,0.005168,862.66,0.009539,0.0006713,0.07214,3.724e-05,0.1383,0.01348,0.008516,0.0001732,0.008363,0.0005274,0.0003602,0.03896,0.01128,0.01001,6.032e-05,0.0003673,3.578,0.006346,0.005313,0.01668,0.04179,0.03807,0.04443,0.002028,0.07059,0.3524,0.007042,1.588,0.011363,0.0008179,0.06303,0.01575,7.84,0.1524,0.05694,0.036996,65224.8
2026-07-21 00:00:00+00:00,0.103,0.002997,0.001324,0.02138,0.002877,0.02598,9.55e-06,0.004264,0.02555,0.0003046,0.009,0.06168,0.06683,0.07331,0.000413,0.005159,885.43,0.010194,0.0006713,0.07335,3.756e-05,0.1388,0.01352,0.008535,0.0001797,0.007981,0.0005291,0.0003632,0.03848,0.01091,0.01001,6.064e-05,0.0003712,3.657,0.006319,0.005353,0.01715,0.04171,0.03807,0.04439,0.002003,0.07059,0.3542,0.006817,1.591,0.011584,0.0008298,0.06455,0.01575,7.64,0.1522,0.05698,0.03877,66522.4
2026-07-22 00:00:00+00:00,0.1026,0.002998,0.001318,0.02156,0.0028876,0.02516,9.57e-06,0.004252,0.02555,0.0003047,0.008765,0.06168,0.06443,0.07299,0.0004258,0.004553,888.03,0.01035,0.0006713,0.07296,3.683e-05,0.1359,0.0134,0.008728,0.0001822,0.008305,0.0005314,0.0003675,0.03818,0.01091,0.01001,6.059e-05,0.0003626,3.548,0.006284,0.005316,0.01706,0.0417,0.03807,0.04406,0.001908,0.07059,0.3602,0.006826,1.609,0.0116,0.0008205,0.06214,0.01575,7.42,0.1528,0.05615,0.036481,66082
2026-07-23 00:00:00+00:00,0.1002,0.002871,0.001285,0.02118,0.0027813,0.0259,9.41e-06,0.004135,0.02555,0.0003008,0.00898,0.06168,0.06158,0.07158,0.0004342,0.004431,891.71,0.010022,0.0006713,0.06916,3.541e-05,0.1324,0.01306,0.008376,0.0001777,0.008085,0.000517,0.0003571,0.03653,0.01035,0.01001,5.85e-05,0.000353,3.583,0.00607,0.005128,0.01628,0.04025,0.03807,0.04418,0.001829,0.07059,0.3442,0.006687,1.599,0.011692,0.0007888,0.05921,0.01575,7.18,0.1435,0.05769,0.036204,65069.6
2026-07-24 00:00:00+00:00,0.0984,0.002931,0.001274,0.02084,0.0027172,0.0261,9.2e-06,0.004182,0.02555,0.0002964,0.008637,0.06168,0.06238,0.07539,0.0004298,0.004419,884.85,0.01142,0.0006713,0.06953,3.513e-05,0.1248,0.01268,0.008534,0.0001792,0.007638,0.0005215,0.0003407,0.03621,0.01024,0.01001,5.74e-05,0.0003502,3.526,0.006025,0.005219,0.01658,0.0403,0.03807,0.04222,0.001832,0.07059,0.3291,0.006703,1.561,0.011313,0.0007767,0.05284,0.01575,7.03,0.144,0.05734,0.035568,64116.5
2026-07-25 00:00:00+00:00,0.0998,0.003085,0.001459,0.022,0.0027411,0.02612,9.4e-06,0.004896,0.02555,0.0003073,0.009165,0.06168,0.06028,0.07449,0.0004496,0.004515,881.14,0.012416,0.0006713,0.0717,3.69e-05,0.1252,0.01297,0.008702,0.0001765,0.007834,0.000528,0.0003546,0.03701,0.01066,0.01001,6.067e-05,0.0003588,3.621,0.006208,0.005629,0.01678,0.04195,0.03807,0.04303,0.00178,0.07059,0.3315,0.006868,1.565,0.011994,0.0007992,0.05598,0.01575,7.06,0.1548,0.05616,0.036225,64338.1
2026-07-26 00:00:00+00:00,0.1055,0.003107,0.001379,0.02244,0.0029793,0.02578,9.66e-06,0.005314,0.02555,0.0003096,0.009017,0.06168,0.05621,0.07352,0.0005328,0.004739,883.53,0.012503,0.0006713,0.07336,3.722e-05,0.1333,0.01307,0.008731,0.000181,0.007793,0.0005284,0.0003569,0.03805,0.01088,0.01001,6.219e-05,0.000363,3.813,0.006381,0.00621,0.01694,0.04345,0.03807,0.04366,0.002016,0.07059,0.3485,0.007065,1.597,0.011824,0.0008189,0.06034,0.01575,7.01,0.1534,0.05534,0.036592,65375.1
2026-07-27 00:00:00+00:00,0.1,0.002908,0.001297,0.0207,0.002824,0.0259,9.21e-06,0.00483,0.02555,0.0002955,0.008497,0.06168,0.05413,0.07054,0.0005141,0.004461,868.68,0.009942,0.0006713,0.07031,3.473e-05,0.1219,0.01264,0.008602,0.0001718,0.007402,0.0005072,0.0003418,0.03569,0.01056,0.01001,5.934e-05,0.0003412,3.514,0.005952,0.006779,0.01515,0.04117,0.03807,0.04099,0.002117,0.07059,0.3198,0.006739,1.527,0.011168,0.0007779,0.05676,0.01575,7.36,0.1475,0.05469,0.037925,63720.8
2026-07-28 00:00:00+00:00,0.1036,0.003022,0.001293,0.02084,0.0028069,0.02695,9.1e-06,0.004632,0.02555,0.0002993,0.008564,0.06168,0.05164,0.07036,0.0005415,0.004422,842.07,0.009102,0.0006713,0.07084,3.49e-05,0.1239,0.01263,0.007904,0.0001685,0.007696,0.0005058,0.0003354,0.03537,0.01077,0.01001,5.971e-05,0.0003372,3.313,0.005959,0.006751,0.01578,0.04052,0.03807,0.0414,0.001965,0.07059,0.329,0.006454,1.467,0.010915,0.0007695,0.05295,0.01575,7.6,0.1478,0.05469,0.039669,63903.6
2026-07-29 00:00:00+00:00,0.0995,0.002907,0.001287,0.02033,0.0027259,0.02701,8.93e-06,0.004645,0.02555,0.000295,0.008481,0.06168,0.05398,0.06749,0.0005552,0.004003,779.7,0.009002,0.0006713,0.07012,3.379e-05,0.1212,0.01226,0.007608,0.0001678,0.00789,0.0004919,0.0003223,0.03416,0.01113,0.01001,5.765e-05,0.0003266,3.265,0.005748,0.006751,0.01544,0.03865,0.03807,0.04104,0.001864,0.07059,0.3281,0.00623,1.462,0.010902,0.0007548,0.05194,0.01575,7.61,0.144,0.05575,0.037628,63958.9
2026-07-30 00:00:00+00:00,0.1001,0.002904,0.001317,0.0205,0.0027618,0.02692,9.05e-06,0.004721,0.02555,0.0003009,0.008475,0.06168,0.05299,0.07191,0.0005762,0.003884,814.96,0.009057,0.0006713,0.07055,3.42e-05,0.123,0.01262,0.007824,0.0001637,0.014269,0.0005123,0.0003316,0.03459,0.01187,0.01001,5.873e-05,0.0003278,3.244,0.006047,0.006813,0.01544,0.03862,0.03807,0.04345,0.001983,0.07059,0.3324,0.006836,1.456,0.01117,0.0007539,0.0515,0.01575,7.43,0.1444,0.05501,0.035405,64750
2026-07-31 00:00:00+00:00,0.0969,0.002808,0.001411,0.02039,0.0027544,0.06054,1.077e-05,0.004713,0.02555,0.0003106,0.008937,0.06168,0.05358,0.0709,0.0005992,0.003887,814.03,0.0097,0.0006713,0.06956,3.436e-05,0.1242,0.01284,0.007913,0.000168,0.028607,0.0005247,0.0003288,0.03503,0.01298,0.01001,6.328e-05,0.0003323,3.668,0.005972,0.006689,0.01611,0.03989,0.03807,0.04338,0.002071,0.07059,0.3206,0.006805,1.416,0.01211,0.0008093,0.05167,0.01575,7.36,0.1432,0.05492,0.034084,62859.9
2026-08-01 00:00:00+00:00,0.0968,0.002784,0.00138,0.02017,0.0027749,0.06277,1.098e-05,0.004819,0.02555,0.0003017,0.008814,0.06168,0.05201,0.07176,0.000559,0.003903,811.62,0.009586,0.0006713,0.0691,3.392e-05,0.1256,0.0135,0.008239,0.0001688,0.017398,0.0005032,0.0003329,0.03522,0.01213,0.01001,6.093e-05,0.0003334,3.61,0.005915,0.006467,0.01606,0.03874,0.03807,0.0426,0.002112,0.07059,0.3168,0.006942,1.436,0.01136,0.000788,0.0495,0.01575,7.38,0.1355,0.05521,0.034236,62792.3
2026-08-02 00:00:00+00:00,0.0982,0.002894,0.001363,0.02052,0.0029073,0.05998,1.057e-05,0.004905,0.02555,0.0003076,0.008645,0.06168,0.05184,0.07246,0.0005974,0.003931,813.74,0.009354,0.0006713,0.07078,3.437e-05,0.1282,0.01319,0.008419,0.0001683,0.01641,0.0004993,0.0003393,0.03556,0.01292,0.01001,6.176e-05,0.0003435,3.534,0.006147,0.007003,0.01611,0.03951,0.03807,0.04452,0.002084,0.07059,0.3312,0.007253,1.44,0.01115,0.0007938,0.05181,0.01575,7.39,0.1392,0.05565,0.035595,63550
2026-08-03 00:00:00+00:00,0.1009,0.002846,0.001384,0.02054,0.002907,0.05911,1.012e-05,0.004984,0.02555,0.0003061,0.008742,0.06168,0.05126,0.07238,0.0005963,0.003955,842.58,0.009336,0.0006713,0.0702,3.461e-05,0.1323,0.01307,0.008329,0.0001729,0.01621,0.000501,0.0003348,0.03591,0.01265,0.01001,6.231e-05,0.0003465,3.484,0.00616,0.007058,0.01931,0.03925,0.03807,0.04509,0.002133,0.07059,0.3271,0.00714,1.471,0.01138,0.0007856,0.04934,0.01575,7.55,0.1406,0.05533,0.036449,63497.2
2026-08-04 00:00:00+00:00,0.1002,0.002784,0.001388,0.02054,0.0028876,0.04673,9.57e-06,0.004978,0.02555,0.0003112,0.008757,0.06168,0.05316,0.07397,0.0005772,0.00412,880.47,0.009323,0.0006713,0.07003,3.483e-05,0.1349,0.01297,0.008681,0.000171,0.012841,0.0004937,0.0003341,0.03616,0.01349,0.01001,6.228e-05,0.000346,3.368,0.006033,0.007176,0.01768,0.03909,0.03807,0.04505,0.002421,0.07059,0.3229,0.006851,1.466,0.00997,0.0008373,0.04608,0.01575,7.68,0.1399,0.05495,0.040547,64075.5
2026-08-05 00:00:00+00:00,0.1005,0.002803,0.001405,0.02058,0.0028744,0.05324,9.56e-06,0.004916,0.02555,0.0003136,0.009451,0.06168,0.05156,0.0728,0.0005844,0.004101,878.29,0.009516,0.0006713,0.07001,3.477e-05,0.1338,0.01309,0.008821,0.0002009,0.013232,0.0004961,0.0003343,0.03712,0.01343,0.01001,6.456e-05,0.0003445,3.393,0.006249,0.007085,0.01698,0.03912,0.03807,0.04434,0.002406,0.07059,0.3332,0.006922,1.466,0.01023,0.0008224,0.04675,0.01575,7.94,0.1406,0.05353,0.038235,64633.9
2026-08-06 00:00:00+00:00,0.1019,0.002786,0.001484,0.02116,0.0028098,0.04543,1.002e-05,0.004684,0.02555,0.0003139,0.011056,0.06168,0.05476,0.07244,0.0005872,0.004097,861.68,0.009789,0.0006713,0.06906,3.541e-05,0.1289,0.01326,0.009688,0.0001861,0.012175,0.0005013,0.0003261,0.03631,0.01253,0.01001,6.236e-05,0.0003481,3.377,0.005986,0.007457,0.01733,0.0388,0.03807,0.04309,0.002388,0.07059,0.3293,0.007502,1.48,0.0112,0.0008104,0.0431,0.01575,7.51,0.14,0.05281,0.036918,64300
2026-08-07 00:00:00+00:00,0.1009,0.00248,0.001579,0.02095,0.0028099,0.04557,9.99e-06,0.004626,0.02555,0.0003264,0.009788,0.06168,0.05267,0.07422,0.0005995,0.004044,846.5,0.009866,0.0006713,0.06961,3.499e-05,0.1261,0.01322,0.009909,0.0001995,0.013496,0.0004904,0.0003255,0.03566,0.0139,0.01001,6.154e-05,0.0003464,3.246,0.006007,0.007129,0.01687,0.03828,0.03807,0.04266,0.002263,0.07059,0.3332,0.007501,1.477,0.0135,0.0008016,0.03967,0.01575,7.66,0.1373,0.05198,0.034529,64885.4
2026-08-08 00:00:00+00:00,0.1024,0.002483,0.002126,0.0211,0.0028525,0.04338,1.033e-05,0.004624,0.02555,0.0003349,0.01003,0.06168,0.06367,0.07387,0.0006299,0.004195,844.35,0.010373,0.0006713,0.0704,3.671e-05,0.1306,0.0139,0.010516,0.0002164,0.014256,0.0005055,0.0003391,0.0386,0.01563,0.01001,6.569e-05,0.0003622,3.45,0.006309,0.007563,0.01739,0.03955,0.03807,0.04336,0.002405,0.07059,0.3259,0.008059,1.489,0.01687,0.0008391,0.04015,0.01575,7.63,0.1421,0.05135,0.034928,64928.5
2026-08-09 00:00:00+00:00,0.1032,0.002434,0.001982,0.02128,0.0028824,0.04571,1.103e-05,0.004615,0.02555,0.0003517,0.01104,0.06168,0.06656,0.07324,0.0008475,0.004251,843.05,0.011477,0.0006713,0.06928,3.8e-05,0.1311,0.01483,0.011428,0.0002023,0.01332,0.000539,0.0003398,0.03947,0.02546,0.01001,7.639e-05,0.0003599,3.535,0.006445,0.00915,0.01788,0.04316,0.03807,0.04439,0.002671,0.07059,0.3179,0.008145,1.485,0.02192,0.0008697,0.03845,0.01575,7.68,0.1416,0.05316,0.036285,64867.8
2026-08-10 00:00:00+00:00,0.1015,0.002428,0.001701,0.02086,0.0028757,0.04229,1.049e-05,0.004506,0.02555,0.0003437,0.011186,0.06168,0.06513,0.07293,0.000828,0.004171,839.66,0.010748,0.0006713,0.06966,3.555e-05,0.1359,0.01421,0.011472,0.000188,0.013239,0.0005164,0.0003364,0.03745,0.02128,0.01001,7.315e-05,0.0003562,3.502,0.006523,0.008442,0.01772,0.04158,0.03807,0.04292,0.002776,0.07059,0.312,0.0079,1.483,0.02143,0.0008324,0.03689,0.01575,7.26,0.1405,0.055,0.037776,63939.3
2026-08-11 00:00:00+00:00,0.1005,0.002323,0.001684,0.02065,0.0028397,0.0385,1.039e-05,0.004494,0.02555,0.0003651,0.010309,0.06168,0.0662,0.07393,0.0007885,0.004064,845.75,0.010719,0.0006713,0.07187,3.574e-05,0.1352,0.01397,0.011409,0.0001849,0.013403,0.0005012,0.0003326,0.0371,0.01774,0.01001,6.787e-05,0.0003579,3.442,0.00644,0.008569,0.01708,0.04101,0.03807,0.04202,0.002724,0.07059,0.3185,0.007779,1.479,0.01641,0.0008234,0.03649,0.01575,7.52,0.1401,0.055,0.039905,63572
2026-08-12 00:00:00+00:00,0.0985,0.002236,0.001661,0.02024,0.0026737,0.03827,1.018e-05,0.004391,0.02555,0.0003421,0.009996,0.06168,0.07257,0.07369,0.0007959,0.003849,860.57,0.010959,0.0006713,0.06965,3.47e-05,0.1302,0.01379,0.011838,0.0001778,0.014783,0.0004862,0.0003225,0.03612,0.01861,0.01001,6.654e-05,0.0003586,3.485,0.006204,0.007975,0.01671,0.04017,0.03807,0.04133,0.002752,0.07059,0.3152,0.007937,1.406,0.01443,0.000795,0.03375,0.01575,8.58,0.1358,0.05504,0.037479,63454.7
2026-08-13 00:00:00+00:00,0.0991,0.002291,0.001594,0.02037,0.0026866,0.03796,1.008e-05,0.004456,0.02555,0.0003302,0.009525,0.06168,0.07606,0.07448,0.0007426,0.003917,857.8,0.01087,0.0006713,0.07014,3.522e-05,0.1396,0.01306,0.011565,0.0001775,0.013866,0.0004882,0.000325,0.03617,0.01581,0.01001,6.653e-05,0.0003864,3.524,0.006261,0.007755,0.01662,0.04161,0.03807,0.04216,0.002906,0.07059,0.3204,0.008007,1.396,0.014,0.0007904,0.03793,0.01575,8.62,0.1368,0.05503,0.037535,63456.7
2026-08-14 00:00:00+00:00,0.0974,0.002391,0.001675,0.0203,0.0026621,0.03869,1.031e-05,0.004621,0.02555,0.0003261,0.009943,0.06168,0.0773,0.07407,0.000791,0.003886,862.44,0.010733,0.0006713,0.07005,3.414e-05,0.1412,0.01287,0.012507,0.0001795,0.014037,0.0004853,0.000323,0.03614,0.01678,0.01001,6.523e-05,0.0003803,3.432,0.006111,0.007604,0.01701,0.04111,0.03807,0.04241,0.00284,0.07059,0.3177,0.008397,1.431,0.01454,0.0007871,0.04012,0.01575,8.62,0.1385,0.05555,0.038458,63015
2026-08-15 00:00:00+00:00,0.0966,0.002338,0.001673,0.02033,0.0026225,0.04043,1.052e-05,0.004497,0.02555,0.000326,0.010054,0.06168,0.07208,0.07376,0.0008464,0.003869,868.49,0.01104,0.0006713,0.06958,3.478e-05,0.1445,0.01296,0.01259,0.0001736,0.014386,0.000481,0.0003217,0.03586,0.01589,0.01001,6.512e-05,0.0004028,3.431,0.005989,0.007513,0.01737,0.04097,0.03807,0.04228,0.002752,0.07059,0.3229,0.008669,1.403,0.01403,0.000791,0.03904,0.01575,8.53,0.1359,0.05709,0.038162,63053.9
2026-08-16 00:00:00+00:00,0.0935,0.002308,0.001668,0.02005,0.0025705,0.04106,1.036e-05,0.004428,0.02555,0.0003233,0.010001,0.06168,0.07223,0.07267,0.0008278,0.003762,864.5,0.010962,0.0006713,0.06956,3.421e-05,0.1413,0.01308,0.012639,0.0001718,0.014458,0.0004634,0.0003162,0.0351,0.01723,0.01001,6.303e-05,0.0003862,3.345,0.005919,0.00741,0.01715,0.04062,0.03807,0.04156,0.002667,0.07059,0.3159,0.008567,1.399,0.01403,0.0007834,0.04037,0.01575,8.56,0.1357,0.05957,0.043497,62876
2026-08-17 00:00:00+00:00,0.0952,0.002323,0.001678,0.02022,0.0025885,0.03995,1.036e-05,0.004471,0.02555,0.0003256,0.010052,0.06168,0.07435,0.07265,0.0007794,0.003775,884,0.010925,0.0006713,0.07037,3.46e-05,0.1456,0.01273,0.012191,0.0001761,0.015249,0.0004579,0.0003184,0.03525,0.01667,0.01001,6.303e-05,0.0003821,3.377,0.006014,0.007115,0.0169,0.04119,0.03807,0.04117,0.002743,0.07059,0.3184,0.00844,1.395,0.01514,0.0007724,0.04225,0.01575,8.62,0.1376,0.06067,0.040754,64504.1
2026-08-18 00:00:00+00:00,0.0935,0.002314,0.001629,0.02001,0.0025862,0.04559,1.04e-05,0.004413,0.02555,0.0003234,0.010024,0.06168,0.06979,0.07124,0.0007682,0.003657,839.78,0.010792,0.0006713,0.07023,3.45e-05,0.141,0.0126,0.011651,0.0001721,0.014157,0.0004608,0.0003168,0.03536,0.01714,0.01001,6.35e-05,0.0003775,3.389,0.00606,0.007559,0.01782,0.04188,0.03807,0.04106,0.003096,0.07059,0.3192,0.008444,1.408,0.01457,0.0007601,0.03737,0.01575,8.43,0.1362,0.06062,0.041548,64694
2026-08-19 00:00:00+00:00,0.1039,0.002471,0.001715,0.02175,0.0028766,0.04204,1.08e-05,0.004737,0.02555,0.0003418,0.01048,0.06168,0.06938,0.07142,0.0008765,0.00418,823.9,0.011171,0.0006713,0.07503,3.687e-05,0.1547,0.01347,0.012559,0.0001781,0.013848,0.0004848,0.0003457,0.03823,0.02039,0.01001,6.875e-05,0.0003997,3.625,0.006464,0.008108,0.01847,0.0454,0.03807,0.04321,0.003002,0.07059,0.3673,0.008377,1.793,0.01496,0.0008301,0.04401,0.01575,8.89,0.1464,0.06143,0.044386,69310
2026-08-20 00:00:00+00:00,0.1141,0.002641,0.001811,0.0234,0.0032074,0.04343,1.194e-05,0.004931,0.02555,0.0003616,0.010992,0.06168,0.0695,0.0724,0.0011681,0.004515,812.33,0.012197,0.0006713,0.08044,3.841e-05,0.1695,0.01502,0.012764,0.0001829,0.013119,0.000514,0.0003833,0.04328,0.01918,0.01001,8.981e-05,0.0004155,4.168,0.007175,0.010509,0.01968,0.05211,0.03807,0.04696,0.003833,0.07059,0.3956,0.009262,1.648,0.01504,0.0009283,0.04898,0.01575,8.77,0.1643,0.05985,0.042381,72998.7
2026-08-21 00:00:00+00:00,0.1303,0.003109,0.001942,0.02913,0.0041212,0.03996,1.288e-05,0.0059,0.02555,0.0003939,0.012343,0.06168,0.06839,0.07349,0.0012217,0.005407,830.12,0.012882,0.0006713,0.09157,4.193e-05,0.1965,0.01609,0.013465,0.0001945,0.013673,0.0005737,0.0004398,0.04913,0.02059,0.01001,0.00010427,0.0004475,4.544,0.008922,0.011359,0.02065,0.056,0.03807,0.05292,0.004064,0.07059,0.4642,0.008958,1.868,0.01584,0.0010402,0.06478,0.01575,9.01,0.1993,0.06253,0.040932,78309.1
2026-08-22 00:00:00+00:00,0.117,0.003228,0.001968,0.02693,0.0040722,0.0401,1.209e-05,0.005448,0.02555,0.0003778,0.011193,0.06168,0.06716,0.07123,0.0011789,0.005165,829.41,0.011607,0.0006713,0.09188,3.944e-05,0.1785,0.01509,0.012588,0.0001845,0.01209,0.0005469,0.0004164,0.04483,0.02337,0.01001,9.181e-05,0.0004213,4.097,0.008408,0.010764,0.01886,0.05244,0.03807,0.05378,0.004965,0.07059,0.4478,0.007454,2.38,0.01725,0.0009523,0.06517,0.01575,8.98,0.1958,0.05889,0.040136,77084.5
2026-08-23 00:00:00+00:00,0.1184,0.003275,0.001962,0.02767,0.0040985,0.04328,1.261e-05,0.005545,0.02555,0.0003811,0.011432,0.06168,0.06976,0.0726,0.001192,0.005654,844.67,0.011859,0.0006713,0.09343,4.088e-05,0.1808,0.01559,0.01257,0.0001897,0.012618,0.0005639,0.0004398,0.04601,0.02421,0.01001,9.281e-05,0.000433,4.144,0.009903,0.010635,0.01901,0.05401,0.03807,0.0579,0.005228,0.07059,0.4676,0.007708,2.623,0.01588,0.0010417,0.06924,0.01575,8.97,0.2026,0.05905,0.037896,77719.1
2026-08-24 00:00:00+00:00,0.1179,0.00321,0.001925,0.02691,0.0040447,0.04559,1.22e-05,0.00547,0.02555,0.0003769,0.01065,0.06168,0.07088,0.07225,0.0011487,0.00534,814.06,0.011378,0.0006713,0.0901,4.009e-05,0.18,0.01607,0.011982,0.0001838,0.012575,0.0005443,0.0004301,0.04452,0.02393,0.01001,9.087e-05,0.0004194,4.212,0.009827,0.009915,0.01896,0.0516,0.03807,0.05857,0.004745,0.07059,0.4561,0.00841,2.392,0.01565,0.0010078,0.06558,0.01575,8.761,0.2016,0.05755,0.037431,78953
2026-08-25 00:00:00+00:00,0.1143,0.002991,0.001869,0.0262,0.0038204,0.04442,1.151e-05,0.005264,0.02555,0.0003665,0.010814,0.06168,0.0729,0.07245,0.0010519,0.005234,814.31,0.01136,0.0006713,0.08568,3.925e-05,0.1858,0.0161,0.011734,0.0001779,0.014157,0.000531,0.000412,0.04176,0.01965,0.01001,8.524e-05,0.0004061,4.055,0.009385,0.007817,0.01929,0.05077,0.03807,0.05838,0.0045,0.07059,0.5131,0.008056,2.172,0.01598,0.0009876,0.06164,0.01575,9.05,0.1953,0.0579,0.041247,78505.4
2026-08-26 00:00:00+00:00,0.1192,0.003072,0.001978,0.02702,0.0038583,0.04369,1.192e-05,0.005362,0.02555,0.0003779,0.011335,0.06168,0.07137,0.07574,0.0010553,0.005386,830.29,0.012551,0.0006713,0.08764,4.074e-05,0.2169,0.01621,0.012107,0.000184,0.013461,0.0005523,0.0004263,0.04373,0.01971,0.01001,8.941e-05,0.000429,4.297,0.009608,0.007934,0.01957,0.05156,0.03807,0.05933,0.004886,0.07059,0.6076,0.008727,2.322,0.01581,0.0010265,0.0678,0.01575,7.832,0.2125,0.05899,0.040527,78989.4
2026-08-27 00:00:00+00:00,0.119,0.003162,0.001954,0.0267,0.0038919,0.04219,1.14e-05,0.005423,0.02555,0.000378,0.011717,0.06168,0.06731,0.07353,0.0010214,0.005315,817.54,0.013844,0.0006713,0.0891,4.016e-05,0.2141,0.01594,0.011905,0.0001804,0.013335,0.000555,0.0004295,0.04373,0.02163,0.01001,8.815e-05,0.0004272,4.2,0.009673,0.008311,0.01967,0.05218,0.03807,0.05758,0.004875,0.07059,0.5914,0.008392,2.547,0.01615,0.001001,0.06911,0.01575,7.83,0.2172,0.05936,0.040163,80208.9
2026-08-28 00:00:00+00:00,0.1145,0.002978,0.001933,0.02542,0.0036918,0.04277,1.122e-05,0.005181,0.02555,0.0003621,0.011401,0.06168,0.07006,0.07187,0.0010144,0.005009,801.69,0.013906,0.0006713,0.08522,3.957e-05,0.1947,0.01526,0.011523,0.0001816,0.013209,0.0005376,0.0004133,0.04237,0.02217,0.01001,8.947e-05,0.00041,4.086,0.009187,0.008389,0.01873,0.05104,0.03807,0.05392,0.004626,0.07059,0.525,0.008073,2.735,0.01727,0.0011013,0.06016,0.01575,8.202,0.2042,0.05786,0.040753,77805.9
2026-08-29 00:00:00+00:00,0.1131,0.002986,0.001929,0.02542,0.0036579,0.04079,1.118e-05,0.005142,0.02555,0.0003606,0.010953,0.06168,0.07086,0.07135,0.000991,0.005015,809.49,0.014259,0.0006713,0.08524,3.948e-05,0.1965,0.01552,0.012445,0.0001776,0.015074,0.0005292,0.0004214,0.04148,0.02229,0.01001,8.7e-05,0.0004058,3.993,0.009133,0.008105,0.01858,0.05075,0.03807,0.05466,0.005058,0.07059,0.543,0.008269,2.676,0.01844,0.0010358,0.06503,0.01575,8.129,0.2017,0.0576,0.038963,78200.7
2026-08-30 00:00:00+00:00,0.1057,0.002782,0.001818,0.02386,0.0034011,0.0393,1.069e-05,0.004949,0.02555,0.0003506,0.010192,0.06168,0.06813,0.06996,0.0009026,0.004742,804.9,0.011139,0.0006713,0.08198,3.785e-05,0.1748,0.01526,0.01155,0.0001699,0.012716,0.0005064,0.0004059,0.03886,0.02054,0.01001,8.098e-05,0.0004059,3.802,0.008583,0.007646,0.0175,0.04774,0.03807,0.05164,0.00447,0.07059,0.5395,0.007878,2.339,0.01592,0.0009336,0.06794,0.01575,8.137,0.1893,0.05581,0.037767,77634.6
2026-08-31 00:00:00+00:00,0.107,0.002993,0.001811,0.02417,0.0035558,0.04014,1.076e-05,0.005066,0.02555,0.0003536,0.010522,0.06168,0.06984,0.06998,0.000881,0.005079,799.75,0.01155,0.0006713,0.08281,4.326e-05,0.176,0.01541,0.011509,0.0001746,0.013054,0.0005244,0.0004124,0.03948,0.02099,0.01001,8.619e-05,0.0004761,3.895,0.008725,0.007822,0.0174,0.04797,0.03807,0.05263,0.004451,0.07059,0.5541,0.007847,2.423,0.01617,0.0009459,0.0897,0.01575,8.319,0.1971,0.05747,0.038422,78549.6
2026-09-01 00:00:00+00:00,0.1044,0.002967,0.001776,0.02395,0.0034752,0.03914,1.068e-05,0.00514,0.02555,0.0003656,0.010043,0.06168,0.06518,0.0719,0.0008586,0.005,781.6,0.011032,0.0006713,0.08164,4.173e-05,0.1678,0.01498,0.010984,0.0001691,0.012801,0.0005156,0.0004033,0.03915,0.02155,0.01001,8.587e-05,0.0004392,3.902,0.008456,0.008031,0.01828,0.04789,0.03807,0.05119,0.004376,0.07059,0.5741,0.007589,2.269,0.01582,0.0009483,0.11159,0.01575,8.238,0.1938,0.05708,0.038321,77400.1
2026-09-02 00:00:00+00:00,0.1028,0.002911,0.001791,0.02402,0.0034306,0.03956,1.056e-05,0.005179,0.02555,0.0003685,0.010037,0.06168,0.07312,0.07317,0.0008714,0.004928,790.03,0.01094,0.0006713,0.08172,4.043e-05,0.159,0.01458,0.010934,0.00017,0.013127,0.0005113,0.0004066,0.0389,0.02853,0.01001,8.565e-05,0.000436,3.867,0.008354,0.007994,0.01809,0.04733,0.03807,0.05172,0.004086,0.07059,0.5358,0.00766,2.212,0.017,0.000949,0.12283,0.01575,8.241,0.1991,0.05605,0.036964,77300
2026-09-03 00:00:00+00:00,0.1108,0.003119,0.001917,0.02553,0.0037128,0.04096,1.115e-05,0.005405,0.02555,0.0003897,0.01053,0.06168,0.07219,0.07013,0.0009028,0.005098,800,0.011819,0.0006713,0.08779,4.202e-05,0.1698,0.01523,0.012388,0.0001769,0.013506,0.0005403,0.0004268,0.0413,0.03005,0.01001,8.905e-05,0.0004508,4.161,0.008702,0.008198,0.02008,0.04966,0.03807,0.0534,0.004318,0.07059,0.6093,0.007613,2.387,0.01737,0.000982,0.20762,0.01575,7.88,0.2146,0.05742,0.037137,81230.7
2026-09-04 00:00:00+00:00,0.1078,0.003199,0.002036,0.02511,0.0035217,0.04144,1.094e-05,0.005227,0.02555,0.0003846,0.010955,0.06168,0.07474,0.06803,0.0008299,0.00497,814.94,0.012405,0.0006713,0.08475,4.265e-05,0.1639,0.0151,0.012132,0.0001781,0.014036,0.0005453,0.0004179,0.04178,0.02984,0.01001,8.402e-05,0.0004422,3.997,0.008278,0.00788,0.02001,0.04803,0.03807,0.05151,0.004239,0.07059,0.603,0.007804,2.303,0.01815,0.0009822,0.26482,0.01575,8.027,0.2034,0.05624,0.037913,79616.1
2026-09-05 00:00:00+00:00,0.1065,0.003214,0.002537,0.02632,0.0036134,0.04025,1.153e-05,0.005464,0.02555,0.0004123,0.011141,0.06168,0.0743,0.07022,0.0009377,0.005339,820.87,0.013179,0.0006713,0.08963,4.457e-05,0.1716,0.01616,0.012468,0.0001808,0.015674,0.0005688,0.0004288,0.04538,0.03162,0.01001,8.934e-05,0.0004515,4.175,0.00861,0.008219,0.0201,0.05027,0.03807,0.05282,0.003841,0.07059,0.5985,0.007872,2.37,0.0187,0.001006,0.25802,0.01575,8.145,0.2134,0.05718,0.038984,79797.7
2026-09-06 00:00:00+00:00,0.112,0.003404,0.002124,0.02635,0.0036559,0.04164,1.162e-05,0.005527,0.02555,0.0004105,0.011001,0.06168,0.07236,0.07111,0.000909,0.005572,816.99,0.015399,0.0006713,0.09087,4.595e-05,0.181,0.01619,0.012059,0.0001766,0.013986,0.0005634,0.0004465,0.04482,0.03162,0.01001,9.027e-05,0.0004626,4.265,0.008793,0.008184,0.01982,0.05112,0.03807,0.05361,0.004017,0.07059,0.5775,0.007804,2.334,0.01769,0.0010221,0.21561,0.01575,7.956,0.2166,0.05685,0.038185,80301.1
2026-09-07 00:00:00+00:00,0.1166,0.003137,0.002147,0.02622,0.0036232,0.04079,1.144e-05,0.005438,0.02555,0.0003984,0.01092,0.06168,0.07558,0.06983,0.0009165,0.005309,820.23,0.013463,0.0006713,0.09047,4.701e-05,0.1711,0.01609,0.011547,0.0001765,0.015398,0.0005636,0.0004393,0.04418,0.02988,0.01001,8.969e-05,0.0004701,4.368,0.008443,0.0079,0.01954,0.05075,0.03807,0.05211,0.004361,0.07059,0.546,0.007416,2.303,0.018,0.0010001,0.23049,0.01575,7.924,0.2161,0.05644,0.037267,79075.9
2026-09-08 00:00:00+00:00,0.1122,0.003041,0.002104,0.02621,0.0036571,0.03915,1.126e-05,0.005407,0.02555,0.0004019,0.010776,0.06168,0.07276,0.06797,0.0009045,0.005335,824.19,0.013758,0.0006713,0.09001,4.984e-05,0.1657,0.01599,0.011253,0.0001749,0.015253,0.0005606,0.000423,0.04305,0.02938,0.01001,8.834e-05,0.0004626,4.327,0.008075,0.008049,0.01932,0.04977,0.03807,0.05177,0.004314,0.07059,0.5287,0.007399,2.224,0.01768,0.001006,0.28472,0.01575,7.614,0.212,0.05605,0.037712,78425.6
2026-09-09 00:00:00+00:00,0.105,0.002871,0.002022,0.02482,0.0034751,0.0377,1.071e-05,0.005251,0.02555,0.0003858,0.01018,0.06168,0.07232,0.0664,0.0008797,0.004993,817.67,0.012469,0.0006713,0.0861,4.778e-05,0.1453,0.01484,0.011858,0.0001633,0.012928,0.0005205,0.0004095,0.0419,0.0287,0.01001,8.494e-05,0.0004382,4.08,0.00767,0.007891,0.01865,0.04811,0.03807,0.0496,0.004087,0.07059,0.4788,0.006848,2.026,0.01554,0.0009653,0.22521,0.01575,7.57,0.2046,0.05644,0.036617,78264.1
2026-09-10 00:00:00+00:00,0.0997,0.002634,0.001929,0.02367,0.0032335,0.04091,1.015e-05,0.005032,0.02555,0.0003698,0.009482,0.06168,0.07382,0.06104,0.0008295,0.004704,804.1,0.011813,0.0006713,0.08286,4.598e-05,0.1381,0.01456,0.010902,0.0001583,0.013488,0.0005007,0.0003886,0.03849,0.02863,0.01001,8.15e-05,0.00042,3.94,0.007345,0.00736,0.01753,0.04527,0.03807,0.04744,0.003651,0.07059,0.4728,0.007008,1.941,0.01447,0.0009032,0.23092,0.01575,7.478,0.19,0.05618,0.03311,76535.7
2026-09-11 00:00:00+00:00,0.1014,0.002742,0.002014,0.02455,0.003306,0.04194,1.041e-05,0.005171,0.02555,0.0003778,0.009816,0.06168,0.07446,0.06673,0.0008532,0.004901,820.27,0.01249,0.0006713,0.08426,5.134e-05,0.1437,0.01514,0.011043,0.000162,0.014282,0.0005172,0.0004071,0.03977,0.0289,0.01001,8.279e-05,0.0004293,3.999,0.007252,0.007807,0.01796,0.04616,0.03807,0.0486,0.003585,0.07059,0.4951,0.007414,1.98,0.01527,0.0009262,0.21445,0.01575,7.625,0.1916,0.05531,0.034453,77191.1
2026-09-12 00:00:00+00:00,0.1073,0.00278,0.002079,0.0247,0.0034238,0.04144,1.07e-05,0.005295,0.02555,0.0003817,0.009775,0.06168,0.07347,0.06683,0.0008588,0.004967,817.8,0.012605,0.0006713,0.08479,5.304e-05,0.1433,0.01646,0.015944,0.000162,0.0185,0.000538,0.0004041,0.03974,0.03,0.01001,8.754e-05,0.0004329,4.172,0.007241,0.007907,0.01779,0.04719,0.03807,0.0482,0.003775,0.07059,0.49,0.007587,1.988,0.01617,0.0009309,0.23221,0.01575,7.63,0.1906,0.0573,0.034009,77242.8
2026-09-13 00:00:00+00:00,0.1002,0.002699,0.002069,0.02423,0.0033613,0.0415,1.035e-05,0.005133,0.02555,0.000375,0.009418,0.06168,0.06944,0.06568,0.0008272,0.004797,814.27,0.012218,0.0006713,0.08235,5.205e-05,0.1387,0.01609,0.012511,0.0001588,0.01712,0.0005304,0.0004023,0.03889,0.02994,0.01001,8.309e-05,0.0004332,4.019,0.006979,0.007721,0.017,0.04479,0.03807,0.04607,0.003471,0.07059,0.4793,0.00714,1.927,0.01542,0.0009016,0.21381,0.01575,7.51,0.187,0.05697,0.030619,76805
2026-09-14 00:00:00+00:00,0.1014,0.002728,0.002017,0.02458,0.0034548,0.04091,1.044e-05,0.005234,0.02555,0.0003752,0.009534,0.06168,0.07337,0.06947,0.0008584,0.004949,787.6,0.012269,0.0006713,0.08361,5.088e-05,0.144,0.01633,0.012242,0.0001605,0.021599,0.0005296,0.000405,0.03989,0.02975,0.01001,8.29e-05,0.0004581,4.135,0.007106,0.007846,0.01732,0.04606,0.03807,0.04703,0.003679,0.07059,0.5005,0.007239,2.003,0.01562,0.0009011,0.19629,0.01575,7.619,0.1874,0.05777,0.029296,78153.3
2026-09-15 00:00:00+00:00,0.0967,0.002569,0.001953,0.02327,0.003389,0.04097,1.011e-05,0.004941,0.02555,0.0003594,0.009226,0.06168,0.07993,0.06728,0.0008534,0.004703,786.8,0.011419,0.0006713,0.08003,4.6e-05,0.1382,0.01544,0.012573,0.0001562,0.018732,0.0005125,0.000381,0.03788,0.02999,0.01001,7.842e-05,0.0004263,3.907,0.006845,0.007519,0.01667,0.04394,0.03807,0.04418,0.003514,0.07059,0.4634,0.007022,1.88,0.01486,0.0008674,0.2152,0.01575,7.492,0.1779,0.05707,0.028607,75599.9
2026-09-16 00:00:00+00:00,0.0965,0.002658,0.001974,0.02363,0.0034056,0.04047,1.006e-05,0.004986,0.02555,0.0003643,0.009304,0.06168,0.07455,0.0647,0.0008947,0.004917,789.75,0.011536,0.0006713,0.08088,4.531e-05,0.1376,0.01509,0.013318,0.0001571,0.018539,0.0005181,0.0003854,0.03862,0.02885,0.01001,8.002e-05,0.000438,4.115,0.006982,0.007592,0.0169,0.04485,0.03807,0.04441,0.00362,0.07059,0.456,0.006929,1.932,0.01531,0.0008926,0.23113,0.01575,7.081,0.183,0.05809,0.029556,76174.6
2026-09-17 00:00:00+00:00,0.0993,0.002731,0.002013,0.0242,0.0036109,0.04085,1.033e-05,0.005155,0.02555,0.0003739,0.009632,0.06168,0.07044,0.06498,0.0009531,0.004772,801.26,0.012648,0.0006713,0.08168,4.639e-05,0.1459,0.0158,0.013968,0.0001604,0.019803,0.0005248,0.0003955,0.04136,0.03127,0.01001,8.375e-05,0.0004511,4.186,0.007258,0.008329,0.01761,0.04676,0.03807,0.04559,0.004085,0.07059,0.4629,0.007115,1.952,0.01535,0.0009129,0.26505,0.01575,7.05,0.1862,0.05831,0.030307,76385.9
2026-09-18 00:00:00+00:00,0.1071,0.003041,0.002128,0.02571,0.0038207,0.04188,1.125e-05,0.005462,0.02555,0.0003926,0.010405,0.06168,0.07116,0.06772,0.0009866,0.005112,808.46,0.013005,0.0006713,0.08745,4.824e-05,0.1616,0.01681,0.014243,0.0001677,0.021273,0.0005654,0.0004183,0.0447,0.03277,0.01001,9.247e-05,0.000478,4.6,0.007935,0.009026,0.0184,0.05219,0.03807,0.04961,0.004242,0.07059,0.4979,0.007727,2.084,0.01629,0.0009971,0.29211,0.01575,6.76,0.2145,0.05908,0.031858,80863
2026-09-19 00:00:00+00:00,0.1079,0.003038,0.002138,0.02621,0.0041222,0.04057,1.134e-05,0.005514,0.02555,0.0003948,0.010597,0.06168,0.06395,0.06759,0.000939,0.00554,809.15,0.013907,0.0006713,0.08771,4.783e-05,0.1711,0.01729,0.014103,0.0001698,0.020607,0.0005768,0.0004238,0.04575,0.03227,0.01001,9.333e-05,0.000477,4.604,0.007947,0.008994,0.01816,0.05326,0.03807,0.05071,0.004253,0.07059,0.4908,0.007706,2.099,0.01558,0.0009913,0.25627,0.01575,6.772,0.2112,0.05844,0.032038,81225.6
2026-09-20 00:00:00+00:00,0.1066,0.003005,0.002076,0.02577,0.0039947,0.04058,1.118e-05,0.005487,0.02555,0.000392,0.010437,0.06168,0.07433,0.06617,0.000966,0.005331,809.5,0.013709,0.0006713,0.08725,4.783e-05,0.1676,0.0173,0.014327,0.0001706,0.020432,0.0005644,0.0004226,0.04461,0.03336,0.01001,8.941e-05,0.0004872,4.572,0.007853,0.008733,0.0179,0.05259,0.03807,0.0498,0.004227,0.07059,0.4644,0.007576,2.068,0.01544,0.0009717,0.23814,0.01575,6.746,0.2022,0.05811,0.031783,81143.9
2026-09-21 00:00:00+00:00,0.1197,0.00337,0.00224,0.02899,0.0047693,0.04209,1.229e-05,0.006051,0.02555,0.0004174,0.011158,0.06168,0.07861,0.06824,0.0010621,0.005887,820.75,0.014926,0.0006713,0.09986,5.012e-05,0.1953,0.01846,0.015454,0.0001771,0.02245,0.0006158,0.0004713,0.04829,0.04379,0.01001,9.686e-05,0.0005112,4.881,0.008782,0.0092,0.01912,0.05642,0.03807,0.05633,0.004375,0.07059,0.5097,0.008232,2.185,0.01644,0.0010544,0.28046,0.01575,6.713,0.2449,0.05743,0.033901,86578.7
2026-09-22 00:00:00+00:00,0.124,0.003625,0.002343,0.03033,0.0049853,0.04219,1.279e-05,0.006114,0.02555,0.000424,0.011459,0.06168,0.07868,0.06934,0.0011056,0.005974,813.37,0.014416,0.0006713,0.1004,5.122e-05,0.2065,0.02092,0.016536,0.0001865,0.023766,0.0006262,0.0004854,0.0489,0.0787,0.01001,9.941e-05,0.0005166,4.953,0.010056,0.009585,0.01967,0.05794,0.03807,0.05895,0.004484,0.07059,0.5213,0.00869,2.246,0.01893,0.0011061,0.34639,0.01575,6.845,0.2553,0.05852,0.034893,86158.6
2026-09-23 00:00:00+00:00,0.1211,0.003515,0.002116,0.02723,0.0043318,0.03985,1.136e-05,0.005637,0.02555,0.0003987,0.010559,0.06168,0.07919,0.0634,0.0010251,0.005244,814.4,0.012741,0.0006713,0.09267,4.701e-05,0.1846,0.01911,0.014954,0.0001712,0.019985,0.0005891,0.0004763,0.04479,0.05289,0.01001,8.638e-05,0.0004649,4.433,0.009746,0.008533,0.01856,0.05273,0.03807,0.05607,0.004002,0.07059,0.4306,0.007892,1.963,0.01729,0.0010149,0.29475,0.01575,6.753,0.2335,0.0543,0.03256,84355.1
2026-09-24 00:00:00+00:00,0.1269,0.003785,0.002295,0.02837,0.0044214,0.04005,1.187e-05,0.005774,0.02555,0.000417,0.010906,0.06168,0.07366,0.06508,0.0010317,0.005612,806.22,0.013266,0.0006713,0.09573,4.818e-05,0.185,0.01919,0.015209,0.0001779,0.020276,0.0006277,0.0004935,0.04918,0.04456,0.01001,9.091e-05,0.0004827,4.582,0.00972,0.009243,0.01905,0.05435,0.03807,0.05632,0.003848,0.07059,0.4378,0.008337,2.075,0.01917,0.0010567,0.28284,0.01575,6.528,0.2366,0.05655,0.033104,84370
2026-09-25 00:00:00+00:00,0.1256,0.003741,0.002276,0.02881,0.0044875,0.04231,1.224e-05,0.005955,0.02555,0.0004242,0.011174,0.06168,0.07194,0.06914,0.001073,0.005786,823.1,0.014238,0.0006713,0.09893,4.901e-05,0.1968,0.01967,0.015559,0.0001798,0.019398,0.0006497,0.0005117,0.05021,0.05604,0.01001,9.463e-05,0.0004939,4.792,0.010285,0.009531,0.01927,0.05707,0.03807,0.06014,0.004194,0.07059,0.4651,0.008584,2.122,0.01945,0.0010717,0.29585,0.01575,6.575,0.2532,0.05737,0.033845,84056
2026-09-26 00:00:00+00:00,0.1262,0.003648,0.00238,0.02895,0.0043626,0.04181,1.275e-05,0.005928,0.02555,0.0004186,0.011117,0.06168,0.07092,0.0687,0.0010326,0.006044,824.63,0.013843,0.0006713,0.09667,5.128e-05,0.1921,0.01979,0.017342,0.0001799,0.019641,0.0006361,0.0005072,0.04897,0.05797,0.01001,9.266e-05,0.0005112,4.868,0.0099,0.009445,0.01919,0.05557,0.03807,0.05689,0.004393,0.07059,0.4555,0.008377,2.113,0.01929,0.0010616,0.28604,0.01575,6.572,0.2449,0.05856,0.032864,84403.3
2026-09-27 00:00:00+00:00,0.1243,0.003739,0.002403,0.02855,0.004367,0.04093,1.293e-05,0.005923,0.02555,0.0004309,0.011183,0.06168,0.07329,0.06816,0.0010271,0.006144,826.87,0.013818,0.0006713,0.09685,5.182e-05,0.195,0.01959,0.017643,0.0001797,0.020113,0.0006432,0.0005073,0.04885,0.05326,0.01001,9.136e-05,0.0005253,4.818,0.010246,0.009201,0.01896,0.05526,0.03807,0.0558,0.005153,0.07059,0.4448,0.008562,2.124,0.01921,0.001067,0.28602,0.01575,6.579,0.2444,0.05855,0.032883,84432.9
2026-09-28 00:00:00+00:00,0.1174,0.003497,0.002257,0.02696,0.004211,0.03961,1.227e-05,0.005682,0.02555,0.0004204,0.010606,0.06168,0.07017,0.06475,0.000981,0.005622,821.61,0.012915,0.0006713,0.09389,4.773e-05,0.1677,0.01874,0.017378,0.0001705,0.019163,0.0005954,0.0004733,0.04671,0.05886,0.01001,8.977e-05,0.0004974,4.603,0.009462,0.009434,0.01767,0.05297,0.03807,0.05228,0.004928,0.07059,0.4194,0.007952,2.008,0.01749,0.0010077,0.23769,0.01575,6.401,0.2345,0.05704,0.031854,83461
2026-09-29 00:00:00+00:00,0.1178,0.003632,0.002217,0.02737,0.0042531,0.03798,1.25e-05,0.005758,0.02555,0.0004126,0.010619,0.06168,0.07302,0.06433,0.0009932,0.005616,830.74,0.013329,0.0006713,0.09385,4.798e-05,0.1797,0.01896,0.016319,0.0001685,0.019538,0.0005949,0.0004834,0.0465,0.06199,0.01001,9.128e-05,0.0004869,4.582,0.009968,0.009383,0.01799,0.05266,0.03807,0.05268,0.005885,0.07059,0.4153,0.008262,2.026,0.01781,0.0010009,0.23953,0.01575,6.555,0.2403,0.05655,0.031925,83624.5
2026-09-30 00:00:00+00:00,0.1163,0.003799,0.002282,0.0277,0.0042766,0.03951,1.258e-05,0.005753,0.02555,0.0004134,0.010789,0.06168,0.07078,0.06259,0.001002,0.005863,817.63,0.013652,0.0006713,0.0945,4.833e-05,0.1772,0.01886,0.016322,0.0001708,0.020233,0.000597,0.0004964,0.04709,0.0605,0.01001,9.202e-05,0.0004939,4.628,0.009606,0.009378,0.01892,0.05401,0.03807,0.05234,0.005923,0.07059,0.4452,0.008335,2.052,0.01783,0.0010316,0.2382,0.01575,6.423,0.2488,0.05515,0.031559,83576.9
2026-10-01 00:00:00+00:00,0.1163,0.003758,0.002243,0.02777,0.0044332,0.04066,1.255e-05,0.00579,0.02555,0.0004076,0.010983,0.06168,0.07255,0.06574,0.0009578,0.005601,825.32,0.013476,0.0006713,0.09433,4.833e-05,0.1767,0.01855,0.016463,0.0001701,0.019874,0.0005856,0.0005005,0.04696,0.0624,0.01001,9.136e-05,0.0004931,4.559,0.009444,0.009107,0.01859,0.0541,0.03807,0.05292,0.005822,0.07059,0.4411,0.008065,2.057,0.01764,0.0010242,0.23588,0.01575,6.277,,0.05593,0.031248,84829.6
2026-10-02 00:00:00+00:00,0.1149,0.003634,0.002221,0.02718,0.0042525,0.04114,1.237e-05,0.005728,0.02555,0.0004054,0.010878,0.06168,0.07085,0.06451,0.0010242,0.005837,847.68,0.013364,0.0006713,0.09289,4.774e-05,0.178,0.01845,0.016935,0.0001729,0.019997,0.0005854,0.000531,0.04644,0.0616,0.01001,9.172e-05,0.000508,4.667,0.008922,0.008869,0.01905,0.05413,0.03807,0.05323,0.00538,0.07059,0.425,0.007996,2.115,0.01728,0.0010467,0.22382,0.01575,6.161,0.2489,0.05536,0.031729,84482.8
2026-10-03 00:00:00+00:00,0.1172,0.003794,0.00228,0.02744,0.0043078,0.04104,1.249e-05,0.005744,0.02555,0.0004117,0.010741,0.06168,0.07127,0.06603,0.0010076,0.005879,848.34,0.013294,0.0006713,0.09276,4.774e-05,0.1768,0.01899,0.016736,0.0001723,0.020097,0.0005964,0.0005367,0.04652,0.06375,0.01001,9.007e-05,0.0005032,4.556,0.00925,0.008982,0.01857,0.05408,0.03807,0.05373,0.006268,0.07059,0.4448,0.008294,2.044,0.01721,0.0010431,0.2402,0.01575,6.144,0.2511,0.05509,0.03204,84710.6
