,1000000MOGUSDT,1000BONKUSDT,1000CATUSDT,1000FLOKIUSDT,1000PEPEUSDT,1000RATSUSDT,1000SATSUSDT,1000SHIBUSDT,1000XUSDT,1MBABYDOGEUSDT,ACTUSDT,AI16ZUSDT,ARCUSDT,BANUSDT,BOMEUSDT,BRETTUSDT,CATUSDT,CHILLGUYUSDT,DEGENUSDT,DOGEUSDT,DOGSUSDT,FARTCOINUSDT,GOATUSDT,GRIFFAINUSDT,HMSTRUSDT,KOMAUSDT,MEMEUSDT,MEWUSDT,MOODENGUSDT,MUBARAKUSDT,MYROUSDT,NEIROUSDT,NOTUSDT,ORDIUSDT,PENGUUSDT,PEOPLEUSDT,PIPPINUSDT,PNUTUSDT,PONKEUSDT,POPCATUSDT,PUMPUSDT,SLERFUSDT,SPXUSDT,SWARMSUSDT,TRUMPUSDT,TSTUSDT,TURBOUSDT,USELESSUSDT,VINEUSDT,WENUSDT,WIFUSDT,WLFIUSDT,ZEREBROUSDT,BTCUSDT
2025-01-01 00:00:00+00:00,0.0003,0.00017863,0.0003,0.00027896,0.0002839,0.00086903,0.0003,0.00024745,0.0003,0.0003,0.0003,0,0,0.00037708,0.0003,0.0003,0,0.00107812,0.00089327,0.00015155,0.0003,0.0003,0.00040307,0,0.0003,0.0007544,0.0003,0.0003,0.00037554,0,0.00052762,0.0003,0.0003,0.0003,0.0003,0.00018177,0,0.0003,0.0003,0.00079026,0,0.0003,0.00028844,0,0,0,0.00010764,0,0,0,0.0003,0,0,0.0003
2025-01-02 00:00:00+00:00,0.0003,0.0003,0.0003,0.0003,0.00017335,0.00213289,0.0003,0.00028798,0.0003,0.0003,0.0003,0.00225063,0,0.00053251,0.0003,0.0003,0,0.00121893,0.00080921,0.0003,0.0003,0.00443589,0.00060977,0.00083059,0.0003,0.00122288,0.0003,0.0003,0.00058447,0,0.00087527,0.0003,0.0003,0.0003,0.00051492,0.0003,0,0.0003,0.0003,0.00061307,0,0.0003,0.0003,0,0,0,0.0003,0,0,0,0.0003,0,0.00128192,0.0003
2025-01-03 00:00:00+00:00,0.0003,0.0003,0.0003,0.0003,0.00023536,0.00224548,0.0003,0.0003,0.0003,0.0003,0.0003,0.00263282,0,0.00061603,0.0003,0.0007185,0,0.00226811,0.00062671,0.00017238,0.0003,0.00186028,0.00091544,0.00276364,0.0003,0.00165683,0.0003,0.0003,0.00042195,0,0.00128003,0.0003,0.0003,0.0003,0.00046462,0.0003,0,0.0003,0.0003,0.00030401,0,0.00035413,0.0003,0,0,0,0.00028004,0,0,0,0.0003,0,0.00319804,0.00025242
2025-01-04 00:00:00+00:00,0.00034187,0.0003,0.0003,0.0003,0.0003,0.00081832,0.0003,0.0003,0.00032031,0.0003,0.0003,0.00235703,0,0.00056378,0.0003,0.00074865,0,0.00196459,0.00052393,0.0003,0.0003,0.00103812,0.00135514,0.0018313,0.0003,0.00078348,0.0003,0.00031279,0.00067276,0,0.00179384,0.0003,0.0003,0.0003,0.00050892,0.0003,0,0.0003,0.0004707,0.00061796,0,0.00069099,0.00091385,0,0,0,0.0003,0,0,0,0.0003,0,0.00278274,0.00018497
2025-01-05 00:00:00+00:00,0.00034529,0.0003,0.0003,0.0003,0.0003,0.00130774,0.0003,0.0003,0.0003,0.0003,0.0003,0.00223848,0,0.00010141,0.0003,0.0003,0,0.00093022,0.00082208,0.00026344,0.0003,0.00103021,0.00071582,0.00099672,0.0003,0.00207651,0.0003,0.0003,0.00060359,0,0.00198712,0.0003,0.0003,0.0003,0.00037135,0.0003,0,0.0003,0.0006101,0.00069134,0,0.00067107,0.0004795,0,0,0,0.0003,0,0,0,0.0003,0,0.00345557,0.0002832
2025-01-06 00:00:00+00:00,0.00052355,0.0003,0.0003,0.0003,0.00027535,0.00219754,0.0003,0.0003,0.0003,0.0003,0.0003,0.00164216,0,0.00049269,0.0003,0.00031581,0,0.00070116,0.00111724,0.0001868,0.0003,0.00051688,0.00057258,0.00040373,0.0003,0.00193403,0.0003,0.0003,0.00094427,0,0.00136618,0.0003,0.0003,0.0003,0.0003,0.0003,0,0.0003,0.00035112,0.00047677,0,0.00063196,-0.00040779,0,0,0,0.0003,0,0,0,0.0003,0,0.00186648,0.0003
2025-01-07 00:00:00+00:00,0.0008052,0.00028073,0.0003,0.0003,0.00028333,0.00190887,0.00024667,0.0001705,0.0003,0.0003,0.0003,0.00083244,0,0.00138356,0.0003,0.00033655,0,0.00111943,0.00112646,0.00027968,0.0003,0.00180835,0.00065804,0.0028767,0.0003,0.00214414,0.0003,0.0003,0.0003,0,0.00081999,0.0003,0.0003,0.0003,0.0003,0.0003,0,0.0003,0.0003,0.00045979,0,0.0003,0.00059891,0.00155539,0,0,0.0003,0,0,0,0.0003,0,0.00164634,0.00027182
2025-01-08 00:00:00+00:00,0.0007867,0.00014237,0.0003,-2.265e-05,4.143e-05,0.00068222,4.13e-06,4.19e-06,0.0003,7.092e-05,0.00027417,0.0012814,0,0.00036642,0.00024116,0.0003,0,0.00074836,0.0014392,-4.435e-05,0.0003,0.00172978,0.00038688,0.00065274,0.0003,0.00165176,0.00027902,0.00023625,0.0003,0,0.0003,0.00018901,5.964e-05,0.00021983,0.0003,0.00025613,0,0.00024315,0.0003,0.00049615,0,0.0003,0.00047493,0.00449045,0,0,-7.851e-05,0,0,0,0.00026603,0,0.00200328,0.0003
2025-01-09 00:00:00+00:00,0.0003,4.956e-05,0.0003,-0.00019605,1.867e-05,0.00108691,-0.0003527,-5.312e-05,0.0003,0.00027118,0.00018399,0.00144975,0,0.00092059,0.00029046,0.0003,0,0.00033769,0.00067225,8.019e-05,0.00027791,0.00035056,0.00059659,0.00049342,0.00026119,0.00120304,0.0003,0.00020123,0.00033442,0,0.0003,0.00021693,0.00028551,0.00018448,0.00024085,8.733e-05,0,0.0003,0.0003,0.00037533,0,0.00048044,0.00167206,0.00143768,0,0,-6.374e-05,0,0,0,0.0003,0,0.00135933,0.0001929
2025-01-10 00:00:00+00:00,0.0003,7.693e-05,0.0003,0.00022888,2.837e-05,0.00040562,0.00021459,6.477e-05,0.0003,0.0003,0.0003,0.00110184,0,-4.99e-06,0.0003,0.0003,0,0.0003043,0.00047457,-0.00036571,0.0003,0.00053982,0.00058018,0.0003,0.0003,0.00179756,0.0003,0.00024236,0.00041456,0,0.00053585,0.0003,-5.064e-05,0.00027653,0.0003,0.00028769,0,0.0003,0.0003,0.00055647,0,0.00053511,0.0004674,0.00060493,0,0,0.0003,0,0,0,0.0003,0,0.00120878,0.00010984
2025-01-11 00:00:00+00:00,0.0003,0.00012246,0.0003,0.00023709,0.00015748,0.0003033,0.0003,0.00025681,0.0003,0.0003,0.0003,0.00222688,0,0.00046074,0.0003,0.0003,0,0.00053378,0.00056197,-0.00020461,0.0003,0.0011017,0.00036367,0.00036808,0.0003,0.00066447,0.0003,0.00029287,0.0003,0,0.0003,0.0003,-0.0003386,0.00029086,0.0003,0.0003,0,0.0003,0.0003,0.00057613,0,0.00045317,3.828e-05,0.00165892,0,0,0.00027646,0,0,0,0.0003,0,0.00088273,0.00012343
2025-01-12 00:00:00+00:00,0.0003,0.00027904,0.0003,0.00011026,5.322e-05,0.00036586,0.0003,7.24e-05,0.0003,0.0003,0.0003,0.00152027,0,0.00089929,0.0003,0.0003,0,0.00040792,0.00030461,-0.00015157,0.0003,0.0003212,0.00056783,0.00079527,0.0003,0.00118358,0.0003,0.00029473,0.00056897,0,0.00035174,0.0003,0.0002207,0.0002902,0.0003,0.0003,0,0.0003,0.0003,0.00042475,0,0.00072255,0.0003,0.00073641,0,0,0.0003,0,0,0,0.0003,0,0.00113836,0.00014866
2025-01-13 00:00:00+00:00,0.00035662,0.00019907,0.00029459,-1.779e-05,0.00026069,0.0003428,0.00025762,-1.941e-05,0.0003,0.0003,-0.00131836,0.00102308,0,0.00041018,0.0001311,-0.00119264,0,0.00048958,0.00076259,3.273e-05,0.00023119,0.00065525,0.00041006,0.00108697,0.00022088,0.00163023,0.00019311,0.0003,0.0003,0,0.00053036,0.00021641,0.00014892,0.0003,0.00028445,0.0002369,0,0.00015207,0.0003,0.00038958,0,0.0003,0.00120712,0.00241051,0,0,0.0003,0,0,0,0.00024743,0,0.00227917,0.00013136
2025-01-14 00:00:00+00:00,0.0003,0.00029533,0.0003,2.147e-05,2.672e-05,0.00088212,0.00028231,0.00017961,0.0003,0.0003,0.0003,0.00065049,0,0.00093133,3.372e-05,0.0003,0,0.00039087,0.00035305,0.00018564,0.00027095,0.00026392,0.00066407,0.000154,0.0003,0.00154189,0.00026585,0.0003,0.00043054,0,0.0003318,0.0003,0.00018332,0.00024857,0.0003,0.00025398,0,0.0003,0.0003,0.0003,0,0.00063118,0.0003,0.00080367,0,0,0.00010676,0,0,0,0.00016007,0,0.0015226,0.00029496
2025-01-15 00:00:00+00:00,0.0003,0.0003,0.0003,0.0003,0.0003,0.00151866,0.0003,0.0003,0.0003,0.0003,0.0003,0.0003,0,-0.0002171,0.0003,0.0003,0,0.00037059,0.00052487,5.826e-05,0.0003,0.00016786,0.0003346,0.00115344,0.0003,0.0011043,0.0003,0.0003,0.00041535,0,0.000923,0.00028289,0.0003,0.0003,0.0003,0.0003,0,0.00028872,0.0003,0.00037083,0,0.0003,-0.00019593,0.00299029,0,0,0.0003,0,0,0,0.0003,0,0.00049662,0.00019628
2025-01-16 00:00:00+00:00,0.0003,0.0003,0.0003,0.0003,0.0003,0.00292847,0.0003,0.0003,0.0003,0.0003,0.0003,0.00082352,0,0.0010641,0.0003,0.0003,0,0.00046561,0.00080987,0.00025499,0.0003,0.00068,0.00046796,0.00140495,0.0003,0.00106147,0.0003,0.0003,0.00069697,0,0.00161202,0.00026975,0.0003,0.0003,0.0003,0.0003,0,0.0003,0.00040418,0.00047838,0,0.00023952,0.0003,0.00215231,0,0,0.0003,0,0,0,0.00022469,0,0.0003,0.00012894
2025-01-17 00:00:00+00:00,0.0003,0.0003,0.0003,0.00025908,0.0003,0.00103841,0.0003,0.0003,0.0003,0.0003,0.0003,0.00093993,-0.0002862,0.00080657,0.0003,0.0003,0,0.00059416,0.00054205,0.00029595,0.0003,-0.00058095,0.00046296,0.00081724,0.0003,0.00067321,0.0003,0.0003,0.00043432,0,0.00089794,0.00024813,0.0003,0.0003,0.0003,0.0003,0,0.0003,0.00036209,0.00056413,0,0.00035702,0.00015181,0.000544,0,0,0.0003,0,0,0,0.00017425,0,0.00037445,0.00017415
2025-01-18 00:00:00+00:00,-0.00020118,0.00020079,0.0003,0.0003,0.00027519,0.00160555,0.0003,0.00028045,0.0003,0.0003,0.0003,0.00260278,0.00403989,0.00225197,0.00024902,0.0003445,0,0.00138313,0.00039867,0.0003,0.0003,0.00118155,0.00031607,0.00238602,0.0003,0.0017564,0.0003,0.0003,0.0003,0,0.00142296,0.00023885,0.0002858,0.0003,0.0003,0.0003,0,0.0003,0.0004648,0.00038418,0,0.0003,0.00231737,0.00383619,0.00415475,0,0.0003,0,0,0,0.0003,0,0.00184265,0.00026707
2025-01-19 00:00:00+00:00,0.000488,0.00024223,0.0003,0.0003,0.00019524,0.00239735,0.00028489,0.00023424,0.0003,0.00028244,0.00028659,0.00203598,0.00405105,0.00196718,0.0003,0.00078447,0,0.00138066,0.00181266,0.0003,0.0003,0.00301034,0.00092957,-0.00108321,0.0003,0.00298073,0.0003,0.0003,0.00172801,0,0.00197982,0.00025691,0.0003,0.0003,0.0003,0.0003,0,0.00025417,0.00042273,0.00075579,0,0.00036991,0.00124687,0.00202002,0.0048426,0,0.0003,0,0,0,0.0003,0,0.00255466,0.0003
2025-01-20 00:00:00+00:00,0.00061635,0.0003,0.0003,0.0002814,0.00022223,0.00357544,0.0003,0.00027892,0.0003,0.0003,0.0003,0.00103617,0.00344213,0.00185443,0.0003,0.00033998,0,0.00122684,0.00113508,0.00022597,0.0003,0.00231666,0.00177864,0.0022629,0.0003,0.00267858,0.0003,0.0003,0.0010416,0,0.00110267,0.0003,0.0003,0.0003,0.0003,0.0003,0,0.0003,0.00050869,0.00058106,0,0.00073117,0.00053083,0.00318665,0.00229383,0,0.0003,0,0,0,0.0003,0,0.00197551,0.0003
2025-01-21 00:00:00+00:00,0.0003,0.00010819,0.0003,0.0003,0.0003,0.00047953,0.0003,0.00013719,0.0003,0.0003,0.0003,0.00033719,0.00079772,0.00053249,0.0003,0.0003,0,0.00064344,0.00082259,0.00018596,0.0003,0.00110579,0.00090287,0.00040875,0.0003,0.00044571,0.0003,0.0001707,0.00080035,0,0.0003,0.0003,0.0003,0.0003,0.0003,0.0003,0,0.0003,0.0003,0.0003859,0,0.0003,0.000202,5.727e-05,0.00030486,0,0.00028038,0,0,0,0.00029794,0,0.00095821,0.0003
2025-01-22 00:00:00+00:00,0.00041024,0.000283,0.0003,0.0003,0.0003,0.00083324,0.0003,0.0003,0.0003,0.0003,0.0003,0.00036005,0.00093564,0.0003,0.0003,0.0003,0,0.00053596,0.00125298,0.00017892,0.0003,0.00091869,0.00081358,0.00075329,0.0003,0.00049106,0.0003,0.0003,0.00073695,0,0.00059237,0.0003,0.0003,0.0003,0.0003,0.0003,0,0.0003,0.00075095,0.00049321,0,0.0003,-0.00033282,0.00061997,0.0003,0,0.0003,0,0,0,0.0003,0,0.0003,0.0003
2025-01-23 00:00:00+00:00,0.00058984,0.00022846,0.0003,0.0003,0.0003,0.00136988,0.0003,0.0003,0.0003,0.0003,0.0003,0.0003,0.00166315,0.0003,0.0003,0.0003,0,0.00070317,0.00084652,0.00021062,0.0003,0.0003,0.00051166,0.0003,0.0003,0.00039885,0.0003,0.0003,0.00036371,0,0.00116923,0.0003,0.0003,0.0003,0.0003,0.0003,0,0.0003,0.0003,0.00043596,0,0.0003507,-0.00079088,0.00085401,0.0003,0,0.0003,0,0,0,0.0003,0,0.0003,0.0002727
2025-01-24 00:00:00+00:00,0.00037152,0.00022406,0.0003,0.0003,0.0003,0.00111848,0.0003,0.0003,0.0003,0.0003,0.0003,0.0003,0.00065761,0.00038105,0.0003,0.00043885,0,0.00036414,0.00047106,9.31e-05,0.0003,0.00057718,0.0003,2.344e-05,0.0003,0.00063623,0.0003,0.0003,0.00041674,0,0.00065195,0.0003,0.0003,0.0003,0.0003,0.0003,-0.00866328,0.0003,0.0003,0.00038385,0,0.00036519,-0.00141671,0.00120193,0.00060157,0,0.0003,0,-0.00074778,0,0.0003,0,0.00042782,0.00017411
2025-01-25 00:00:00+00:00,0.0003,0.00023148,0.0003,0.0003,0.0003,0.00124842,0.0003,0.0003,0.0003,0.0003,0.0003,0.0003,0.00081883,-0.06193747,0.0003,0.0003,0,0.0003,0.0003,-8.26e-06,0.0003,0.00127629,0.0003,0.00022805,0.0003,0.00042253,0.0003,0.0003,0.0003,0,0.00051078,0.0003,0.0003,0.0003,0.0003,0.0003,-0.00676099,0.0003,0.0003,0.0003,0,0.0003,0.00014321,0.00071886,0.00049887,0,0.0003,0,-0.03042661,0,0.0003,0,0.00074557,0.00021979
2025-01-26 00:00:00+00:00,0.00030754,0.0003,0.0003,0.0003,0.0003,0.00059409,0.0003,0.0003,0.0003,0.0003,0.0003,0.0003,0.0004275,0.00069833,0.0003,0.0003,0,0.00037888,0.0003,-8.24e-06,0.0003,0.0003,0.00018424,0.00015815,0.0003,0.00043906,0.0003,0.0003,0.00031269,0,0.00074045,0.0003,0.0003,0.0003,0.0003,0.0003,-0.0011264,0.0003,0.0003,0.0003,0,0.0003,0.00022003,0.00032877,0.0003,0,0.0003,0,-0.06531657,0,0.0003,0,0.00042127,0.00026806
2025-01-27 00:00:00+00:00,0.00031194,0.00010165,0.0003,0.0002423,-2.11e-05,0.00021753,0.0003,-3.525e-05,0.0003,0.00026264,0.0003,0.0003,0.00208948,0.00110115,0.00029451,0.0003,0,0.00033817,0.00044743,-0.00025065,0.0003,0.00222768,0.0003,0.00107759,0.00024669,0.00035021,0.0003,0.00024468,0.00033544,0,0.0003,0.00028802,0.00024284,0.00028676,0.0003,0.00022493,-0.00021862,0.0003,0.0003,0.0003,0,0.0003,0.0003,0.00158924,0.0003,0,0.0003,0,0.0033909,0,0.00029899,0,0.0003,0.00012894
2025-01-28 00:00:00+00:00,0.00039157,0.00014528,0.0003,0.00013935,-4.668e-05,0.00021753,0.0003,0.0003,0.0003,0.0003,0.0003,0.00039952,-0.00045239,0.00039421,0.0003,0.0003,0,0.00031562,0.0003486,-2.84e-06,0.0003,0.00044704,0.0003,0.0003,0.00027838,0.0003,0.0003,0.00019464,0.00033593,0,0.0003,0.0003,0.0003,0.0003,0.0003,0.00026805,0.0003,0.0003,0.0003,0.0003,0,0.0003,-0.00034478,0.00105798,0.0003,0,0.0003,0,0.00177291,0,0.00024563,0,0.0003,0.00023562
2025-01-29 00:00:00+00:00,0.00068355,0.0003,0.0003,8.108e-05,0.00027718,-6.808e-05,0.00010505,0.00026494,0.0003,0.0003,0.0003,0.0003,0.00084771,0.0003,0.0003,0.0003,0,0.00047557,0.00049786,0.00024154,0.0003,0.00100925,0.00038023,0.00037468,0.00026898,0.00033291,0.0003,0.00025463,0.00054711,0,0.0003,0.00028883,0.0003,0.0003,0.0003,0.0003,0.0003,0.0003,0.0003,0.00035125,0,0.0003,0.0003,0.00044012,0.0003,0,0.0003,0,-0.00091727,0,0.0002841,0,0.00057675,0.00029949
2025-01-30 00:00:00+00:00,0.0003,0.00029859,0.0003,0.00024644,0.0001473,0.00029327,0.0003,0.00024255,0.0003,0.0003,0.0003,0.00041378,0.00188677,0.0003,0.0003,0.0003,0,0.00043755,0.00031717,0.00015092,0.0003,0.00025025,0.00044735,0.00035771,0.00029706,0.0003321,0.00026339,0.0003,0.00053102,0,0.00032096,0.00029981,0.0003,0.0003,0.0003,0.0003,0.00073049,0.0003,0.00039225,0.00033353,0,0.0003,9.537e-05,0.00099204,0.00042182,0,0.0003,0,0.00223744,0,0.00015338,0,0.00116283,0.00027089
2025-01-31 00:00:00+00:00,0.00036991,0.0003,0.0003,0.00019396,0.0002444,0.00054311,0.0003,0.0003,0.0003,0.0003,0.0003,0.00062125,0.00152093,0.0003,0.0003,0.0003,0,0.00042053,0.000696,0.00013397,0.0003,0.0003,0.00069325,0.0008079,0.0003,0.00131238,0.0003,0.0003,0.00049442,0,0.00031361,0.00027107,0.0003,0.0003,0.0003,0.0003,0.00139654,0.0003,0.00050696,0.00067502,0,0.00032873,0.0003,0.00190129,0.00041307,0,0.00020436,0,0.0025716,0,0.00023721,0,0.0012615,0.00021225
2025-02-01 00:00:00+00:00,0.0003,0.00027802,0.0003,0.0003,0.0003,0.00046904,0.0003,0.0003,0.0003,0.0003,0.0003,0.0003,0.00060509,0.0003,0.0003,0.0003,0,0.0003,0.0003,0.00016345,0.0002301,-0.00015942,-6.297e-05,0.0003,0.00014799,0.0003,0.00019801,-0.00018147,0.0003,0,0.0003,0.0003,0.0003,0.0003,0.0003,0.00024573,0.0003,0.0003,0.0003,0.0003,0,0.0003,0.0003,0.00063706,0.0003,0,0.00023411,0,0.00091888,0,0.00017493,0,0.0003,0.00019435
2025-02-02 00:00:00+00:00,0.0003,0.0003,0.0003,0.00020166,0.00016911,0.00010596,0.0003,0.00014498,0.0003,0.00020164,0.0003,0.0004208,0.00094037,0.00030195,0.0003,0.0003,0,0.0003,0.0003,7.781e-05,0.00022215,0.0018531,0.0003,0.0003,0.00016584,0.00030592,8.105e-05,0.00012432,0.0003,0,0.0003,0.00018982,0.00023011,0.0003,0.0003,-5.17e-06,0.00036093,0.0003,0.0003,0.0003,0,0.0003,0.00016681,0.0006423,0.0003,0,0.00025722,0,0.00092692,0,8.564e-05,0,0.0003,8.343e-05
2025-02-03 00:00:00+00:00,0.0003,-0.00069598,0.0003,-0.00075078,-0.00027742,0.00011883,0.00032428,-0.00026016,0.0001241,-0.00043504,0.0003,0.00047188,-0.00011304,0.00077095,0.00018567,0.00014804,0,0.0003,-2.855e-05,-0.00013767,0.00018543,0.00023115,0.00026976,-0.00060823,0.0003,0.0003,-0.00011605,0.00025111,0.0003,0,0.0003,0.00013262,1.833e-05,8.56e-06,0.0003,-0.00017403,0.00041867,0.00029572,0.0003,0.0002255,0,-0.0006173,0.0003,0.0003,0.0003,0,-0.00041706,0,0.00121135,0,-7.935e-05,0,0.0003,0.00024845
2025-02-04 00:00:00+00:00,0.0003,0.00015545,0.0003,-0.00081451,-7.242e-05,-0.00067833,0.00024095,-0.00051382,0.0003,0.0003,0.0003,0.0003,-0.0012362,-0.04288006,0.00011317,0.00028464,0,0.0003,0.0003,-7.149e-05,0.00012681,-0.0003898,0.00034092,0.0003,0.00016637,0.0003876,-0.00015758,4.993e-05,0.0003,0,0.00018532,7.329e-05,0.00013601,0.00017933,0.0002615,8.572e-05,0.0003,0.00018468,0.0003,0.00028816,0,-0.00025783,-0.00076982,0.0003336,0.0003,0,0.00024716,0,0.00061779,0,0.00011057,0,0.0003,0.0001355
2025-02-05 00:00:00+00:00,0.00027376,0.00029307,0.00028684,-0.00021377,0.00029622,3.096e-05,0.0003,-0.00019991,0.0003,0.00024655,0.0003,0.0003,5.211e-05,-0.03381658,0.00023942,0.0003,0,0.00034469,0.00037976,0.00010085,0.00027268,0.00019555,0.0003,0.0003,0.00024628,0.00041124,-2.98e-05,0.0003,0.0003,0,0.0003,0.0002861,0.0003,0.00027896,0.00023028,0.00025751,0.0003,0.00025564,0.0003,0.0003,0,0.00014295,0.0003,0.0003,0.00028021,0,0.0003,0,-0.00040327,0,0.0003,0,0.0003,5.923e-05
2025-02-06 00:00:00+00:00,7.648e-05,0.00010242,0.00024468,-0.00050457,0.00014784,0.00040722,0.00022116,-0.00073245,-0.00044188,-0.0002792,0.0003,0.0003,0.0003,-0.00595118,-0.00025036,0.0003,0,0.0003,0.0003,0.00011283,-6.835e-05,0.0003,0.00024966,0.00020938,-0.00018557,0.0003,-0.00024934,-0.00044151,0.0003,0,0.0003,0.00012097,1.234e-05,-2.616e-05,0.00022005,-6.669e-05,0.0003,0.00014787,0.00013302,0.0003,0,-0.00025329,0.0003,0.0003,0.0003,0,0.00014298,0,-0.00134147,0,-7.62e-06,0,0.0003,7.851e-05
2025-02-07 00:00:00+00:00,-7.4e-06,0.00023132,0.0003,-0.00050257,-0.00017594,0.00017672,0.0003,-0.00066622,-4.239e-05,-0.000244,0.0003,0.00025617,-0.00075448,-0.01291737,-6.91e-05,0.0003,0,0.0003,0.0003,-6.615e-05,0.00025862,0.0003,0.0001413,-0.0001672,0.0003,0.00031724,-0.00029958,-9.902e-05,0.0003,0,0.0003,0.00020001,0.00011268,6.187e-05,0.00016902,1.399e-05,0.00025964,0.00010053,0.00016109,0.00015026,0,0.00027919,0.0003,0.00013392,0.00025212,0,0.00024353,0,0.0003,0,-3.628e-05,0,0.00014488,0.00020139
2025-02-08 00:00:00+00:00,0.0003,0.00024278,3.168e-05,1.277e-05,0.00012891,0.00047307,0.00029046,-0.00020746,0.00024144,5.382e-05,0.0003,0.0002568,0.00026099,0.0003,0.00020913,0.0003,0,0.0003,0.0003,0.00014927,0.00029649,0.00021842,0.0003,-0.0001327,0.0003,0.00043808,-5.505e-05,0.0001324,0.0003,0,0.00010358,0.00014634,0.00020413,0.00020311,0.0003,0.00013037,0.00026819,0.000228,0.00022495,-8.735e-05,0,0.0003,0.0003,0.00010867,0.00014104,0,2.91e-05,0,-0.00308117,0,-3.649e-05,0,0.0003,-2.639e-05
2025-02-09 00:00:00+00:00,0.0003,0.00022148,0.00026175,-4.138e-05,0.00012891,0.00105539,0.00029048,5.853e-05,0.0003,0.00014412,0.0003,0.0003,-0.00018189,-0.0120878,0.00022885,0.0002069,0,0.0003,0.0003,3.691e-05,7.732e-05,0.00032851,0.00020779,0.00020971,0.00025164,0.0003,0.00026043,0.0003,0.0003,0,0.0003,0.0002887,-0.00021341,0.00016768,0.00024041,0.00026351,0.0003,9.589e-05,0.0003,-0.00058261,0,9.567e-05,0.00014091,0.0003,0.00019538,-0.00112597,0.00012169,0,0.00025905,0,0.0002079,0,0.0003,0.00016312
2025-02-10 00:00:00+00:00,0.0003,0.00028482,0.0003,5.322e-05,0.00029426,9.975e-05,0.00024619,2.244e-05,0.00017985,-8.306e-05,0.0003,0.00022584,-6.312e-05,0.0003,8.982e-05,-0.00042798,0,0.0003,0.0003,0.0001944,0.00016236,0.0007026,0.0003,0.00015506,0.00021372,0.0003,3.582e-05,-0.0001659,0.0003,0,0.0003,0.00020382,-0.00013052,0.00015224,0.00021911,0.00022097,0.0003,0.00016027,0.0003,7.726e-05,0,-2.28e-05,1e-06,0.0003,-5.024e-05,-0.00223254,0.00020124,0,0.00041944,0,-0.00024601,0,0.00033585,0.00018435
2025-02-11 00:00:00+00:00,0.0002197,0.00014448,0.00018747,-6.033e-05,-4.77e-05,0.0001393,0.0003,-0.00013331,0.0003,0.00017098,0.0003,0.00014287,-0.00280755,-0.00498812,0.0002061,-0.00091135,0,0.0003,0.0003,0.00018157,0.00016995,0.0003,8.93e-06,-8.785e-05,0.00025724,0.00062143,5.489e-05,0.00022228,0.0003,0,0.0003,3.572e-05,-7.98e-06,-0.00019394,0.00025158,9.577e-05,0.0003,-0.00032249,0.0003,-0.00046718,0,-0.00047872,-0.00027603,0.00026713,0.0003,0.0003,0.00015063,0,0.0003,0,-0.00038523,0,0.0003,8.862e-05
2025-02-12 00:00:00+00:00,-1.735e-05,-0.00032909,0.0003,-0.00056217,-0.00025447,0.00065104,0.0003,-0.00016075,0.00012576,1.03e-05,0.0003,-0.00026227,-0.00033992,-0.00034775,3.51e-06,-0.00037541,0,0.0003,0.0003,-6.229e-05,7.511e-05,-0.00010974,0.0001331,-0.00030382,0.0003,0.00050389,9.142e-05,0.00022706,0.0003,0,0.0003,0.00019712,0.00021571,0.00015421,0.00023113,-0.00010085,0.0003,-0.00032181,0.0003,0.00023811,0,1.178e-05,-0.0006396,0.0003,0.00024786,0.0003,8.719e-05,0,0.0003,0,-4.25e-06,0,0.0003,0.00011157
2025-02-13 00:00:00+00:00,0.00013735,0.00010529,0.00012773,0.00024262,0.00013393,0.00130178,0.0003,0.00016732,0.0003,-0.00046921,0.0003,-0.00023112,-0.00553745,6.343e-05,0.00019487,0.00026845,0,0.0003,0.0003,0.00012934,0.00017217,-0.0003191,0.00034686,-0.0006854,0.0003,0.0003,0.00020496,0.0003,0.0003,0,0.0003,4.534e-05,-0.00014337,0.0002074,0.00018897,0.00016537,0.0003,0.00028946,0.0003,0.00022778,0,0.0003,-0.00013697,0.0003,5.776e-05,0.0003,0.00020833,0,0.0003,0,-5.605e-05,0,0.0003,0.00014922
2025-02-14 00:00:00+00:00,0.0003,0.0002715,0.00027551,-4.114e-05,0.00024795,0.00076848,0.0003,5.206e-05,0.0003,-0.00035347,0.0003,-6.172e-05,-0.00727141,1.198e-05,-2.31e-06,-0.00028331,0,0.0003,0.0003,0.00018424,0.0003,0.00034642,0.00034229,-0.00036765,0.0003,0.00039485,0.00017676,0.0002679,0.0003,0,0.0003,0.00012475,0.00025829,5.826e-05,0.00014532,0.00012041,0.0003,0.00028917,0.00021797,-0.00017174,0,0.0003,-0.00013499,0.0003,0.00024779,0.0003,-7.004e-05,0,0.0003,0,0.00011934,0,0.0003,0.00016703
2025-02-15 00:00:00+00:00,-0.00030573,0.000173,0.0003,-0.00041788,0.00010899,9.747e-05,0.00017534,0.00014226,6.051e-05,0.00022719,0.0003,7.444e-05,-0.00173685,0.0003,-0.000408,-0.00065885,0,0.0003,0.0003,-1.94e-06,1.071e-05,-0.00024802,-0.00056738,-0.00249543,0.0003,0.0003,0.00026445,0.0003,0.0003,0,0.0003,0.00017638,0.0003,0.00022555,-5.773e-05,0.00017653,-0.00022381,-0.00030857,0.0003,-1.88e-06,0,8.3e-05,-5.602e-05,0.0003,0.0001689,0.0003,3.078e-05,0,0.0003,0,0.0002096,0,0.0003,7.087e-05
2025-02-16 00:00:00+00:00,-0.00022974,-0.00035736,0.0003,-0.00046978,9.06e-06,0.0003,0.00020276,-0.00036862,-0.00087828,0.00011268,0.0003,0.00028625,-0.0143553,0.00025261,5.96e-06,-0.00118656,0,0.0003,5.434e-05,-0.00012,0.00011924,-1.134e-05,0.00011019,-0.00031313,0.0002621,0.00067013,6.557e-05,0.00016784,0.0003,0,0.00018959,4.536e-05,0.00014208,0.00016533,-0.00020963,0.000269,0.0003,-0.00103134,0.00027082,0.00025683,0,0.0002213,-0.000196,0.0003,0.00027438,0.0003,-0.00012618,0,0.0003,0,-0.00016459,0,0.0003,7.371e-05
2025-02-17 00:00:00+00:00,4.47e-05,-0.00030126,0.0003,-0.0002835,2.44e-06,6.727e-05,0.00029153,-0.0001865,-0.00010412,0.00011288,0.0003,0.0003,-0.03039592,-0.00359149,-0.00015603,-0.00143836,0,0.0003,0.0003,1.178e-05,0.00022167,-2.432e-05,0.00026414,0.00024599,0.00019258,0.0003,1.694e-05,7.064e-05,0.0003,0,0.0003,-0.00020558,0.00023484,-2.847e-05,4.42e-05,0.00022945,0.00021744,-0.00016363,0.00021359,0.00028096,0,-0.00018578,-0.00069039,7.695e-05,0.00015962,0.00022428,5.361e-05,0,0.0003,0,-0.00020274,0,0.0003,0.00014645
2025-02-18 00:00:00+00:00,-0.00012812,-9.605e-05,0.00021187,-0.00102942,-0.00026459,0.0003,0.0003,-0.00020242,0.00021274,-0.00011911,0.0003,0.00023389,-0.00618168,-0.01385337,0.00019604,-0.00042999,0,0.0003,9.678e-05,-2.775e-05,0.00014256,0.00031344,0.00011153,0.0003,-0.00021592,0.0003,-0.00035252,-0.00090977,0.00022045,0,0.0003,5.385e-05,0.00010975,-5.337e-05,0.00018911,0.0001805,0.0003,0.00016954,0.00028705,0.0003,0,-0.00102474,0.00014414,4.403e-05,0.0001628,0.0003,-0.00024085,0,0.0003,0,0.00021945,0,0.0003,0.00029488
2025-02-19 00:00:00+00:00,-0.00013949,-8.707e-05,0.0003,-0.00505614,-7.63e-05,0.00077289,0.0003,-4.338e-05,0.00017734,0.00012871,0.00021674,0.0003,-0.00049506,0.00078161,1.78e-06,-0.00095991,0,0.0003,0.0003,1.724e-05,0.0001757,0.00049335,0.0003,0.00022885,0.00026013,0.0003,7.256e-05,-0.00015234,0.0003,0,0.0003,0.00028569,6.171e-05,0.00023031,0.00026819,-6.132e-05,0.0003,0.00013274,0.00027314,0.0003,0,-0.00018665,-0.00023117,0.0003,-7.018e-05,-0.00058092,0.00012594,0,0.0003,0,8.764e-05,0,0.0003,0.00023746
2025-02-20 00:00:00+00:00,-2.484e-05,0.0002959,0.0003,-0.00728529,0.0001882,0.0003,0.00024983,-0.00012429,7.404e-05,0.0003,0.00014771,0.0002255,-0.00085607,0.00041134,0.0003,-0.00098928,0,0.0003,0.00021344,6.359e-05,0.00027045,0.00069507,0.0003,0.0003,0.00023156,0.00035982,6.831e-05,-0.00012656,0.0003,0,0.0003,0.0002256,-0.00021988,0.00027484,0.00026905,0.0003,7.829e-05,0.00011031,0.0003,0.00019479,0,-0.00011783,-0.00052043,-3.676e-05,0.00023477,0.00023121,-0.00013651,0,0.0003,0,-4.16e-06,0,0.0003,0.00013035
2025-02-21 00:00:00+00:00,0.0003,0.0003,0.0002891,0.0003,0.00029262,0.00050157,0.00012042,0.00014302,0.0003,0.0003,0.00023035,0.00045037,-0.000483,-0.00165157,0.0003,0.00019393,0,0.00035423,0.00036524,-2.589e-05,0.0003,0.0003,0.00038782,0.0003,0.0003,0.00034992,0.0003,0.0003,0.0003,0,0.0003,0.00020524,0.0002627,0.00027214,0.00029083,0.00020012,0.0003,0.0003,-0.00130113,0.00037297,0,0.00029052,0.00052726,0.0003,0.0003,0.0003,0.00019448,0,0.0003,0,0.00023288,0,0.0003,2.312e-05
2025-02-22 00:00:00+00:00,0.00016921,0.0003,0.0003,-0.00033463,5.76e-05,0.0021466,0.0003,-1.237e-05,0.00022423,0.00025021,0.0003,0.0003,-0.00055997,-0.09261616,0.00028069,0.00018347,0,0.00085425,0.0003,3.572e-05,0.0003,0.00056464,0.00090044,0.00013159,0.0003,0.00030442,0.0003,0.0003,0.0003,0,0.0003,-0.00018805,0.00024825,0.00020612,0.00023944,0.0003,0.00021169,0.0003,-0.00040047,0.00041437,0,1.835e-05,4.318e-05,0.00163259,0.0003,0.00029064,2.85e-05,0,0.0003,0,0.00028848,0,0.0003,0.00018784
2025-02-23 00:00:00+00:00,0.0003,0.0003,0.0003,-3.099e-05,0.0003,0.00089862,0.0003,0.0003,0.0003,0.00024542,0.0003,9.103e-05,-0.00250309,-0.03778886,0.0003,0.0003,0,0.0003,0.0003,8.727e-05,0.0003,0.0003,0.0003,0.0003,0.00025226,0.00048852,0.0003,0.0003,0.0003,0,0.0003,6.357e-05,0.00016671,0.00015646,0.0002616,0.0002814,0.00016951,0.0003,0.00018867,0.00033143,0,0.0003,0.00014484,0.00121032,0.0003,0.00027483,5.645e-05,0,0.00020635,0,0.0001154,0,0.0003,8.73e-05
2025-02-24 00:00:00+00:00,-0.0003116,9.03e-05,0.00027404,-0.00047465,-0.00011215,0.00091889,0.0003,-0.00028598,0.0003,-0.0005291,0.0003,0.0002486,-0.00221768,-0.04327984,-6.809e-05,0.0003,0,0.0003,0.0003,-6.049e-05,3.902e-05,0.0003,0.00025196,0.0003,0.0003,0.00058029,-0.00058723,0.0003,0.0003,0,0.0003,0.00014705,-0.00032055,0.00015478,0.00020791,4.444e-05,0.0003,0.00026005,0.00027357,0.00043418,0,-0.00021906,0.0003,0.00040747,5.13e-05,0.00017299,-0.00042365,0,0.00014043,0,-0.00024873,0,0.0003,5.961e-05
2025-02-25 00:00:00+00:00,-9.472e-05,0.00012324,0.0003,-0.00036285,7.145e-05,0.00202666,0.0003,-0.00035375,-0.00051323,-1.997e-05,0.0003,0.0003,0.00051521,-0.00305156,-9.767e-05,0.0003,0,0.00041041,0.0003,4.74e-05,-9.57e-06,0.00051598,3.565e-05,0.0003,0.0003,0.00048247,-8.619e-05,0.0003,0.0003,0,0.0003602,-3.172e-05,-0.00022332,-0.00017561,0.00018852,9.87e-06,0.00029834,-0.00010792,0.0003,0.0003,0,0.00011053,0.0003,0.00055183,-7.1e-06,-9.294e-05,-0.00057533,0,0.0003,0,-0.00017008,0,0.00033672,0.0001663
2025-02-26 00:00:00+00:00,0.0003,8.07e-06,0.0003,-0.00015669,0.0001476,0.00112235,0.0003,1.112e-05,0.0003,0.0003,0.0003,0.0003,0.00058851,-0.00273667,0.00025937,0.0003,0,0.0003,0.0003,-4.211e-05,0.00022097,0.00093567,0.0003,0.0003,0.0002253,0.0003,0.00018877,0.0003,0.0003,0,0.0003,0.00020047,0.00010735,0.00025542,0.00020929,0.00019986,0.0003,0.0002457,0.0003,0.0003,0,5.133e-05,-9.914e-05,0.0003,0.00018981,0.00029291,1.005e-05,0,0.00010431,0,-0.0002647,0,0.0003,0.00019526
2025-02-27 00:00:00+00:00,0.0003,0.0003,0.0003,0.0003,0.00029983,0.00076855,0.00025493,0.0003,0.0003,0.0003,0.0003,0.0003,0.00081966,0.00029965,0.00026159,0.0003,0,0.00035065,0.0003,0.00028384,0.00025357,0.000854,0.00016706,0.0003,0.0003,0.00034213,0.0003,0.0003,0.0003,0,0.0003,0.0002392,0.00029225,0.0003,0.00020903,0.0003,0.0003,0.00029336,0.0003,0.0003,0,0.00029627,0.00026015,0.0003,0.00017436,0.0003,0.0003,0,0.0003,0,0.0001542,0,0.00031396,0.00018121
2025-02-28 00:00:00+00:00,-0.00030375,1.592e-05,0.0003,-0.00010219,4.87e-06,0.00110066,0.00016405,-0.00013357,0.0003,5.5e-07,0.0003,0.0003,-0.00158141,9.28e-06,0.00013464,0.0002862,0,0.00032965,0.0003,-7.722e-05,0.00015904,0.00072154,0.0003,0.0003,-7.887e-05,0.00105409,0.00018649,0.0003,0.0003,0,0.0003,0.0001572,0.00028099,0.00015347,9.102e-05,3.155e-05,0.0003,-0.00016201,0.0003,0.0003,0,0.00018664,-9.65e-06,0.00071058,-5.017e-05,0.00025629,5.374e-05,0,0.00026872,0,0.00021847,0,0.00105269,0.00018592
2025-03-01 00:00:00+00:00,-4.852e-05,0.0002629,0.0003,0.00028426,0.00011625,0.00052755,-5.89e-06,8.159e-05,0.0003,0.0001348,0.00029314,0.0003,-0.00010153,-0.00068576,4.052e-05,0.0003,0,0.0003,0.0003,0.00023219,4.96e-06,3.756e-05,0.00020982,0.0003,0.00026155,0.000522,0.00017873,0.0003,0.00027959,0,0.0003,-0.00036953,-7.078e-05,6.018e-05,0.00012745,0.00015746,0.00018851,0.00018489,0.0003,0.0003,0,0.0003,0.0003,0.0003,0.00026311,-8.951e-05,9.84e-06,0,0.00010658,0,0.00022705,0,0.00047608,-6.98e-05
2025-03-02 00:00:00+00:00,0.0003,0.00018869,0.0003,0.00023128,0.00017347,0.00070542,0.0003,-0.00022448,0.0003,0.00029007,0.0003,0.0003,-0.00038901,-0.00050802,0.0003,0.0003,0,0.0003,0.0003,0.00010045,0.00028563,0.00039496,0.00044683,0.00012611,0.0003,0.00043677,0.00029968,0.0003,0.0003,0,0.0003,2.757e-05,0.0001336,0.00014742,0.00023887,0.00011734,0.00024433,-8.087e-05,0.0003,0.00022981,0,0.0003,0.0003,0.00031159,0.00013123,0.00024815,3.898e-05,0,0.0003,0,0.0003,0,0.00031692,-6.746e-05
2025-03-03 00:00:00+00:00,0.00025598,2.521e-05,-0.00011443,0.00013322,0.00020099,0.00107288,0.0003,0.00011261,0.0003,-0.00032695,0.0001677,0.0003,0.00042251,-0.00086127,7.454e-05,0.0003,0,0.0003,0.00028582,-0.00015064,0.00019062,0.00042903,0.00015145,0.0003,0.0003,0.0003,-0.00010238,0.0003,0.0003,0,0.0003,0.00021985,0.00025993,0.00021455,-0.00033517,0.00018519,0.0003,-0.00041437,0.0003,0.00032892,0,7.952e-05,0.00026395,0.00030681,0.00027901,0.0003,1.546e-05,0,0.0003,0,0.00024122,0,0.00090202,5.45e-06
2025-03-04 00:00:00+00:00,-0.00072676,-0.00106709,0.00011855,-0.0005279,-0.00046862,0.00070227,0.0003,-0.00056382,-0.0003803,-0.00099391,0.00026268,-0.00060639,0.00021102,0.00024746,-0.00029595,-0.00019058,0,0.0003,0.0003,-0.00017405,-0.00026705,0.00019061,-0.00010599,0.00027755,7.119e-05,0.0003,-0.0001057,0.00011389,0.00020316,0,0.0003,-6.978e-05,0.00018557,-0.00015516,-1.609e-05,-6.716e-05,0.0002773,-0.00018816,0.00024295,0.00018405,0,-0.00018561,0.0003,0.0003,-0.00021768,0.00028915,-0.00101203,0,0.0003,0,-0.00049355,0,0.00053568,-4.9e-06
2025-03-05 00:00:00+00:00,-0.00072262,-0.00028636,0.00023518,-0.00011351,-0.00022597,0.00110837,0.00020524,-0.00023889,0.0003,-4.811e-05,0.00020458,-3.209e-05,-0.00067699,-9.982e-05,-2.926e-05,0.00023264,0,0.0003,0.0003,2.449e-05,-1.082e-05,0.00041305,-8.337e-05,0.0003061,0.00017037,0.00032833,-0.0005546,0.00013555,0.00021886,0,0.0003,0.00014015,-0.0001355,-0.00017475,0.00011646,-0.00028893,0.0003,-1.718e-05,0.0003,5.824e-05,0,0.00021761,-0.00019206,0.0003,0.00021082,0.00013187,-0.00085324,0,0.0003,0,-0.00073108,0,0.0003,0.00011863
2025-03-06 00:00:00+00:00,0.00021201,8.47e-06,6.728e-05,0.00014638,9.157e-05,0.00082798,0.00015862,-9.278e-05,0.0003,1.16e-05,0.00017055,0.00022437,-0.00044888,-0.00084993,2.273e-05,-0.00042366,0,0.0003,0.0003,5.973e-05,3.279e-05,0.00079725,7.153e-05,0.0003,0.00021196,0.00036222,2.163e-05,0.0003,0.00020191,0,0.00019553,2.088e-05,-1.484e-05,2.02e-06,-2.018e-05,0.00025338,0.0003,-0.00081758,0.0003,0.0003,0,0.0003,0.00025348,0.0003,0.00029738,5.598e-05,-0.00032867,0,0.0003,0,-0.00018583,0,0.0003,0.00016769
2025-03-07 00:00:00+00:00,0.0003,-0.00016622,0.00027934,0.00014058,-0.00017643,0.00051492,9.837e-05,0.00017008,0.0003,-5.552e-05,0.0003,0.0003,0.0003,2.276e-05,-0.00020757,-0.00066075,0,0.0003,0.0003,-8.11e-06,-0.00014703,0.0003,0.0003,-0.00076834,5.074e-05,0.00049675,0.0003,0.0003,0.0002847,0,0.0003,0.00020994,0.00016454,-0.00016889,0.00015262,0.00013949,0.0003,-0.00072978,0.0003,0.00028107,0,8.39e-06,0.00016882,0.00051419,3.119e-05,0.0003,9.846e-05,0,0.0003,0,0.00014962,0,0.0003,-1.23e-06
2025-03-08 00:00:00+00:00,0.00026724,-0.00062509,9.496e-05,-0.00025498,0.00022422,0.0003,0.0003,-0.00048103,0.0003,9.221e-05,0.00028158,0.00025874,0.00041848,3.277e-05,-0.00028922,-0.00092259,0,0.0003,0.0003,7.95e-05,-0.00011027,0.0003,0.00023263,-0.00031997,0.00024706,0.0003,0.00019674,0.0003,0.00010217,0,0.0003,-0.00025645,-0.00011549,-1.547e-05,-0.00020538,4.87e-05,0.0003,-0.00051643,0.0003,-0.00015887,0,0.0003,-5.896e-05,0.00064092,-0.00033598,0.00017235,0.00014222,0,0.0003,0,-0.00022095,0,0.0003,6.909e-05
2025-03-09 00:00:00+00:00,0.00026854,-0.00095884,0.00023114,-0.00020739,-0.00011815,0.00038441,0.00029437,-0.00057413,-0.00035032,-0.00048791,0.00021816,0.0001912,0.0020638,0.00020802,-0.00038229,-0.00120509,0,0.0003,0.0003,3.057e-05,3.013e-05,0.0003,0.00019766,0.00021538,0.00029501,0.000913,-1.154e-05,0.0003,0.00010383,0,0.0003,0.00024872,0.00010529,-0.00015909,-3.977e-05,-0.0001171,0.0003,0.00021795,0.0003,0.0003,0,0.00024768,9.268e-05,0.0003,-4.57e-05,-0.0001172,0.00021736,0,-1.59e-05,0,-0.00023697,0,0.0003,0.00010439
2025-03-10 00:00:00+00:00,0.00017531,-6.591e-05,0.00029134,-0.00038721,-0.00013752,0.00228997,0.0003,-0.00026039,0.00022943,-0.00063284,0.00019005,0.0003,0.00131949,0.00025217,0.00018368,-0.00101658,0,0.0003,0.0003,-9.655e-05,-0.00025774,0.0003,0.0003,0.00017896,-0.00031134,0.00068994,0.00021741,6.833e-05,0.00023493,0,0.0003,0.0001344,-0.00034741,0.00010193,0.00011974,0.00019131,0.0003,0.00012248,0.0003,0.00027603,0,-0.00043107,-0.00048099,0.0003,-5.904e-05,0.0003,0.00027863,0,0.00021938,0,0.00015313,0,0.0003,9.333e-05
2025-03-11 00:00:00+00:00,0.0003,-3.142e-05,0.0003,8.23e-06,-0.00020251,0.00021897,0.0003,-0.00044271,4.384e-05,-0.00048265,0.0001839,0.0003,0.0014063,0.0003,0.00017435,-0.00064378,0,0.0003,0.0003,3.983e-05,0.00026033,0.00045989,0.0003,2.697e-05,0.0003,0.00050497,8.677e-05,0.00012196,0.0003,0,0.0003,8.482e-05,0.00025929,-0.00028525,0.00014864,0.00020457,0.0003,0.00028298,0.00019732,0.0003,0,0.0003,-0.00023972,0.00039871,0.00012623,0.0003,0.00018144,0,0.00018127,0,0.00018308,0,0.0003,0.00016711
2025-03-12 00:00:00+00:00,0.0003,0.00016912,0.00022817,-3.388e-05,3.696e-05,0.00039863,0.00023969,-2.1e-06,0.00016858,-0.00025207,0.00027488,0.0003,0.0003,0.0003,0.00022066,-0.00122009,0,0.0003,0.0003,8.442e-05,0.00016611,0.00053394,0.00019115,0.00013952,0.00026173,0.0003,0.00027062,0.0003,9.497e-05,0,0.0003,0.0003,0.00020963,0.0001612,0.00017047,0.0001387,0.0003,-8.384e-05,6.387e-05,0.0003,0,-0.00058994,-0.00083624,0.00037286,-0.00031472,0.0003,0.0001024,0,-1.425e-05,0,0.00020381,0,0.0003,0.00010404
2025-03-13 00:00:00+00:00,0.0003,-3.263e-05,4.896e-05,9.168e-05,2.612e-05,0.00031548,0.0003,1.44e-06,0.0003,7.695e-05,0.0003,0.0003,0.0003332,0.0003,0.0003,-0.00020681,0,0.0003,0.0003,9.723e-05,0.0003,0.00091294,0.00019648,0.0003,0.0003,0.00090379,0.00010938,0.00028502,0.0003,0,0.0003,0.0003,0.00026943,0.0003,1.53e-05,0.00019481,0.0003,-8.329e-05,-0.00021551,0.0003,0,0.0003,-5.247e-05,0.0003,-0.00020769,0.0003,3.296e-05,0,-0.00101909,0,0.00015017,0,0.0003,5.689e-05
2025-03-14 00:00:00+00:00,0.0003,0.00021924,0.00018381,0.00016839,-0.00022588,0.00036962,0.00017289,0.00016144,0.0003,-9.099e-05,0.00029621,0.0003,0.00107826,0.0003,0.00029938,7.847e-05,0,0.0003,0.0003,0.00021538,0.0003,0.00061705,0.0003,-7.878e-05,0.00026976,0.00188094,0.00020161,0.000171,0.0003,0,0.0003,0.00015451,0.00018304,0.00022128,0.0002668,0.00027652,0.00026977,-0.00102337,0.000297,0.0003,0,0.0003,3.846e-05,0.0003,3.258e-05,0.0003,0.00028651,0,-0.00111115,0,0.00022029,0,0.0003,0.00011074
2025-03-15 00:00:00+00:00,-2.795e-05,0.00017914,0.00023647,2.853e-05,6.335e-05,0.00128448,0.0003,1.416e-05,0.0002979,-2.498e-05,0.0003,0.0003,0.00044175,0.0003,0.00023768,0.00019524,0,0.0003,0.0003,0.00011236,0.00020434,0.00136681,0.0003,0.00015108,-0.00022583,0.0020593,0.00014624,0.00027639,0.0003,0,0.0003,0.00013903,-0.00020901,0.00020026,0.00023301,-4.044e-05,0.0003,0.0003,0.00028907,0.0003,0,0.00029838,-0.00033113,0.0003,-5.938e-05,0.00012017,0.00019867,0,-0.00050834,0,-0.00011074,0,0.0003,-8.745e-05
2025-03-16 00:00:00+00:00,-0.00059079,0.00011704,4.44e-05,-9.953e-05,5.05e-06,0.00352679,0.00024207,0.00011145,-0.00011446,0.00011894,0.0003,0.0003,0.00069968,0.0003,0.00014226,2.794e-05,0,0.0003,0.0003,1.959e-05,-3.233e-05,0.00035076,-6.164e-05,0.0003,0.00016222,0.00228613,-0.00013213,3.471e-05,5.281e-05,0,0.0003,2.091e-05,-0.00028878,0.00024748,4.763e-05,1.22e-05,0.0003,0.00021279,0.00025398,0.0003,0,0.00011711,-0.00031807,0.00076471,-0.00013468,1.96e-06,0.00014415,0,-6.204e-05,0,-8.719e-05,0,0.00031755,5.915e-05
2025-03-17 00:00:00+00:00,0.00025692,0.00019175,0.00016951,5.735e-05,6.5e-05,0.00243525,0.0003,-3.123e-05,-0.00208153,0.00015705,0.0003,0.0003,0.00096908,0.0003,0.00017227,0.0003,0,0.0003,0.0003,5.329e-05,1.06e-06,0.00029351,0.0002594,6.105e-05,9.191e-05,0.00238614,6.414e-05,0.00023337,0.0003,0.00071458,0.0003,0.00020065,0.00017985,0.00014339,0.00020022,0.00018404,0.0003,-0.00026595,0.0003,0.0003,0,0.00036612,-3.7e-07,0.00040567,-1.561e-05,-4.992e-05,0.00025163,0,-0.0007701,0,-6.44e-05,0,0.0003,0.00010398
2025-03-18 00:00:00+00:00,-0.00052976,-0.00034912,0.00013481,-3.082e-05,0.00018161,0.00048436,0.0003,-0.00039721,-0.02703818,0.00011672,0.0003,-1.066e-05,-0.00021908,0.0003,7.12e-06,-0.00048525,0,0.0003,0.0003,-0.00012236,-0.00013205,-0.00063405,0.0003,-0.00089174,0.00018301,0.00126495,0.00025065,0.00018782,0.0003,0.0017142,0.0003,-0.00022923,0.00018105,-8.73e-05,-0.00017793,0.00026076,0.0003,0.00025142,0.0003,0.00016605,0,5.704e-05,-0.00025723,0.0003,-7.574e-05,-0.00013636,0.00015307,0,-0.0004862,0,-0.00015876,0,0.00037729,6.276e-05
2025-03-19 00:00:00+00:00,0.0003,0.00020404,0.00025217,0.00010823,7.436e-05,0.0003,0.0003,-0.00024595,-0.00509301,0.00015143,0.0003,9.818e-05,0.00011492,0.0003,0.00024768,0.0003,0,0.0003,0.0003,9.196e-05,0.00022175,0.00202945,0.00026231,7.009e-05,0.0003,0.00067486,0.00023711,0.00015722,0.0003381,0.00179951,0.0003,0.00025214,4.56e-05,0.00029526,0.00028784,0.0002226,0.0003,-9.802e-05,0.0003,0.0003,0,0.0003,0.00024746,0.0003,4.411e-05,0.00021025,0.0003,0,0.00016303,0,0.00023308,0,0.0003,0.00011185
2025-03-20 00:00:00+00:00,0.0003,-0.00093551,-0.0001131,0.00015587,2.316e-05,0.00044882,0.0003,0.00025814,-0.00462113,-0.00011339,0.0003,0.0003,0.00037504,0.0003,0.0003,0.0003,0,0.0003,0.0003,0.00015257,0.00011487,0.00074279,0.0003,0.0003,0.0003,0.00038378,0.0001969,0.0003,0.00023407,0.00075842,0.0003,0.00027082,7.67e-06,0.00025311,2.754e-05,0.00023218,0.0003,-0.00016393,0.00028188,0.0003,0,0.0003,-7.822e-05,0.0003,0.0001048,0.0003,0.0002437,0,9.53e-05,0,0.00010422,0,0.0005298,6.82e-05
2025-03-21 00:00:00+00:00,0.0003,0.00012287,0.00022489,5.883e-05,-0.00022188,0.00140402,-0.00038414,0.00013264,-0.01301363,0.00015064,0.0003,0.0003,0.00054565,0.0003,3.78e-06,-0.0001294,0,0.00045856,0.0003,-9.833e-05,4.172e-05,0.00020264,0.0003,0.00029368,0.0003,0.0003,-9.937e-05,-6.659e-05,0.00023126,0.00108304,0.0003,0.00015231,-0.00022485,0.00014984,-0.00039949,-5.379e-05,0.0003,-0.00060162,0.00019595,0.00013444,0,7.646e-05,-2.57e-06,0.0003,-0.00085033,0.0003,-9.716e-05,0,0.0001321,0,-4.75e-06,0,0.0003,9.457e-05
2025-03-22 00:00:00+00:00,0.0003,4.981e-05,0.0003,-5.486e-05,-0.00029362,0.00150443,6.102e-05,3.881e-05,0.0002603,0.00016437,0.0003,0.0003,0.00057806,0.0003,0.00017963,0.0003,0,0.00031433,0.0003,7.59e-06,-0.0002819,0.00047421,0.0003,0.00024933,0.0003,0.00068515,0.0001699,-4.274e-05,0.0003,0.00111552,0.0003,0.0003,0.00023541,0.00023773,0.00025782,0.0003,0.0003,-0.00060003,0.0003,0.0003,0,0.0003,0.0002404,0.0003,0.0003,0.0003,-0.00018949,0,1.854e-05,0,0.00011792,0,0.0003,6.158e-05
2025-03-23 00:00:00+00:00,0.0003,-0.00024117,0.0003,8.3e-07,6.289e-05,0.0017926,-5.776e-05,0.0003,0.00025057,-0.00024428,0.0003,0.0003,0.0003,0.0003,-0.0001664,0.00026692,0,0.0003,0.0003,0.00016309,-0.00118602,-0.00041073,0.00035232,-0.00028664,0.0003,0.00047252,0.00016541,-0.00071879,0.0003,0.00082662,0.0003,0.00027389,0.0003,-0.0001894,0.00021974,0.00012173,3.725e-05,-0.00041506,0.00029936,0.00022455,0,-0.00033061,-0.00027336,0.0003,0.00019225,0.0003,-3.999e-05,0,0.00011029,0,-0.00062222,0,0.0003,5.935e-05
2025-03-24 00:00:00+00:00,0.00010467,-0.00042103,0.0003,-3.258e-05,0.00017852,0.00274933,4.175e-05,0.00023567,0.0003,8.078e-05,0.0002614,0.0003,0.00032218,0.0003,0.00019125,0.0003,0,0.0006185,0.0003,0.00028498,9.854e-05,7.532e-05,0.0003,0.00035345,0.0003,0.0003,0.00026697,-0.00025924,0.0003,0.0003,0.0003,0.0002831,0.0003,0.00012853,0.0003,8.324e-05,0.0003,0.0003,0.00019418,0.0003,0,-0.00019056,0.00027751,0.00041246,0.00018031,0.0003,-0.00012101,0,0.00028015,0,0.00017988,0,0.00046321,4.129e-05
2025-03-25 00:00:00+00:00,-7.967e-05,-7.191e-05,0.0003,0.00016623,0.0003,0.00218103,0.00027633,0.0003,0.0003,8.231e-05,0.00026907,0.0003,0.0003,0.0003,0.0003,0.0002782,0,0.0006095,0.0003,0.00014396,0.0003,-0.00035846,0.0003,0.0003542,0.0003,0.00041691,0.00023199,9.813e-05,0.0003,0.00091458,0.0003,0.0003,0.00018241,0.00027781,0.0003,0.0003,0.0003,8.851e-05,0.0003,0.0003,0,0.00010771,0.00010791,0.0003,0.0003,0.0003,0.00028929,0,0.00016639,0,-9.328e-05,0,0.00032232,-2.873e-05
2025-03-26 00:00:00+00:00,3.66e-06,0.00025483,0.0003,0.00012569,0.00016766,0.00116631,0.00014343,0.0002985,0.0003,0.00011114,0.00029462,0.0003,-0.00049815,0.0003,0.0003,-5.922e-05,0,0.00050028,0.0003,0.0001934,0.0003,-0.00045464,0.0003,-0.00016402,0.0003,0.00035221,0.00013907,-0.01624724,0.0003,0.0004787,0.0003,-0.00014849,0.00019756,9.259e-05,0.0003,7.664e-05,0.0003,0.00016046,0.0003,0.0003,0,-0.00084646,-1.499e-05,0.0003,0.00022513,-0.00022617,0.0003,0,0.00012997,0,-6.16e-05,0,0.0003,-4.413e-05
2025-03-27 00:00:00+00:00,0.00023309,0.00014232,0.0001652,-0.00040863,-3.358e-05,0.0003,0.00021985,0.00015283,0.0003,0.00012148,0.0003,0.0003,-0.00097587,0.0003,0.00026691,0.0003,0,0.0003,0.0003,-2.378e-05,0.0003,0.00024149,0.0003,0.00026166,0.0003,0.00047966,0.0002774,-0.01004982,0.00029905,0.0003141,0.0003,3.127e-05,0.00022494,9.864e-05,0.00028509,-0.0002485,0.0002881,-0.00028255,0.00020931,7.218e-05,0,-0.00031185,-0.00044279,0.0003,-9.677e-05,0.0003,-0.00052876,0,0.00018226,0,-0.00019078,0,0.0003,4.888e-05
2025-03-28 00:00:00+00:00,0.0003,0.00025514,5.958e-05,-0.00046491,7.896e-05,0.00057192,0.0003,-0.00014265,0.0003,-0.00027967,0.0003,0.0003,-0.0001927,0.0003,-0.00015104,-0.00017204,0,0.0003,0.0003,4.507e-05,0.00012073,0.00010351,0.00028134,0.00028548,0.0003,0.00113876,-0.00021215,-0.00077142,-8.582e-05,0.0003,0.0003,-0.00030622,0.00022366,-4.328e-05,0.00020287,-8.463e-05,0.0003,-3.156e-05,-4.449e-05,-0.00011756,0,-0.00052149,0.0002,0.0003,-0.00010865,0.0003,-0.00047892,0,-0.00029066,0,-0.00064462,0,0.0003,9.245e-05
2025-03-29 00:00:00+00:00,0.0003,0.0001462,-0.00042538,-0.00096813,0.00012219,0.00089834,0.0003,-0.00017667,0.0003,-0.00036559,0.0003,0.00024623,0.0003,0.0003,-0.00014994,-0.00072831,0,0.0003,0.0003,6.553e-05,-0.0002383,0.00035781,-0.00082814,-0.00015115,0.0003,0.00194523,-0.00028449,-0.00154373,-9.606e-05,0.0002412,0.0003,0.00011655,9.13e-06,0.00022532,0.00012412,9.891e-05,0.00021916,-0.00049278,0.00014813,0.0001136,0,-0.0009253,0.0003,0.0003,-0.0001782,0.0003,-0.00029563,0,-0.0330544,0,-0.0003647,0,0.0003,0.00016108
2025-03-30 00:00:00+00:00,0.0003,-0.0004011,0.00015268,-0.00103103,-0.00025895,0.0003,0.0003,-0.00054074,-8.738e-05,-0.00067659,0.0003,-9.033e-05,0.00030834,0.0003,-0.00019201,-0.00113134,0,0.0003,0.0003,-0.00011522,-0.00013335,0.00035464,-0.0001762,-0.0002761,0.00029533,0.00081363,-0.0001752,-0.00235042,-0.00055656,5.187e-05,0.0003,-1.352e-05,-1.633e-05,-6.271e-05,0.00011102,0.00013818,0.00025202,-0.00082528,-3.31e-06,8.037e-05,0,-0.00027219,7.589e-05,0.0003,-0.000178,0.0003,-0.00055637,0,-9.72e-06,0,-0.00026093,0,0.0003,5.356e-05
2025-03-31 00:00:00+00:00,0.00022041,0.0002601,0.00028744,-0.00058007,-0.00017001,0.00120723,0.0003,-0.00035027,-0.00012647,-0.00068305,0.00024774,0.00026005,0.0003,0.00056274,5.769e-05,-0.0010782,0,0.0003,0.0003,-1.904e-05,-7.645e-05,0.00034688,0.0003,0.0003,0.0003,0.00050466,-0.00018449,-0.00086916,-0.00015573,0.00026757,0.0003,-0.00010025,-7.78e-06,0.0001618,6.239e-05,0.00019902,0.00025721,-0.00035419,7.33e-06,-0.00028914,0,0.00028098,0.00026836,0.0003,9.833e-05,0.0003,-0.00027493,0,-0.00233747,0,0.00012095,0,0.0003,0.00010508
2025-04-01 00:00:00+00:00,-0.00022793,-0.00020428,-2.854e-05,-0.00075562,-9.398e-05,0.00079563,0.00027569,1.269e-05,0.0003,-0.00068237,9.655e-05,0.0003,6.528e-05,0.0003,-9.232e-05,-0.00040441,0,0.0003,0.0003,3.455e-05,0.00028212,0.00076304,0.0003,0.0003,0.0003,0.00031695,0.00021428,-6.668e-05,6.163e-05,0.00021262,0.0003,0.00022716,4.307e-05,-1.621e-05,5.932e-05,0.00010364,0.0003,-0.00179229,-6.01e-06,-0.00058297,0,-0.00054297,0.0001661,0.0003,8.634e-05,0.0003,0.00020746,0,-0.0005831,0,-0.00015453,0,0.0003,0.00010423
2025-04-02 00:00:00+00:00,0.0003,-0.00032827,0.00025125,-0.00087918,0.00022739,0.00091249,0.0003,-0.00043019,0.0003,-0.0002913,-0.00144266,0.0003,0.00010217,0.0003,0.00020906,0.00020805,0,0.0003,0.0003,0.00013691,0.00022618,0.00030198,-0.0004917,-4.528e-05,0.0002903,0.00044296,0.00011439,-0.0007938,0.00026646,0.0003,0.0003,0.00027252,0.00021247,-0.00022805,0.00014628,0.00014932,0.0003,-0.00261965,0.00021969,0.0003,0,0.00023865,0.0003,0.0003,0.0003,0.0003,-5.646e-05,0,-0.00042757,0,-0.00012727,0,0.0003,1.657e-05
2025-04-03 00:00:00+00:00,-0.00037982,-0.00058668,6.684e-05,-0.0005964,0.00010047,0.00177408,0.00013528,-0.00017765,0.0003,-0.00040523,-0.00121441,7.336e-05,7.404e-05,0.0003,0.0003,-0.00128918,0,0.0003,0.0003,1.252e-05,3.965e-05,-0.00113981,0.00021032,0.00025174,0.0003,0.0007023,3.088e-05,-0.00024439,0.0003,0.0003,0.00026994,0.0003,-0.00021812,0.00019257,0.00015728,0.00019001,0.0003,-7.52e-06,-5.629e-05,0.00018677,0,0.0003,-3.014e-05,0.00031886,-0.0014687,0.00044227,0.0003,0,0.0003,0,1.283e-05,0,0.0003,0.00017384
2025-04-04 00:00:00+00:00,0.00022552,-0.00032096,-0.00024957,-0.00064061,-0.00040286,0.00107458,0.0002191,-0.00034688,0.00025886,-0.00014398,-0.00011219,0.00015669,0.0003,0.0003,3.841e-05,-0.00029463,0,0.0003,6.871e-05,4.639e-05,0.0002089,-0.00061986,9.241e-05,0.00011845,0.0003,0.00031554,0.0003,3.221e-05,9.216e-05,0.0003,0.0003,0.00022414,3.071e-05,0.00011437,0.00012707,0.00026467,0.0003,-0.00029358,0.00011866,0.00022452,0,0.00029323,0.00015102,0.0003,-7.279e-05,0.0003,0.0003,0,0.00025122,0,6.323e-05,0,0.0003,0.00017057
2025-04-05 00:00:00+00:00,-0.00049177,0.00029572,-0.0002053,-0.00029637,0.0003,0.00040606,0.00018056,-6.443e-05,1.231e-05,8.93e-06,-0.00055458,-0.00034359,0.0003,0.0003,-0.00029126,0.00018584,0,0.0003,0.00012909,0.0002817,0.000107,-0.00016608,0.00026715,0.0003,0.0003,0.00037367,0.00023189,4.969e-05,-0.00012543,2.514e-05,0.0003,0.0003,2.011e-05,0.00010802,4.135e-05,0.00029251,0.0003,-4.46e-05,0.00014168,0.0003,0,0.00017934,0.0003,0.00032202,0.0003,0.00036216,0.0003,0,-0.00010841,0,0.00029659,0,0.0003,0.00016404
2025-04-06 00:00:00+00:00,-0.00049418,-0.00078414,-0.00012171,-0.00123925,7.888e-05,0.00106614,0.00012584,-0.00045543,-0.00044475,-0.00047041,-0.00067938,0.0003,3.575e-05,0.0003,0.00014248,-6.904e-05,0,0.0003,0.0003,6.364e-05,-4.627e-05,0.0003,-0.00070546,8.889e-05,0.0003,0.00046429,7.867e-05,-0.00027839,0.00018173,0.0003,0.00029515,0.00027825,0.00018386,2.742e-05,3.233e-05,-4.713e-05,0.0003,-0.00052404,0.0003,0.00026865,0,6.521e-05,-0.00018953,0.0003,-7.577e-05,0.0003,0.00025888,0,-0.00011762,0,1.553e-05,0,0.0003,4.981e-05
2025-04-07 00:00:00+00:00,-0.0007066,-0.00034773,-0.00038008,-0.00112656,-0.0001205,0.00074141,0.00021899,-0.00041234,0.00017022,-0.0009895,0.0003,0.00029197,-0.00021348,0.0003,0.0003,-0.00082654,0,0.0003,0.0003,-1.655e-05,-3.468e-05,0.00030083,-0.00119983,-0.00010337,0.0003,0.0003,0.00014178,0.0002682,-0.00037459,0.0003,0.00027218,0.00021561,0.00018248,0.00018749,0.00023007,-0.00029264,0.0003,0.00020044,0.00020304,0.0002684,0,-0.00072109,5.974e-05,0.0003,-9.165e-05,0.0003,0.0003,0,0.0003,0,0.0001086,0,0.0003,0.00016801
2025-04-08 00:00:00+00:00,0.0001664,-0.00023467,0.0003,-0.00116385,-0.00010969,0.0003,-0.00041203,-0.00021977,0.0001702,-0.00058211,0.0003,0.00028121,6.181e-05,0.0003,0.00015366,0.0002268,0,0.0003,0.0003,5.675e-05,-7.38e-06,0.00058754,-1.856e-05,0.0003,0.0003,0.0003,0.00016219,4.869e-05,3.845e-05,0.00025901,0.0003,0.0003,6.103e-05,0.0001999,5.316e-05,-4.906e-05,0.0003,7.607e-05,0.00027325,0.00029542,0,-0.00188036,-0.00033883,0.0003,-9.695e-05,0.0003,0.00025287,0,8.23e-06,0,-0.00021838,0,0.0003,0.00010783
2025-04-09 00:00:00+00:00,0.00020881,-0.00013809,0.0003,-0.00061037,-3.645e-05,0.00057936,0.00027718,-0.00032869,4.177e-05,-0.00060866,0.0003,0.000231,0.00093301,-0.00172283,0.0003,-0.00027845,0,0.0003,0.0003,5.245e-05,-7.58e-05,3.383e-05,0.00024078,0.0003,0.0003,0.0003,0.0003,0.00010533,0.00012463,0.0003,-0.0016564,0.0003,0.00012521,0.0003,0.00026398,-5.723e-05,0.0003,0.00018774,0.0003,0.0003,0,0.0003,-0.00053432,0.0003,9.86e-06,0.00042889,0.00029466,0,0.00015455,0,0.0003,0,0.0003,0.00014172
2025-04-10 00:00:00+00:00,0.0003,0.00028644,0.0003,-0.00032034,0.00027886,0.00099106,0.0003,0.0003,9.012e-05,-0.0001603,0.00025614,0.0003,0.00020497,-0.0013941,0.0003,0.00029941,0,0.0003,0.0003,0.00012204,0.00028214,0.0003,-2.767e-05,0.00024531,0.0003,0.0003,0.00029091,0.0003,0.0003,0.00021665,-0.00020837,0.0003,0.00025252,0.0003,0.00028907,0.0003,0.0003,0.00019686,0.00015009,0.00028468,0,-0.0004762,-0.00091464,0.0003,-0.00014878,0.00060339,0.00017072,0,0.0003,0,0.0003,0,0.0003,0.00014594
2025-04-11 00:00:00+00:00,-0.00016518,0.00012267,0.0003,-0.00047328,0.00022135,0.00079656,0.0003,0.00024117,4.423e-05,8.759e-05,0.0003,0.00013356,0.000237,-0.00013604,8.889e-05,0.0003,0,0.0003,0.0003,0.00019182,0.00027188,-0.00129444,0.00042755,0.00020562,0.0003,0.00055698,0.0003,0.00020848,0.00028652,0.0003,0.0003,0.0003,0.00021086,0.0002962,0.00027888,0.00020043,0.0003,0.0003,0.00021774,0.00023761,0,-0.00045514,-0.00152176,0.0003,4.309e-05,0.00135684,-3.61e-05,0,0.0003,0,-4.8e-07,0,0.0003,1.061e-05
2025-04-12 00:00:00+00:00,-0.00087038,0.00018317,0.0003,-0.0007938,0.00019694,0.0003,0.0003,0.00024068,0.0003,0.0002314,0.0003,-9.34e-05,0.0003,-3.549e-05,0.0003,0.0003,0,0.0003,0.00026841,0.00018366,0.00011541,-0.00032496,-0.00116147,5.15e-05,0.0003,0.00071164,0.0003,-0.00069891,0.00021881,0.0003,0.0003,0.0003,0.0002688,0.00027,0.00010485,0.00026677,0.0003,0.00015879,0.0003,8.951e-05,0.00042652,0.0003,-0.00399531,0.0003,0.00022591,0.00052944,-0.00015569,0,-0.00030646,0,-0.00056181,0,0.00037428,0.00014682
2025-04-13 00:00:00+00:00,-0.00036341,0.00011538,0.0003,-0.00064305,0.0003,0.0003,0.0003,0.00015488,-8.213e-05,0.00018032,0.0003,0.00025791,0.0003,0.00022992,0.0003,0.0003,0,0.0003,0.0003,0.00019435,0.00021173,-0.00042824,-0.00119067,0.00025873,0.0003,0.0003,0.00028002,-7.454e-05,0.00016054,0.0003,-0.00045724,0.0003,0.0003,-7.381e-05,0.0003,-3.624e-05,0.0003,0.00023256,0.0003,0.00025335,0.0003,0.0003,-0.00035059,0.0003,0.0003,0.00036386,3.986e-05,0,-9.971e-05,0,0.00019434,0,0.0003,0.00023128
2025-04-14 00:00:00+00:00,0.0002724,0.00024273,0.00014537,-0.00047045,0.00020965,0.00030481,0.0003,0.00011057,-0.00013841,9.008e-05,0.0003,0.00018936,0.00027452,-0.00056016,0.0002336,-0.00024289,0,0.0003,0.0003,0.00010785,-4.26e-05,0.00015064,-0.00020133,0.0003,0.0003,0.00066018,-4.113e-05,0.00010037,6.519e-05,-3.741e-05,-0.00183014,0.000223,-3.808e-05,0.00020378,0.00028185,-4.812e-05,0.0003,-0.00012855,0.00024042,-4.714e-05,0.00031644,-0.00034835,-0.00111115,0.0003,-0.00033135,0.00053553,-0.0002216,0,0.0003,0,0.00015247,0,0.0003,0.00017668
2025-04-15 00:00:00+00:00,4.632e-05,0.00025956,0.00012356,-0.00126433,-0.00056401,0.00165466,0.0003,-0.0007862,0.0003,0.00020573,0.0003,0.00024423,-0.00010401,-0.00033988,0.00017176,-8.753e-05,0,0.0003,0.0003,-0.0002401,-0.00079967,6.755e-05,-0.00029156,0.0003,0.0003,0.00053266,-0.00024034,3.967e-05,0.0003,0.0003,-0.00114816,2.852e-05,0.00016777,0.00025872,0.00015073,-5.037e-05,0.0003,-0.00047928,0.00026495,-9.111e-05,0.0003,-0.00104754,-0.00048498,0.0003,-0.00131735,0.00031876,0.0003,0,0.0003,0,0.00021047,0,0.0003,6.416e-05
2025-04-16 00:00:00+00:00,0.00021333,-2.648e-05,0.00017547,-0.00099863,0.0001881,0.00033055,0.0003,-0.00036462,0.0003,-0.00028909,0.00036526,0.0003,0.00023674,0.00025633,0.00015549,-0.00082018,0,0.0003,0.0003,-4.832e-05,-0.00037068,0.00027193,-0.00053092,0.0003,0.0003,0.00036224,-0.00068764,-0.00040203,-7.246e-05,6.26e-06,-0.00204491,0.00013392,0.0002534,0.00010539,9.473e-05,-0.00010493,0.0003,-0.00020998,0.00027998,-0.00014664,0.0003,0.00016212,-0.00137379,0.0003,-0.00099804,0.00181043,0.00012594,0,0.0003,0,-0.00042632,0,0.0003,0.00011323
2025-04-17 00:00:00+00:00,0.0003,8.007e-05,6.579e-05,-0.00057353,0.00027706,0.00023311,0.0003,7.424e-05,0.0003,-5.938e-05,0.00038268,0.00017796,0.0003,-0.00039692,-1.121e-05,5.749e-05,0,-0.00024647,0.00028492,7.338e-05,-0.00222631,-0.00044153,-0.0010127,0.0003,0.0003,0.00097844,-0.00063207,0.00022064,0.0003,8.434e-05,-0.0013393,0.00021807,6.027e-05,5.528e-05,-6.802e-05,-3.37e-05,0.0003,0.00028298,0.0003,-0.0001342,0.00014404,-0.00011882,-0.00117685,0.00054196,-0.00241922,0.00031394,0.00015922,0,0.00010749,0,-0.00018363,0,0.00093633,0.00010508
2025-04-18 00:00:00+00:00,-0.00097434,0.00019449,1.992e-05,-0.00033425,-3.145e-05,0.0003,0.0003,8.217e-05,0.0003,-0.00045491,0.0003,0.0003,-0.00034344,0.0003,0.0002485,-0.00017542,0,0.00029623,0.0003,4.662e-05,-0.00081985,4.83e-05,6.627e-05,0.0003,0.0003,0.0009684,-0.02615976,0.0003,0.0003,6.678e-05,0.0003,0.00021249,-0.00023883,0.0003,0.00013498,0.00010685,0.0003,0.0003,0.00026597,-0.00049004,0.0003,-0.00011786,-0.00039096,0.00076715,-0.00237267,0.00071084,-0.00095167,0,0.00018559,0,-0.0003425,0,0.00152732,0.00011854
2025-04-19 00:00:00+00:00,-0.00064745,0.00022046,0.0003,-8.238e-05,0.0003,0.00084229,0.0003,-2.159e-05,0.0003,0.00012332,0.0003,0.0003,-0.00060034,6.666e-05,0.0002783,0.0003,0,8.939e-05,0.00023543,0.00027601,0.0003,0.00026869,-0.00029,0.0003,0.0003,0.00079638,-0.03875668,0.0003,0.0003,-0.00042984,0.0003,0.00027849,0.0003,0.00025997,0.00022557,0.0003,0.0003,2.69e-05,0.000275,0.00029208,0.00054219,8.886e-05,-0.00094267,0.00030251,4.39e-06,0.00221695,0.00012602,0,-0.00175791,0,4.668e-05,0,0.0015032,7.001e-05
2025-04-20 00:00:00+00:00,-0.00077036,0.00028702,0.00026947,7.788e-05,0.0003,0.00054754,0.0003,0.0003,0.0003,0.00020304,0.0003,0.0003,0.0003,0.0003,0.0003,-3.806e-05,0,0.0003,0.0003,0.00010288,0.0003,0.00037326,-0.00010439,0.00063208,0.0003,0.0020719,-0.01801978,0.0002814,0.0003,2.824e-05,0.0003,0.0003,-1.605e-05,0.00024989,0.0003,4.342e-05,0.0003,0.00024271,0.0003,0.0003,0.0003532,-0.00022319,-9.755e-05,0.00032478,-3.824e-05,0.00083808,0.00029651,0,0.00012777,0,-1.983e-05,0,0.0008814,-3.634e-05
2025-04-21 00:00:00+00:00,-0.00085273,0.0003,0.00024875,0.00021397,0.00019599,0.00059902,0.0003,0.0003,0.0003,0.0002018,0.0003,-0.00051593,0.00042675,0.0003,0.00029565,0.0003,0,0.00016442,0.0003,0.00020889,0.0003,0.00076958,-9.699e-05,0.0003,0.0003,0.00226067,-0.00235337,0.0001835,0.0003,-0.00013311,0.0003,0.0003,0.0003,0.00014641,0.0002257,8.99e-06,0.00048014,0.0003,0.00025208,1.794e-05,0.00116413,-5.88e-05,0.0003,0.0004968,0.00011603,0.00052984,1.85e-05,0,0.00018693,0,2.239e-05,0,0.00128663,0.00012188
2025-04-22 00:00:00+00:00,-0.00032029,0.000238,0.00016848,-0.00020998,0.00024681,0.00094742,9.334e-05,0.00023268,0.0003,0.00026511,0.00016953,0.0002164,0.00035102,0.0003,0.00029101,0.0003,0,0.00029074,0.0003,0.00028131,8.288e-05,0.00072851,-0.00060089,0.0003,0.0003,0.00220519,-0.00080117,-1.874e-05,0.0003,6.47e-06,0.0003,0.00029034,0.0003,4.01e-06,0.00028054,0.0003,0.00151739,0.00029878,0.00025887,0.0003,0.00034971,0.00025564,0.0003,0.0006682,0.0003,0.0003,-0.00512767,0,0.00020371,0,0.0003,0,0.00157684,-4e-07
2025-04-23 00:00:00+00:00,0.00027294,0.0003,0.0003,0.0003,0.0003,0.00277921,0.00044869,0.0003,0.0003,0.0003,0.0003,0.00012424,0.00034154,0.00071046,0.0002122,0.0003,0,0.0003,0.0003,0.0003,0.0003,0.00033981,0.00033488,0.00032352,0.0003,0.00348237,0.00019378,0.00024415,0.0003,0.0003,0.0003,0.0003,0.0003,0.00022389,0.00021461,0.0003,0.00223862,0.0003,1.167e-05,0.0003,-0.00412015,-0.00015188,0.0003,0.00140411,0.0003,0.0007832,-0.01342482,0,0.0003,0,0.0003,0,0.00383537,4.572e-05
2025-04-24 00:00:00+00:00,0.0003,0.00024661,0.0003,0.0003,0.0003,0.00116249,0.0003,0.0003,0.0003,0.00027155,3.159e-05,0.0003,0.00024175,0.0003,0.00027917,0.0003,0,0.0003,0.0003,0.00026561,0.0003,0.0003,0.0003,0.00027663,0.0003,0.00075908,7.816e-05,0.0003,0.0003,0.0003,0.0003,0.00027961,0.0003,0.0002194,0.00022218,0.0003,0.00055011,0.0002155,0.00020687,0.0003,-0.01467848,0.00011789,0.0003,0.0003,-0.00013826,0.00106843,-0.00076952,0,0.00024557,0,0.0001666,0,0.00314966,3.74e-06
2025-04-25 00:00:00+00:00,0.0003,0.0003,0.0003,0.0003,0.00017572,0.00132692,0.0003,0.0003,0.0003,0.0003,0.0003,0.0003,0.00013696,0.00018756,0.00028492,0.0003,0,0.0003,0.0003,0.0002668,0.0003,0.00086606,0.0003,0.0003,0.0003,0.00198107,0.00012803,0.00020253,-0.00036805,0.00025318,0.0003,-4.737e-05,0.00024741,0.0002679,-0.00016959,0.0003,0.00058481,0.0003,0.0003,0.0003,-0.00174278,0.0003,0.0003,0.00029492,-0.00070614,0.00122432,-0.00078514,0,0.0003,0,0.00019182,0,0.0002226,-1.474e-05
2025-04-26 00:00:00+00:00,0.00025694,0.0003,0.0003,0.0002767,0.00029698,0.00093778,0.0003,0.00026471,0.0003,0.0003,0.0003,0.0003,0.0003243,0.00078876,0.00029105,0.0003,0,0.0003,0.0003,0.00012899,0.0003,0.0019779,0.0003,0.0003,0.0003,0.00054609,0.0003,0.0003,0.00028331,0.0003,0.00055014,0.00015428,0.00027542,1.448e-05,0.0003,0.0003,0.00033166,0.0003,0.00025787,0.0003,-0.00015612,0.0003,0.0003,0.0003,-0.00011834,0.00258425,7.27e-06,0,0.0003,0,0.00027463,0,8.309e-05,-0.00010004
2025-04-27 00:00:00+00:00,0.0003,0.0003,0.0003,0.00020767,-0.00019934,0.00039322,0.00017906,-4.172e-05,0.0003,0.0003,0.000111,0.0003,-0.00070214,0.00043185,0.00010884,0.0003,0,0.0003,0.0003,6.332e-05,0.0003,0.0011765,0.0003,6.437e-05,0.0003,0.00197901,-2.689e-05,0.00026318,0.00014643,0.00026795,0.0002614,3.941e-05,-9.019e-05,7.591e-05,-0.00038757,0.0003,0.00044255,0.0003,0.00024184,0.0003,0.0003,0.00014749,0.0003,0.0003,-6.465e-05,0.0003,-0.00025034,0,0.00023451,0,0.00029038,0,0.0003,-2.581e-05
2025-04-28 00:00:00+00:00,0.00024856,0.00029149,-0.00052651,-5.581e-05,-0.00041837,0.00055602,0.0003,-0.00020734,-0.00162725,-0.00093418,0.0003,0.0003,0.0003,0.00045001,0.00015924,0.0003,0,0.0003,0.0003,5.826e-05,0.0003,0.00051423,0.0003,0.00011684,0.0003,0.00130549,0.0002627,0.0003,0.00027389,0.0003,0.0003,0.0003,0.00023534,5.221e-05,0.0004112,0.0003,0.000814,-0.00054784,0.0002496,-5.077e-05,0.0003,-0.00146814,0.00020782,0.00030392,-0.00061944,0.00036391,1.063e-05,0,-0.00269122,0,-0.00020743,0,0.00093986,-5.202e-05
2025-04-29 00:00:00+00:00,0.00026293,5.591e-05,0.0003,-9.679e-05,0.00024457,0.00076544,0.0003,0.0003,0.0003,0.0003,0.0003,0.00027823,-0.00010379,-0.00022374,0.0002568,0.0003,0,0.0003,0.0003,0.00014937,0.0003,0.00068974,-1.15e-05,-2.153e-05,0.0003,0.0010437,0.0003,0.0003,-0.00043566,0.00017492,0.0003,0.0003,-0.00026349,-6.288e-05,0.00012401,0.0003,0.0003,4.862e-05,0.0003,0.00021281,0.0003,0.0003,0.0003,0.0003,-0.00121807,0.00033769,-0.00011169,0,0.0003,0,-0.00012076,0,-0.00011355,9.45e-06
2025-04-30 00:00:00+00:00,0.0003,-0.00035083,0.0003,0.00019866,-4.467e-05,0.00104809,0.00012738,0.00019011,0.0003,0.00017368,0.00024692,-5.226e-05,-0.00022866,0.0003,0.00020557,0.0003,0,0.0003,0.0003,-0.00023907,0.00026274,0.00111556,0.00029963,1.228e-05,0.0003,0.00125132,0.00010653,0.0003,-9.132e-05,0.0003,0.0003,0.00014826,0.00020801,0.00023301,0.0003,0.00023535,0.0003,0.0002357,0.0003,0.0003,0.00030284,0.0003,0.00029518,0.0003,-0.00059385,0.0003,0.00029344,0,0.0003,0,0.00024004,0,-0.00178803,-6.039e-05
2025-05-01 00:00:00+00:00,0.0003,4.587e-05,0.0003,-4.8e-06,0.00026965,0.00145528,0.0003,0.00027209,0.0003,-8.024e-05,0.00027611,0.00021997,0.0003,0.0003,0.0003,0.0003,0,0.0003,0.0003,0.00019542,0.00028019,0.00131575,0.0003,0.00040422,0.0003,0.00130179,0.0002302,0.0003,0.00021976,0.00028166,0.0003,0.00011277,7.868e-05,0.00019809,8.791e-05,3.412e-05,0.0003,0.0003,0.0003,0.0003,0.00092418,0.000287,0.00028437,0.0006202,-0.00132379,0.0003,0.00019187,0,0.00028837,0,3.08e-05,0,0.0003,1.246e-05
2025-05-02 00:00:00+00:00,0.0003,-4.709e-05,0.0003,-8.563e-05,-0.00010055,0.00038939,0.0003,0.00010002,0.0003,0.00022947,0.00028373,0.0003,0.0003,0.0003,0.00021591,0.0003,0,-0.00041625,0.0003,0.00023665,0.00023802,0.0003,0.0003,0.0003,0.0003,0.00050398,5.858e-05,-6.726e-05,0.0003,0.00023196,0.0003,4.409e-05,2.81e-06,0.00024789,-2.506e-05,-6.612e-05,0.0003,0.00019818,0.0003,0.0003,0.00052654,-0.00045532,0.0003,0.00016086,-0.00097378,0.0003,-0.00181435,0,3.823e-05,0,-0.00023769,0,0.00021477,-0.00030303
2025-05-03 00:00:00+00:00,2.546e-05,0.0002962,0.00023319,0.00022164,0.00012324,0.00112082,-5.368e-05,-0.00018647,0.0003,-0.00013208,0.00014706,0.0003,0.0003,-0.00023427,-6.487e-05,0.00025394,0,0.0003,0.0001998,0.00010695,-4.757e-05,0.0003,0.00028103,0.0003,0.0003,0.00087786,-0.0001519,0.00024497,-0.00060803,0.00024902,0.0003,-0.00025723,0.00018059,-3.049e-05,-0.00043657,-9.881e-05,0.00044587,0.00024873,0.00024801,-0.00011688,0.00090764,0.0003,0.0003,0.00013125,-0.00288524,0.0003,0.00018874,0,-0.00032815,0,-0.00054076,0,0.00013416,-4.238e-05
2025-05-04 00:00:00+00:00,0.00029587,0.00026761,0.0003,4.395e-05,0.00011056,0.0003,-5.426e-05,-0.00021966,0.00025115,-0.00020197,0.00029906,0.00027343,-5.336e-05,5.671e-05,-0.00046903,2.291e-05,0,0.0003,-9.03e-06,-1.606e-05,-0.00055608,0.0003,-0.00020777,0.0003,0.00020268,0.00101563,-0.00102163,-0.00109692,-0.00111973,-0.00046389,0.0003,-0.00028978,-0.00058162,-0.00023245,-0.00175224,7.82e-06,0.0003,-0.00016035,-0.00083494,0.0003,0.00057329,-0.0002975,0.00026093,0.0003,-0.00189931,0.0003,-0.0005594,0,-0.00046184,0,-0.00051892,0,0.00020391,7.344e-05
2025-05-05 00:00:00+00:00,0.0003,-0.00048247,0.00010948,-0.00034546,-0.00030859,0.00041067,-0.00018297,-0.00043211,0.00029688,-0.00019568,0.0003,0.0003,0.00025411,0.00079007,0.00027989,0.00016851,0,0.00024326,0.0003,-0.00019851,8.468e-05,0.0003,0.0003,0.0003,0.0002469,0.00093459,-1.351e-05,-0.00046961,0.00012506,0.0003,0.0003,0.00024391,0.00015466,0.00011937,-0.00065957,5.495e-05,0.0003,0.00013338,-4.446e-05,0.0003,0.00056175,0.0003,0.00022585,0.0003,-0.00268416,0.0003,-0.0004525,0,0.0003,0,0.00029912,0,0.0003,-1.015e-05
2025-05-06 00:00:00+00:00,0.00025054,8.92e-05,0.00021783,-4.902e-05,0.00012652,0.00054051,0.0003,-3.522e-05,3.24e-05,-7.472e-05,0.00028123,0.0003,-0.00015443,0.00096966,-2.915e-05,7.111e-05,0,0.00017494,-0.0002498,2.324e-05,3.223e-05,0.00051171,0.00013662,6.325e-05,0.0003,0.0003,3.248e-05,3.35e-06,-0.00090341,8.55e-05,9.879e-05,0.00026193,0.00019293,0.00010145,-0.00148664,4.876e-05,0.00062481,0.00023582,-0.00019585,0.00013905,0.00049219,-2.766e-05,0.00012426,-0.00010974,-0.00209567,0.0003,-0.00164872,0,0.0003,0,0.00020026,0,0.00012305,7.175e-05
2025-05-07 00:00:00+00:00,-7.097e-05,0.00018781,0.0003,0.00012085,-7.729e-05,0.00044494,-0.00016325,0.00017583,0.00010324,-7.374e-05,0.00025215,0.0003,0.00017354,0.00066079,0.00014291,-0.00036737,0,-0.00022738,-0.00019234,0.00018435,0.00022244,0.00044971,0.0003,0.00020007,0.0003,0.00085227,0.00029712,0.00029544,-6.256e-05,0.00019178,0.0003,0.00029158,0.00023431,-9.032e-05,-0.00283842,8.44e-06,0.00035728,8.403e-05,0.0003,0.00013681,0.00068205,0.00016822,0.00029126,0.00027902,-0.00117909,0.0003,-0.00392043,0,0.0003,0,0.000268,0,0.00049725,2.513e-05
2025-05-08 00:00:00+00:00,-0.00022415,0.0003,0.0003,0.00029451,0.00012749,0.0009716,0.0003,0.00018905,0.0003,0.0003,0.0003,0.0003,0.0003,0.00171462,0.0003,0.00015533,0,0.0003,0.0003,0.00024074,0.0003,0.00052013,0.0003,-7.653e-05,0.0003,0.00125215,0.0003,0.0003,-0.00053168,0.0003,0.0003,0.00021585,0.0003,0.00020975,-0.00026681,6.555e-05,0.00124012,0.0003,0.0003,0.0003,0.00093325,0.0003,0.0003,0.0003,-0.00031149,0.0003,-0.00069972,0,0.0003,0,9.785e-05,0,0.00139156,0.00012654
2025-05-09 00:00:00+00:00,-0.00053825,0.0003,0.0003,0.0003,0.00041651,0.00185001,0.0003,0.0003,0.0003,0.0003,0.0003,0.00040647,0.00099349,0.00031917,0.0003,0.0003,0,0.00152339,0.0003,0.0003,0.0003,0.00210161,0.00047086,0.00030956,0.0003,0.00144636,0.0003,0.0003,-0.00032146,0.0003,0.00032762,0.0003,0.0003,0.0003,-0.00111696,0.0003,0.00135083,0.0003,0.0003,0.0003,0.00141862,0.0003,0.0003,0.00159972,-6.061e-05,0.00021152,0.00013233,0,0.0003,0,0.0003,0,0.00144995,0.00024378
2025-05-10 00:00:00+00:00,0.0003,0.0003,0.00014114,0.0003,0.00029158,0.00073091,0.0003,0.0003,0.0003,0.0003,-0.00092721,0.0004785,0.00147906,0.00067557,0.0003,0.00061742,0,0.00129891,0.0003,0.0003,0.0003,0.00104734,0.0006486,0.0003,0.0003,0.00106408,0.0003,0.0003,0.00089978,0.0003,0.00045032,0.0003,0.0003,0.0003,0.0003,0.00024665,0.00031116,0.0003,0.0003,0.0003345,0.00117326,0.0003,0.0003,0.0003,0.00022282,-3.993e-05,0.00020104,0,0.0003,0,0.00027173,0,0.0003,0.00023914
2025-05-11 00:00:00+00:00,0.0003,0.0003,0.0001351,0.0003,0.0003,0.00044739,0.0003,0.0003,0.0003,0.0003,0.0003,0.00065354,0.0010172,0.0003,0.0003,0.00045054,0,0.00066399,0.0003,0.00025785,0.0003,0.00085308,0.00117065,0.00024532,0.0003,0.00194745,0.0003,0.0003,0.00146112,0.0003,0.00035288,0.00029019,0.0003,0.0003,0.00017828,0.0003,0.00130034,0.0003,0.0003,0.00010442,0.00207105,0.0003,0.0003,0.00065619,-7.11e-05,0.0003,0.0001983,0,0.0003,0,0.00028729,0,0.0005474,0.0002415
2025-05-12 00:00:00+00:00,0.0003,0.0003,0.0003,0.0003,0.0003,-0.00074814,0.0003,0.0003,0.0003,0.0003,0.0003,0.00076772,0.00104737,0.0003372,0.00024844,0.00119446,0,0.00102942,-0.00098497,0.00022458,0.0003,0.00117843,0.00163075,0.0003,0.0003,0.00131285,0.0003,0.0003,0.00107744,0.0003,0.00051757,0.00027353,0.0003,0.0003,-1.449e-05,0.0003,0.00282779,0.0003,0.0003,0.00072007,0.00133258,0.00050658,0.0003,0.00108215,-0.00113583,0.00036058,0.0003,0,0.0003,0,0.0002733,0,0.0003,0.00016755
2025-05-13 00:00:00+00:00,0.0003,0.00028757,0.0003,0.00017201,0.0003,4.985e-05,0.0003,7.48e-06,0.0003,0.0003,0.0002834,0.00043953,0.00080606,0.0003,0.00029485,0.00043024,0,0.0003,0.00084623,0.00018859,0.0003,0.00137936,0.00075456,0.00102836,0.0003,0.0003,0.0003,0.0003,0.00117266,0.0003,0.00076532,0.00022475,0.0003,0.00021737,7.02e-05,0.0003,0.00067513,0.00027876,0.0003,0.00053533,0.00118802,0.00016905,0.0003,0.00057432,0.00023315,0.0003,0.00014005,0,0.0003,0,-0.00013776,0,0.00080694,0.00024103
2025-05-14 00:00:00+00:00,0.0003,1.558e-05,0.0003,0.00017496,0.0002818,-0.00126138,-0.00031711,0.0003,0.0003,0.0003,0.0003,0.00038173,0.00058868,0.00066507,0.0003,0.00035521,0,0.0003,0.00042554,0.00025801,0.0003,0.00112044,0.00052039,0.0010846,0.0003,0.00079437,0.0003,0.0003,0.00035206,0.0003,0.00061025,0.00016523,0.00021367,0.0003,0.00028234,0.00022156,0.00150996,0.00028506,0.0003,0.00067394,0.00135042,0.0003,0.0003,0.0004567,0.0003,0.0003,0.00021887,0,0.0003,0,-8.048e-05,0,0.00132275,0.00020638
2025-05-15 00:00:00+00:00,0.0003,1.012e-05,0.00019777,0.00019997,0.0003,-0.00086945,-0.00011721,0.00018482,0.0003,0.0003,0.0003,0.0003,0.00050498,0.0003,0.00020669,0.0003,0,0.0003,0.00044549,0.00014814,0.00021812,0.00061083,0.0003,0.00039764,0.0003,0.0003,0.0001856,2.706e-05,0.0003,0.0003,0.0003,-4.088e-05,0.00021253,0.00024846,-0.00124402,8.894e-05,0.00065877,0.00022191,0.0003,0.0003,0.00034957,0.00012558,0.00028652,0.00031248,-0.00023232,0.0003,0.0003,0,0.0003,0,0.00027662,0,0.00054285,9.753e-05
2025-05-16 00:00:00+00:00,0.0003,-0.00010772,-2.859e-05,-1.966e-05,0.00015487,0.0003,-0.0005369,3.412e-05,0.0003,0.0003,0.00029356,0.0003,0.0004329,0.00045378,-3.902e-05,0.0003,0,0.0003,0.0003,6.798e-05,7.108e-05,0.00045028,0.0003,9.909e-05,0.0003,0.00044518,5.361e-05,-0.00038004,0.00015272,0.00021921,0.0003,-7.238e-05,2.067e-05,-0.00010999,-0.0009023,-0.00012682,0.00033785,0.00012288,0.0003,0.0003,0.00068177,3.129e-05,0.00022295,0.0003,0.00017822,0.0001722,4.792e-05,0,-7.11e-06,0,-1.377e-05,0,0.0003,0.00016807
2025-05-17 00:00:00+00:00,0.0003,-0.00035645,0.0002037,1.066e-05,0.00012402,0.00064909,0.00024713,-4.72e-05,0.0003,0.00022789,0.00018271,0.0003,0.0003,0.00030358,5.732e-05,0.00026554,0,0.0003,-8.202e-05,-5.13e-06,0.00027063,0.00058466,0.0003,2.963e-05,0.0003,0.0002709,0.00024263,-0.00021922,0.0003,0.00021785,0.0003,0.00012735,8.353e-05,0.00025948,-0.00139859,0.00020059,0.00032661,0.00022022,0.00024394,0.0003,0.0003,-0.00019127,-0.00042335,0.00031551,-0.00048663,0.0003,0.00010898,0,0.00013998,0,-0.00042518,0,0.0003,6.758e-05
2025-05-18 00:00:00+00:00,0.0003,-6.924e-05,0.00019176,-0.0001403,0.00020467,0.0006138,-0.00047126,6.079e-05,0.0003,0.00017827,6.248e-05,0.0003,0.00052961,0.00034948,-8.15e-05,0.0003,0,0.0003,-0.0003948,0.00011462,-2.07e-05,0.0003,0.00026903,0.00039934,0.0003,0.00039742,0.00013634,-5.148e-05,-0.00021071,5.149e-05,0.0003,-0.00057724,-0.00021723,0.00021491,-0.00152808,-0.00090999,0.0003,-0.00016128,0.00019568,0.00022146,0.0003,0.0003,0.00011524,0.00037968,-0.00010047,0.0003,0.00023514,0,0.0003,0,-0.00042935,0,0.0003,0.00022645
2025-05-19 00:00:00+00:00,0.0003,0.00025171,0.00018988,0.00010325,-0.00010661,0.00033574,-0.00013618,-1.714e-05,0.0003,-9.006e-05,8.773e-05,0.0003,0.0009264,0.00049733,9.363e-05,0.0003,0,0.0003,-5.046e-05,-4.374e-05,0.00021399,0.00027321,0.0003,0.00063955,0.0003,0.00030991,0.00013406,-2.402e-05,-0.00028715,0.0001268,0.0003,-0.00020932,0.00012359,0.00013873,-0.00101584,0.00012064,0.0003,4.164e-05,1.24e-05,0.0003,0.00073435,0.00010301,0.00010097,0.0003,-8.757e-05,0.0003,3.204e-05,0,0.0003,0,-0.00054096,0,0.0003,0.0001414
2025-05-20 00:00:00+00:00,0.0003,-8.956e-05,0.0003,0.00014724,4.165e-05,0.00036232,-0.00012294,0.00019231,0.0003,0.0003,0.00025909,0.0003,0.00081393,0.00055954,0.00021953,0.0003,0,0.0003,-0.00036471,0.00011888,3.648e-05,0.00013249,0.0003,0.00046487,0.0003,0.00014602,0.00026942,0.00015425,-0.00044328,-3.793e-05,0.0003,-0.00082829,2.699e-05,-2.332e-05,-0.00013552,0.00014732,0.0003,3.503e-05,0.0003,0.0003,0.00064264,-0.00032998,0.00028639,0.0003,0.0003,0.0003,0.00014174,0,0.0003,0,-7.313e-05,0,0.00027175,0.00016751
2025-05-21 00:00:00+00:00,0.0003,0.0003,0.0003,0.00029964,0.0003,0.0006514,0.00029048,0.00026522,0.0003,0.0003,0.0003,0.00031651,0.001185,0.00039736,0.00026792,0.0003,0,0.0003,0.0003,0.00025136,0.0003,0.00031083,0.0003,0.0003,0.0003,0.00083809,0.0003,0.0003,-0.00064186,0.0003,0.0003,-0.00081103,0.0003,0.00024464,0.00024046,0.0003,0.0003,0.00020324,0.0003,0.0003,0.0003,0.00051425,0.0003,0.00084664,0.0003,0.0003,0.00029181,0,0.0003,0,0.00029549,0,0.0003,0.00021033
2025-05-22 00:00:00+00:00,0.0003,0.0003,0.0003,0.0003,0.0003,0.00114408,0.0003,0.0003,0.0003,0.0003,0.0003,0.00046227,0.0012422,0.00045212,0.0003,0.0003,0,0.0003,0.0003,0.0003,0.0003,0.00115413,0.0003,0.00072567,0.0003,0.00043281,0.0003,0.0003,0.00065675,0.0003,0.0003,0.00021328,0.0003,0.00015786,0.0003,0.00020362,0.0003,0.00022648,0.0003,0.0003,0.00069371,-4.69e-06,-0.00019773,0.00073897,0.0003,0.0003,0.0003,0,0.0003,0,0.0003,0,0.00043931,0.0003
2025-05-23 00:00:00+00:00,0.0003,0.0003,0.0003,0.0002947,0.00034015,0.00104872,0.0003,0.00026238,0.0003,0.0003,0.0003,0.000529,0.0011002,0.00051962,0.00021099,0.0003,0,0.00045413,0.0003,0.00022259,0.0003,0.00105395,0.00016337,0.00114849,0.0003,0.00144988,0.0003,0.0002955,0.00169308,0.0003,0.00036652,0.00017878,0.0003,0.0003,0.0003,0.0003,0.00118746,0.00013289,0.0003,0.00077345,0.00082781,0.0003,0.00047637,0.00090226,-3.894e-05,0.0003,0.0003,0,0.0003,0,0.0003,0,0.00034055,0.00025196
2025-05-24 00:00:00+00:00,0.0003,-3.179e-05,0.00017817,-7.446e-05,0.00018881,0.00045633,0.00017143,-0.00061105,0.0003,0.0001558,0.0001429,0.00031592,0.0004855,0.0003,-0.00022663,0.0003,0,0.0003,0.0003,-5.69e-05,7.423e-05,0.00035092,-0.00024927,0.0003,0.0003,0.00052734,3.33e-06,-0.00091109,0.00016882,0.00013502,0.0003,-0.00025207,-0.00034241,0.00027541,0.0003,-4.648e-05,0.00031335,-1.337e-05,0.0003,0.0003,0.0003,-5.097e-05,0.0003,0.0003,-0.00058713,0.0003,6.713e-05,0,0.0003,0,-0.00017995,0,0.00033394,0.00015951
2025-05-25 00:00:00+00:00,0.0003,-0.00014841,0.00024901,-9.231e-05,0.00023659,0.00036685,-0.00018147,-0.00025322,0.0003,9.008e-05,-0.00019088,0.0003,0.0003,0.00049975,9.09e-05,0.0002569,0,0.0003,0.00023496,-5.033e-05,-0.00010087,0.0003,-8.72e-05,0.0003,0.00028632,0.00037551,-8.916e-05,-0.00101351,-2.367e-05,0.00014048,0.0003,1.582e-05,7.135e-05,-0.00012809,-1.879e-05,8.91e-05,0.00032844,7.866e-05,0.0003,0.0003,0.0003232,-0.00048922,0.0003,0.0003,0.00018338,0.0003,-0.00038547,0,0.0003,0,0.00021005,0,0.00030361,0.00018558
2025-05-26 00:00:00+00:00,0.0003,1.975e-05,0.00029651,2.619e-05,0.00022433,0.00059364,-0.00013571,1.248e-05,0.0002422,0.0003,0.00029705,0.0003,0.00078889,0.00085608,0.00020803,0.0003,0,0.0003,0.0003,0.00014055,0.00026692,0.0003204,0.00010211,0.00044505,0.0003,0.00077778,0.00028806,-0.00010019,2.387e-05,0.00021756,0.0003,-0.00086436,0.0003,0.0001472,0.00020219,4.446e-05,0.0005293,0.00019666,0.0003,0.0003,0.0003,0.0003,0.0003,0.00058148,-0.00053078,0.0003,0.00027881,0,0.0003,0,6.487e-05,0,0.0003,0.00027113
2025-05-27 00:00:00+00:00,0.0003,-7.87e-06,0.00029248,0.00015787,0.00023684,0.0003,0.0003,0.00016128,0.0003,0.0003,0.0003,0.00045997,0.00062002,0.0003,0.00029567,0.0003,0,0.0003,0.00016754,0.00026561,0.00028338,0.00044327,0.0003,0.0003,0.0003,0.00102094,0.00029483,0.00020015,3.935e-05,0.0002547,0.0003,-8.419e-05,0.00026616,0.0003,0.00012244,0.00016435,0.00068535,0.00022576,0.0003,0.0003,0.0003,0.0003,0.0003,0.0003,-0.00023115,0.0003,0.0003,0,0.0003,0,-2.99e-06,0,0.0003,0.00017392
2025-05-28 00:00:00+00:00,0.0003,0.00011809,0.00025727,0.00011164,4.768e-05,0.00050639,0.0003,4.326e-05,0.0003,0.00023625,0.0003,0.0003579,0.00117166,0.00058318,0.00025387,0.0003,0,0.0003,0.0003,4.141e-05,6.725e-05,0.0003,0.00023414,0.00030186,0.0002037,0.00023723,0.0003,-0.0008786,0.00020828,0.00028588,0.0003,0.00012873,0.00014298,0.0003,-8.417e-05,0.00019683,0.00041199,0.0002902,0.00019353,0.00026612,0.0003,0.00023171,0.0003,0.0003,-7.044e-05,0.0003,0.0003,0,0.0003,0,-0.00028912,0,0.0003,0.00010792
2025-05-29 00:00:00+00:00,0.0003,6.732e-05,0.0003,0.00020063,0.0003,0.00050257,5.682e-05,0.00010636,0.0003,0.00026567,7.508e-05,0.0003,0.00036677,0.0003,8.783e-05,0.0003,0,0.00026838,0.00029006,0.00023144,-0.0002549,0.0002959,0.00021491,0.00057141,0.0003,0.0003,0.00020224,0.00017328,0.0003,0.0003,0.0003,8.12e-05,0.00015048,0.0003,-0.00025975,-0.0002044,0.00044248,0.00023965,0.0003,0.0003,0.00028743,0.00017128,0.0003,0.0003,8.489e-05,0.00033331,0.0001928,0,0.0003,0,0.00017071,0,0.0003,0.00014377
2025-05-30 00:00:00+00:00,0.0003,-0.00034732,-9.963e-05,-0.00067893,-0.00013295,0.0003,-0.00086428,-0.00043326,0.0003,-0.00029739,-0.00024003,-0.00015565,0.00058869,0.00032696,-8.359e-05,-0.00049295,0,6.56e-05,0.00029244,3.082e-05,-0.00023814,0.00082804,0.00010764,0.00011552,0.0003,0.0003,-0.00019244,0.00014384,0.0003,0.0002185,0.0003,-0.00019851,-0.00029862,-0.00025086,-0.00091275,-7.845e-05,0.00067805,-0.00024662,0.0003,0.0003,0.0003,-0.00152518,0.0003,0.0003,9.186e-05,0.00020688,-5.862e-05,0,0.0003,0,0.00025487,0,0.0002153,0.00013863
2025-05-31 00:00:00+00:00,0.0003,-0.00042576,-0.00039397,-0.00111403,-0.00038244,0.00024002,-0.00039711,-0.00044101,0.00025143,-0.0002058,0.00020122,0.0001018,0.00026525,0.0003,-0.00014121,-0.00046241,0,0.0003,-4.864e-05,0.0001227,-0.00033766,0.00047323,-0.00028397,-0.00050612,0.0002927,0.00023319,-2.634e-05,-0.00015309,0.00028258,-3.101e-05,-2.283e-05,-0.00087778,-0.00035339,-0.00025424,0.00011854,-0.00017942,0.00032249,-0.00012859,0.0003,0.0003,0.0003,-0.00136825,0.0003,0.00019923,-0.00152979,0.00025236,-9.984e-05,0,-7.318e-05,0,-0.00016443,0,0.0003,0.00020745
2025-06-01 00:00:00+00:00,0.0003,6.348e-05,-0.00015212,-0.00014779,-0.00011114,0.00044121,0.0003,-0.00014683,0.0003,0.00013147,0.00023432,0.00020023,0.00081315,0.0003,0.0003,0.00027974,0,0.0003,-0.00060241,1.797e-05,1.302e-05,0.0003,0.00012575,7.292e-05,0.00020501,0.00037613,-3.45e-05,7.963e-05,0.0003,0.00024468,0.0003,-6.066e-05,-0.00015739,0.0003,-0.00020073,0.00016151,0.00034952,0.00023943,0.0003,0.0003,0.0003,-0.00076673,0.0003,0.0003,-0.00023495,0.0003,2.368e-05,0,0.0003,0,5.968e-05,0,0.0003,5.87e-05
2025-06-02 00:00:00+00:00,0.0003,0.00012058,5.294e-05,-9.07e-06,3.39e-05,0.0003,5.296e-05,6.153e-05,0.0003,0.00013366,0.00029391,0.0003,0.00046003,0.0003,0.00025,0.0003,0,3.661e-05,0.00012638,0.00020029,0.00023796,0.0003,0.0003,0.00014799,0.0003,0.00056966,0.0003,4.087e-05,-2.095e-05,0.00026096,0.0003,0.00014019,-0.00012587,0.00010363,-5.487e-05,9.459e-05,0.00044224,0.0003,0.0003,0.0003,0.0003,0.0003,7.744e-05,0.0003,-0.00027383,0.0003,0.00017293,0,-2.553e-05,0,0.00022329,0,0.0003,9.418e-05
2025-06-03 00:00:00+00:00,0.0003,0.0002482,0.0003,0.00022643,0.0003,0.0003,0.0003,8.726e-05,0.0003,0.0003,0.00029056,0.00027111,0.0003,0.0003,0.00016393,0.0003,0,0.00019041,0.0003,0.0001411,0.0003,0.00030005,0.0003,0.0003,0.0003,0.00052676,0.00029817,9.265e-05,-0.00011042,-8.368e-05,0.0003,0.000225,0.00010829,0.00021904,0.00029262,0.00025617,0.00045214,0.00028608,0.0003,0.0003,0.00053904,0.0003,0.0003,0.00052931,-0.00036774,0.0003,0.0003,0,0.00015726,0,0.00016929,0,0.00030878,0.00015527
2025-06-04 00:00:00+00:00,0.0003,-0.0002891,0.00019509,3.978e-05,0.0003,0.0003,0.0003,9.406e-05,0.0003,0.0003,0.00023455,0.0003,0.0003,0.0003,0.00011305,0.0003,0,4.494e-05,0.00029449,0.00017935,0.0003,0.0003,0.0003,0.0003,0.0003,0.0004815,0.00026478,4.347e-05,-0.00013667,0.00011109,0.0003,-7.126e-05,0.00023301,0.00014345,-0.00065794,9.078e-05,0.00063946,0.00025574,0.0003,0.0003,0.0003,0.0003,-0.00026831,0.0003,-0.00101299,0.0003,0.00020015,0,0.0003,0,0.00010169,0,0.00038187,3.562e-05
2025-06-05 00:00:00+00:00,-4.218e-05,-0.00026721,0.00012187,-8.229e-05,0.00015252,0.0003,0.0001685,-4.533e-05,0.0003,0.00027295,0.0002169,0.0003,0.00065189,0.0003,0.00017271,0.00021925,0,0.0003,0.00017247,0.00018549,9.35e-05,0.00039551,0.00022701,0.0003,0.0003,0.00035092,0.00023777,-7.602e-05,-7.299e-05,-3.077e-05,0.0003,-7.38e-06,6.753e-05,1.117e-05,0.00013143,5.749e-05,0.0006659,0.00017794,0.0003,0.0003,0.00043427,-0.00029019,-0.00083548,0.0003,-0.00081574,0.0003,5.171e-05,0,0.00022102,0,-0.00038978,0,0.00038171,8.101e-05
2025-06-06 00:00:00+00:00,0.0003,-0.00060443,0.00017975,-0.00025895,-0.00055029,0.0003,3.977e-05,-0.00028304,0.0003,-5.204e-05,-0.00010127,0.0003,0.0003,0.0003,-0.00015581,0.00022655,0,0.00026047,-0.00017446,-3.125e-05,0.00010803,0.00029899,2.997e-05,1.241e-05,0.00019706,0.00137471,-8.753e-05,-0.00042146,-0.00055801,-0.0004116,0.00021498,-0.00041058,7.333e-05,-2.555e-05,0.00028503,-0.00020241,0.00058024,0.00014096,0.0003,0.00024644,0.0003,-6.799e-05,-0.00071295,7.434e-05,-0.00296,0.0003,2.632e-05,0,0.00015168,0,-0.00100191,0,0.00036948,-9.516e-05
2025-06-07 00:00:00+00:00,7.666e-05,-0.00017469,0.00029,-0.00014964,0.00022398,0.0003,0.0003,-1.611e-05,0.0003,0.00029243,0.00016541,0.0003,0.0009116,0.0003,0.00026398,0.0003,0,0.00023444,0.0003,0.00016952,0.0003,0.00022166,0.00013465,0.00023541,0.0003,0.00037712,0.00023848,0.0003,-0.00015875,-5.648e-05,0.00023779,8.092e-05,0.00021518,0.00029284,0.00025633,8.46e-06,0.0003,0.00023382,0.0003,0.00020542,0.0003,0.00020674,-0.00062427,0.00041526,-0.00070664,0.0003,8.806e-05,0,0.0003,0,-0.00028269,0,0.0003,-5.754e-05
2025-06-08 00:00:00+00:00,0.0003,0.00022535,0.00028673,-0.00045466,0.00026162,0.0003133,0.0003,-0.00015536,0.0003,0.00015337,0.0003,0.0003,0.00064676,0.0003,0.0003,0.0003,0,0.0003,0.00012711,5.239e-05,0.0001294,0.0003,0.00025862,0.00015556,0.0003,0.00077795,0.00027893,0.0003,-0.00057191,0.00029431,0.0003,0.0003,5.118e-05,0.00029662,0.00021325,0.0001662,0.0003,0.0001315,0.0003,8.024e-05,0.0003,-2.56e-05,0.00029884,0.0006741,0.0003,0.0003,0.00024739,0,0.0003,0,-0.00026877,0,0.00033854,6.819e-05
2025-06-09 00:00:00+00:00,0.00023628,0.0003,0.0003,1.96e-05,0.00024297,0.00024619,0.0002182,-0.00023332,0.0003,0.00026253,0.0003,0.0003,0.0003,0.0003,0.00028625,0.0003,0,0.0003,0.00026699,0.00015421,0.00027094,0.00034175,0.0003,0.0003,-0.0003765,0.00103824,0.0003,0.00026999,-0.00045648,0.00015188,0.0003,0.0003,-0.00012751,0.00015005,0.00011887,0.00025182,0.0003,0.00017226,0.0003,0.0003,0.00013598,0.0003,0.00018405,0.00050082,0.00022587,0.0003,0.00020637,0,0.0003,0,-8.931e-05,0,0.0003,4.917e-05
2025-06-10 00:00:00+00:00,0.0003,0.0003,0.0003,0.0002839,0.0003,0.00135553,0.0003,0.0003,0.0003,0.0003,0.0003,0.0003,0.00068482,0.0003,0.0003,0.0003,0,0.0003,0.0003,0.00024141,0.0003,0.00037692,0.0003,0.0003,8.8e-06,0.00102726,0.0003,0.0003,-0.00055149,0.0003,0.0003,0.00029573,0.0003,0.0003,0.0003,0.0003,0.00049095,0.00026604,0.0003,0.0003,-0.0009272,0.0003,0.0003,0.00042526,0.0003,0.0003,0.0003,0,0.0003,0,0.00021539,0,0.00032171,0.00024539
2025-06-11 00:00:00+00:00,0.0003,0.0003,0.0003,0.0003,0.0003,0.00140086,0.0003,0.0003,0.0003,0.00029592,0.0003,0.0003,0.00073422,0.0003,0.0003,0.00029242,0,0.0003,0.0003,0.00028119,0.0003,0.0003,0.0003,0.0003,-0.00036817,0.00031471,0.0003,0.0003,-0.00045262,0.0003,0.0003,0.0003,0.0003,0.0003,0.00023733,0.0003,0.00075978,0.00029474,0.0003,0.0003,0.00087597,0.0003,0.00029141,0.0003,0.0003,0.0003,0.00024005,0,0.0003,0,0.00013066,0,0.0003,0.00022208
2025-06-12 00:00:00+00:00,-0.00012751,-0.00028236,-0.00039006,-0.00023882,-3.06e-06,0.0003,0.00011159,5.422e-05,0.0003,-0.00030918,-3.162e-05,0.00015223,0.0003,0.0003,-0.00033772,-6.24e-06,0,0.0003,0.00010041,3.929e-05,-3.662e-05,0.0003,-0.0003412,-0.00025006,-0.00546426,0.0003,0.00018277,1.935e-05,-0.00480282,0.00014523,0.0003,0.00017642,2.61e-05,3.932e-05,-4.515e-05,1.86e-06,0.00038155,-0.00021952,0.0003,0.00019501,0.00517972,-0.00116877,9.74e-06,0.0003,-3.026e-05,0.00026059,-0.00011209,0,0.0003,0,-0.0001603,0,0.0003,0.00010301
2025-06-13 00:00:00+00:00,0.00011099,-0.00087816,-1.349e-05,-0.00080404,-0.00029987,0.00066741,-0.00022743,-0.00064239,0.0003,-0.00012687,0.00012418,0.0003,0.00038223,0.0003,-0.00021296,-0.00045235,0,0.0003,-0.00040657,9.13e-06,-0.00019825,0.0003,0.00018675,7.634e-05,0.00026535,0.00120352,-0.00011739,-0.0007648,-0.00024527,-7.772e-05,0.00017767,-0.00074948,-0.00051446,-0.00019507,-0.00091326,-0.0004105,0.0005413,-0.00034165,0.00022549,1.293e-05,0.01193977,0.0003,0.0002707,7.346e-05,-0.00082952,0.00027901,-0.00051445,0,-1.895e-05,0,-0.00117813,0,0.00065169,1.786e-05
2025-06-14 00:00:00+00:00,0.00014123,0.00010528,3.639e-05,-0.00048211,0.00026253,0.0003,0.0003,1.922e-05,0.0003,4.574e-05,-4.194e-05,0.0003,-3.984e-05,0.0003,0.00017182,0.00025973,0,0.0003,-0.00017406,0.00019817,0.00016372,0.00023722,0.00022939,0.0003,0.00016933,0.00118673,0.00011759,-9.068e-05,0.00010841,0.00022152,0.0003,-0.00020818,0.00028846,0.00015865,-0.00050231,3e-05,0.0003,0.00015127,0.0003,0.00012087,0.0003,7.092e-05,0.00015115,0.0003,-9.92e-05,0.0003,-0.00033887,0,0.0003,0,5.587e-05,0,0.00033856,6.951e-05
2025-06-15 00:00:00+00:00,0.0003,-3.815e-05,7.312e-05,-0.00016819,8.262e-05,0.0003,0.00013369,-0.00020674,0.0003,1.461e-05,-0.00012321,0.0003,0.0003,0.00041231,0.00014477,0.00024132,0,0.0003,0.0003,0.00013465,-3.444e-05,0.0003,0.00020206,0.0003,-2.363e-05,0.0003,0.00017493,-5.851e-05,0.0002415,0.0001247,0.0003,-0.00047844,8.52e-06,-7.126e-05,7.758e-05,1.95e-05,0.00034543,-4.606e-05,0.0003,0.00012497,0.0003,0.0003,0.00023571,0.0003,-0.00088713,0.00026038,9.789e-05,0,0.0003,0,-0.00016253,0,0.00044816,5.167e-05
2025-06-16 00:00:00+00:00,0.0003,0.00016817,0.0003,4.762e-05,0.00012639,0.00104683,-0.00043758,0.00013074,0.0003,0.0003,5.457e-05,0.0003,0.0003,0.00035729,0.00025885,0.00023913,0,0.00013845,0.0003,0.00013738,0.00025187,0.0003,0.0003,0.0003,0.00024706,0.00063882,6.079e-05,9.96e-05,0.0003,0.00016759,0.0003,-0.00015703,0.0003,0.00014796,0.0003,0.0003,0.0003,0.00021314,0.0003,0.0003,0.0003,0.00016514,-7.16e-05,0.00052185,-0.00022078,0.00027772,0.00020621,0,0.0003,0,9.875e-05,0,0.00064086,8.799e-05
2025-06-17 00:00:00+00:00,0.0003,3.682e-05,0.00018885,0.00019548,0.00016008,0.00099336,-6.18e-06,-5.319e-05,0.00024713,0.0003,0.00027051,0.0003,0.00025134,0.00035526,0.00029076,0.0003,0,0.0003,0.0003,0.0001062,0.00026394,8.872e-05,0.00026901,0.00017464,0.00017136,0.0003,0.0003,0.00011588,0.0003,0.00021279,0.0003,-3.94e-06,0.00025314,0.00014963,0.00028012,0.0003,0.00054565,0.0002428,0.0003,0.00022186,0.0003,0.00021592,-0.00035507,0.0003,-0.00050767,0.0003,0.00011304,0,0.0003,0,-0.00053554,0,0.00033493,9.834e-05
2025-06-18 00:00:00+00:00,0.0003,-3.791e-05,0.0003,2.2e-07,0.00015814,0.00097328,6.236e-05,-0.00016615,0.0003,-0.00027412,0.00029634,0.00022934,0.00011907,0.0003,0.00010525,0.0003,0,0.0003,0.0003,0.00024263,0.00019829,0.0003,0.00022317,-5.579e-05,-0.00019818,0.00014318,4.998e-05,1.869e-05,0.0003,9.09e-06,0.0003,-0.00016788,7.233e-05,-5.81e-06,-0.00018457,-7.77e-06,0.00049687,4.151e-05,0.0003,0.0003,0.0003,-0.0007386,-6.071e-05,0.00041135,-0.00120083,0.0003,-0.00030354,0,0.00021836,0,0.00010033,0,0.00070941,8.635e-05
2025-06-19 00:00:00+00:00,0.0003,0.00021051,0.00015756,-6.34e-06,0.00024424,0.00046698,0.00023961,-8.786e-05,-0.00164392,5.491e-05,0.00024946,0.0002099,0.0003151,0.0003,0.00017899,0.0003,0,0.0003,0.0003,0.00016,0.00021088,0.0003,0.0003,0.0003,0.00011117,0.0003,0.00025583,0.0003,0.0003,0.000186,0.0003,0.00020316,-8.61e-05,0.00013433,0.0003,0.00012742,0.00038852,0.00025922,0.0003,0.0003,0.00015,-0.00036567,-0.00106313,0.0003,0.00020019,0.0003,-0.00045037,0,0.0003,0,0.00011443,0,0.0003,3.857e-05
2025-06-20 00:00:00+00:00,0.00027614,-7.62e-05,0.00018864,9.275e-05,0.00018991,0.00141679,0.0003,4.524e-05,0.0003,0.00014717,-6.967e-05,0.0003,0.00062887,0.00032903,0.00021534,0.00021986,0,0.0003,0.0002818,0.00010073,0.00024693,6.54e-05,0.00015065,0.00020808,-0.00014544,0.00037473,0.00013626,3.685e-05,0.0003,7.818e-05,0.0003,0.00017336,-3.372e-05,0.00012011,0.00026015,0.0002748,0.00129404,-0.00017299,0.0003,0.00021094,0,-0.00227636,-0.00112874,0.00035782,4.952e-05,0.00026319,-0.00029237,0,0.0003,0,-6.254e-05,0,0.00063439,0.00013827
2025-06-21 00:00:00+00:00,0.0003,-0.00037862,0.00011721,-0.00035821,0.00013009,0.00111941,9.72e-05,-0.00050881,0.0003,7.682e-05,0.00018223,0.0003,-1.925e-05,0.0003,0.00011282,-2.469e-05,0,0.00022139,0.0003,2.206e-05,0.00020269,0.0003,7.538e-05,0.0003,-0.00051737,0.0003,-1.03e-06,-0.00059167,0.0002954,-0.00026029,0.00023487,-0.00051311,-3.578e-05,8.765e-05,-0.00013148,-5.426e-05,0.00100872,-0.00047336,0.0003,0.0003,0,-0.00078558,0.0003,0.00066415,-1.182e-05,0.00027497,-0.00094984,0,0.00018378,0,-0.00013747,0,0.00151974,0.0001335
2025-06-22 00:00:00+00:00,0.0003,0.00015939,-0.00014207,-0.00011107,0.00029575,0.00042401,3.567e-05,-0.00050707,0.0003,-9.413e-05,0.0003,0.0003,0.00045529,0.00040742,5.7e-05,0.00028956,0,-8.001e-05,0.00018578,0.00012574,1.378e-05,0.00057005,-8.424e-05,0.0003,1.962e-05,0.0003,-0.00022722,6.74e-06,0.0003,-0.00054873,0.0003,-0.00016368,-0.00053599,-8.955e-05,0.0002064,7.648e-05,0.00170001,-0.00042657,0.0003,0.0003,0,-0.00085358,0.0003,0.00059356,-0.00069989,0.0003,0.00014733,0,-8.903e-05,0,-0.00012701,0,0.00030115,0.00017028
2025-06-23 00:00:00+00:00,0.0003,4.431e-05,0.00013594,-0.00010398,-4.466e-05,0.00057666,-0.00010505,-0.00017121,0.0003,9.303e-05,0.0003,0.0003,0.0003,0.0003,-0.00031367,0.00010124,0,0.0003,-0.00033719,4.812e-05,0.00025115,0.00024423,-0.00034103,0.0003,-0.00015764,0.0003,0.00023736,-5.567e-05,0.0003,0.00013484,0.0003,-0.00099675,-0.00029247,8.069e-05,0.00024635,0.00021528,0.0012129,-0.00028214,0.0003,0.0002741,0,-0.00035999,-0.0011991,0.0003,0.00026624,0.00029646,-0.000142,0,0.0003,0,-0.00024686,0,0.00050364,1.019e-05
2025-06-24 00:00:00+00:00,0.00023382,0.0003,0.0003,8.361e-05,-0.00021194,0.00070378,0.0003,0.00011449,0.0003,0.0003,0.0002645,0.0003,0.00034509,0.0003,0.0003,0.0003,0,0.0003,0.00018374,0.00010215,0.00022638,-0.00023645,0.0003,0.00023142,0.0002281,0.00037187,0.00028135,0.00016807,0.0003,0.0003,0.0003,0.00021254,0.00028294,0.00013328,0.0003,0.00028372,0.00085835,0.00028139,0.0003,0.0003,0,0.00023455,-0.00378854,0.00041613,0.00020191,0.00026953,0.00015335,0,0.0003,0,2.096e-05,0,0.0003,2.91e-05
2025-06-25 00:00:00+00:00,-0.00021385,0.0003,0.0003,9.349e-05,0.00018502,0.00067763,0.0003,0.00015614,0.0003,0.00023698,0.0003,0.0003,0.00089085,0.0003,0.0003,2.289e-05,0,0.00028527,-0.00026379,0.00014447,0.00023841,0.00010016,0.00025502,0.00018668,-0.00037917,0.00051862,0.00019773,9.055e-05,0.00025938,0.00023654,0.0003,0.00010942,-6.785e-05,0.0001036,-7.112e-05,0.00026161,0.0005956,0.00014821,0.0003,0.0003,0,0.0003,-0.00140681,0.00072928,0.00010558,0.0003,-1.01e-05,0,0.0003,0,9.502e-05,0,0.0003,5.35e-06
2025-06-26 00:00:00+00:00,-0.00174863,-8.045e-05,0.00020477,-0.00034316,-6.64e-06,0.00025792,2.734e-05,-9.544e-05,0.0003,4.583e-05,0.00027401,0.0003,0.0008689,0.00066245,-4.38e-06,-0.00027099,0,0.00021745,0.0002645,1.149e-05,-5.388e-05,0.00020112,-0.0002097,-3.239e-05,0.00025996,0.00058577,8.032e-05,-0.00017773,0.0003,-9.591e-05,0.0003,-0.00053646,-0.00047382,9.018e-05,-0.00037146,-0.00016474,0.0003,-9.352e-05,0.0003,-6.278e-05,0,-4.274e-05,-0.00065982,0.0003,-0.00013392,0.00022016,-0.00015257,0,0.00028523,0,-0.00045074,0,0.00059485,4.628e-05
2025-06-27 00:00:00+00:00,0.0003,7.098e-05,0.00017989,-0.00073817,9.783e-05,0.0003,0.00020322,-0.00022221,0.0003,-7e-07,0.0003,0.0003,0.00063983,0.00032136,-8.038e-05,0.00015222,0,-0.00018889,-0.00033243,0.00010466,2.316e-05,0.00026133,8.564e-05,-0.0003469,-4.202e-05,0.00054755,0.00013338,-0.00068941,0.0003,0.0002035,0.0003,-0.00061532,-7.157e-05,-5.251e-05,-0.00042767,7.415e-05,0.00075625,-0.00015564,0.0003,0.0003,0,0.00018361,-0.0011147,0.0003,0.00018396,0.00026511,-0.00016293,0,0.0003,0,-0.0005135,0,0.0003,6.333e-05
2025-06-28 00:00:00+00:00,0.0003,0.0002175,0.00029782,-0.00052173,6.447e-05,0.0003,6.092e-05,-0.00012627,0.0003,0.00018421,0.0003,0.0003,0.0003,0.0003,0.0003,0.0003,0,0.00017261,0.00014131,0.0002071,0.0003,0.00018834,7.681e-05,0.0003,0.00014479,0.0003,0.00015825,-0.00073354,0.00028123,0.00025499,0.0003,-0.0007544,0.00018127,5.025e-05,-0.00392072,0.0001664,0.00073587,9.162e-05,0.0003,0.0003,0,0.00029407,-0.00330091,0.00054876,0.00023121,0.0003,6.18e-05,0,0.0003,0,-0.00011362,0,0.0003,9.326e-05
2025-06-29 00:00:00+00:00,0.0003,0.00027004,0.00021453,-0.00043001,-6.964e-05,0.00087255,0.0003,0.00020402,0.0003,0.00026003,0.0003,0.0003,0.00060284,0.00036763,0.00013378,0.00027614,0,0.00029643,0.0003,3.898e-05,0.0003,0.0003,0.0003,0.00027023,0.0003,0.0003,0.00022471,0.00016868,0.0003,0.00022623,0.0003,3.298e-05,0.00025631,9.758e-05,-0.00173076,0.00018594,0.0006852,0.00014076,0.0003,0.0003,0,0.0003,-0.00227816,0.00031277,0.0003,0.0003,4.008e-05,0,0.00025756,0,-0.0004614,0,0.0003,0.0001661
2025-06-30 00:00:00+00:00,0.0003,0.0001553,0.0003,5.807e-05,0.00023553,0.00120622,0.0003,-0.00011469,0.0003,0.0003,-4.895e-05,0.0003,0.00041802,0.0003,0.00027649,2.393e-05,0,0.0001263,0.0003,0.00017786,0.0003,0.0003,0.00028796,0.0003,0.0003,0.00121095,0.00023893,7.517e-05,0.00029342,0.0003,0.0003,0.0003,0.0003,0.00015103,-0.00106215,0.00019879,0.00111305,0.0002109,0.0003,0.0003,0,0.0003,-0.00085155,0.0003,0.00017342,0.0003,1.979e-05,0,0.0003,0,0.00018036,0,0.00048163,8.966e-05
2025-07-01 00:00:00+00:00,0.0003,-0.00044569,0.00015724,-0.00017292,-2.499e-05,0.0003,-0.000132,-3.641e-05,0.00019562,0.00021208,-6.163e-05,0.0003,0.0003,0.00054346,5.11e-05,-0.00023588,0,0.00025456,0.00024827,0.00015191,0.0002337,0.0003,0.00013186,0.0003,6.399e-05,0.00056984,3.239e-05,-0.00035272,-0.00010921,0.00027193,0.0003,0.00018629,0.00025826,-0.0001354,-0.00097311,0.00012749,0.0003,-9.453e-05,0.0003,0.0003,0,9.142e-05,-0.0013152,3.504e-05,-0.00034705,0.0003,-0.00038819,0,0.0003,0,9.32e-05,0,0.0003,6.496e-05
2025-07-02 00:00:00+00:00,0.0003,-6.014e-05,0.00022702,-0.00079286,-5.996e-05,0.00011554,0.00024033,-0.00027871,0.0003,0.0001467,0.00025721,0.0003,0.00056006,0.0003,-0.00010333,-0.00042742,0,-0.00013739,0.0003,3.344e-05,8.26e-05,0.00024905,-6.396e-05,0.00041849,0.0003,0.0003,0.00024342,-0.00051116,-6.664e-05,0.0001158,-0.00043076,0.00010655,-0.00010891,3.35e-06,-0.00512654,8.726e-05,0.00041775,-0.00018451,0.0003,0.0003,0,0.0005422,-0.00186246,0.00030828,-0.00031549,0.0003,-0.00032688,0,0.0003,0,-0.00047143,0,0.0003,9.34e-05
2025-07-03 00:00:00+00:00,0.0003,0.00020096,0.00021878,0.0003,0.0003,0.00095915,0.0003,0.0003,0.0003,0.0003,0.0003,0.0003,0.0003,0.0003,0.0003,0.0003,0,0.0003,0.00026512,0.0003,0.0003,0.0003,0.0003,0.00032712,0.0003,0.00064271,0.0003,0.0003,-0.00389942,0.0003,0.0003,0.0003,0.0003,0.0003,-0.00203385,0.0003,0.0003,0.00026955,0.0003,0.0003,0,0.00040222,-0.0004883,0.00031804,0.00024226,0.0003,0.0003,0,0.0003,0,0.0003,0,0.0003,0.00013461
2025-07-04 00:00:00+00:00,0.0003,0.00014551,-4.874e-05,0.00022803,1.177e-05,0.0003,5.899e-05,0.00011956,-0.00022801,8.698e-05,0.0003,0.0003,0.00035771,0.0003,0.00012443,0.0001616,0,0.00018038,-0.00039129,0.00013862,0.00011904,0.0003,-0.00012868,-0.00015392,-0.00021498,0.00011095,0.00018207,-0.00069824,-0.00035953,0.00025286,0.00015744,0.00025516,0.00013452,0.00019907,-0.00143277,2.851e-05,0.0003,0.00018459,0.0003,0.0003,0,0.0003,-0.00158391,0.00029926,-0.00016372,0.00026418,0.00024026,0,5.251e-05,0,8.115e-05,0,0.0003,0.00012036
2025-07-05 00:00:00+00:00,0.0003,-5.017e-05,0.00015404,-0.00053599,-0.00025091,0.00029561,0.00025584,-0.00024923,0.0003,4.846e-05,0.00024698,0.0003,0.00038287,0.0003,-0.00033097,0.00024823,0,-0.00011017,-0.00062789,-4.504e-05,-1.25e-05,0.0003,-1.1e-06,9.95e-05,-0.00033762,0.0003,-7.438e-05,-0.00067714,-0.00345672,-0.00031002,-0.00045864,-0.00014238,-0.00054846,7.106e-05,-0.00211783,-0.00049592,0.00044171,-0.00032151,0.0003,0.00028052,0,0.0003,-0.00214019,0.0003,-0.00097565,0.0003,0.00014422,0,0.0003,0,-0.00063194,0,0.00029345,8.126e-05
2025-07-06 00:00:00+00:00,0.0003,-0.00034033,0.0003,-0.00114786,-0.00013238,-6.324e-05,0.00015592,-5.765e-05,0.0003,0.0002508,5.644e-05,1.317e-05,0.00025841,0.0003,-1.498e-05,0.00021285,0,4.449e-05,-0.00070936,9.327e-05,3e-08,0.0003,-0.00020146,-9.471e-05,0.00022106,0.0003,1.629e-05,-0.00075201,-0.00127397,0.00014632,-0.00030974,-0.00025067,-0.00015212,0.00027538,-0.00199352,8.828e-05,0.0003,-5.015e-05,0.0003,0.0003,0,0.0003,-0.0001952,0.00014827,-0.00043132,0.0003,-6.98e-06,0,0.0003,0,-3.943e-05,0,0.00028914,4.634e-05
2025-07-07 00:00:00+00:00,0.0003,0.0003,0.00028836,-0.00054906,0.0003,0.00013782,0.0003,0.00017342,0.00029176,0.0003,0.0003,0.0003,0.0003,0.0003,0.00022783,0.0003,0,9.345e-05,0.00013264,0.0002103,0.00027313,7.472e-05,-9.444e-05,-0.00021153,0.00019616,0.00038601,0.0003,-0.00012853,-0.00173987,0.0003,0.0003,-0.00055875,0.0003,8.124e-05,-0.00138412,0.0003,0.0003,-0.00072458,0.0003,0.0003,0,0.0003,0.00019297,0.0003,0.00022746,0.0003,-0.00015931,0,0.0003,0,-3.58e-06,0,0.0003,0.00010069
2025-07-08 00:00:00+00:00,0.0003,0.00024094,0.00028437,-0.00077124,0.00022227,-0.0001044,0.0003,-4.305e-05,0.00021715,0.00013245,0.00027639,0.0003,0.0003,0.0003,8.259e-05,1.37e-05,0,-0.00092322,-6.496e-05,0.00012862,-0.00013312,0.0003,-0.00033061,-0.00016853,-0.00013316,0.0003773,0.00026588,-0.00111276,-0.00332712,0.00012989,0.0003,-0.0006649,0.000233,8.717e-05,-0.00068336,5.005e-05,0.00030638,-0.00082769,0.0003,3.958e-05,0,-0.00021649,-0.00107585,0.0003,-0.0005159,0.0003,-0.00061384,0,0.0003,0,-0.00022516,0,0.0003,9.237e-05
2025-07-09 00:00:00+00:00,0.0003,0.00028253,0.0003,-0.00077059,0.0003,0.0003,0.0003,0.00024469,2.253e-05,0.0003,0.0003,0.0003,0.00062943,0.0003,0.0003,0.00026759,0,0.0001272,0.0003,0.00027082,0.0003,0.00047481,0.0003,0.0002847,-3.347e-05,0.00058407,0.0003,0.00017224,-0.00205047,0.00023746,0.0003,-0.00044753,0.0003,0.00028274,-0.00068177,0.0003,0.00038482,3.507e-05,0.0003,0.0003,0,0.0003,-0.00077578,0.00035222,0.0001067,0.0003,-0.00070243,0,0.0003,0,4.612e-05,0,0.0003,0.00010742
2025-07-10 00:00:00+00:00,0.00019258,0.00015009,0.0003,0.00010479,0.0003,0.00129713,0.0003,0.0003,0.00025614,0.0003,0.0003,0.0003,0.0003347,0.0003,0.0003,0.00022427,0,0.00023298,0.0003,0.0003,0.0003,0.00043066,0.0003,0.00059451,0.0003,0.00159048,0.0003,0.0003,0.0003,0.0003,0.0003,0.0003,0.0003,0.0003,6.778e-05,0.0003,0.00049006,0.0003,0.0003,0.00045557,0.0002,0.0003,0.0003,0.0003,0.0003,0.0003,0.0003,0,0.0003,0,0.0003,0,0.00084226,0.00020431
2025-07-11 00:00:00+00:00,0.0003,0.0003,0.0003,0.0003,0.0003,0.00086996,0.0003,0.0003,0.0003,0.0003,0.0003,0.00048496,0.00074245,0.0003,0.0003,0.00035887,0,0.0003,0.0003,0.0003,0.0003,0.00110995,0.00073514,0.00052595,0.0003,0.00257267,0.0003,0.0003,0.0003,0.0003,0.00045802,0.0003,0.0003,0.0003,0.0003,0.0003,0.0024934,0.0003,0.0003,0.00059678,0.0003,0.0003,0.0003,0.00076214,0.0003,0.0003,0.0003,0,0.0003,0,0.0003,0,0.00050758,0.0003
2025-07-12 00:00:00+00:00,0.00032006,0.0003,0.0003,0.0003,0.0003,0.00041441,0.0003,0.0003,0.0003,0.0003,0.0003,0.00045024,0.00043322,0.0003,0.0003,0.00048986,0,0.0003,0.0003,0.0003,0.0003,0.00097066,0.00036953,0.00066749,0.0003,0.00123785,0.0003,0.0003,0.0003,0.0003,0.0003,0.0003,0.0003,0.0003,0.0003,0.0003,0.00149112,0.0003,0.0003,0.0003,0.0003,0.0003,0.0003,0.0003,0.0003,0.0003,0.0003,0,0.0003,0,0.0003,0,0.0003,0.0003
2025-07-13 00:00:00+00:00,0.0003,0.0003,0.0003,0.0003,0.00029673,0.00116563,0.0003,0.0003,0.0003,0.0003,0.0003,0.0003,0.0005604,0.0003,0.0003,0.0003,0,0.0003,0.0003,0.00026117,0.0003,0.00032686,0.0003,0.0003,0.0003,0.00102553,0.0003,0.0003,0.0003,0.0003,0.0003,0.0003,0.0003,0.00028637,0.0003,0.0003,0.00145333,0.00027052,0.0003,0.0003,0.0003,0.0003,0.0003,0.0003,0.0003,0.0003,0.0003,0,0.0003,0,0.0003,0,0.0003,0.0003
2025-07-14 00:00:00+00:00,0.0003,0.0003,0.0003,0.00028722,0.00025158,0.00168615,0.0003,0.0003,0.0003,0.0003,0.0003,0.00041003,0.00107395,0.00049138,0.0003,0.0003,0,0.0003,0.0003,0.0002944,0.0003,0.00054682,0.0003,0.00013531,0.0003,0.00098356,0.0003,0.0003,0.0003,0.0003,0.0003,0.0003,0.0003,0.0003,0.0003,0.0003,0.00110011,0.0002419,0.0003,0.0003,0.00074157,0.0003,0.00039104,0.0003,0.0003,0.0003,-0.00063835,0,0.0003,0,0.0003,0,0.00033856,0.00028051
2025-07-15 00:00:00+00:00,0.0003,0.0003,0.0003,0.00026038,0.0003,0.00046464,0.0003,0.0003,0.0003,0.0003,0.0003,0.00041749,0.00162914,0.00083769,0.0003,0.0003,0,0.0003,0.0003,0.00026227,0.0003,0.00096296,0.0003,0.00028604,0.0003,0.00054956,0.0003,0.0003,0.0003,0.0003,0.0003,0.0003,0.0003,0.0003,0.0003,0.0003,0.00080881,9.083e-05,0.0003,0.0003,0.00289962,0.0003,0.00035024,0.00067666,0.0003,0.0003,0.0003,0,0.00034227,0,0.0003,0,0.0003,0.0003
2025-07-16 00:00:00+00:00,0.0003,0.0003,0.0003,0.0003,0.0003,0.00132582,0.0003,0.0003,0.0003,0.0003,0.0003,0.00040647,0.00127724,0.00193365,0.0003,0.0003,0,0.0003,0.0003,0.0003,0.0003,0.00059239,0.0003,0.00056814,0.0003,0.00180477,0.0003,0.0003,0.00032049,0.0003,0.00047313,0.0003,0.0003,0.0003,0.00021744,0.0003,0.00099805,0.0003,0.0003,0.00052596,0.00112779,0.0003,0.00226699,0.00094896,0.0003,0.0003,0.0003,0,0.00037157,0,0.0003,0,0.00111127,0.0003
2025-07-17 00:00:00+00:00,0.0003,0.00030652,0.0003,0.0003,0.0003,0.0013445,0.0003,0.0003,0.0003,0.0003,0.0003,0.00068344,0.00079234,0.00064875,0.0003,0.0003,0,0.0003,0.0003,0.0003,0.0003,0.00126393,0.0003,0.00073479,-0.00029964,0.00208362,0.0003,-8.037e-05,0.00030008,0.0003,0.00088625,0.0003,0.0003,0.0003,0.00029767,0.0003,0.00191603,0.0003,0.0003,0.0003,0.00155994,0.0003,0.0016835,0.00136654,0.0003,0.0003,0.0003,0,0.00072788,0,0.0003,0,0.00078744,0.0003
2025-07-18 00:00:00+00:00,0.00032561,0.00054813,0.0003,0.0003,0.0003,0.00189592,0.00030182,0.0003,0.0003,0.0003,0.00037747,0.00066801,0.00137145,0.00128938,0.0003,0.00061776,0,0.00039883,0.0003,0.0003,0.0003,0.00087326,0.00043317,0.0003,0.00017316,0.00345214,0.0003,0.0003,0.00058217,0.0003,0.00125254,0.0003,0.0003,0.0003,0.0003,0.0003,-0.00192261,0.00034448,0.0003,0.00067817,0.00324247,0.0003,0.00032985,0.00143244,0.00050366,0.00033357,0.0003,0,0.00074423,0,0.0003,0,0.00078413,0.0003
2025-07-19 00:00:00+00:00,0.00037665,0.0003,0.0003,0.0003,0.0003,0.00109963,0.0003,0.0003,0.0003,0.0003,0.0003,0.0003,0.00065294,0.0003,0.0003,0.0003,0,0.0003,0.0003,0.0003,0.0003,0.00049685,0.0003,0.00034069,0.0003,0.00045321,0.0003,0.0003,0.0003,0.0003,0.00068101,0.0003,0.0003,0.0003,0.00021898,0.0003,-0.00349507,0.0003,0.0003,0.0003,0.00205395,0.0003,0.00066632,0.0003,0.0003,0.0003,0.0003,0,0.0003,0,0.0003,0,0.00055264,0.0003
2025-07-20 00:00:00+00:00,0.00034552,0.0003,0.0003,0.0003,0.00048699,0.00173284,0.00041236,0.0003,0.0003,0.0003,0.0003,0.00031564,0.00150751,0.00038086,0.0003,0.0003,0,0.0003,0.0003,0.0003,0.0003,0.00034179,0.00040809,0.00054487,0.0003,0.00105857,0.0003,0.0003,0.0003,0.0003,0.0008754,0.0003,0.0003,0.0003,0.00024022,0.0003,-9.978e-05,0.0003,0.0003,0.00030765,0.00215424,0.00041542,0.00090541,0.00055359,0.00040724,0.0003,0.0003,0,0.00108802,0,0.00033459,0,0.00058361,0.0003
2025-07-21 00:00:00+00:00,0.0008534,0.00035247,0.0003,0.0003,0.00061638,0.00114148,0.00041988,0.0003,0.0003,0.0003,0.0003,0.00129547,0.00216718,0.00099114,0.0003,0.00071339,0,0.00039012,0.0003,0.0003,0.0003,0.00150709,0.00066853,0.00239755,0.0003,0.00045056,0.0003,0.0003,0.00093054,0.0003,0.00304773,0.0003,0.0003,0.0003,0.00060091,0.0003,-0.00213098,0.0003,0.00054412,0.00100666,0.00285774,0.00095765,0.00143757,0.00123744,0.00043978,0.0003,0.0003,0,0.00116688,0,0.00031642,0,0.00102658,0.0003
2025-07-22 00:00:00+00:00,0.00038825,0.00038976,0.00031948,0.0003,0.0003,0.00041846,0.0003,0.0003,0.0003,0.0003,0.0003,0.00076838,0.0019813,0.00112926,0.0003,0.0007692,0,0.00031668,0.00030405,0.0003,0.0003,0.0008102,0.00042947,0.0021386,0.0003,0.00220028,0.0003,0.0003,0.00060732,0.0003,0.00179143,0.0003,0.0003,0.0003,0.0003,0.0003,-0.01879204,0.0003,0.0003,0.00054835,0.001844,0.0005714,0.00110723,0.00214273,0.0003,0.0003,0.0003,0,0.00107312,0,0.0003,0,0.00079132,0.0003
2025-07-23 00:00:00+00:00,0.00111304,0.00055889,0.0003,0.0003,0.00037182,0.00099716,0.0003,0.0003,0.0003,0.00031797,0.00041455,0.00090823,0.00203686,0.00053126,0.0003,0.00074296,0,0.00069149,0.0003,0.0003,0.0003,0.00086158,0.00042594,0.00197878,0.00035543,0.00176907,0.0003,0.0003,0.000419,0.0003,0.00101601,0.0003,0.0003,0.0003,0.0003,0.0003,-0.00708257,0.00045808,0.0003,0.00059829,0.00213133,0.0003,0.00098523,0.00089755,0.00030543,0.0004069,0.0003,0,0.00101983,0,0.0003,0,0.00045133,0.0003
2025-07-24 00:00:00+00:00,0.0003,0.00027136,0.0003,0.0003,0.0003,2.162e-05,0.0002513,0.0003,0.0003,0.00013537,0.0003,-0.00119246,0.00078091,0.00100256,0.0003,0.0003,0,0.0003,0.0003,0.0003,0.0002374,0.0003,2.52e-05,-0.00036196,0.0003,0.00083122,0.0003,0.0003,0.0003,0.0003,0.0003,0.0002021,0.0003,0.0003,0.0003,0.00028252,0.00273901,0.00021951,0.0003,0.00020022,0.00098276,0.0003,0.00049286,0.0003,0.00021152,0.0003,0.0003,0,0.00042118,0,-8.994e-05,0,0.0003,0.0003
2025-07-25 00:00:00+00:00,0.0003,0.00026215,0.00027119,0.0003,0.00022644,0.00011524,0.0003,0.00028496,0.0003,-9.769e-05,0.00014264,-0.00029951,0.00062984,0.00051283,-5.189e-05,0.00028395,0,0.0003,0.0003,0.0003,9.565e-05,0.00038579,-8.965e-05,-0.00119891,0.0003,0.00102102,0.00029547,0.0003,0.0003,0.0003,0.0003,0.0002967,0.00021631,0.0003,0.00028861,9.96e-05,0.00064877,0.00022083,0.0003,-7.788e-05,0.00125636,0.0003,0.0003,0.00028335,0.00026607,0.0003,0.0003,0,0.00044576,0,7.591e-05,0,0.0003,0.0003
2025-07-26 00:00:00+00:00,0.0003,0.0003,0.0003,0.0003,0.0003,0.0003,0.0003,0.0003,0.0003,0.0003,0.0003,0.0002302,0.00152744,0.00084591,0.0003,0.0003,0,0.0003,0.0003,0.0003,0.0003,0.00050442,0.0003,3.206e-05,0.0003,0.00206231,0.0003,0.0003,0.0003,0.0003,0.00082424,0.0003,0.0003,0.0003,0.0003,0.0003,0.0019491,0.0003,0.0003,0.0003,0.00082461,0.0003,0.00045868,0.0003,0.0003,0.0003,0.0003,0,0.00043139,0,0.00025571,0,0.00073643,0.0003
2025-07-27 00:00:00+00:00,0.0003,0.0003,0.0003,0.0003,0.0003,0.00059386,0.0003,0.0003,0.0003,0.0003,0.0003,0.0003,0.00039004,0.00165598,0.0003,0.0003,0,0.0003,0.0003,0.00028689,0.0003,0.00113501,0.00026819,0.0003,0.0003,0.00041669,0.0003,0.0003,0.0003,0.0003,0.0003,0.0003,0.0003,0.0003,0.00023935,0.00023567,0.001026,0.0003,0.0003,0.0003,0.00056875,0.00029658,0.0005212,0.0003,0.0003,0.0003,0.0003,0,0.00112659,0,0.00019496,0,0.00051729,0.0003
2025-07-28 00:00:00+00:00,0.00043276,0.0003,0.00013028,0.0003,0.00027432,0.00087269,0.0003,0.00027493,0.00034038,0.00023983,0.0003,0.0003,0.00090948,0.0025021,0.0003,0.00038257,0,0.0003,0.0003,0.0003,0.0003,0.000824,0.0003,0.00038665,0.0003,0.00153898,0.0003,0.0003,0.0003,0.0003,0.00094431,0.00026299,0.0003,0.0003,0.0003,0.0003,0.00209358,0.0003,0.0003,0.0003,0.00174561,0.0003,0.00050339,0.00099366,0.00020456,0.0003,0.00027932,0,0.0003,0,0.0003,0,0.00091911,0.0003
2025-07-29 00:00:00+00:00,0.0003,0.00023187,0.00028089,0.00011674,-0.00025171,0.0003,0.00019922,-9.899e-05,0.0003,-0.00018678,0.0003,0.0003,0.00035059,0.00103653,0.00021261,0.0003,0,0.0003,-3.048e-05,0.00011383,0.0002124,0.00025531,-0.00014856,0.0003,0.0003,0.00138634,0.00027543,0.0003,0.0003,0.0002261,0.0003,7.489e-05,0.00024629,0.00025857,0.0003,9.728e-05,0.00037033,0.00019836,0.0003,0.00029666,0.0013258,0.0003,0.0003,0.0003,0.00014033,0.0003,0.00010636,0,0.0007599,0,-6.122e-05,0,0.0003,0.0003
2025-07-30 00:00:00+00:00,0.0003,0.00016225,0.0003,0.00027456,0.00013099,0.0003,9.404e-05,-0.00011623,0.0003,0.00027044,6.123e-05,0.0003,0.00108993,0.00053318,0.0003,0.00025468,0,0.0003,0.00027881,0.00018273,0.00024654,0.0003,-0.00027442,0.0003,0.0003,0.00036775,0.00028691,0.0003,0.0003,0.00016633,0.0003,0.00029237,9.334e-05,0.00023217,0.00027219,-0.00011819,0.0006176,1.147e-05,0.0003,0.0003,0.00082362,0.00060517,0.0003,0.0003,1.011e-05,0.0003,0.00011899,0,0.0004228,0,-2.393e-05,0,0.00050238,0.0003
2025-07-31 00:00:00+00:00,0.00028948,0.00017059,0.00022648,8.872e-05,0.00010545,0.0004004,0.00027887,9.657e-05,0.0003,1.955e-05,0.0001902,0.0003,0.00046403,0.00078847,7.268e-05,0.00028622,0,0.00029931,0.0003,0.00023474,0.00016878,0.0003,0.0003,0.0003,0.00024059,0.00042368,0.00012301,0.0001708,0.00026464,0.00019044,0.00044608,0.0001826,-0.0002862,0.00026708,-0.000191,0.0002592,0.00085905,-0.00018003,0.0003,0.0003,0.00103637,0.00041551,0.0003,0.00024466,-3.543e-05,0.0003,-0.0003552,0,0.0003,0,0.00014553,0,0.00039408,0.00025694
2025-08-01 00:00:00+00:00,0.00027624,0.00018685,1.24e-05,0.00024505,0.00028283,0.00141577,8.568e-05,-0.00014126,0.00019262,0.00019289,-0.00027275,0.00026718,0.00074582,0.00032516,0.00021584,-3.726e-05,0,0.0003,0.00016833,0.0002172,-0.000148,0.00037818,7.979e-05,0.0003,0.00028975,0.0003,-0.0001153,-0.00016094,0.0003,0.00014233,0.0003,-5.486e-05,0.0001687,-1.587e-05,-0.00021184,-0.00016358,0.00040529,-7.024e-05,0.00010502,0.00021703,0.00062139,-4.3e-06,0.00029263,0.0003,-9.215e-05,0.0003,-0.00053584,0,0.0003,0,0.00010992,0,0.00052371,5.822e-05
2025-08-02 00:00:00+00:00,0.0003,0.00028585,0.00020954,0.00021003,0.000275,0.00051344,0.00013365,-6.605e-05,0.0003,0.0003,0.0003,0.0003,0.00051856,0.0003,0.00014884,-0.0006675,0,0.0003,-0.00020026,0.0001809,6.601e-05,0.0003,0.00014296,0.0003,0.00011937,0.00061705,0.0003,-0.00051817,0.0003,0.0003,0.0003011,0.00016167,-0.00013866,0.00016807,-0.00020113,-0.00014573,0.0003,0.0002297,0.0003,0.00028894,0.00038357,0.00014789,0.0003,-5.472e-05,-0.000796,0.0003,-0.00040293,0,0.0003,0,0.00017309,0,0.0003,0.00010141
2025-08-03 00:00:00+00:00,0.0003,2.035e-05,0.0001496,0.00010345,0.00012492,0.0003,0.00022691,-0.00018954,0.00021866,0.00019604,0.0002388,-8.754e-05,0.00044333,0.00052848,2.904e-05,-0.00143985,0,0.0003,-0.00074254,0.0001603,0.00026777,0.0003,0.00022376,0.0003,0.00024246,0.00031473,0.00029986,-0.00047404,0.00028826,0.0002266,0.0003,-0.00012817,0.00029426,-0.00015059,-0.00064206,9.705e-05,0.00097503,0.00017531,8.968e-05,0.00010745,0.00042685,0.0003,-4.606e-05,-8.091e-05,-0.00041496,0.0003,-0.00020571,0,-0.00039392,0,-8.812e-05,0,0.00057374,0.0001767
2025-08-04 00:00:00+00:00,0.0003,7.344e-05,0.00014279,0.00024448,0.00012862,0.0008554,0.00024121,0.0001094,0.0003,0.00011986,0.0003,-0.00027693,0.00051768,0.00048325,0.00023988,0.00016153,0,0.00026373,-5.013e-05,0.00015864,0.0003,0.0003,0.00012116,0.0002941,0.0003,0.0003,-9.008e-05,-0.00010139,7.48e-06,0.00012811,0.0003,0.00010698,0.00016634,0.00015241,-0.00089139,0.0003,0.00045918,0.00017522,0.0003,0.00028005,6.58e-05,0.0003,-0.00032629,7.087e-05,-0.0003479,0.0003,0.00014403,0,0.00020542,0,5.627e-05,0,0.00063153,0.00013819
2025-08-05 00:00:00+00:00,0.0003,7.024e-05,0.0003,-1.186e-05,0.00016032,0.00077539,0.0003,0.00013339,0.00021113,6.765e-05,0.0003,-0.00067893,0.00104227,0.0003,6.237e-05,0.0003,0,0.0003,-6.835e-05,0.00011532,7.903e-05,0.00024334,0.0003,0.0003,-1.7e-06,0.00066932,-0.00108307,-0.00037163,-0.00025656,0.00019922,0.00070769,0.0003,-0.00012957,0.00011893,-0.00072701,0.0003,0.00083063,0.0003,0.0003,0.0003,0.0007479,0.0003,0.00027814,0.0003,-0.0001701,0.00027391,0.00014273,0,0.0003,0,0.00013182,0,0.00058313,0.00020474
2025-08-06 00:00:00+00:00,0.0003,0.00013338,2.662e-05,0.0001301,0.00018052,-0.00018536,0.00020919,-0.00021587,0.00017106,0.0001747,0.00020621,-6.343e-05,0.00058758,0.0003,-1.367e-05,9.46e-05,0,0.0003,0.0003,7.702e-05,3.675e-05,0.0003,0.00025896,0.00028917,0.00018234,0.0003,-0.00136144,-0.00017377,0.0003,0.00028671,0.00030392,0.00028845,-0.00038791,2.98e-06,-0.00058705,-0.00014824,0.00049554,0.0001699,0.0003,0.0003,0.00064115,0.00074734,0.00029273,0.0003,-7.218e-05,0.0003,0.00017069,0,0.0003,0,0.00020491,0,0.00062738,0.00022735
2025-08-07 00:00:00+00:00,0.00040523,0.0003,0.0003,0.00027257,0.0003,0.00044754,0.0003,0.00027174,-0.0005262,0.0003,0.00036922,0.00019996,0.00061247,0.0003,0.0003,0.0003,0,0.0003,0.0003,0.0003,0.0003,0.0003,0.00018754,0.00037093,0.00017717,0.00061138,0.00022278,-0.00048335,0.0003,0.0003,0.00152423,0.00026724,0.00016268,0.0003,-0.00034581,0.0003,0.00059354,0.0003,0.0003,0.0003,-1.5e-05,0.00021105,0.0003,0.00143113,1.573e-05,0.00042196,0.00024756,0,0.0003,0,0.0003,0,0.00122405,0.00018692
2025-08-08 00:00:00+00:00,0.0003,0.0003,0.0003,9.833e-05,0.00018939,0.00208933,0.0003,0.00026603,0.0003,0.0003,0.0003,0.0003,0.00127554,0.0003,0.0003,0.0003,0,0.0003,0.0003,0.0002426,0.0003,0.00053591,0.0003,0.00033592,8.083e-05,0.0007116,0.0003,7.155e-05,-0.00012445,0.0003,0.00129491,0.0003,0.0003,0.00026562,-0.00022305,0.0003,0.00132393,0.00023982,0.0003,0.0003,-3.79e-05,0.00040933,0.00011791,0.00171548,0.00020611,0.0003,0.00026579,0,0.0003,0,0.0003,0,0.00073149,0.00012105
2025-08-09 00:00:00+00:00,0.00068733,3.865e-05,0.0003,0.00022864,0.0003,0.00235045,0.0003,0.0003,0.00036198,0.0003,0.0003,0.0003,0.00153298,0.0003,0.0003,0.0003,0,0.0003,0.0003,0.00017759,0.0003,0.00033067,0.0003,0.00033977,0.00029667,0.00287807,0.0003,0.0003,-5.953e-05,0.0003,0.00228053,0.0003,0.0003,0.0003,0.0003,0.0003,0.0012052,0.0003,0.0003,0.0003,0.00197819,0.0003,0.0003,0.00176409,0.00023643,0.0003,0.00015475,0,0.0007189,0,0.00029928,0,0.00074126,0.00023073
2025-08-10 00:00:00+00:00,0.00048723,-4.079e-05,0.0003,0.00012076,0.0003,0.00255377,0.0003,0.0003,0.00060465,0.00025286,0.0003,0.0003,0.001842,0.0003,0.0003,0.0003,0,0.0003,0.0003,0.00029793,0.0003,0.0003,0.0003,0.00050784,0.0003,0.00375772,0.0003,0.0003,0.0003,0.0003,0.0011454,0.00026678,0.0003,0.0003,-9.708e-05,0.0003,0.00151999,0.0003,0.0003,0.0003,1.079e-05,-0.00091697,0.0003,0.00294471,0.0003,0.0003,0.0003,0,0.0003,0,0.00026878,0,0.00094115,0.00029849
2025-08-11 00:00:00+00:00,0.00035985,0.00022904,0.0003,0.00013916,0.0003,0.00196977,0.0003,0.00025021,0.0003,0.0003,0.00024539,0.0003,0.00107293,0.0003,0.00029973,0.0003,0,0.0003,0.0003,0.00027432,0.0003,0.00038338,0.0003,0.0006727,0.00028706,0.00126109,0.0003,0.0003,6.18e-05,0.0003,0.00210822,0.00010841,0.0003,0.0003,9.919e-05,0.0003,0.00169344,0.00025091,0.0003,0.0003,0.00293713,0.00068907,-0.00017674,0.00150502,6.035e-05,0.0003,6.079e-05,0,0.0003,0,0.00014884,0,0.00070352,0.0003
2025-08-12 00:00:00+00:00,0.0003,-9.867e-05,0.00014073,-2.384e-05,4.835e-05,0.00051753,0.0003,0.0002343,0.0003,0.00016135,0.0001671,0.00025234,0.0003,0.0003,0.00016386,0.0003,0,0.0003,0.0003,0.00024695,0.00027097,0.00030839,0.0003,0.0003,4.922e-05,-0.00019106,0.0003,-0.00011226,-0.00045321,0.0003,-1.638e-05,0.00015379,0.0003,0.00026896,-0.00146031,0.0003,0.00047238,0.00014724,0.0003,0.00025612,0.00081216,0.0003,-0.00080365,0.00047051,-0.00020286,0.0003,-0.00028505,0,-6.28e-05,0,-3.082e-05,0,0.0003,0.00026531
2025-08-13 00:00:00+00:00,0.00040191,0.0003,0.0003,0.0003,0.0003,0.00251926,0.0003,0.0003,0.0003,0.0003,0.00032941,0.0003,0.00017873,0.00239224,0.0003,0.0003324,0,0.00055649,0.0003,0.0003,0.0003,0.00127748,0.00033535,0.0003,0.0003,0.00221064,0.0003,0.0003,0.0003,0.00030759,0.00059494,0.0003024,0.0003,0.0003,0.00022934,0.0003,0.00221259,0.0003,0.0003132,0.000325,0.00039332,0.00045574,0.00023851,0.00040583,0.00032595,0.0003,0.0003,0,0.00040135,0,0.00036676,0,0.00114078,0.00027123
2025-08-14 00:00:00+00:00,0.00055816,-0.00025584,4.981e-05,0.0003,0.0003,0.00162522,0.00034246,0.0003,0.0003,0.0003,0.00023964,8.205e-05,0.00054013,0.00100091,0.00024713,0.00068125,0,0.00039589,0.0003,0.0003,0.00024868,0.00126684,0.00034156,0.00030616,0.0003,-0.00022792,0.00029855,0.00010118,-0.0007196,0.00025951,0.00039151,0.00026782,0.00010132,0.0003,-0.00070144,0.0003,0.00148703,9.374e-05,0.0003,0.00056991,0.00054747,0.00043047,-0.0003137,0.0004537,8.394e-05,0.0003,0.00011022,0,0.00037007,0,0.00028993,0,0.0004885,0.0003
2025-08-15 00:00:00+00:00,0.0003,-0.00029476,-0.00011396,-0.0001428,-5.782e-05,-0.00034952,0.00017229,-0.00010674,0.0003,-0.00014662,-2.326e-05,-0.00052348,0.00032128,0.0003,-0.00018512,0.0003,0,0.0003,0.00029727,5.04e-06,0.00019704,0.0003,8.518e-05,0.0003,8.546e-05,0.00063177,-8.93e-05,-0.00054851,-0.00101373,0.00027399,0.0003,-0.00040694,-0.00016559,0.00016406,-0.00152843,-3.893e-05,0.0003,-0.00112802,0.0003,-0.0003001,4.618e-05,0.00024143,-0.00017651,0.0003,-7.676e-05,0.0003,-0.00057165,0.00045928,0.00026614,0,-0.00039349,0,0.0005194,0.00013651
2025-08-16 00:00:00+00:00,0.00025079,7.219e-05,0.00021444,5.409e-05,-0.00018215,0.0003,0.0003,2.765e-05,0.0003,-0.00014348,0.0003,-0.00023752,0.0003,0.0003,-9.42e-05,0.00011524,0,0.0002837,0.0003,0.00021286,0.00019722,0.0003,0.0002016,0.0003,4.836e-05,0.00326632,-6.51e-06,0.00013531,3.748e-05,0.00012338,0.0003,0.00012284,0.00020632,0.0002515,-0.00068142,0.00018965,0.00043441,-0.00041983,0.0003,-1.922e-05,0.00026976,0.00033973,-0.0004935,0.00038009,3.731e-05,4.184e-05,0.00014964,0.00108214,0.00027553,0,-0.00015601,0,0.00066935,0.00026141
2025-08-17 00:00:00+00:00,0.00019675,0.00029081,0.0003,0.00022468,9.722e-05,0.0003,0.0003,0.00022841,0.0003,0.00028506,0.0003,0.00019919,0.00030666,0.0003,0.00019749,0.0003,0,0.00018262,0.0003,0.00016059,0.00028059,0.0003,0.00017372,0.0003,0.00028109,0.00237412,-8.097e-05,-1.5e-07,0.0003,0.0003,0.0003,0.0003,0.0003,0.0003,-0.00052083,0.00013729,0.00074292,0.00012572,0.0003,0.0003,0.00059639,0.0006666,-0.00060475,0.0005356,0.00018745,0.00028166,-0.00011786,0.00055832,0.0003,0,-4.904e-05,0,0.00105121,0.00014748
2025-08-18 00:00:00+00:00,0.0003,0.00014551,7.067e-05,0.0001833,0.0001776,0.00056162,0.00016546,-0.00026449,0.00021921,0.00014259,0.00022891,-0.00022116,0.00020641,0.0003,0.00027062,0.00026549,0,0.0003,0.0003,-2.11e-06,0.00021799,0.0003,-0.00035772,0.0003,-0.00023815,0.0003,-0.00136086,-0.00029951,-0.00027734,0.0003,0.0003,0.0001891,-7.675e-05,5.971e-05,-0.0002207,0.00019217,0.0003,-3.678e-05,0.0003,0.00029249,-0.00053082,-0.00115642,0.00018435,0.0003,-0.00070863,0.0001274,-8.59e-06,0.00042559,0.0003,0,-7.307e-05,0,0.0003,7.46e-05
2025-08-19 00:00:00+00:00,0.0003,0.00029655,5.322e-05,0.00012032,5.816e-05,0.0003,0.00020011,-8.764e-05,0.0003,-1.27e-06,0.00025638,-0.0007414,0.0001931,0.0003,2.158e-05,0.00022004,0,0.00012226,0.0003,0.00013183,-0.00017708,0.0003,0.00021078,0.0003,-0.00019693,0.00079345,-0.00047901,-0.0006481,9.451e-05,0.00028201,0.0003,-1.862e-05,-0.00013333,4.482e-05,7.853e-05,0.00014084,0.0005339,-7.841e-05,0.0003,8.016e-05,-0.00022549,8.826e-05,0.0003,0.0003,-0.00042933,0.0003,-0.00017613,0.0003,0.0003,0,-3.119e-05,0,0.0003,0.00016566
2025-08-20 00:00:00+00:00,0.0003,0.0003,0.00013466,6.226e-05,0.00017683,0.00069616,0.0003,-0.00029038,0.0003,8.231e-05,0.00018451,-5.843e-05,0.0003743,0.00049391,-0.00014645,0.00028983,0,8.017e-05,0.0003,0.00015739,-3.07e-05,0.0004352,0.00021944,0.0005192,5.071e-05,0.0008972,0.00021089,-0.00078209,0.0002085,0.0003,0.0003,0.00016211,-4.775e-05,-1.434e-05,0.0003,-0.00013244,0.00113337,-0.00037261,0.0003,0.00029073,0.00030988,0.00083019,0.0003,0.00053332,-0.00025884,0.0003,0.00016586,0.0003,2.563e-05,0,1.041e-05,0,0.00063171,0.00010843
2025-08-21 00:00:00+00:00,0.0003,0.00029167,1.486e-05,0.00019375,0.0003,0.00071019,0.0003,0.0003,0.0003,0.000197,0.00020287,0.0003,0.0003,0.00102531,0.00020205,0.0003,0,0.00023947,0.0003,0.00023169,0.0003,0.00032637,0.00010642,0.0003817,5.381e-05,0.0011343,0.0003,-1.182e-05,0.0003,0.0003,0.0003,0.0003,0.00024924,0.00010267,0.00014464,0.0003,0.00112334,0.00026958,0.00011507,0.0003,0.00044284,0.0003,0.0003,0.0003,-0.0001604,0.0003,0.00022532,0.00024735,-0.00032638,0,0.00029558,0,-0.00100581,0.00016314
2025-08-22 00:00:00+00:00,0.00038136,0.0003,-0.00036813,0.00010853,0.00020781,0.00073446,0.00028739,0.00018979,0.0003,6.838e-05,0.00025003,0.0003,0.00074026,0.00087032,0.00027779,0.0003,0,0.0003,0.0003,0.00025465,0.00028351,0.00052715,0.0003,0.0003,2e-08,0.00208507,0.0003,0.00024399,0.0003,0.0003,0.0003,0.0003,0.00013544,3.544e-05,0.00022622,0.00022552,0.00119507,0.00020981,0.00028695,0.0003,0.0004635,0.00039375,0.0003,0.00086329,-0.00026982,0.0003,-3.713e-05,0.0003,-8.553e-05,0,0.00021153,0,-0.00015877,0.00023163
2025-08-23 00:00:00+00:00,0.00050364,0.0003,0.0003,0.0003,0.0003,0.00150229,0.0003,0.0003,0.0003,0.0003,0.00032719,0.00038014,0.00111783,0.00154928,0.00026903,0.00036038,0,0.0003,0.0003,0.0003,0.0003,0.00174685,0.0003,0.00103953,0.0003,0.00212904,0.0003,0.0003,0.0003839,0.0003,0.00110427,0.0003,0.0003,0.0003,0.0003,0.0003,0.00290306,0.0003,0.0003,0.00039541,0.00219513,0.00037738,0.0003,0.00124159,0.0003,0.0003,0.0003,0.0003,0.00031785,0,0.0003,0.00015,0.00107486,0.00029711
2025-08-24 00:00:00+00:00,0.0003,0.0003,0.0003,0.00027206,0.0003,0.0003,0.0003,0.0003,0.0003,0.0003,0.0003,0.0003,0.00078459,0.00076518,0.00028015,0.0003,0,0.0003,0.0003,0.00027277,0.0003,0.00087158,0.0003,0.00054017,0.0003,-0.0002731,0.0003,0.0003,0.0003,0.0003,0.0007903,0.0003,0.0003,0.0003,0.0003,0.0003,0.00106548,0.0003,0.0003,0.0003615,0.00070326,0.0003,0.0003,0.00066392,0.00017837,0.0003,0.0003,0.0003,0.0003,0,0.00028763,0.0003,0.00031171,0.0003
2025-08-25 00:00:00+00:00,0.0003,0.00013778,0.00020524,5.065e-05,4.27e-05,0.0003,-0.00013045,4.732e-05,0.0003,0.00022725,5.02e-05,3.312e-05,0.0003,0.0005613,5.739e-05,0.0003,0,0.0001843,0.0003,0.00012515,0.00024156,0.00029808,-4.904e-05,-0.00045791,0.00015356,0.00046322,0.0003,0.00027265,0.0003,0.0003,0.0003,-8.068e-05,-0.00037921,9.5e-06,-0.00019719,0.00018185,0.0003,-0.00016545,0.0003,0.00013629,0.0003,0.0003,0.0003,0.00050613,-0.00085349,0.0003,0.0003,0.0003,0.0003,0,-0.00073855,0.0003,0.0003,0.00028344
2025-08-26 00:00:00+00:00,0.00028364,-7.005e-05,0.0002173,-0.00022423,-0.00036812,0.00035037,-3.75e-06,-0.0006339,0.0003,-4.476e-05,-5.636e-05,-0.00177193,0.00028644,0.00044517,-0.00011786,-0.00024807,0,-0.00062527,0.00024569,-0.00017225,0.00017012,-2.029e-05,-0.00055333,0.00040287,0.00023842,-6.246e-05,0.00021224,-0.00066007,-0.00058476,0.00013949,0.0003,-0.00028249,0.00013999,-0.00012189,-0.00112275,-0.00066734,0.0003,-0.00145621,0.00028487,-0.00053913,0.0003,0.00087895,0.0003,0.0003,-0.00141032,0.0003,5.503e-05,0.0003,0.00026389,0,-0.00054317,0.0003,0.00023999,0.00018422
2025-08-27 00:00:00+00:00,0.0003,0.00028659,0.0003,0.00012179,0.00029398,0.00039999,0.0003,0.00018164,0.0003,0.00023507,0.0003,9.381e-05,0.0003,0.00037448,0.00011711,0.00017913,0,0.0003,0.0003,0.00027187,0.0003,0.0003,0.0003,0.0003,0.0003,0.00096581,0.0003,-0.00037081,0.0003,0.0003,0.00032424,0.0003,0.0003,0.00022639,-0.00074252,1.979e-05,0.0003,0.00029194,0.00022558,0.0003,0.0003,3.981e-05,0.00029849,0.0003,0.00024705,0.0003,0.0003,0.0003,0.0003,0,0.00021337,0.0003,0.0003,0.00010801
2025-08-28 00:00:00+00:00,0.0003,0.0003,0.0003,0.00026358,0.0003,0.00117521,0.0003,0.0003,0.0003,0.0003,0.0003,0.0003,0.00055986,0.00084719,0.00023226,0.0003,0,0.0003,0.0003,0.0003,0.00026238,0.00041879,-1.249e-05,0.0003,0.0003,0.00053018,0.0003,-7.296e-05,0.0003,0.0003,0.0003,0.0003,0.0003,0.00024146,8.671e-05,0.0003,0.00046939,0.0003,0.0003,0.0003,0.00033109,0.00065212,0.0003,0.0003675,3.782e-05,0.0003,0.0003,0.0003,0.0003,0,0.0003,0.0003,0.0003,0.00022502
2025-08-29 00:00:00+00:00,0.0003,0.00025733,-0.00022161,0.00017965,0.00016652,0.00148794,0.0003,2.795e-05,0.0003,0.00015732,9.518e-05,0.0003,0.00053597,0.00108331,0.0002003,0.00016933,0,0.0003,0.0003,0.00026746,0.00016117,0.00042743,0.0003,0.00030716,0.00026362,0.00129346,0.0003,-0.00041264,0.0003,0.0003,0.00059108,0.00017051,-0.00014914,0.00020126,0.00021141,0.00028024,0.00071664,7.512e-05,0.0003,0.00023874,0.0003,0.00052317,0.0003,0.00050088,-0.00015353,0.0003,0.00028897,0.0003,0.0003,0,0.00016869,0.0003,0.00046601,0.00010761
2025-08-30 00:00:00+00:00,0.0003,0.00014703,0.0003,0.00010969,6.617e-05,0.00299663,0.0003,-0.00010488,0.0003,0.0003,0.0003,0.00021688,0.00086876,0.00140325,0.0003,0.0003,0,0.0003,0.0003,0.00021584,0.0003,0.00038779,0.0003,0.00115512,0.0003,0.0035718,0.00028528,5.931e-05,0.0003,0.0003,0.00063281,0.0003,0.00027531,0.0003,0.0003,0.00018487,0.00106212,0.00024519,0.0003,0.0003,0.0003,0.00090906,0.0003,0.00038193,-0.00011748,0.0003,0.0003,0.0003,0.0003,0,0.00019489,0.0003,0.0003051,0.00023544
2025-08-31 00:00:00+00:00,0.0003,0.0003,0.0003,0.0002197,0.0003,0.00095403,0.0003,0.00022637,0.0003,0.0003,0.0003,0.0003,0.0003,0.00072324,0.0003,0.0003,0,0.0003,0.0003,0.0003,0.0003,0.00048152,0.0003,0.00081196,0.0003,0.00272216,0.0003,0.0003,0.0003,0.0003,0.00059797,0.0003,0.00028811,0.0003,0.00029124,0.0003,0.00073212,0.0003,0.0003,0.0003,0.0003,0.0004516,0.0003,0.00036759,-0.00084187,0.0003,0.0003,0.0003,0.0003,0,0.0003,0.0003,0.0003,0.00013517
2025-09-01 00:00:00+00:00,0.00055314,-0.00021307,0.0003,0.0002102,3.511e-05,0.00062084,0.00014366,-0.00010915,0.0003,0.00023542,0.00022011,0.00016382,0.00101587,0.00122587,0.00022291,0.0003,0,0.0003,0.0003,0.00025791,0.0001111,0.00032871,9.543e-05,0.00082741,0.00028607,0.00102962,0.0003,-0.00022089,0.0003,0.0003,0.00110091,0.0002528,-0.00065058,0.00026702,0.00024709,0.00021404,0.00053956,0.00026677,0.0003,0.0003,0.0003,0.0003,0.0003,0.00036232,-0.0006576,0.0003,0.0003,0.00037829,0.0003,0,0.00021316,0.00037201,0.0003,0.00019623
2025-09-02 00:00:00+00:00,0.00030822,-4.211e-05,3.169e-05,0.00018286,0.00025751,0.00127906,0.00014258,5.478e-05,0.0003,0.00025261,-0.00056253,0.00018892,0.0004215,0.00032339,7.539e-05,0.0003,0,0.0003,0.0003,0.00020914,0.00013516,0.0006499,8.471e-05,0.00030979,0.0003,0.00022891,0.00029396,-0.00049944,0.00018945,0.0003,0.0003,0.00010017,-0.00059594,0.00023617,0.0003,6.964e-05,0.00069644,0.00020739,0.0003,5.521e-05,0.00036514,0.0003,0.00026887,0.00069566,-0.00052208,0.0003,0.00025001,0.00042428,0.0003,0,0.00012567,-0.00042967,0.0003,0.00022107
2025-09-03 00:00:00+00:00,0.0003,0.00022059,0.0003,0.00027916,0.0003,0.00128727,0.0003,0.0003,0.0003,0.0003,0.0003,0.0003,0.0003,0.00127957,0.0003,0.00022762,0,0.00032932,0.0003,0.0003,0.00028579,0.00055029,0.0003,0.00057818,0.0003,0.00081086,0.0003,0.0003,0.0003,0.0003,0.00066067,0.0003,0.0003,0.0003,0.0003,0.0003,0.00042902,0.0003,0.0003,0.0003,0.0003,0.0003,0.0003,0.00056788,0.0003,0.0003,0.0003,0.0003,0.0003,0,0.0003,0.00012518,0.0003,8.238e-05
2025-09-04 00:00:00+00:00,0.0003,-0.00048714,0.00020445,0.00016669,0.00016994,0.00044602,0.0003,0.00010474,0.0003,0.0002348,0.0001969,0.00013982,0.00032602,0.0006967,0.00025191,5.384e-05,0,0.0003,0.0003,0.00018456,7.433e-05,0.00033588,0.0003,0.0003,0.0003,0.00126513,0.0003,0.00019795,0.0003,0.00024077,0.00043194,0.00027945,0.00026965,0.00027494,-4.133e-05,0.00019092,0.00099544,0.00015848,0.0003,0.00010906,0.0003,0.0003,0.0003,0.00079001,0.00025989,0.0003,0.00015086,0.00037913,0.0003,0,9.962e-05,-0.00048151,0.0003,0.00014134
2025-09-05 00:00:00+00:00,0.0003,0.00021727,0.00013933,0.00011348,0.00017409,0.00097008,0.0003,0.00019834,0.0003,0.00020885,0.00029915,0.00020368,0.00124934,0.000937,0.00025824,0.0003,0,0.0003,0.0003,0.00020385,0.00023207,0.00025373,0.0003,0.00116095,0.0003,0.00278249,0.00029094,0.0001574,0.0003,0.0003,0.00101831,0.0003,0.0003,0.00026287,0.00017369,-1.055e-05,0.0032123,0.00020476,0.0003,0.0001519,0.0003,0.001188,0.0003,0.00052682,0.0003,0.0003,0.00027858,0.00030924,0.0003,0,0.00027648,-0.00088687,0.00134576,0.00025404
2025-09-06 00:00:00+00:00,0.0003,0.0003,0.0003,0.00020619,0.0003,0.00075613,0.0003,0.0003,0.0003,0.00025039,0.0003,0.0003,0.00100734,0.0005989,0.0003,0.0003,0,0.0003,0.0003,0.00016648,0.0003,0.0003,0.0003,0.0003,0.0003,0.00354059,0.00011192,0.00012757,0.0003,0.0003,0.00036394,0.0003,0.0003,0.00028111,0.00012573,0.0003,0.00199479,0.0003,0.0003,0.0003,0.0003,0.0003,0.0003,0.00077126,0.0003,0.0003,0.00015979,0.0003,0.0003,0,0.0003,-0.00088204,0.00067088,0.00012067
2025-09-07 00:00:00+00:00,0.0003,0.0003,0.0003,0.00029155,0.0003,0.00160663,0.0003,0.0003,0.0003,6.37e-05,-0.00010396,0.0003,0.00053727,0.00174018,0.0003,0.0003,0,0.0003,0.0003,0.00019944,0.0003,0.00035789,0.0003,0.00157882,0.0003,0.00384915,0.0003,0.00023479,0.0003,0.0003,0.0012301,0.0003,0.0003,0.0003,0.0003,0.0003,0.00187242,0.0003,0.0003,0.0003,0.0003,0.0003,0.0003,0.00105388,0.0003,0.0003,0.0003,0.0003,0.0003,0,0.0003,-0.00121882,0.00109386,0.0001255
2025-09-08 00:00:00+00:00,0.00037413,0.0003,0.0003,0.0003,0.0003,0.00156398,0.0003,0.0003,0.00037042,0.0003,0.0003,0.0003,0.00050664,0.0003,0.0003,0.0003,0,0.0003,0.0003,0.00027754,0.0003,0.00075876,0.0003,0.00197662,0.0003,0.0019014,0.0003,0.0003,0.0003,0.0003,0.00140659,0.0003,0.0003,0.0003,0.0003,0.0003,0.00181722,0.0003,0.0003,0.0003,0.00030052,0.00157166,0.0003,0.00205114,0.0003,0.0003,0.0003,0.0003,0.0003,0,0.0003,-0.00064383,0.00150662,0.00023397
2025-09-09 00:00:00+00:00,0.00068029,0.0003,0.0003,0.0003,0.0003,0.00169793,0.0003,0.0003,0.00043974,0.0003,0.0003,0.0003,0.0014451,0.00047718,0.00027693,0.0003,0,0.00031641,0.0003,0.0003,0.0003,0.00107692,0.0003,0.00217138,0.0003,0.002184,0.00025917,0.0003,0.0003,0.0003,0.0016473,0.0003,0.0003,0.0003,0.0003,0.0003,0.00177812,0.0003,0.0003,0.00048205,0.00089858,0.0007645,0.0003,0.00124174,0.0003,0.0003,0.0003,0.00033781,0.00033232,0,0.0003,0.0003,0.00146321,0.00023799
2025-09-10 00:00:00+00:00,0.00069888,0.0003,0.0003,0.0003,0.00024937,0.0019675,7.197e-05,0.0003,0.00151204,0.0003,0.0003,0.0003,0.00096921,0.00066322,0.0003,0.0003,0,0.0003,0.0003,0.00019818,0.0003,0.00093776,0.0003,0.00195276,0.0003,0.0014895,0.0003,0.0003,0.0003,0.0003,0.00142887,0.0003,0.0003,0.0003,0.00025619,0.0003,0.00188994,0.0003,0.0003958,0.0003,0.00133847,0.00143534,0.0002138,0.0016558,0.0003,0.0003,0.0003,0.00097753,0.00035576,0,0.0003,0.0003,0.00093098,0.00020831
2025-09-11 00:00:00+00:00,0.00056788,0.0003,0.0003,0.00028129,0.0003,0.00150555,0.0003,0.0003,0.0003,5.231e-05,0.0003,0.0003,0.00259814,0.00110266,0.0003,0.0003,0,0.0003,0.0003,0.00018102,0.0003,0.0003,0.0003,0.00072716,0.0003,0.00300953,0.0003,0.0003,0.0003,0.0003,0.00196485,0.0003,0.0003,0.00027142,0.00020278,0.0003,0.00263418,0.0003,0.0003,0.0003,0.0003,0.00030887,2.81e-05,0.00232521,0.0003,0.00043988,0.0003,0.00042936,0.0003,0,0.0003,0.0003,0.00043025,0.00013452
2025-09-12 00:00:00+00:00,0.00087385,0.0003,0.0003,0.0002952,0.00027146,0.00188392,0.0003,0.0003,0.0003,0.0003,0.0003,0.0003,0.00169842,0.0003,0.0003,0.0003,0,0.0003,0.0003,0.0002604,0.0003,0.0003,0.0003,0.00039575,0.0003,0.00361418,0.00024244,0.0003,0.0003,0.0003,0.00179002,0.0003,0.0003,0.0003,0.0003,0.0003,0.00299177,0.0003,0.0003,0.00057143,0.0003,0.0003,0.0003,0.00148969,0.00032108,0.0003,0.0003,0.0003,0.0003,0,0.00026825,0.0003,0.00117808,0.00016796
2025-09-13 00:00:00+00:00,0.00096501,0.0002697,0.0003,0.0003,0.0003,0.00304031,0.0003,0.0003,0.00169837,0.0003,0.0003,0.0003,0.00256015,0.00188147,0.0003,0.0003,0,0.00031357,0.0003,0.0003,0.0003,0.00101218,0.0003,0.00176459,0.0003,0.00544635,0.0003,0.00029783,0.00042077,0.0003,0.00332372,0.0003,0.0003,0.0003,0.00024412,0.0003,0.00437495,0.0003,0.0003,0.00069681,0.0003,0.00121316,0.0003,0.00316502,0.00033434,0.0003,0.0003,0.0003,0.00104619,0,0.0003,0.0003,0.00258224,3.834e-05
2025-09-14 00:00:00+00:00,0.00054384,0.0003,0.0003,0.0003,0.0003,0.00099864,0.0003,0.0003,0.00067901,0.0003,0.0003,0.0003,0.00257519,0.00079487,0.0003,0.0003,0,0.00034898,0.0003,0.0003,0.0003,0.00047408,0.00036722,0.00045822,0.0003,0.003195,0.0003,0.0003,0.0003,0.0003,0.00157873,0.0003,0.0003,0.0003,0.00029948,0.0003,0.00288197,0.0003,0.0003,0.0003,0.00117519,0.00066554,-3.605e-05,0.00162624,0.00028337,0.00031776,0.0002921,0.00045666,0.00113833,0,0.0003,0.00079141,0.00202105,0.00016077
2025-09-15 00:00:00+00:00,0.0004372,0.0002032,0.00021817,-1.435e-05,0.00015368,0.00059773,0.00014215,0.00026068,0.0003,0.00025146,0.00013071,0.0003,0.00114632,0.00035833,0.00018465,0.0003,0,0.00033431,0.0003,0.00025651,0.00017657,0.0003,0.00030624,0.00073661,0.0003,0.0030576,0.00021421,0.00023214,0.0003,0.00027725,0.00078401,0.00029013,0.00028962,0.00021779,0.00025407,0.00025343,0.00218621,0.00023232,0.0003,0.0003,0.00065908,0.0003,0.0001976,0.00058192,2.928e-05,0.0003,0.0003,0.00040407,0.00037075,0,0.0003,0.00065644,0.00058446,0.00022655
2025-09-16 00:00:00+00:00,0.0003,0.0002383,5.722e-05,-0.00010181,-0.00010984,0.00111718,0.0003,0.00015439,0.0003,0.00020866,0.00025964,0.0003,0.00066297,0.0003,0.00026351,0.0003,0,0.0003,0.0003,0.00012647,0.0003,0.00033036,0.0003,0.0003,0.0003,0.00142619,0.00018936,0.0003,0.00027341,0.00027414,0.0003,0.0002836,0.00025212,0.00021783,0.00020719,0.00023592,0.00194073,0.0002558,0.0003,0.0003,0.00040792,0.0003,0.0003,0.00117976,0.00013685,0.00046143,6.81e-05,0.0003,0.0003,0,0.0003,0.0003,0.0003,0.0001446
2025-09-17 00:00:00+00:00,0.0003,0.00018061,0.0003,9.319e-05,9.061e-05,0.00057228,0.0003,4.851e-05,0.0003,0.0002641,0.00023417,0.0003,0.00062384,0.00058681,0.0003,0.0003,0,0.0003,0.0003,6.628e-05,0.0003,0.00055712,0.0003,0.0003,0.0003,0.00061976,0.0003,0.0003,0.0003,0.0003,0.00120764,0.0003,0.0003,0.0003,0.0003,0.00022922,0.00105428,0.00027274,0.0003,0.0003,0.0003,0.00044098,0.0003,0.00114177,0.0002034,0.00119836,0.00014062,0.0003,0.00038019,0,0.0003,0.0003,0.0003,0.00021716
2025-09-18 00:00:00+00:00,0.00078324,0.0003,0.0003,0.0003,0.0003,0.00067695,0.0003,0.0003,0.0003,0.0003,0.0003,0.0003,0.00196541,0.00077516,0.0003,0.00056712,0,0.0003,0.0003,0.00016472,0.0003,0.0015358,0.00029095,0.00075019,0.0003,0.00100988,0.0003,0.0003,0.00029905,0.0003,0.00086473,0.0003,0.0003,0.0003,0.0003,0.0003,0.0015887,0.0003,0.0003,0.0003,0.0003,0.00037894,0.0003,0.00037731,0.0003,0.00072503,0.0003,0.00108928,0.0003,0,0.0003,0.0003,0.00157219,0.00018077
2025-09-19 00:00:00+00:00,0.00043758,0.00029483,0.0003,0.0003,0.0003,0.00063731,0.0003,0.00014652,0.0003,0.0001813,0.0003,0.0003,0.00078381,0.00033421,0.0003,0.0003487,0,0.00031093,0.0003,0.00028643,0.0003,0.00103362,0.0003,0.00054824,0.0003,0.0008191,0.0003,0.0003,0.00011561,0.0003,0.00137353,0.0003,0.0003,0.0003,0.0003,0.00025432,0.00176922,0.0003,0.0003,0.0003737,0.0003,0.00051754,0.0003,0.00050153,0.00020489,0.00038857,0.0003,0.00042467,0.0003,0,0.0003,0.00035598,0.00107212,7.142e-05
2025-09-20 00:00:00+00:00,0.00051214,0.0002048,0.0003,0.00019953,-0.00018436,0.00122941,0.0003,-0.00025914,0.00034546,0.00022042,0.0003,0.0003,0.00199647,0.0017557,0.00024547,0.00036853,0,0.0003,0.0003,5.848e-05,0.0003,0.0003,0.0003,0.00032846,0.0003,0.00179312,0.0003,0.0003,0.00010003,0.0003,0.00198976,0.0003,0.00027427,0.00029306,0.00024897,1.803e-05,0.00225691,0.0003,0.0003,0.0003,0.0003,0.0003,0.0002245,0.0013879,-4.107e-05,0.0003,0.00028348,0.00048841,0.00030311,0,0.00018195,0.00039835,0.00188948,2.724e-05
2025-09-21 00:00:00+00:00,0.0009168,0.0002817,0.0003,0.00018501,0.00021792,0.00095168,0.0003,8.151e-05,0.00040616,0.00013368,0.0003,0.0003,0.00270971,0.00424432,0.0003,0.0003,0,0.00031467,0.0003,0.00013468,0.0003,0.00061671,0.0003,0.00063854,0.0003,0.00210859,0.0003,0.0003,0.00029857,0.0003,0.00286581,0.0003,0.00025807,0.0002965,0.00025562,0.00029871,0.00309485,0.0003,0.0003,0.0003,0.0003,0.0003,0.00015233,0.00292862,9.875e-05,0.0003,0.0003,0.00099791,0.00035307,0,0.0002659,0.00056099,0.00286931,9.83e-06
2025-09-22 00:00:00+00:00,0.0003,7.817e-05,-3.96e-06,-0.00042334,-0.00021291,0.00095631,0.00027667,-0.000382,0.0003,-0.00031619,-0.00040355,-0.00015187,0.00080913,0.00108202,-0.00016013,9.699e-05,0,0.0003,0.0003,-7.6e-06,-4.425e-05,0.0003,0.00018839,0.00027676,0.0002027,0.00112428,-0.0003692,-0.00051353,0.00023783,-3.873e-05,0.00084014,0.00011282,-0.00048529,-6.771e-05,-9.845e-05,-6.607e-05,0.00407778,-0.0001148,0.0003,0.00017175,0.0003,0.0003,7.03e-06,0.00169057,-0.00061661,0.0003,-0.0002068,0.00059386,0.0003,0,-0.00014808,0.00010751,0.00135816,0.00013246
2025-09-23 00:00:00+00:00,0.0003,0.00021114,8.873e-05,-0.00048496,-3.316e-05,0.00131332,7.381e-05,-0.00028475,0.0003,2.502e-05,0.00024497,4.69e-05,0.00187733,0.00224858,0.00019869,-0.00012686,0,0.0003,0.0003,0.00011164,0.00011677,0.00032368,5.255e-05,0.0003,0.00016842,0.00358406,-0.00120468,-0.00041658,0.0003,0.0002668,0.00120378,9.989e-05,-0.00030216,0.00015174,-0.00013709,-0.00020276,0.00413596,9.86e-05,0.0003,-5.443e-05,0.0003,0.0003,0.0003,0.00157673,-0.00040699,0.0003,8.658e-05,0.00054612,0.00030448,0,0.0001269,-0.00012283,0.00092761,0.00021623
2025-09-24 00:00:00+00:00,0.0003,0.00027824,0.00011194,0.0001215,0.00028046,0.00050005,0.00026151,0.00022603,0.0003,0.00015171,0.0003,0.00025634,0.00263208,0.00100559,9.041e-05,0.0003,0,0.0003,0.0003,0.00017035,3.918e-05,0.00076599,0.00012479,0.0003,0.0003,0.00186749,-0.00082637,2.252e-05,0.0003,0.00029451,0.00118962,0.00024567,0.00010552,0.00014077,0.00010021,7.512e-05,0.00253467,0.00025815,0.0003,0.0002998,0.0003,0.0003,0.0003,0.00114674,8.74e-06,0.0003,1.7e-06,0.00143664,0.00037186,0,0.00018098,0.00018675,0.00063546,0.00016947
2025-09-25 00:00:00+00:00,0.00033909,0.0002376,0.00013397,9.29e-05,8.053e-05,0.00076779,0.00019606,-0.0003275,0.0003,0.00020267,0.00018013,0.0002445,0.00185268,0.00063494,0.0001182,-1.595e-05,0,0.0003,0.0003,5.696e-05,0.00018356,0.00092095,0.00029963,0.00060182,0.00017934,0.00136807,-0.00095504,-0.0002667,0.0003,0.00025279,0.00110243,0.00027018,0.00020018,-1.69e-05,0.0003,-2.387e-05,0.00247259,0.0003,0.0003,-7.602e-05,0.0003,0.00013905,0.0003,0.00165625,0.00015323,0.0003,-4.722e-05,0.00035315,0.0003,0,0.00019205,8.65e-05,0.00037225,0.0001107
2025-09-26 00:00:00+00:00,0.0003,0.0003,0.00021902,-3.8e-05,0.00010192,0.00103856,0.00015142,0.00012111,0.0003,1.213e-05,0.00026822,0.00016998,0.00212913,0.00079744,0.00022075,-3.6e-07,0,0.0003,0.0003,0.00019557,0.00017556,0.0009458,-5.981e-05,0.0003,0.0003,0.00143504,-0.00097406,0.00025594,0.00018631,0.0002892,0.00045593,0.00024103,3.5e-05,6.332e-05,0.00027189,0.00026628,0.00343606,0.00024126,0.0003,1.726e-05,0.0003,0.0003,0.0003,0.0012551,0.0002416,0.0003,0.00018039,0.00037903,0.00050176,0,0.00019258,0.0003,0.00109462,0.00015219
2025-09-27 00:00:00+00:00,0.0003,0.00027565,0.0002745,-0.00035388,0.00021053,0.00058424,0.00017229,7.441e-05,0.0003,0.00025855,0.0003,0.00018568,0.00173986,0.00051678,0.00020066,0.00023351,0,0.0003,0.0003,0.00026492,0.00018595,0.00031721,0.00023549,0.00036151,0.0003,0.0019683,-0.00052999,-5.382e-05,0.0003,0.00029818,0.00057995,0.00026774,0.0003,0.00021752,0.00012195,0.00021988,0.0028067,0.0003,0.0003,0.00023143,0.0003,6.59e-06,0.0003,0.00102404,0.00021591,0.0003,-7.642e-05,0.00043602,0.00037333,0,0.00013602,0.00031467,0.00114732,0.00011236
2025-09-28 00:00:00+00:00,0.0003,0.00014304,0.00022892,-0.00039042,0.00022537,0.00051181,0.00020687,-0.00027226,0.0003,0.00019013,0.00025334,0.00017118,0.00114566,0.00093561,0.00026282,0.00027142,0,0.0003,0.0003,0.00011785,0.00025102,0.00057735,0.00019422,0.00033697,0.0003,0.00141272,-0.00042496,-0.00037488,0.0003,0.0003,0.00046601,0.00020987,0.00017697,0.00010568,0.0003,0.00021486,0.00211822,0.0003,0.0003,0.0003,0.0003,0.00054856,0.0003,0.00059418,-0.00024885,0.0003,-5.835e-05,0.00041292,0.0003,0,-8.041e-05,0.0005292,0.00045531,0.00013551
2025-09-29 00:00:00+00:00,0.0003,7.438e-05,0.00024502,-7.097e-05,0.00014281,0.00056738,0.00027732,0.00015158,0.0003,0.00019251,0.0003,0.0003,0.00133792,0.00041496,0.00024359,0.0003,0,0.0003,0.0003,0.00016336,0.0003,0.00057906,2.249e-05,0.00038251,0.0003,0.00074414,-0.00011951,5.496e-05,0.00027065,0.0003,0.0009893,4.127e-05,0.00025954,0.00016222,0.00019161,9.081e-05,0.00226093,0.00025778,0.0003,0.00018648,0.0003,0.00126101,0.0003,0.00107689,0.00015027,0.0003,-7.056e-05,0.00035707,0.0003,0,-0.00012546,0.00034182,0.00089833,3.648e-05
2025-09-30 00:00:00+00:00,0.0003,6.939e-05,0.00012185,7.95e-06,5.496e-05,0.0003,4.922e-05,-0.00023565,0.0003,0.00020505,0.00019244,-0.00023714,0.00238854,0.00041186,0.00017957,-0.00033259,0,0.0003,0.0003,-4.273e-05,0.0002247,0.0004189,0.00017246,0.00043594,0.00026735,0.0006393,-0.00036258,-7.759e-05,4.084e-05,0.0003,0.00109446,0.0003,0.0003,0.00020432,0.00014253,0.000126,0.00452777,0.00019097,0.0003,0.0003,0.0003,0.00204954,0.0003,0.00114725,-0.00038117,0.0003,-9.51e-05,0.0003,0.0003,0,0.00022421,0.0003,0.0003,0.0001083
2025-10-01 00:00:00+00:00,0.0003,0.0003,0.0003,0.00023629,0.0003,0.00033051,0.00026092,0.00018455,0.0003,0.0003,0.0003,0.00021335,0.00201864,0.00056529,0.0003,9.329e-05,0,0.0003,0.0003,0.0002343,0.00029149,0.00101308,0.00018795,0.00109746,0.0003,0.00097798,8.69e-06,0.00022515,0.00027703,0.0003,0.00058687,0.0003,0.0003,0.00024463,0.0003,0.00020934,0.00324929,0.0003,0.0003,0.00031394,0.00028897,0.00359812,0.00026052,0.00142889,0.0003,0.0003,0.0003,0.00036383,0.00031339,0,0.0003,0.0003,0.00101047,0.00016812
2025-10-02 00:00:00+00:00,0.00050034,0.00029929,0.0003,9.608e-05,0.0003,0.00068594,0.0003,0.0003,0.0003,0.0003,0.0003,0.0002601,0.00202196,0.00063498,0.0003,0.00023576,0,0.0003,0.0003,0.0002018,0.0003,0.00058853,0.0003,0.00115088,0.0003,0.00190504,0.00022875,0.0003,0.00021408,0.0003,0.00106883,0.0003,0.0003,0.00020306,0.00024543,0.00028818,0.00185113,0.0003,0.0003,0.0003,0.0003,0.00289565,0.00022182,0.00117369,0.0003,0.0003,0.00029589,0.00052468,0.00067768,0,8.97e-05,0.00037851,0.00048846,0.00027327
2025-10-03 00:00:00+00:00,0.00048483,5.629e-05,0.0003,0.00012908,0.0003,0.00069589,0.0003,0.0003,0.00059996,0.0003,0.0003,0.0003,0.00142064,0.00062132,0.0003,0.0003,0,0.00031638,0.0003,0.00022859,0.0003,0.0003,0.0003,0.00125905,0.0003,0.00177945,0.0003,0.0003,0.0003,0.0003,0.00116972,0.0003,0.0003,0.0003,0.0003,0.0003,0.00158703,0.0003,0.0003,0.0003,0.0003,0.00258629,0.00014945,0.002704,0.0003,0.0003,0.0003,0.0004044,0.00096461,0,0.00023258,0.00062009,0.00078868,0.00029926
2025-10-04 00:00:00+00:00,0.00085653,-0.00011401,0.0003,0.0003,0.00020023,0.0013175,0.0003,0.00029594,0.00053098,0.0003,0.0003,0.0003,0.00202903,0.00160608,0.0003,0.00029201,0,0.0003,0.0003,0.00011552,0.00023133,0.0003,0.00029668,0.00111743,0.0003,0.00415468,0.00011341,0.00026982,-0.0001949,0.0003,0.00125951,0.0003,0.00028901,0.00024528,0.00014779,0.0003,0.00214307,0.00029607,0.0003,0.0003,0.00027056,0.00039786,0.0003,0.00134011,0.0003,0.0003,0.00028687,0.00085887,0.00122831,0,0.00020112,0.00050988,0.00063896,0.00028312
2025-10-05 00:00:00+00:00,0.00036573,2.92e-06,0.0003,0.0003,0.00015183,0.0015103,0.00042207,0.0003,0.0003,0.000298,0.0003,0.0003,0.00168086,0.00178926,0.00029612,0.0003,0,0.0003,0.0003,0.00021203,0.00021433,0.0008385,0.0003,0.00153341,0.0003,0.00191618,0.0002979,0.0003,-9.206e-05,0.0003,0.00146307,0.0003,0.00029779,0.00025302,0.0002693,0.0003,0.00146646,0.0003,0.0003,0.0003,0.00023485,0.0023624,0.0003,0.00154789,0.00029362,0.0003,0.0003,0.00058702,0.00037118,0,0.00027611,0.00049593,0.000873,0.00028214
2025-10-06 00:00:00+00:00,0.00056297,-0.00017382,0.0003,0.00020228,2.484e-05,0.00212817,0.0003,3.125e-05,0.00040614,0.0003,0.00032987,0.0003,0.00224349,0.00105583,0.00026447,0.0003,0,0.0003,0.0003,0.00013267,0.0002601,0.00032434,0.0003,0.00151249,0.0003,0.00131904,0.0003,2.903e-05,-0.00013699,0.0003,0.001686,0.0003,0.00029225,0.00027312,5.509e-05,0.0003,0.0023336,0.0003,0.0003,0.0003347,0.00019713,0.00119018,0.0003,0.0021172,0.00021204,0.0003,0.0003,0.00069982,0.0003,0,0.00015587,0.00036425,0.00110972,0.00023211
2025-10-07 00:00:00+00:00,0.00047788,0.00013441,0.0003,0.00027384,0.00040436,0.00241753,0.0003,0.0003,0.00036863,0.00025316,0.0003,0.0003,0.00156985,0.00271852,0.00026534,0.0003,0,0.0003,0.0003,0.00024808,0.00023691,0.0003,0.0003,0.00078464,0.0003,0.0028556,0.0001844,0.00023032,0.00010199,0.00021883,0.00262265,0.0003,0.00024538,0.00023527,0.00022035,0.0003,0.0014024,0.0003,0.0003,0.00030832,0.0003,0.00251434,0.0003,0.0021725,0.0003,0.00030167,0.0003,0.0003596,0.00037379,0,0.00024332,0.00039012,0.00137989,0.00024802
2025-10-08 00:00:00+00:00,0.0003,-0.00015554,0.00015937,0.00025655,-0.00034105,0.00210094,0.0003,0.00023714,0.0003,0.00029703,0.00025773,0.0003,0.00176972,0.00213272,0.00023233,0.0003,0,0.0003,0.0003,0.00010305,0.00017291,0.0003,0.0003,0.00066065,0.00026985,-0.00101122,5.222e-05,0.0001666,0.00024448,6.936e-05,0.00052723,0.0002833,0.00028187,0.00011821,0.00011354,0.0002413,0.0034823,0.0003,0.0003,0.0003,0.0003,0.00180956,0.00017767,0.00112522,0.00016636,0.0003,0.00029594,0.00176972,0.00038512,0,0.00017311,0.00015366,0.0013833,0.00017938
2025-10-09 00:00:00+00:00,0.0003,-0.00015141,0.00021368,0.00010215,0.00016656,0.0008972,0.0003,0.00012821,0.0003,0.0002458,0.0003,0.0003,0.00191764,0.00167058,0.00022237,0.00029724,0,0.0003,0.0003,0.00013515,0.0003,0.00053241,0.0003,0.00085424,0.00027039,-0.00697185,6.598e-05,0.00017672,0.00025497,0.0003,0.00036633,0.0003,0.00027158,0.00019942,0.0001179,0.00020066,0.0019298,0.0003,0.0003,0.0003,0.0003,0.00129403,0.0002525,0.00176725,1.738e-05,0.0003,0.00026451,0.00181692,0.00050454,0,0.0001693,0.00029974,0.00136542,8.149e-05
2025-10-10 00:00:00+00:00,0.0003,-0.00023957,0.00017719,0.00022987,0.00020952,0.00127528,0.0003,0.0003,0.0003,0.00019546,0.0001299,0.0003,0.00141608,0.00076679,0.00024652,0.00027818,0,0.0003,0.0003,0.00029706,0.0002187,0.00048609,0.00021555,0.00056505,0.00028267,0.00157421,0.00018561,-0.00021438,0.00014014,0.0003,0.0003,0.00025138,0.00028198,0.00020933,-4.817e-05,0.00028495,0.00149642,0.00024498,0.0003,0.0003,0.0003,0.00052132,0.00025618,0.00083575,-7.425e-05,0.0003,0.00020177,0.00052561,0.0003,0,0.00013524,-0.0001052,0.000538,5.677e-05
2025-10-11 00:00:00+00:00,1.226e-05,-0.00603039,-0.00819542,-0.00273951,-0.00016466,0.00113957,0.00069877,-0.00068069,0.00028906,-0.00472538,-0.00051083,-0.00542348,0.00250959,0.00765181,-0.00049779,-0.00216043,0,-0.0029808,0.0003,6.851e-05,-0.00147522,-4.597e-05,-0.00068797,-0.00055738,0.00024953,0.00561388,-0.00101689,-0.00138482,-0.01131013,-0.0009103,0.00170954,-0.00068523,-0.00082766,-0.00073318,-0.00657464,0.00015899,0.00911153,-0.00099289,0.00026425,-0.00321785,0.00113695,-0.0046013,-0.00181883,0.00127135,-0.00971944,0.00091771,-0.00183508,-0.00033724,-0.01475124,0,-0.00527797,7.055e-05,0.01840098,0.00020467
2025-10-12 00:00:00+00:00,0.0003,-0.00107238,-0.00482324,-0.0011718,-0.00078779,0.00142575,0.00016886,-0.00068532,0.00028731,-0.0020887,-3.661e-05,-0.0003705,0.00076036,0.00032649,0.00017551,8.89e-05,0,0.0003,0.00029939,-0.00026115,-0.00113533,0.00047595,-0.00141133,0.0003348,0.0002868,0.00210212,-0.0005061,-0.0010011,-0.00274408,3.07e-05,0.0003,-5.8e-06,-1.365e-05,-0.00032788,-0.00189649,0.00020669,0.00133627,-0.00022325,0.00011616,0.0003,0.0003,-0.0019186,0.00027103,0.0003,-0.00240007,0.0002999,-0.00105301,0.00039036,-0.00255809,0,-0.00052529,0.00019703,0.00360915,-0.00011105
2025-10-13 00:00:00+00:00,0.0003,-0.00044516,-0.00220311,-0.00069588,-0.00035353,0.000547,0.0003,-0.00066114,0.0003,-0.00134397,0.00022782,0.00017281,0.00030463,0.00057656,0.00014444,0.0003,0,0.0003,0.00016614,-8.41e-05,0.0003,0.0003,-0.00019008,0.0003,0.00019412,0.00144983,0.00015603,-0.00022172,-0.00154467,0.0003,0.0003,0.0003,0.00025862,6.606e-05,-0.00184493,0.00016143,0.00120115,8.035e-05,0.0003,0.0003,0.0003,0.00152825,0.00019039,0.00057895,-0.00024892,0.0003,-0.00020889,0.0006875,-0.00170004,0,-0.00028057,0.0002508,0.00193479,-3.728e-05
2025-10-14 00:00:00+00:00,0.0002907,-0.00043497,-0.00159753,-0.00019986,8.32e-05,0.00062276,0.00020858,0.00022404,0.0003,-0.00082682,-0.00015587,7.225e-05,0.0003,0.0003,0.00013515,0.00023805,0,0.0003,0.00024845,0.00011482,-0.00013917,0.00034138,-0.00065586,0.00037069,0.00012251,0.00257697,-6.166e-05,-0.00072993,-0.0024333,0.00016938,0.0003,0.00026382,0.0001162,0.00026411,-0.00092565,0.0002422,0.00126728,7.55e-05,0.00019519,0.00023172,0.00028119,-0.00285532,2.2e-05,0.00045587,-0.00049661,0.00028312,-0.00028575,0.00131301,-0.00183527,0,-4.64e-05,0.00011066,0.00126133,-7.827e-05
2025-10-15 00:00:00+00:00,0.0001571,-0.00145271,-0.00043204,-5.737e-05,-9.026e-05,0.00067067,-8.733e-05,0.00012143,0.0003,-0.0001869,0.0003,0.0003,0.0003,0.0003,0.0003,0.00022949,0,0.0003,0.00013891,2.249e-05,0.00029571,0.0003,-0.00069005,0.0003,7.92e-05,0.00223584,-0.00013771,-0.00084714,-0.00698254,0.00015536,0.0003,0.00021718,8.29e-05,0.00010935,-0.00130734,8.119e-05,0.00138639,0.00021376,0.0003,0.0002842,0.00026785,0.00059233,-3.8e-06,0.0004249,-0.00076919,0.0003,-0.0001323,0.0003,-0.00035949,0,-0.00076607,-0.00035407,0.00063943,-1.227e-05
2025-10-16 00:00:00+00:00,0.00022646,-0.00053839,-0.00037251,-0.00014345,-8.309e-05,0.0003,0.00021394,-9.909e-05,0.0003,-0.00107189,0.00024729,0.00027656,0.0003,0.0003,0.00020165,-6.332e-05,0,0.0003,0.0003,-7.479e-05,0.00028078,0.0003,-0.00013487,0.00026014,9.418e-05,0.00212938,-4.09e-05,-0.00115048,-0.005245,0.00029984,0.0003,0.00016217,-0.00031924,0.00018801,-0.00113293,0.00017938,0.00186609,9.49e-05,0.0003,0.00022931,0.0002035,-0.00185736,0.00021804,0.00035667,-0.00092748,0.0003,4.355e-05,0.00100422,-0.00051626,0,-0.00032913,8.412e-05,0.00049565,-7.975e-05
2025-10-17 00:00:00+00:00,0.00028165,-0.00024229,-0.00095234,-0.00017624,-7.821e-05,0.00037206,-7.77e-06,-0.00042586,0.0003,-0.00166466,4.445e-05,0.00024534,0.0003,0.0003,0.00014409,-0.00044292,0,0.0003,0.00023667,-3.122e-05,3.556e-05,0.0003,-0.00082328,0.0003,0.00017054,0.00124752,-0.00098235,-0.0004861,-0.00679267,-0.00037029,0.0003,0.00013281,0.00014845,-4.041e-05,-0.0003642,7.613e-05,0.00145586,-0.00039706,0.0003,-6.697e-05,0.00024875,-0.0025895,0.0002566,0.00099783,-0.00066206,0.0003,9.74e-06,0.00261198,-0.00058751,0,-2.973e-05,-6.795e-05,0.00098722,-1.21e-05
2025-10-18 00:00:00+00:00,0.0002607,-0.00070867,-0.00035121,-0.00039798,2.071e-05,0.00045726,5.048e-05,-0.00015793,0.0003,-0.00131721,-0.00019476,0.0003,0.00027239,0.0003,0.00014913,0.00014402,0,0.0003,0.0003,-0.00016672,0.0003,0.0003,-0.00046015,0.00042087,0.00014909,0.00119282,7.556e-05,0.0002572,-0.00602233,-0.00047569,0.0003,0.00010962,0.00010367,-9.675e-05,-0.00014588,0.00014316,0.00164739,-0.00044101,0.0003,0.00018535,0.00021425,0.01534862,0.00026704,0.0010217,-0.00029987,0.0003,-0.0001894,0.00044649,-0.00114257,0,-0.00010398,0.00024337,0.00059133,-0.00014876
2025-10-19 00:00:00+00:00,0.0002031,-0.00054208,-4.52e-06,-0.00072251,-0.00013467,0.00066206,0.00013699,-0.00032483,0.0003,-0.00082531,0.00013532,0.0003,0.00048974,0.0003,6.27e-05,0.00026567,0,0.0003,0.0003,2.11e-06,0.0003,0.0003,-0.00024216,0.00035004,0.00021696,0.00033625,0.00021605,-0.00027259,-0.00487451,-6.671e-05,0.0003,0.00016739,0.00023182,0.00012533,-0.00038745,-3.847e-05,0.0016014,-0.00010833,0.0003,0.00027118,0.0002002,0.01207773,0.00027748,0.00097546,-0.00080869,0.0003,-0.00019937,0.00054955,-0.00122305,0,0.00020462,0.00025481,0.00118449,2.888e-05
2025-10-20 00:00:00+00:00,0.00029919,-0.0001403,0.00011631,-0.00124118,-0.00026133,0.00110486,0.00020493,-0.00034076,0.0003,-0.00024088,0.00024496,0.0002853,0.0009104,0.00030369,0.00016278,0.00028781,0,0.0003,0.0003,0.00021053,0.00023975,0.0003,-0.00025704,0.00041174,-3.629e-05,0.00053887,0.0003,-0.0005159,-0.00210618,0.0003,0.0003,0.00011272,0.00028117,0.00018385,6.261e-05,5.059e-05,0.00115357,0.00010989,0.0003,0.0003,-8.042e-05,0.00341962,0.0003,0.00050588,-0.0002724,0.0003,5.279e-05,0.00033942,-0.00077202,0,0.00026239,0.0003,0.00132179,-2.88e-05
2025-10-21 00:00:00+00:00,0.00028208,-6.807e-05,-3.338e-05,-0.0017082,0.000233,0.00031186,0.00014646,-3.415e-05,0.0003,-0.00140206,7.189e-05,0.0003,0.00093824,0.00033412,0.00017896,0.0003,0,0.0003,0.00023871,0.00022502,-0.00082085,0.0003,-0.00042176,0.00033072,-2.809e-05,0.00079414,8.289e-05,-0.0006226,-0.0022585,4.449e-05,0.0003,0.0003,0.00028467,0.00011947,0.00016964,-6.36e-06,0.00117273,0.00018841,0.0003,0.0003,1.647e-05,0,0.0003,0.00055641,-0.00071979,0.0003,-0.00014188,0.0003,-0.00027174,0,7.08e-05,0.00023558,0.00090313,-5.851e-05
2025-10-22 00:00:00+00:00,0.00019416,-0.00029476,0.00017853,-0.00108851,-0.00012841,0.00065129,0.0001976,-0.00023246,0.0003,-0.00152696,-5.453e-05,0.00029414,0.00041985,0.0003,7.323e-05,-0.00091525,0,0.0003,7.666e-05,-6.975e-05,-0.00229574,0.0003,-0.00048585,0.0003,-2.043e-05,0.00043993,9.22e-06,-0.00128529,-0.00543886,0.00011593,0.0003,-0.00025688,-3.071e-05,-8.384e-05,-0.00038736,0.00011702,0.00123601,-0.0001305,0.00029453,0.00013531,2.916e-05,0,0.00023495,0.00110088,-0.000997,0.00025791,-0.00087976,0.0003,-5.172e-05,0,-0.00036015,-4.531e-05,0.0003,3.935e-05
2025-10-23 00:00:00+00:00,0.0003,-0.00017463,-0.0001853,-0.00122722,-4.796e-05,0.00049205,0.00027725,-7.705e-05,0.0003,-0.00040706,0.00010218,0.0003,0.00160513,0.00054097,4.189e-05,-0.0002252,0,0.00022765,0.00025481,0.00019546,0.00022708,0.0003,-0.00010301,0.0003,9.863e-05,0.00101921,-0.00020764,-6.769e-05,-0.00522746,-3.429e-05,0.00032961,-0.00010725,0.00021401,0.00013772,-0.0004863,0.00011674,0.00158387,-0.00015568,0.0003,0.00026996,3.926e-05,0,0.00024818,0.00082927,-0.00048952,0.0003,0.00011983,0.0003,-5.829e-05,0,-7.212e-05,0.00019254,0.00089359,0.00015517
2025-10-24 00:00:00+00:00,0.0003,0.0003,0.00023885,-0.00141583,0.0003,0.00066999,0.0003,0.00019207,0.0003,-0.00014388,0.0003,0.0003,0.00113131,0.0003167,0.0003,-6.391e-05,0,0.0003,0.00028621,0.00025659,0.00028824,0.0003,-0.00046918,0.00032785,0.00023262,0.00121102,0.0003,0.00013439,-0.00088202,-0.00060882,0.0003,0.0003,0.0003,0.00018057,-0.00050477,0.0003,-0.00259081,0.00028129,0.0003,0.0003,0.0003,0,0.0003,0.0007734,-0.00027449,0.0003,0.00015608,0.0003,0.00021169,0,0.0003,-0.00030417,0.00204837,8.398e-05
2025-10-25 00:00:00+00:00,0.00027698,0.00027289,0.00018161,-0.00076946,0.0003,0.00171066,0.0003,3.661e-05,0.0003,-0.00011327,-1.981e-05,0.00018495,0.00092625,0.0009289,0.0003,0.00027201,0,0.00023785,0.0003,0.0002787,0.0003,0.0003,-0.00049735,0.0006621,0.00018957,0.00114551,0.00024767,-0.00025804,-0.00249017,0.0003,0.0003,0.0003,0.0002801,0.00029493,0.00018716,0.00028259,-0.00031518,0.00016178,0.0003,0.0003,0.00026989,0,0.0003,0.00258399,-9.832e-05,0.0003,2.939e-05,0.00050702,0.0003,0,0.0003,-0.00013225,0.00352886,0.00012074
2025-10-26 00:00:00+00:00,0.0003,0.00022718,0.0003,-0.00030151,0.00020797,0.00134899,0.0003,6.694e-05,0.0003,0.0002135,0.00020485,0.00024515,0.00156554,0.00158459,0.00027615,0.00010625,0,0.00031073,0.0003,0.00013405,0.0003,0.0003,-0.00011594,0.00030205,0.00019981,0.00305506,8.469e-05,3.595e-05,-0.00038056,0.0003,0.00100275,0.0003,0.00027051,0.0002905,0.00014074,0.00025477,-0.01403961,0.0003,0.00017462,0.00026481,0.00024875,0,0.0003,0.00206702,-0.00012108,0.0002878,3.349e-05,0.00156068,0.0003,0,0.00029995,0.00026235,0.00401107,9.342e-05
2025-10-27 00:00:00+00:00,0.0003,0.00020135,2.655e-05,-0.00021138,8.304e-05,0.00082466,0.0003,0.0003,0.0003,0.00025604,0.0003,0.00023354,0.00146723,0.00343627,0.0002381,0.00022992,0,0.0003,0.0003,0.00024055,0.00025099,0.0003216,9.94e-05,0.0003,0.00024347,0.00501721,9.209e-05,-0.00012042,-0.00062668,0.00029225,0.00144365,0.0003,0.00019319,0.00015045,-2.807e-05,0.00026491,0.00130542,0.00017192,0.0003,0.0003,-0.00013653,0,0.00026524,0.0015088,0.00028244,0.0003,-0.00042236,0.0003,0.00029263,0,0.0003,0.0003,0.00341762,0.00027304
2025-10-28 00:00:00+00:00,0.000232,3.491e-05,8.426e-05,-0.00075457,0.00023589,0.00212838,0.00029398,0.00014637,0.0003,-7.603e-05,0.00014813,0.00014411,0.00102466,0.00127317,5.602e-05,-4.195e-05,0,0.0003,0.0003,0.0001,0.0003,0.00031451,-0.00027658,0.0003,-1.854e-05,0.0036066,-1.511e-05,-0.0007919,-0.00055377,0.00019797,0.00053089,0.00017186,-0.00012129,0.00012176,-0.00039583,0.00013846,0.00218692,0.00012685,0.0003,0.0003,-0.00021941,0,0.00023079,0.00070931,-0.00109752,0.0003,-0.00047483,0.0003,0.00025639,0,0.00025348,-0.00020216,0.00235611,0.00016857
2025-10-29 00:00:00+00:00,0.00025235,-0.00020151,0.00026836,-0.00045162,-7.394e-05,0.00123694,0.00023811,-8.761e-05,0.0003,-0.00014317,4.414e-05,0.00014026,0.00219511,0.00112793,3.496e-05,-0.00074002,0,0.0003,0.00026449,-0.00022082,0.00018929,0.0003,-0.00022902,0.0003,-0.00014911,0.00232622,-0.00099516,-0.0010078,-0.00316499,0.0002903,0.00091666,4.818e-05,-5.782e-05,2.183e-05,-0.00079327,-0.00013825,0.00138827,-9.483e-05,-0.00025754,0.00022157,7.308e-05,0,-1.157e-05,0.00041243,-0.0002195,0.0003,-0.00065661,0.0003,8.816e-05,0,0.00012121,-0.00024681,0.00109549,8.559e-05
2025-10-30 00:00:00+00:00,0.00012438,-0.00108717,-0.00117231,-0.00091537,-0.00025557,0.00102827,4.478e-05,-0.00038852,0.0003,-0.000489,-0.00014889,-0.00037384,0.00121995,0.00090617,-0.00045146,-0.00144425,0,0.0003,0.0002075,-5.958e-05,0.0003,0.00027487,-0.00132656,0.00029612,-0.00024669,0.00159972,-0.00117062,-0.00152417,-0.00758338,-0.0001045,0.0003,-0.00033369,4.679e-05,-0.00018914,-0.00074317,3.637e-05,0.00134291,-0.00041378,-0.00048741,0.00014789,9.084e-05,0,-0.00046657,0.0003,-0.0001183,0.00023556,-0.00044173,0.0003,-0.0006455,0,-0.0004669,-0.00149804,0.0016819,8.108e-05
2025-10-31 00:00:00+00:00,0.0003,-0.00063068,0.0002112,-0.00072302,-0.00041737,0.00300702,-3.342e-05,-0.00016957,0.0003,-0.00032193,2.566e-05,-0.00040775,0.00425867,0.00165327,-0.00011798,-0.00037333,0,0.0003,0.0003,-7.182e-05,0.00018304,0.00029657,-0.00125809,0.0003,-0.00016238,0.00262112,-0.00170654,-0.00065108,-0.00834606,2.428e-05,0.0007255,2.065e-05,0.00013645,-0.0001761,-0.00120673,-0.0003997,0.00409474,-0.00042657,-3.656e-05,0.0001635,-0.00010082,0,-0.00049931,0.00249276,-0.00072519,0.0003,-0.00062986,0.00027562,-0.00022196,0,-0.0001214,-0.00146206,0.00270167,0.00020213
2025-11-01 00:00:00+00:00,0.0003,0.00014587,0.0003,-0.00019251,0.0002361,0.00088595,0.00028283,9.327e-05,0.0003,0.00010202,0.0002399,-0.00177969,0.00298021,0.00069393,0.00018394,0.00025118,0,0.0003,0.0003,0.00021704,0.00022695,0.0003,-0.00042126,0.0003,0.00017341,0.00193568,-0.00045513,7.524e-05,-0.00051155,0.0003,0.00035109,0.00012849,0.00020206,0.00016489,-0.00070339,0.0002845,0.00254277,0.00016411,0.0003,0.0003,0.0003,0,0.00017774,0.00174427,-0.00093712,0.0003,-0.00074994,0.00058766,0.0003,0,0.0003,-0.00024048,0.00072507,0.00029782
2025-11-02 00:00:00+00:00,0.00024342,0.00013839,0.00028645,-0.00019401,0.00028851,0.00116518,0.0003,1.364e-05,0.0003,-0.00012262,2.356e-05,0.0003,0.00242457,0.00045918,0.00017159,-0.00024848,0,0.0003,0.0003,0.00012653,0.00018777,0.0003,0.00028406,0.0003,0.00012916,0.00207226,-0.0011182,-0.00032785,-9.783e-05,0.00027942,0.00043619,0.00027233,0.00029023,0.00014545,-8.14e-06,0.00022721,0.00138471,0.00023606,0.0003,0.0003,0.00019003,0,0.00023836,0.00087116,-0.00103397,0.0003,-0.00070961,0.00055583,0.0003,0,0.00020672,-0.00026859,0.00095403,0.00021985
2025-11-03 00:00:00+00:00,0.00024233,-0.00141255,-2.076e-05,-0.0005425,-0.00020795,0.00046235,-0.00027699,-0.00066506,0.0003,-0.00071451,-0.00027414,0.0003,0.00554,0.0003,-2.77e-06,-0.00046348,0,0.00021195,0.00026071,-0.00015786,9.049e-05,0.0003,-0.00026939,0.0003266,7.171e-05,0.00299054,-0.0029937,-0.00115451,-0.00282999,-1.503e-05,0.0003,-0.00036348,-0.0003522,-0.00012016,0.00029768,0.00012202,0.00155305,-0.00047884,0.0003,-3.859e-05,0.00021446,0,-0.0001435,0.00051542,-0.00146835,0.0003,-0.00097748,0.00273357,0.0003,0,-0.00023423,-0.00088849,0.00114064,0.0001828
2025-11-04 00:00:00+00:00,0.00029736,-0.00045175,0.00019842,-0.0008276,7.697e-05,0.00177494,0.00028735,-0.0003768,0.0003,-0.00053724,-0.00056592,0.00216862,0.00516013,0.00058395,-0.00011411,6.549e-05,0,0.0003,0.00019158,0.00014359,0.0002475,0.00028463,-0.00142596,0.0003,0.00014255,0.00095914,-0.0016014,-0.00079435,-0.00048796,0.00015404,0.00120846,-0.00018101,-0.00031191,-3.095e-05,0.0003,0.00015407,0.00232442,-0.00058861,0.0003,7.379e-05,0.00029022,0,0.0003,0.00209533,-0.0007776,0.0003,-0.00041846,0.00400269,0.0003,0,-0.00026704,-0.00078898,0.00254991,0.00022147
2025-11-05 00:00:00+00:00,0.00018999,-0.00044861,0.0003,-0.00020949,0.00018619,0.0012724,0.0003,-0.00016442,0.0003,-0.00023113,-5.439e-05,0.00308448,0.00552601,0.00060229,0.00013836,1.47e-06,0,0.0003,0.0003,0.00018599,0.00019955,0.0003,-0.00027334,0.0003,-0.00163238,0.00519044,-0.00127708,2.457e-05,0.0003,0.0003,0.00182144,4.521e-05,-0.00026399,-0.000108,0.00019519,-3.551e-05,0.00421989,-0.00054603,0.0003,0.0003,0.00028221,0,0.0003,0.00660265,-0.00030074,0.0003,0.00013121,0.00303072,0.00028745,0,9.855e-05,-0.00028828,0.00185075,0.00012779
2025-11-06 00:00:00+00:00,0.0003,-0.00081238,0.00029158,-0.00038999,0.00016265,0.00060354,0.0003,-0.00039512,0.0003,-0.0002532,0.00011126,0.00015,0.00168892,0.00084997,-0.00022301,5.583e-05,0,0.0003,0.00028718,-8.61e-06,0.00024894,0.0003,-0.00101373,0.0003,-0.00118718,0.00241771,-0.00083256,-0.00038164,-0.0007828,0.00010719,0.00038006,0.00023346,-0.00031363,-4.92e-05,0.00024725,3.654e-05,0.002556,1.594e-05,0.0003,0.0003,0.00021349,0,0.0003,0.00322418,6.933e-05,0.0003,6.556e-05,0.00116849,0.00022364,0,0.00017795,-0.00051876,0.0003647,0.00016395
2025-11-07 00:00:00+00:00,0.0003,0.00018277,0.00017431,-2.865e-05,0.0003,0.00212454,0.0003,0.00010542,0.0003,0.00014975,0.0002983,0,0.003578,0.00095842,0.00021334,9.831e-05,0,0.0003,0.0003,0.00022685,0.0003,0.0003,-0.00055237,0.0003,-0.00089042,0.00218658,-2.699e-05,-0.00031835,0.00028957,0.00026378,0.00084489,0.0003,0.00029953,-0.00013942,0.00022665,0.00025638,0.00469721,0.00028718,0.0003,0.0003,0.00016523,0,0.0003,0.00281146,-2.928e-05,0.0003,0.00021184,0.0018908,0.0003,0,0.00016793,-0.00010242,0.0009727,0.00017563
2025-11-08 00:00:00+00:00,0.0003,0.00029269,0.0003,7.729e-05,0.0003,0.00297031,7.045e-05,0.00020888,0.0003,0.00020339,0.0003,0,0.00429542,0.00044092,0.0003,0.00024379,0,0.0003,0.0003,0.00028754,0.0003,0.0003,0.0003,0.0003,0.00026513,0.00136719,0.0003,0.00021103,0.0003,0.00026472,0.00131896,0.0003,0.000175,-0.00030783,7.224e-05,0.00025958,0.00395968,0.00020103,0.0003,0.0003,0.00014192,0,0.0003,0.00212739,0.00016169,0.0003,0.00025398,0.0005231,0.0003,0,0.00025896,0.0003,0.00124032,0.00014563
2025-11-09 00:00:00+00:00,0.0003,0.00027355,0.00018929,-0.00011682,0.00010473,0.00262862,0.0003,9.346e-05,0.0003,0.00021184,0.00019636,0,0.00343924,0.00042897,0.00023315,3.566e-05,0,0.0003,0.0003,5.293e-05,0.0003,0.0003,0.00029054,0.0003,2.025e-05,0.00215104,0.0002581,0.00010253,5.951e-05,0.00024934,0.00039278,0.00020311,0.00017629,0.00022022,4.596e-05,0.00018808,0.0031421,0.00020871,0.0003,0.00028999,0.00018132,0,0.0003,0.00200033,0.00016755,0.0003,7.928e-05,0.00078959,0.0003,0,9.829e-05,0.0003,0.00083453,0.00011495
2025-11-10 00:00:00+00:00,0.00023184,0.00013525,0.0003,1.547e-05,0.00018166,0.00164112,0.0003,-8.624e-05,0.0003,0.00029681,0.00023903,0,0.00459426,0.0003,0.00016955,-0.00011741,0,0.0003,0.0003,0.00011817,0.0003,0.0003,-0.00047276,0.0003,-0.00076027,0.00222854,0.00014138,0.0002468,-0.00089818,0.00014895,0.00125054,0.00018672,0.00014601,0.0002887,2.531e-05,0.0003,0.00192938,0.00024176,0.0003,0.0003,0.00028397,0,0.0003,0.00219699,0.0002628,0.0003,0.00017703,0.0003,0.0003,0,0.00022272,-0.00044388,0.00042248,0.00021204
2025-11-11 00:00:00+00:00,0.00021315,-0.00010609,0.00022512,-4.983e-05,1.991e-05,0.00274079,0.0003,-7.21e-05,0.0003,5.35e-05,0.00027891,0,0.00297045,0.0003,6.627e-05,-6.907e-05,0,5.851e-05,0.0003,3.796e-05,0.0003,0.00028183,0.00018182,0.0003,-0.0023904,0.00247662,0.00016146,7.689e-05,-0.0017231,0.00026648,0.00081321,0.00027557,0.00011412,0.00022604,6.673e-05,0.00028897,0.00136857,0.000101,0.0003,0.0003,0.00019033,0,0.00023126,0.00179462,0.00010565,0.0003,0.00016254,0.0003,0.0003,0,0.00016514,-0.00023698,0.0003,5.866e-05
2025-11-12 00:00:00+00:00,0.0002933,1.592e-05,9.683e-05,-0.00012587,-7.964e-05,0.00045157,0.0003,-0.00021188,0.00069332,1.486e-05,0.00027427,0,0.00275569,0.0003,3.977e-05,-0.00013837,0,-0.00028948,0.0003,7.385e-05,0.0003,0.0003,-3.829e-05,0.0002769,-0.00118141,0.00268845,-0.00017958,-0.00029595,-0.00167326,0.0003,0.00060587,0.00012715,-0.00020029,0.00012526,-3.891e-05,0.0003,0.00117417,-7.408e-05,-1.037e-05,-0.00071629,7.274e-05,0,0.00023306,0.00052905,-0.00038467,0.0003,-0.0004539,0.0003,0.0003,0,7.723e-05,-0.00334703,0.00057838,8.935e-05
2025-11-13 00:00:00+00:00,0.00022626,-8.182e-05,-0.00103887,-0.00029873,3.976e-05,0.00062953,0.0003,1.652e-05,0.00417602,-0.00028568,9.396e-05,0,0.00313112,0.0003,8.279e-05,-0.00010558,0,0.0001854,0.00027884,0.00012826,0.0003,0.00029722,-0.0005373,0.00022388,-0.00204171,0.00025435,0.00014814,-0.00091143,-0.00248,0.0003,0.00296866,0.00013796,-3.07e-06,5.867e-05,0.00013682,0.0003,0.00140027,-2.148e-05,0.00021367,-0.00351016,-0.00037913,0,0.0003,0.00065986,-0.00049891,0.0003,-0.00010804,0.00035752,0.00013631,0,-7.1e-06,-0.00198166,0.00121841,0.00017877
2025-11-14 00:00:00+00:00,8.441e-05,-0.00047088,0.00017166,-0.00084093,-0.0004748,0.00326658,0.0003,-3.37e-06,0.00029431,-0.00043843,0.00025287,0,0.00409202,0.00030234,0.00014062,-3.084e-05,0,7.127e-05,0.00024527,-1.475e-05,0.0003,0.0003,-0.00198987,0.00057157,-0.00129091,0.00183584,9.126e-05,-0.00054797,-0.0029846,0.0003,0.00164256,-0.00021048,-0.00020089,0.00011473,0.00012407,0.00028799,0.00322387,-0.00050068,-0.00022992,-0.00106878,0.00017267,0,0.0003,0.00131186,-0.0004286,0.0003,-0.00014156,0.00136585,0.00022236,0,6.641e-05,-0.00116053,0.00034627,0.00026773
2025-11-15 00:00:00+00:00,0.00028757,0.00017624,0.0003,-0.00044684,-0.00042254,0.00344087,0.00021855,0.00013761,0,-5.903e-05,6.458e-05,0,0.00472109,0.0003,0.00028877,9.701e-05,0,0.00022973,0.0003,0.00016406,0.0003,0.0003,-0.00041684,0.00230575,-0.00020054,0.00151369,0.00010792,0.00027045,-0.00021913,0.00021428,0,0.0003,0.00024987,-1.583e-05,0.00023488,0.00028858,0.0040066,-7.016e-05,0.0003,-0.00140947,-4.055e-05,0,0.0003,0.00109055,6.05e-05,0.0003,0.00011694,0.00031791,0.0003,0,0.00019938,-0.00072829,0.00117336,0.0002443
2025-11-16 00:00:00+00:00,0.00026884,-0.00062411,8.515e-05,-0.00015197,3.37e-06,0.00231501,0.00023362,-0.00023243,0,-0.00071375,5.49e-06,0,0.00640036,0.0006192,0.00011577,-9.662e-05,0,0.0003,0.0003,0.00015432,0.00025005,0.0003,-0.00170479,0.00293154,3.856e-05,0.00148984,0.0001942,-0.0001036,-0.00188449,0.0003,0,0.00012318,-0.00084924,0.00010988,0.00022726,0.00013477,0.00233401,6.49e-06,0.0003,-0.00082734,0.00023788,0,0.00026421,0.00122982,-6.139e-05,0.0003,-3.807e-05,0.00056749,0.0003,0,5.8e-05,-0.00118046,0.00034095,0.00024805
2025-11-17 00:00:00+00:00,0.0003,-0.00017977,0.0001169,-9.042e-05,0.0003,0.00323323,0.00017289,0.0002882,0,-0.00043684,0.00022361,0,0.00583145,0.00078942,0.00014907,0.00027356,0,0.0003,0.0003,0.00017041,0.00028542,0.0003,-0.00119004,0.00144062,-0.00058285,0.00187392,-7.681e-05,-0.00036748,-0.00055202,0.0003,0,-6.354e-05,-0.00030285,0.00011212,0.00028076,0.00024182,0.00163501,0.00017492,0.0003,-0.00123004,0.00010202,0,0.0003,0.00124533,6.149e-05,0.0003,-0.00048014,0.00300038,0.00029688,0,3.197e-05,-0.00295523,0.00095449,0.00026776
2025-11-18 00:00:00+00:00,0.0003,0.0003,0.00029259,-0.00012814,0.00021812,0.00309141,0.0003,8.858e-05,0,1.896e-05,0.0003,0,0.00542876,0.0012177,0.00021708,8.91e-06,0,0.0003,0.0003,9.639e-05,0.00021751,0.0003,2.427e-05,0.00178561,-0.00159876,0.00248159,-0.00026073,-0.00041979,0.00017501,0.0003,0,0.0003,-1.7e-07,0.00015802,0.00020838,0.00016165,0.00157347,0.00024499,0.0003,-0.00074998,0.0003,0,0.0003,0.00099403,-2.355e-05,0.0003,-0.00119974,0.00196206,0.0003,0,0.00016603,-0.00135729,0.00056333,0.00023725
2025-11-19 00:00:00+00:00,0.00010324,0.00015061,0.0003,-2.918e-05,3.962e-05,0.0019206,0.00023979,4.144e-05,0,4.981e-05,0.0003,0,0.00541997,0.00232857,0.00015578,-0.00015615,0,0.0003,0.0003,0.00023977,0.0003,0.0003,-0.00014769,0.0015937,-0.00051176,0.00224709,2.444e-05,-0.00040278,-0.00022024,0.00026743,0,0.00019781,-0.00045415,0.00020618,0.00017011,0.00025439,0.00204895,0.00014721,0.0003,-0.00023429,0.0003,0,0.00015308,0.00119742,5.707e-05,0.0003,-0.00142975,0.0003,0.0003,0,-6.357e-05,-0.00029918,0.00065199,0.00016488
2025-11-20 00:00:00+00:00,0.0002516,0.00020968,0.0003,0.00016259,0.0003,0.00188152,0.0003,0.0003,0,0.0001752,0.00027075,0,0.00292638,0.00269818,0.00018447,-0.00011729,0,0.0003,0.0003,0.0001578,0.00029252,0.0003,-0.00099647,0.0020997,0.00027783,0.0020632,0.00014024,-0.00119138,0.00018334,0.00024256,0,0.00021283,-0.00076605,0.00014434,0.00012487,0.0003,0.00276768,0.00026841,0.0003,0.00023396,0.0003,0,0.00021711,0.0012774,0.00013148,0.0003,-1.384e-05,0.0003,0.0003,0,0.00012617,0.00026618,0.00135651,0.00023258
2025-11-21 00:00:00+00:00,-7.621e-05,-0.00013288,9.401e-05,-0.00029581,-0.00027829,0.00155503,0.0003,-0.00017379,0,-0.00060799,0.0003,0,0.00239065,0.00198187,-0.0003019,0.00023262,0,0.0002076,0.0003,-0.00013626,0.00024471,-0.00051175,-0.00193336,0.00162488,0.00022154,0.00129127,-0.00024447,-0.00108401,-0.00276038,0.0003,0,-0.00073003,-0.00115065,-1.38e-05,3.95e-05,0.00012391,0.00282229,-3.176e-05,0.0003,-3.364e-05,0.0003,0,-0.00051424,0.0012652,-1.162e-05,0.0003,-0.00018497,0.0003,0.00024088,0,-0.00035345,-0.00062308,0.00061121,0.00011438
2025-11-22 00:00:00+00:00,0.00013921,6.583e-05,0.00028931,-0.00028079,-8.527e-05,0.00081568,7.869e-05,-0.0001982,0,2.81e-05,0.0002491,0,0.00592659,0.00216003,0.0001454,1.748e-05,0,0.0003,0.0003,3.936e-05,0.00022259,-0.00136574,-0.00021232,0.00171575,0.00022682,0.00072617,-0.0007606,-0.00067653,-0.00247368,0.00023025,0,6.775e-05,-0.00155159,7.756e-05,0.00011457,0.0001838,0.00275297,-0.00011639,0.0003,-0.00014288,0.0002736,0,0.00027061,0.00095166,0.00011608,0.0003,-0.00077038,0.0003,0.0003,0,-7.045e-05,-0.00245847,0.00061824,0.00013165
2025-11-23 00:00:00+00:00,0.0003,-0.00069524,0.00026706,-0.00019783,-4.697e-05,0.00377139,0.00028003,-0.0003065,0,0.00019362,0.00017273,0,0.00685226,0.00282796,0.00018832,-1.479e-05,0,0.0003,0.0003,-1.893e-05,0.00021919,0.0003,-0.00103798,0.00164145,0.00018705,0.00160404,-0.00039808,-0.00130673,-0.00455277,0.00022293,0,0.00029397,-0.0006614,-9.611e-05,-6.783e-05,0.00012516,-0.02622632,0.00027707,0.0003,0.00017642,0.00018555,0,0.0003,0.00147082,2.124e-05,0.0003,-0.00048632,0.0003,0.0003,0,-5.728e-05,-0.00095797,0.00046121,3.072e-05
2025-11-24 00:00:00+00:00,0.00029071,-4.551e-05,0.00016228,-9.256e-05,1.848e-05,0.00568485,0.00019463,-0.0001448,0,0.00020366,0.00026681,0,0.006103,0.00242942,0.00018792,6.85e-06,0,0.0003,0.0003,6.046e-05,0.00016693,0.0003,0.00010307,0.00109424,0.0003,0.00361704,0.00016231,0.00018744,-0.00131332,0.00021787,0,0.00024519,-0.00024442,0.00013041,0.00016004,0.00016625,0.0017235,0.00015895,0.00023106,2.419e-05,0.0003,0,0.00027589,0.00055063,-0.00017005,0.0003,-7.362e-05,0.0003,0.0003,0,9.447e-05,-0.00217769,0.00071283,4.904e-05
2025-11-25 00:00:00+00:00,0.0003,-0.00118155,0.0003,-7.344e-05,-5.308e-05,0.00197431,0.00024855,-0.00024144,0,0.0003,0.00025684,0,0.01061814,0.00195367,0.00015034,-0.00097764,0,-0.0002464,0.0003,8.223e-05,4.433e-05,0.0003,0.0002244,0.00122407,0.00022013,0.0031312,0.0002374,0.00029694,-0.00111632,-0.00011469,0,0.0003,8.279e-05,0.00017733,-0.0002357,0.00016467,0.00136501,0.00027004,0.0003,0.00013939,0.0002673,0,-6.5e-07,0.00212153,-0.0008006,0.0003,-0.00023516,0.0003,0.0003,0,9.766e-05,-0.00197276,0.00033936,-6.313e-05
2025-11-26 00:00:00+00:00,0.00025958,-0.00048343,0.0001779,1.925e-05,0.00020986,0.0007687,0.0003,1.362e-05,0,0.00021708,0.0003,0,0.00138195,0.00167925,0.0002123,-0.00209185,0,0.00021683,0.0003,8.795e-05,0.00027146,0.0003,-0.00042133,0.0019161,0.00017656,0.00266917,-0.00017454,0.0003,-0.00061689,0.0003,0,0.00026772,0.00025427,0.00024694,-3.309e-05,0.00023136,0.00381247,0.00026988,0.00035241,0.00015779,0.00014117,0,-0.00089119,0.00248225,-0.00020538,0.0003,-0.00021689,0.0003,0.0003,0,0.00026874,-0.00335375,0.00180865,9.007e-05
2025-11-27 00:00:00+00:00,0.0003,0.00026799,0.0003,8.51e-06,0.00026266,0.00157118,0.00025113,-0.00014022,0,0.00026719,0.0003,0,0.0020964,0.00197127,0.00017711,-0.00058966,0,-0.00016107,0.0003,6.307e-05,0.0003,0.00029594,0.00023694,0.00334348,0.00023874,0.00192046,-1.899e-05,-0.00052842,0.00029388,0.0003,0,0.00012799,0.00024208,0.00013837,0.00024912,0.00029812,0.00842249,0.00019154,0.0003,0.00018687,-3.854e-05,0,-0.00051633,0.00327101,-0.00054582,0.0003,-0.01229332,0.0003,0.0003,0,0.00023139,-0.00208623,0.00085842,4.433e-05
2025-11-28 00:00:00+00:00,0.0003,0.00024468,0.00021671,-0.00010199,-0.00013935,0.00260409,0.0003,-0.0002344,0,0.00026016,0.00054706,0,0.00575061,0.00188615,0.00028021,-4.83e-05,0,0.0003,0.0003,-4.861e-05,0.00023882,-0.00010941,-0.00034726,0.00224303,0.00025259,0.00089398,-0.00461469,-0.00018086,4.8e-07,0.00022768,0,-0.00037269,-7.728e-05,0.00019359,0.00017237,0.00010182,5.356e-05,-0.00024088,-0.00068745,0.00026004,-0.00015142,0,1.37e-05,0.00279953,-0.00073394,0.0003,-0.03998061,0.0003,0.0003,0,4.313e-05,-0.00126691,0.00075478,6.075e-05
2025-11-29 00:00:00+00:00,0.00026696,4.384e-05,5.553e-05,-0.00018504,2.377e-05,0.00161369,0.00012983,-0.00031472,0,0.00016175,0.0003,0,0.00335173,0.00080856,0.00015572,-0.00047071,0,0.0003,0.0003,2.262e-05,0.00011486,2.669e-05,-0.00038669,0.00206004,-0.00237368,0.00114648,-0.00262762,3.047e-05,-0.00362025,0.00023624,0,-0.00038116,-0.00045831,0.00011196,-0.00024072,0.00012294,0.00249038,0.0001721,0,0.00027137,-0.00012626,0,-6.066e-05,0.00228363,-0.00046173,0.0003,-0.01184577,0.0003,0.0003,0,8.88e-05,-0.00109286,0.00084403,2.431e-05
2025-11-30 00:00:00+00:00,0.00015297,0.00010192,-0.0007383,2.982e-05,0.0003,0.00136963,-0.00021062,-5.604e-05,0,-0.00029534,-0.00012346,0,0.00087247,0.00129563,6.66e-05,-0.00075279,0,0.00023746,0.0003,0.00013337,-0.00034828,0.00017282,-0.00030871,0.00095916,-0.00045839,0.00035075,-0.00254637,-0.00054891,-0.00360144,0.0002519,0,6.461e-05,-0.00063109,0.00015296,0.00019715,-2.38e-05,-0.0114073,0.0001175,0,0.00025499,0.00016998,0,-0.00018338,0.00276174,-0.00057463,0.0003,-0.00508556,0.0003,0.0003,0,2.598e-05,-0.00121141,0.00073206,0.00013518
2025-12-01 00:00:00+00:00,0.00022619,-0.00066859,0.00026723,-0.00091189,-0.00027309,0.00150032,-0.00013864,-0.00016022,0,-0.00051714,0.00025749,0,0.00234005,0.00091256,-0.00028216,9.144e-05,0,0.00029592,0.0003,-0.00020236,-0.00134127,2.223e-05,-0.00256571,0.00065418,-0.00053207,-0.00018087,-0.0014979,-0.0016744,-0.00354779,7.852e-05,0,-0.00079566,-0.00072943,-0.00018297,-0.00011916,0.00012413,-0.01536688,-0.00023015,0,0.00011801,-0.00021235,0,-0.00052866,0.00140987,-0.00100714,0.0003,-0.00161616,0.00039661,0.00018248,0,-0.00011181,-0.00066836,0.00037648,8.237e-05
2025-12-02 00:00:00+00:00,0.00026438,-0.00014946,0.0003,-0.00045841,-0.00056834,0.00187689,0.00012687,-0.00028281,0,6.797e-05,-9.334e-05,0,0.0017056,0.00064257,-0.00022954,2.753e-05,0,0.0003,0.0003,-0.0001617,-0.00274344,0.0001593,-0.00029486,0.00037722,7.433e-05,0.00045602,-0.00030033,-0.00065442,-0.00206574,0.00022917,0,0.00023658,-0.00039742,7.363e-05,7.574e-05,0.00021884,-0.05723794,-0.00010606,0,-7.829e-05,0.00026365,0,0.00022416,0.00057897,-0.00030293,0.0003,-0.00364369,0.00047677,0.0003,0,0.0001964,-0.0015681,0.00066443,5.633e-05
2025-12-03 00:00:00+00:00,0.00027249,0.0003,0.0002481,0.00016599,0.0003,0.0034125,0.0003,0.0002815,0,0.00022328,9.04e-06,0,0.00340014,0.0003,0.0003,3.8e-07,0,0.00023427,0.0003,0.00022992,-0.00077768,-0.00111101,-1.741e-05,0.00046285,0.00017961,0.00027956,-3.036e-05,0.00022604,-0.00391764,0.00025286,0,0.0003,0.00025588,0.00025364,0.00016619,-6.992e-05,-0.0910669,0.00027763,0,-5.954e-05,0.0003,0,-4.152e-05,0.0013347,-4.498e-05,0.0003,-0.00379312,0.00059062,0.0003,0,0.00016095,-0.00195201,0.00115067,1.589e-05
2025-12-04 00:00:00+00:00,0.0003,0.0003,0.0003,0.00020184,0.0003,0.00205538,0.0003,-0.00017013,0,0.00028193,0.00025886,0,0.00219223,0.0003,0.00026765,0.00025681,0,0.00025583,0.0003,0.00025487,0.0003,0.00034943,0.00010219,0.00047782,0.0002236,0.0005678,-0.00013187,0.0003,-0.00021211,0.0003,0,0.0003,0.00024841,0.00027604,0.00025366,0.00028659,-0.09090965,0.00029399,0,0.0003,0.0003,0,0.00016966,0.00118428,-0.00012133,0.0003,-0.00581962,0.0005151,0.0003,0,0.00015282,-0.00283185,0.00076746,0.00010968
2025-12-05 00:00:00+00:00,0.00019555,0.00022268,-0.00028412,-8.439e-05,0.00010365,0.00068246,0.00020671,-0.00024157,0,0.00023388,0.00027315,0,0.00381979,0.0009109,0.00020869,6.761e-05,0,0.0003,0.0003,0.00015515,0.00026119,0.00025085,8.378e-05,0.00056965,-0.00013036,0.00169881,-0.00092844,-4.243e-05,-0.00026695,0.00010513,0,0.00022722,-0.00025619,0.00016203,-2.54e-06,6.695e-05,-0.05049909,0.00011262,0,0.0003,0.0003,0,2.345e-05,0.00121773,-0.00074199,0.0003,-0.00492584,0.00076429,0.0003,0,-0.00033941,-0.00270095,0.00087592,0.00010172
2025-12-06 00:00:00+00:00,0.00026729,0.00014506,0.00011311,-0.00057943,-0.00047854,0.0003,0.00021834,-0.00082268,0,0.00016862,0.00011909,0,0.00378434,0.00212515,0.00019627,0.0003,0,0.00026816,0.0003,-0.00017419,0.00017812,0.0003,-6.444e-05,0.0011747,-0.00502256,0.00223739,-0.00087199,5.245e-05,-0.00069271,0.00015567,0,0.00029475,-0.00053168,0.00014707,-0.00021331,-6.281e-05,-0.06908672,3.502e-05,0,0.00023054,0.00025143,0,0.0003,0.00107701,-0.00063498,0.0003,-0.00302082,0.00106214,0.0003,0,-8.057e-05,-0.00231894,0.00112593,3.79e-05
2025-12-07 00:00:00+00:00,0.00019421,0.00022262,0.0003,3.32e-06,2.879e-05,0.00084296,0.0003,-0.00025739,0,0.00023185,-0.00010834,0,0.00495779,0.00173667,7.986e-05,0.0003,0,6.548e-05,0.0003,1.63e-06,-0.00013967,0.00016206,-0.00116039,0.00095653,-0.00153193,0.00185626,-0.0001318,-0.00093778,-0.03822565,0.00021614,0,0.00021515,-0.00259716,0.00016523,-5.896e-05,0.00015354,-0.03554265,0.00012046,0,0.00025566,0.00015902,0,0.0003,0.001256,-0.00060652,0.0003,-0.00207969,0.00104539,0.0003,0,0.00028657,-0.00149815,0.00108534,0.0001107
2025-12-08 00:00:00+00:00,0.00029816,0.00017272,0.00011392,5.734e-05,0.00011115,0.00058232,0.0003,0.00022366,0,0.00017037,0.00018869,0,0.00394058,0.00057093,0.0002419,0.00015811,0,0.0003,0.0003,0.00015695,0.0003,0.00039384,8.663e-05,0.00039294,-0.00256573,0.00118268,-0.00022983,-0.00076808,-0.01689718,0.00016574,0,0.00020935,-0.00021621,0.00020976,7.318e-05,0.00016777,-0.00693156,0.00018505,0,0.00022806,0.00023818,0,0.00029182,0.0004461,-0.00019114,0.0003,-0.00512676,0.0003,0.0003,0,0.00010787,-0.00187394,0.00147016,9.401e-05
2025-12-09 00:00:00+00:00,0.0003,0.00019571,0.00027801,9.463e-05,-9.7e-05,0.00124477,0.00018204,0.00012817,0,0.00027228,0.00010341,0,0.00258255,0.00155893,0.00024183,-0.00085807,0,0.00028323,-4.204e-05,0.00021257,0.0002899,-0.00012059,0.0003,0.00038817,2.953e-05,0.00065327,0.00012116,0.00024291,-0.0016845,0.0003,0,9.904e-05,0.00013549,0.0002038,0.00021911,0.00025624,0.00607671,0.0001869,0,0.00028476,0.00016411,0,0.0002548,0.00032022,-0.00012768,0.0003,-0.00324016,0.00075044,0.0003,0,0.00021241,-0.00045815,0.00175872,0.00012674
2025-12-10 00:00:00+00:00,0.00024337,-7.21e-06,0.0003,-3.318e-05,-1.611e-05,0.00213715,-1.648e-05,-0.00023517,0,0.00022996,-0.00015189,0,0.0018404,0.00130419,0.00022093,-0.00181459,0,0.0003,0.0003,7.925e-05,0.00026475,1.45e-06,-0.00027159,0.00030182,-0.00025975,0.00181212,0.00015422,0.0003,-0.00311414,5.181e-05,0,-4.599e-05,6.772e-05,9.929e-05,0.00018103,0.00019548,0.00454529,-1.97e-05,0,0.00028715,-6.3e-07,0,6.068e-05,0.000717,-0.00022286,0.0003,-0.00586335,0.0003874,0.0003,0,5.501e-05,-0.00059219,0.00220872,7.978e-05
2025-12-11 00:00:00+00:00,-0.00028399,-0.00076238,-0.00165885,-0.00044793,-0.0001916,0.00145605,-0.00050083,-0.00043473,0,-0.00013237,2.911e-05,0,0.0013156,0.00137683,-0.0002498,-0.00145461,0,0.00027838,0.00010485,-0.00011527,-0.00026452,0.0003,-0.00087272,0.0003,-6.445e-05,0.0008957,-0.00113787,-0.00137516,-0.00286197,6.388e-05,0,-0.00021197,-0.00054605,-0.00014574,-0.00063838,-8.226e-05,0.00397186,-0.00010043,0,0.00015803,-0.0001374,0,-0.00021488,0.00066331,-0.00085989,0.00020225,-0.00179659,0.0003,0.00026284,0,-0.00041196,-0.0010878,0.00205961,7.113e-05
2025-12-12 00:00:00+00:00,0.00027823,-4.982e-05,0.0003,0.00010827,0.00020243,0.00162106,-9.859e-05,0.00010651,0,0.00010213,7.982e-05,0,0.00148946,0.00081186,2.074e-05,-0.0005332,0,0.00025028,0.0003,0.00012247,0.00028593,0.00123833,-0.00016922,0.0003,-0.00014805,0.00055838,-0.00021268,-0.00049073,-0.00248011,0.0002646,0,0.0003,-0.00045249,0.00017533,1.005e-05,0.0003,-0.00050905,4.579e-05,0,-0.00020307,0.00024364,0,0.00022852,0.00030063,-0.00034905,0.00027659,-0.00124737,0.0003,0.0003,0,1.543e-05,-0.00164732,0.00243427,0.00014995
2025-12-13 00:00:00+00:00,0.0002953,7.612e-05,0.0003,-5.577e-05,-1.57e-06,0.00095566,0.0003,1.87e-06,0,-0.00018264,0.0003,0,0.00099466,0.00107271,0.00012638,0.00014806,0,0.0003,0.0003,4.674e-05,0.0003,0.0003,-0.00081749,0.0003,0.00021737,0.00131236,-0.0001705,-0.00141631,-0.00130783,0.00027239,0,0.00020012,-3.277e-05,0.00015791,0.00015618,0.00022018,-0.00309638,6.167e-05,0,0.00027931,-8.38e-05,0,0.00014361,0.00033712,-0.00038887,0.0003,-0.00736836,0.00040423,0.0003,0,0.00011401,-0.00062847,0.00224996,0.00012182
2025-12-14 00:00:00+00:00,0.0003,-0.00025091,-0.00011102,-2.94e-05,0.00013189,0.00123777,0.0003,-9.596e-05,0,1.36e-05,-6.808e-05,0,0.00040542,0.00144115,3.48e-06,-4.252e-05,0,0.00028971,0.0003,0.00013194,0.0003,0.00022562,0.00027313,0.0006346,2.339e-05,-0.00039625,-0.00023643,-0.00048853,-0.00072416,0.00024245,0,0.00014399,-0.00011274,9.684e-05,1.038e-05,0.00015527,-0.0028435,-0.00012439,0,0.0003,-3.28e-06,0,2.769e-05,0.0003,-0.00065804,0.0003,-0.01211935,0.00032096,0.0003,0,0.00012486,-0.00080873,0.00211714,0.00016671
2025-12-15 00:00:00+00:00,0.00016976,-0.00072561,-6.877e-05,-0.00055748,-2.033e-05,0.00142885,-0.00128282,-0.00025199,0,-1.269e-05,0.0001391,0,0.00054284,0.00058851,-0.0001531,-0.00072521,0,0.00021098,0.0003,-3.289e-05,1.896e-05,0.0003,-0.00105913,0.00092302,-0.000117,0.00165083,-0.00039701,-0.00063186,-0.00110942,0.0001684,0,-5.523e-05,-0.00023278,0.00010074,-5.52e-06,-1.849e-05,-0.0125082,-0.00024022,0,0.00013254,0.00011353,0,0.00022029,0.0018995,-0.00046051,0.0003,-0.00346298,0.0003,0.0003,0,-8.396e-05,-0.00067231,0.00208704,2.378e-05
2025-12-16 00:00:00+00:00,0.00022177,-0.00044311,0.00011266,-0.00067282,-0.00045948,0.00043475,6.674e-05,-0.00042327,0,0.00022342,0.0003,0,0.00115259,0.0007026,-0.00015948,0.00024668,0,0.0003,0.0003,-7.425e-05,0.00020548,0.0003,-0.00235157,0.00045749,0.00021273,0.00236132,-0.00072759,-0.00102041,-0.00057435,0.00027575,0,5.575e-05,-0.00034946,4.435e-05,8.824e-05,0.00018964,-0.17712852,6.43e-06,0,0.0001224,0.00025415,0,0.00026205,0.00064881,-0.0004888,0.0003,-0.00211903,0.0003,0.0003,0,-0.0002716,-0.00040006,0.0008385,0.00012906
2025-12-17 00:00:00+00:00,0.00014062,-0.00062641,-4.031e-05,-0.00015786,-6.036e-05,0.0003,0.00028204,-0.00016948,0,0.00011444,0.0003,0,0.00123524,0.00136981,6.849e-05,1.304e-05,0,0.0003,0.00027999,0.00016704,5.441e-05,0.00035279,-0.00057187,0.0003,0.00014874,0.00230098,-0.00041003,-0.00100568,-0.00061477,7.627e-05,0,0.00015886,-0.00053535,6.269e-05,8.03e-05,9.908e-05,-0.08020694,-0.00010391,0,-0.0004367,0.0003,0,0.0002143,0.00038271,-0.00037253,0.0003,-0.00175042,0.0004003,0.0003,0,0.00021048,-0.00026266,0.00083884,0.00021125
2025-12-18 00:00:00+00:00,0.00018336,-0.00064558,-0.00031175,-0.0007664,-0.00041077,0.00074598,-9.32e-05,-0.00048594,0,-6.791e-05,0.00029729,0,0.00048381,0.00148165,-0.00039297,-0.00061244,0,0.0003,0.00029968,6.72e-06,1.82e-05,0.00026526,-0.00067045,0.0003,-0.02105367,0.00188114,-0.00123305,-0.00202745,-0.00206676,0.00017131,0,-0.00035759,-0.00080971,-0.00016476,-8.878e-05,-7.723e-05,-0.02116767,-4.32e-06,0,-0.00104579,0.00028347,0,0.00010195,0.00074997,-0.00081172,0.0003,-0.00132473,0.00030485,0.00027224,0,-0.0002662,-0.00127555,0.00115867,0.00013718
2025-12-19 00:00:00+00:00,0.0003,5.502e-05,0.00019177,-0.00029055,0.00029227,0.00168046,0.0003,-0.00023104,0,0.00023636,0.00017937,0,0.00148478,0.00067613,0.0002397,6.855e-05,0,0.00055465,0.0003,0.00012712,-5.463e-05,0.00023496,9.283e-05,0.0003,-0.00504165,-0.00014362,-0.00092186,-4.619e-05,-0.00265956,0.0003,0,0.0002361,5.014e-05,0.00016293,0.00022724,0.00015826,-0.02593098,0.00029211,0,0.00020373,0.0003,0,0.00026436,0.00132571,-0.00011541,0.0003,-0.00427776,0.00041741,0.0003,0,9.596e-05,-0.00073811,0.00084315,0.00025491
2025-12-20 00:00:00+00:00,0.00022871,0.00027188,0.0003,4.57e-06,0.00023127,0.0003,0.0003,-0.0001878,0,0.00021406,0.0003,0,0.00176701,0.00192806,8.16e-05,-0.00106813,0,0.0003,0.0003,0.00017896,0.00019117,0.0003,6.751e-05,0.0003476,-0.00226907,0.0003,-0.00091652,-0.00013921,-0.00334152,0.00024624,0,-0.00015222,0.00018246,5.252e-05,0.00023332,-0.00012386,-0.00909814,0.00021597,0,-0.00012494,0.0003,0,-9.344e-05,0.00039044,-0.00024869,0.0003,-0.00488526,0.00059677,0.0003,0,-2.634e-05,-0.00057817,0.00127793,0.00018405
2025-12-21 00:00:00+00:00,-0.00040468,3.425e-05,1.17e-05,-0.00073346,0.00016065,0.0003619,0.0003,-0.00059998,0,1.89e-05,0.00039589,0,0.00082138,0.00069165,0.00025379,-0.00073352,0,0.0003,0.0003,0.00011101,0.00025621,0.0003,0.0003,0.0003,-0.00184908,0.00029342,-0.00212399,9.164e-05,-0.00351522,0.00020999,0,-0.00049369,-0.00033452,3.69e-06,9.177e-05,0.0003,-0.04436106,-0.00011115,0,-0.00075183,0.00026658,0,0.00023987,0.00076125,-0.00036917,0.0003,-0.00325086,0.00035584,0.0003,0,-0.00052893,-0.00025494,0.00197733,0.00022532
2025-12-22 00:00:00+00:00,0.00026886,0.00012284,0.0003,-0.00043802,4.42e-06,0.0012611,0.0003,-0.00046811,0,0.0001748,0.0003,0,0.0015124,0.0009837,0.0003,0.00013304,0,0.00030274,0.00028674,5.526e-05,0.00011054,0.0003,-0.00076602,0.0003,-0.00244902,0.000114,-0.0015046,0.00026878,-0.00267036,0.0002803,0,-5.339e-05,-0.00020369,0.0001355,0.00020987,0.0003,-0.02322385,-0.00018729,0,-0.00018687,0.00028431,0,1.513e-05,0.00048006,-0.00048464,0.0003,-0.00333095,0.0003,0.0003,0,-0.00029383,-0.0004911,0.00170393,0.00015567
2025-12-23 00:00:00+00:00,0.00019643,-0.00041789,0.00018759,-0.00016512,0.00010359,0.00266644,8.96e-05,-0.00044494,0,0.00010163,0.00022435,0,0.00171327,0.00091468,0.00027124,-5.951e-05,0,0.0003,0.0003,6.634e-05,-0.00020993,0.00025146,-2.924e-05,0.00030764,-0.00052981,-0.00026277,-0.00192363,0.00015321,-0.00197865,0.00023221,0,-7.716e-05,-0.00033076,9.778e-05,-0.00011871,7.085e-05,-0.00159062,0.00021678,0,-0.00031802,-6.524e-05,0,9.727e-05,0.00175365,-0.00090007,0.0003,-0.0026739,0.00052016,0.0003,0,-0.00040251,-0.00012934,0.00170799,9.659e-05
2025-12-24 00:00:00+00:00,0.0003,0.00011106,-0.00014675,-9.574e-05,1.745e-05,0.00138937,-0.00031433,-0.00041425,0,-0.00023147,0.00023963,0,0.00097818,0.0003929,0.00029543,0.0003,0,0.0003,0.0003,9.503e-05,-0.0002687,0.0003,-0.00052954,0.0003,-0.00237325,0.00086833,-0.00141179,-0.00028278,-0.00321553,0.00028966,0,0.00027565,-0.00030622,0.00021478,3.147e-05,0.00024604,-0.03265044,-0.00018098,0,-0.00011225,0.0001166,0,0.00016129,0.0006277,-0.00063504,0.00028062,-0.00209703,0.0003,0.0003,0,-0.00016512,0.00022193,0.00092817,0.00024382
2025-12-25 00:00:00+00:00,0.0003,9.695e-05,0.0003,3.433e-05,0.00023391,0.0003,0.0003,1.604e-05,0,5.8e-05,0.0003,0,0.00101337,0.0003,0.0003,0.0003,0,0.0003,0.0003,0.00014206,0.0003,0.0003,0.00025484,0.0003,-0.0014568,0.00068108,-0.00036863,0.00026627,-0.0016629,0.0001792,0,0.0003,0.00012542,8.871e-05,0.00026565,0.0003,-0.02037592,0.0003,0,0.0003,0.0003,0,0.00029389,0.00034348,-0.0001821,0.00017256,-0.00121683,0.0003,0.0003,0,-9.584e-05,0.00013238,0.00096747,0.00022228
2025-12-26 00:00:00+00:00,0.0003,-7.068e-05,0.0003,-0.00025617,0.00018877,0.0012806,0.00022386,-0.00056019,0,-0.00028705,0.00022548,0,0.00117388,0.00035038,0.00021082,0.0003,0,0.0003,0.0003,7.369e-05,0.00011668,0.0003,0.00029229,0.00030014,-0.00748021,0.00055155,-0.00234933,0.0003,-0.00147441,0.00015597,0,0.00028487,7.122e-05,8.946e-05,0.00024845,0.0003,-0.0284678,0.00014391,0,0.00015715,0.0003,0,8.394e-05,0.00042402,-0.00032621,0.00019586,-0.00118831,0.0003,0.0003,0,-0.00021317,0.00023018,0.00067503,0.00019805
2025-12-27 00:00:00+00:00,0.0003,0.00025246,0.0003,-0.00030069,0.0003,0.00155802,0.0003,3.173e-05,0,-3.058e-05,0.0004129,0,0.00182987,0.00044266,0.00022676,0.0003,0,0.0003,0.0003,-9.59e-06,0.0003,0.0003,0.0003,0.0003,-0.00203866,0.00127536,-0.00055876,0.00015089,-0.00150462,0.00027786,0,0.0003,-0.00020594,0.00022596,0.00024454,0.0003,-0.02410098,0.00025609,0,7.272e-05,0.0003,0,0.00014371,0.00036448,-0.00026359,0.00021659,-0.00092158,0.0003,0.0003,0,-0.00014414,1.062e-05,0.00088634,0.00010447
2025-12-28 00:00:00+00:00,0.0003,0.00018438,0.00017023,-1.674e-05,0.0003,0.00172348,0.00027079,-0.00013766,0,-0.00069448,0.00050711,0,0.00174074,0.00035509,0.00029583,0.0003,0,0.0003,0.0003,0.00014596,-2.463e-05,0.0003,0.0003,0.00030697,-0.00073965,0.00309428,8.372e-05,-0.00023288,-0.00061642,0.00021444,0,9.13e-05,-0.00013146,0.00028395,0.00023982,0.0003,-0.02597035,0.00013294,0,0.00016355,0.0003,0,0.0003,0.00034615,-0.00033621,0.00019105,-0.00234799,0.0003,0.0003,0,-0.00021262,0.00014144,0.0007222,0.00017383
2025-12-29 00:00:00+00:00,0.0003,0.00013125,0.00019304,-0.00047812,1.468e-05,0.00273388,0.00019774,5.774e-05,0,-0.00069718,0.0003,0,0.00140617,0.0008967,-0.00015012,0.00011712,0,0.0003,0.00027073,8.514e-05,-0.00133267,0.00017135,0.0003,0.0003,-0.0003513,0.00156989,-0.00052109,-0.00090163,-0.00113089,0.00026947,0,8.223e-05,-0.00033271,0.00026493,8.099e-05,0.0003,-0.02970191,2.943e-05,0,0.00019803,0.000252,0,7.913e-05,0.00043574,-0.00037685,0.0003,-0.00190432,0.0003,0.00010187,0,-0.00103435,5.169e-05,0.0003,0.00024826
2025-12-30 00:00:00+00:00,0.0003,-0.00039458,-0.00011936,-0.00098229,-0.00017268,0.00263453,-0.00034602,-0.00069787,0,-0.00015697,0.00050415,0,0.00144015,0.00103399,-0.00082062,8.258e-05,0,0.0003,0.0003,-4.651e-05,-0.00108807,0.00027738,0.0003,0.00047256,0.0003,0.00037893,-0.00014772,-0.00141183,-0.00131105,0.00014762,0,-0.0001371,-0.00077266,0.0001512,-7.469e-05,0.00023474,-0.0213359,-0.00033702,0,0.00028813,0.00021517,0,0.00024955,0.0009167,-0.00011402,0.00019543,-0.00487046,0.0003,0.0003,0,-0.00149957,6.98e-06,0.00043529,0.00022958
2025-12-31 00:00:00+00:00,0.00018852,-0.00069292,4.506e-05,-0.00014002,0.00016731,0.00117551,0.00022355,-0.00092344,0,0.00014324,0.00019122,0,0.00223207,0.00033255,-0.00105015,0.0003,0,0.0003,0.0003,-7.886e-05,-0.00110686,0.0003,0.0003,0.00045886,0.00020309,-0.00088462,-0.00032446,0.00025219,-0.00166495,-0.00130847,0,-0.00030185,-0.00029915,0.00012479,0.0001967,0.00022449,-0.01521176,-1.095e-05,0,0.00010811,0.00026974,0,0.00024301,0.00100715,-0.0002479,-0.00433402,-0.00234917,0.0003,0.0003,0,-0.00192595,0.00025933,0.00048352,8.125e-05
2026-01-01 00:00:00+00:00,0.0003,5.048e-05,0.00028219,-0.00022517,0.00017706,0.00136322,0.00029808,3.798e-05,0,0.00016003,0.00023716,0,0.00352817,0.00042052,-0.00015809,0.0003,0,0.0003,0.0003,-2.111e-05,3.629e-05,0.0003,0.0003,0.00108021,0.00024797,0.00029964,-0.00106502,0.00019709,-0.00043221,-0.00303467,0,0.00016187,0.0003,0.00022906,0.0001066,0.00015552,-0.0072582,0.00022191,0,0.00028986,0.00028067,0,0.00020572,0.00093679,-0.00108585,0.0003,-0.00169569,0.00050245,0.0003,0,-0.00038503,0.0003,0.00048363,0.00021711
2026-01-02 00:00:00+00:00,0.0003,0.0003,0.0003,1.623e-05,0.0003,0.00111055,0.00034593,6.43e-06,0,0.0003,-0.00027318,0,0.00497248,0.00043235,0.00026981,0.0003,0,0.00037269,0.00024508,0.0003,0.0003,0.00041247,0.0003,0.00054045,0.00021026,0.0003,-0.00089137,0.00025228,8.528e-05,0.0003,0,0.00026105,0.0003,0.0003,0.00029212,0.0003,-0.0118265,0.00015132,0,0.00028822,0.00029953,0,0.00015939,0.00085763,0.00012401,0.0003,-0.00018294,0.0003,0.0003,0,0.0003,0.00024838,0.00121938,0.0001464
2026-01-03 00:00:00+00:00,-0.00022496,0.0003,0.0003,0.00020057,0.0003,0.00287081,0.00010905,3.24e-06,0,0.00023875,9.13e-06,0,0.0036845,0.00081373,-6.376e-05,0.0003,0,0.00049265,0.0003,0.0003,0.00022314,0.00071954,0.0003,0.00086316,0.00023722,0.00049531,-0.0007096,0.00020091,0.00011655,0.0003,0,0.0003,0.00010565,0.00020736,0.00022316,0.0003,-0.00355832,0.0003,0,0.0003,0.0003,0,0.00012739,0.00125514,0.00024927,0.0003,-0.00016128,0.00034874,0.0003,0,0.0003,0.00016257,0.00121301,0.00011103
2026-01-04 00:00:00+00:00,-6.254e-05,0.0003,0.0003,9.752e-05,0.00027261,0.00264677,0.00022266,-5.687e-05,0,0.0003,0.0002654,0,0.00336911,0.00133874,0.0003,0.0003,0,0.00090687,0.0003,0.0003,0.00021569,0.00050385,0.00010075,0.00120971,0.00017488,0.00049452,-0.00103185,0.0003,6.425e-05,0.0003,0,0.0003,0.0003,0.0003,0.00019221,0.0003,-0.02582866,0.00016821,0,0.00029956,0.0003,0,5.27e-05,0.0014806,-0.00043551,0.0003,-0.00031664,0.0003,0.00032312,0,0.00013678,-0.00022913,0.00071986,0.00019737
2026-01-05 00:00:00+00:00,-0.00021427,0.00021799,0.0003,0.00028977,0.0003,0.00104591,7.62e-06,3.655e-05,0,0.00027985,0.00022765,0,0.0027114,0.00144293,0.00028326,-7.416e-05,0,0.00107066,0.0003,0.00019172,-1.25e-06,0.00025086,0.00018357,0.00041082,0.0003,0.00022988,-0.0003617,0.0003,-0.00046207,0.0003,0,0.0003,0.00018543,0.00023622,9.59e-06,0.00027137,-0.11305667,0.00019981,0,0.0003,0.00026039,0,0.00029488,0.00081749,-0.00078588,0.0003,-0.00025815,0.0003,0.0003,0,0.0003,0.00019897,0.00088525,0.00021846
2026-01-06 00:00:00+00:00,0.00020818,-4.642e-05,0.0003,7.435e-05,0.00020244,0.00076246,-0.00013368,3.024e-05,0,0.00018137,0.0003,0,0.00323659,0.00153494,0.00028589,0.0003,0,0.00057471,0.00029903,0.00017787,0.0003,0.0003,0.00013777,0.00104515,0.0003,0.0014961,-0.00052279,0.0003,-0.00021175,0.0003,0,0.00028622,0.0001872,0.00025918,-4.385e-05,0.0003,-0.04486169,9.902e-05,0,0.0003,0.00027037,0,0.0003,0.0009758,-0.0001871,0.0003,9.784e-05,0.0003,0.0004227,0,0.0003,0.00012562,0.00184109,4.131e-05
2026-01-07 00:00:00+00:00,0.00027673,0.0003,0.0003,0.00021045,0.0003,0.00053223,-0.00015607,0.0003,0,0.00022944,-0.00016321,0,0.00324719,0.00092367,0.00023463,0.0003,0,0.00069717,0.00029236,0.00017874,0.0003,0.0003,0.0003,0.00040401,0.0003,0.00133962,-0.00037394,0.0003,-0.00015368,0.0003,0,0.00017596,1.383e-05,0.00026513,0.00021304,0.0003,-0.04901799,5.198e-05,0,0.0003,3.555e-05,0,0.0003,0.00050784,-0.00035499,0.0003,0.00019653,0.0003,0.0003,0,0.00014811,0.00016391,0.00103486,0.00019467
2026-01-08 00:00:00+00:00,0.0003,0.00028703,0.0003,0.00022857,0.0002187,0.00114813,0.00022835,0.0003,0,6.348e-05,0.00014841,0,0.00122117,0.00084886,0.00022549,0.0003,0,0.00075461,0.00022726,0.0001529,0.00028101,0.0003,0.0003,0.00167585,0.0003,-5.584e-05,-0.00013508,0.0003,0.00025389,0.0003,0,0.00020374,1.491e-05,0.00016033,0.0002423,0.0003,-0.01032488,0.00013409,0,0.0003,0.00018934,0,0.0003,0.00053128,-0.00054433,0.0003,-0.00010641,0.0003,0.0003,0,0.00019492,-4.204e-05,0.00061017,0.00025129
2026-01-09 00:00:00+00:00,0.00017807,0.00022516,0.00011367,4.185e-05,0.00010254,0.0025631,0.0003,0.00013577,0,2.645e-05,0.0003,0,0.00128795,0.00090146,5.165e-05,0.00019975,0,0.00047726,0.0003,7.469e-05,0.0003,0.00028525,0.00022732,0.00041548,0.0003,0.00042458,-0.00063879,0.0003,5.415e-05,0.0003,0,0.00025453,0.00024827,3.947e-05,1.004e-05,0.0003,-0.01386113,0.00015655,0,0.00029025,0.0003,0,0.00025167,0.00049298,-0.00049753,0.0003,-1.491e-05,0.0003,0.0003,0,4.066e-05,-0.00127215,0.00111705,4.663e-05
2026-01-10 00:00:00+00:00,0.0003,0.00024843,0.00010339,4.475e-05,0.00013182,0.00328127,0.0003,0.00022065,0,0.0002054,0.0003,0,0.00200202,0.00114042,-0.0001296,0.00021114,0,0.00045433,0.0003,6.256e-05,0.0002592,-2.61e-06,0.0003,0.00059108,0.0003,0.0003,-0.00031963,0.0003,5.298e-05,0.00029531,0,0.00028695,7.815e-05,0.00019516,6.755e-05,0.0003,-0.01191064,0.00023549,0,0.0002989,0.00026234,0,0.00028651,0.00070305,-0.00019366,0.0003,-0.00011539,0.00034039,0.0003,0,0.00018061,-0.00013839,0.00159575,0.00019535
2026-01-11 00:00:00+00:00,0.0003,0.00023223,0.00013211,-3.93e-06,0.00016967,0.00311013,0.0003,0.00011642,0,0.00024205,0.0003,0,0.00117771,0.0017329,4.743e-05,0.00028707,0,0.00067586,0.0003,0.00010146,-8.88e-06,0.0003,0.00031009,0.00037393,0.0003,0.0003,-0.0006814,-0.00019915,0.00023439,1.049e-05,0,0.00012811,0.00016575,4.868e-05,0.0001864,0.00019443,-0.01779703,6.35e-06,0,0.0003,0.000182,0,0.00020508,0.00149658,-0.00020939,0.0003,1.859e-05,0.00050269,0.00038116,0,0.00012233,-0.00017773,0.00021538,0.00015081
2026-01-12 00:00:00+00:00,0.0003,2.279e-05,0.00012843,7.888e-05,0.00018308,0.00324542,0.00024288,-0.00012154,0,4.611e-05,0.0003,0,0.003381,0.00138514,-0.00022194,0.00014122,0,0.00048846,0.0003,3.048e-05,0.00023006,0.00026813,0.00031324,0.00030993,0.0003,0.00176056,-0.00173822,-6.132e-05,-0.00022855,0.00025227,0,1.038e-05,0.00014344,3.578e-05,-4.742e-05,0.0003,-0.05588716,0.00026359,0,0.0003,0.00014973,0,-2.649e-05,0.00279424,-0.00081319,0.0003,-7.169e-05,0.0007578,0.00035432,0,-0.00012754,-0.00014819,-0.00025321,9.365e-05
2026-01-13 00:00:00+00:00,0.0003,0.00017658,0.00019486,0.0001716,0.0002653,0.00231336,0.0003,0.0003,0,0.00010774,0.0003,0,0.00243036,0.00037241,0.00026166,0.0003,0,0.0003,0.0003,0.00017087,0.00026614,0.0003,0.00031975,0.00034988,0.0003,0.00282314,-0.00055851,0.00029605,0.00025138,0.0003,0,0.00027775,0.00026419,0.00018453,0.00013947,0.0003,-0.01598746,0.00020914,0,0.0003,0.00015813,0,0.00019545,0.00158734,-0.00012197,0.0003,0.00011337,0.00096159,0.00054387,0,0.00017543,0.00018337,-0.00020049,0.00015528
2026-01-14 00:00:00+00:00,0.0003,9.778e-05,0.0003,0.00016814,0.0003,0.00167144,0.0003,8.487e-05,0,0.0003,0.0003,0,0.00291379,0.00072232,0.00023841,4.01e-06,0,0.00037393,0.0003,0.00028885,0.0003,0.00030407,0.00069633,0.00044353,0.0003,0.00069329,-0.00012969,0.0003,0.0003,0.00019802,0,0.0003,0.00029222,0.00027916,0.00017439,0.0003,-0.03951862,0.0003,0,0.0003,7.088e-05,0,0.00026497,0.0014442,0.00025756,0.0003,0.0002605,0.00096744,0.00043292,0,-8.644e-05,0.00023845,0.0003,6.702e-05
2026-01-15 00:00:00+00:00,0.00016529,-0.00021922,0.00029931,-8.661e-05,-6.984e-05,0.00215155,0.0003,0.00024583,0,0.00022604,0.0003,0,0.0025226,0.00123259,-0.00010937,-0.00100262,0,0.00048137,0.0003,5.866e-05,0.0003,-8.169e-05,0.00032941,0.0003,0.0003,0.00051207,-0.00049461,0.00027396,0.00016454,0.00028616,0,4.189e-05,-2.004e-05,0.00022689,6.233e-05,0.0003,-0.02190592,1.115e-05,0,0.00025458,-0.00010099,0,-0.00023237,0.00129845,-0.00023585,0.0003,-0.00020597,0.0003,0.0003,0,0.0002976,-0.0005861,0.0003,2.908e-05
2026-01-16 00:00:00+00:00,0.00022434,-0.00035356,0.00010212,-0.00026323,8.31e-06,0.00330814,0.0003,-0.00014083,0,0.00011834,0.0003,0,0.00110604,0.00055207,3.975e-05,0.00025873,0,0.00054884,0.0003,-9.03e-06,0.0003,-4.403e-05,0.0003,0.00030178,0.0003,0.00070719,-0.00061801,-0.00023308,-0.00107756,0.0002848,0,0.00022117,0.00022887,6.735e-05,-0.00020548,3.101e-05,-0.00808133,5.258e-05,0,0.00012094,6.481e-05,0,4.033e-05,0.00066168,-0.00046439,0.0003,-0.00060197,0.00056948,0.0003,0,0.00017584,-0.00030198,0.0003,0.00017172
2026-01-17 00:00:00+00:00,0.00029079,0.00016542,0.0003,-7.232e-05,-6.738e-05,0.00265093,0.0003,0.00018337,0,8.63e-06,0.0003,0,0.00036126,0.00089918,0.00013571,0.00024335,0,0.0003,0.0003,-6.601e-05,0.0003,0.0003,0.0003,0.0003,0.0003,0.00266868,-0.00108686,9.418e-05,-0.00011274,0.0003,0,0.00022194,0.00022529,0.00026186,0.00026968,0.0003,-0.00470326,0.0001981,0,-0.0005587,-0.00017468,0,0.00027766,0.0005713,-0.00022258,0.0003,-6.918e-05,0.00081508,0.00031887,0,0.00024234,-0.00056923,0.0003,5.805e-05
2026-01-18 00:00:00+00:00,0.00029284,-0.00066617,0.0002619,-0.00042737,-0.00019299,0.00081635,0.0003,-6.289e-05,0,-0.00012866,0.00014391,0,0.00089787,0.00050907,-0.00022466,0.0003,0,0.0003,0.0003,1.994e-05,0.00022085,0.00020032,0.0003,0.0003,0.0003,0.00161522,-0.00068588,0.0003,-0.00037057,0.0003,0,-0.0002177,0.00014024,0.00014796,5.796e-05,0.0003,-0.02087235,-2.936e-05,0,-0.00019775,3.502e-05,0,-7.607e-05,0.00035357,-0.00081129,0.0003,-0.000875,0.00075522,0.0003,0,6.286e-05,-5.275e-05,0.0003,0.0001969
2026-01-19 00:00:00+00:00,2.26e-05,-0.00055965,-0.00086635,-0.00092864,-2.603e-05,0.0009512,-0.00108299,-0.00010111,0,0.00013723,0.00012999,0,0.00122707,0.00162976,-0.00047917,-0.00088407,0,0.0003,0.0003,-1.635e-05,-0.00092474,0.00013803,-0.00060936,0.0003,0.00029446,0.00020585,-0.001532,-0.00017395,-0.00942084,0.0003,0,0.0001857,-0.00068082,3.905e-05,-0.00013921,-0.00024796,-0.01754518,-7.93e-06,0,-0.00049187,0.00014017,0,-0.00062693,0.0003,-0.00055461,0.0003,-0.00156103,0.0003,0.0003,0,-0.00018522,-0.00044225,0.0003,7.91e-05
2026-01-20 00:00:00+00:00,0.00029485,-1.605e-05,0.0003,-0.00016397,0.00026632,0.00076699,-0.00055074,0.00024356,0,0.00015228,-2.436e-05,0,0.00526437,0.00293974,-0.00050323,-8.693e-05,0,0.0003,0.0003,0.00013194,-0.00028312,0.0003,3.907e-05,0.0003,0.00018661,0.00081608,-0.01773811,0.00014486,-0.00695847,0.00019467,0,0.00020434,-0.00022345,6.576e-05,0.00019687,-4.8e-07,-0.00211007,6.985e-05,0,7.812e-05,0.00025995,0,3.617e-05,0.0003,-0.00060449,0.0003,-0.00089199,0.00101827,0.0003,0,6.855e-05,-0.00110446,0.0003,0.00022097
2026-01-21 00:00:00+00:00,0.0003,-2.974e-05,0.0002059,4.944e-05,0.00014987,0.00103455,0.0003,0.0001702,0,0.0002736,0.0003,0,0.00874753,0.00136412,-8.101e-05,-2.288e-05,0,0.0003,0.0003,-9.79e-06,0.00025749,0.0003,-0.00020473,0.0003,0.00016104,0.0053104,-0.01819367,0.00017271,-0.00459646,0.00023392,0,0.0003,-0.00015144,6.57e-06,0.00011718,0.00027595,0.00036901,0.00013242,0,-0.00036058,0.0002545,0,-0.00028299,0.00040573,-0.00042743,0.0003,-0.00070633,0.00080404,0.0003,0,2.866e-05,-0.00030717,0.0003,0.00018465
2026-01-22 00:00:00+00:00,0.0003,0.00013493,0.0003,-0.00021126,-4.281e-05,0.00153557,0.0003,0.0001274,0,0.00023741,0.00019275,0,0.00367776,0.00268509,-0.00016305,-0.00048591,0,0.0003,0.0003,0.00012969,0.0003,0.0003,-0.00014497,0.0003,0.00021865,0.00062261,-0.00160964,0.0002963,-0.00337289,0.00026262,0,0.00026154,-0.00022019,-1.09e-05,-3.817e-05,0.0003,-0.00468205,0.00010559,0,-0.00010912,-0.00012926,0,7.3e-06,0.00045546,-0.00013656,0.0003,-0.00058424,0.0003,0.0003,0,-0.00019212,-0.00025321,0.0003,0.00020884
2026-01-23 00:00:00+00:00,0.0003,0.00013927,0.00029708,-0.00034577,0.00018888,0.0003,0.0003,0.00021103,0,0.00019595,0.00018294,0,0.00527949,0.00126033,1.304e-05,0.0001084,0,0.0003,0.0003,-4.182e-05,0.00019969,0.0003,0.0003,0.0003,0.00017269,0.00041438,-0.00177399,0.00016813,-0.00236042,0.00028575,0,0.00016808,4.022e-05,0.00011514,7.428e-05,0.0003,-0.00921234,0.00020464,0,-0.0007966,-6.949e-05,0,0.00014183,0.0003,-0.00033901,0.0003,-0.00065001,0.0003,0.0003,0,7.304e-05,-0.00067266,0.00036549,0.00015448
2026-01-24 00:00:00+00:00,0.00024162,-0.00043929,-0.00021536,-0.00047782,-2.162e-05,0.00069036,0.00018284,-0.00011249,0,8.399e-05,0.00026786,0,0.00376066,0.00103699,0.00014411,-0.00010408,0,0.00038366,0.0003,7.718e-05,0.0003,0.0003,0.00012343,0.00030034,0.00027213,0.00051915,-0.0004169,4.27e-06,-0.00312617,0.0003,0,0.00025548,0.00014003,7.448e-05,9.419e-05,0.00010474,-0.01130469,-2.268e-05,0,-0.00128906,0.00015728,0,0.00010283,0.00046324,-9.506e-05,0.0003,-0.00042411,0.0003,0.0003,0,-7.024e-05,-7.632e-05,0.0003,0.00014341
2026-01-25 00:00:00+00:00,0.00017042,7.761e-05,-0.00052599,-0.0005992,0.00018558,0.00066649,-0.00012161,-2.39e-06,0,7.692e-05,0.00025941,0,0.00328061,0.00085047,-0.00012547,-0.00041814,0,0.0003,0.0003,5.39e-06,8.119e-05,0.0003,0.00017916,0.0003,0.00026069,0.00019711,-0.00105001,-0.00027011,-0.00094393,0.00026993,0,0.00018095,5.31e-05,-5.27e-06,0.0001512,0.00012083,-0.00219602,0.0001008,0,-8.787e-05,0.00017331,0,0.0001453,0.00036945,-0.00044445,0.0003,-0.00070039,0.0003,0.0003,0,-0.00027654,-0.00103107,0.00034675,0.00014304
2026-01-26 00:00:00+00:00,0.00019891,4.605e-05,-4.974e-05,-0.00037093,0.00020564,0.00059011,-7.201e-05,2.471e-05,0,0.00027051,0.00024566,0,0.00281228,0.00116109,8.816e-05,-0.00030584,0,0.0003,0.0003,-4.881e-05,9.965e-05,0.0003,0.00013207,0.0003,0.00016523,0.00135763,-0.00118496,-0.00069337,-0.00134293,0.00017206,0,0.00019287,-0.00012934,-0.00023485,0.00016759,0.00027227,0.00635297,0.00017901,0,-0.00071247,0.00017928,0,0.00025186,0.00045263,-0.00036633,0.0003,-0.0003509,0.0003,0.0003,0,0.0001636,-0.00022957,0.00042153,0.0001252
2026-01-27 00:00:00+00:00,0.00028978,-7.08e-06,0.00024792,-4.258e-05,0.00012969,0.00052786,0.0002308,5.38e-05,0,0.0003,0.00011306,0,0.00153555,0.00165031,0.00026977,-0.00079637,0,0.00033362,0.0003,3.67e-06,0.0003,0.0003,-8.989e-05,0.0003,-0.00315842,0.00075045,-0.00088144,0.0002448,-5.023e-05,0.00011278,0,0.0001316,0.00024705,2.86e-05,0.00020828,-0.00013644,0.00291037,0.00024753,0,0.00024617,0.00027363,0,0.00024283,0.00103183,-0.00053728,0.0003,-0.00025321,0.0003,0.0003,0,0.00021467,-0.0007354,0.0003,0.00017798
2026-01-28 00:00:00+00:00,0.00023284,2.439e-05,0.00022565,-0.00037987,0.00015266,0.00037654,7.794e-05,0.0003,0,0.0003,-0.00022004,0,0.00169854,0.00106113,0.00022763,-5.925e-05,0,0.00057748,0.0003,0.00022972,0.00028886,0.0003,-0.00042638,0.0003,-1.941e-05,0.00049837,-0.00112758,0.00019083,-0.00037683,7.773e-05,0,0.00029942,0.00013869,9.67e-05,-0.00017287,0.00018348,-0.00795474,0.00017162,0,0.00029772,0.0001481,0,0.00016881,0.00044293,-0.00039374,0.0003,8.607e-05,0.0003,0.0003,0,5.328e-05,-0.0001906,0.0003,0.00016241
2026-01-29 00:00:00+00:00,0.00023969,-0.00042965,-0.00110138,-0.00114975,2.882e-05,0.0006008,9.24e-05,5.845e-05,0,0.0001621,-0.00135127,0,0.0019049,0.00113498,4.484e-05,-0.00026049,0,0.0003,0.0003,-8.57e-06,-0.00016115,0.00016576,-0.00056144,0.0003,0.00025725,0.00095561,-0.00087326,-0.00026609,-0.0004915,6.788e-05,0,-0.00021984,-0.00118166,0.00017598,-0.00019157,0.00017716,-0.00933946,-0.00016371,0,-0.0010383,0.00019809,0,-0.00016799,0.00031508,-0.00127337,0.0003,-0.0003568,0.0003,0.0003,0,-0.00042032,-0.00041556,0.0003,0.00017089
2026-01-30 00:00:00+00:00,0.0003,-2.253e-05,-2.246e-05,-0.00050344,0.00024355,0.00096056,3.447e-05,0.00015587,0,9.13e-05,-0.00549001,0,0.00180452,0.00122683,-1.252e-05,-0.00049711,0,0.0003,0.0001699,-0.00032082,-1.405e-05,0.00017758,9.311e-05,0.0003,0.0001276,0.0003,-0.00063833,-0.00056839,-0.00034623,9.157e-05,0,0.00024352,6.504e-05,-0.00014785,4.625e-05,2.738e-05,-0.00470787,-0.00015872,0,-0.00162485,0.0001232,0,-0.0003909,0.0007209,-0.00123182,0.0003,-0.00032056,0.0003,0.0003,0,-0.00011121,0.00027009,0.0003,6.502e-05
2026-01-31 00:00:00+00:00,3.73e-05,-0.00066955,-0.00032597,-0.00047759,-7.111e-05,0.00074323,5.134e-05,-0.00029576,0,-0.00019496,-0.00241524,0,0.00081378,0.00250588,-0.00034634,-0.00047604,0,0.0003,0.0003,-0.00017114,-0.00070673,0.0003,-0.00050244,0.0003,4.17e-06,0.00104972,-0.00144339,-0.00099863,-0.00060568,0.00010161,0,-0.00016468,-0.00025876,-0.00029591,3.421e-05,7.518e-05,-0.00531561,-0.00050207,0,-0.00177504,-4.392e-05,0,-0.00010252,0.00035142,-0.00314341,0.0003,-0.00026979,0.0003,0.0003,0,-0.00021303,-0.00049127,0.0003,0.00019826
2026-02-01 00:00:00+00:00,-2.302e-05,-0.00048526,-0.00031468,-0.0004362,6.755e-05,0.00118954,-0.00014244,-0.00028655,0,0.00013635,-0.00151946,0,0.00067336,0.00080956,-0.00077581,9.202e-05,0,0.0003,0.0003,-0.0003293,-0.00018176,0.0003,-3.333e-05,0.0003,-2.164e-05,0.0003,-0.00130864,-0.00116181,-0.00088746,1.354e-05,0,0.00023507,-0.00025401,-9.463e-05,3.117e-05,-2.508e-05,-0.0058431,0.0001041,0,0.00012389,7.185e-05,0,-0.0005738,0.000394,-0.00370536,0.0003,-3.094e-05,0.0003,0.0003,0,-0.00068049,-0.00212836,0.0003,1.876e-05
2026-02-02 00:00:00+00:00,0.00026487,-0.00019309,0.00025664,-0.00010055,7.99e-06,0.00118332,0.0002354,-0.00028354,0,0.0002045,-0.00291504,0,0.00042347,0.00102441,-0.00016276,0.0003,0,0.0003,0.0003,-8.272e-05,-0.00024543,0.0003,0.0003,0.0003,1.682e-05,0.00108514,-0.00084443,3.396e-05,-0.00059904,8.362e-05,0,0.00027142,1.048e-05,2.426e-05,0.00015675,0.00025354,-0.00033606,8.89e-05,0,-0.00024379,4.764e-05,0,-0.00028048,0.0003,-0.00238127,0.0003,3.422e-05,0.0003,0.0003,0,-0.00028523,-0.00129144,0.0003,-8.688e-05
2026-02-03 00:00:00+00:00,0.0002284,-0.00031566,0.00020692,-0.00015552,0.00012633,0.00191885,0.00027114,-0.00036926,0,0.00017169,-0.00070242,0,0.00176052,0.00157288,-0.00032252,0.0003,0,0.00039306,0.0003,-0.00022052,0.00013316,0.0003,6.641e-05,0.0003,-0.00025806,0.00178006,-0.00097718,3.48e-06,0.00014608,-0.00022085,0,0.00024107,0.00023895,0.00012805,0.00015649,0.00021448,0.00108809,-9.936e-05,0,-0.00033446,0.00012112,0,-0.00031524,0.00037276,-0.00199418,0.0003,-2.389e-05,0.0003,0.0003,0,0.00010309,-0.00158643,0.0003,-4.23e-06
2026-02-04 00:00:00+00:00,0.00019892,-0.00013464,5.519e-05,-4.015e-05,0.00010776,0.00393354,0.00014067,0.00011109,0,0.0001899,-0.00148496,0,0.0084762,0.0006184,0.00018885,0.0003,0,0.00051804,0.0003,-3.872e-05,0.00010249,0.0003,-0.00020309,0.0003,-9.282e-05,0.00083054,-4.464e-05,-0.00034107,0.0002112,4.003e-05,0,0.00016048,0.00027631,0.00011748,4.971e-05,0.00021231,0.00372756,3.752e-05,0,0.0001541,0.00028769,0,2.394e-05,0.0003,-0.00171389,0.0003,0.00012027,0.0003,0.0003,0,0.00010369,-0.00022415,0.0003333,8.288e-05
2026-02-05 00:00:00+00:00,0.00021936,-0.00029537,-0.00020265,-0.00023767,-0.00010705,0.00319256,0.0003,6.686e-05,0,5.166e-05,-0.0013565,0,0.00325241,0.00169005,0.00014682,0.00021592,0,0.00052849,0.00021479,-2.455e-05,-2.44e-05,0.00023642,-0.00069328,0.0003,4.398e-05,0.00249695,-0.00010422,-1.799e-05,-0.00012403,0.0003,0,0.00012211,-7.62e-06,-5.585e-05,8.902e-05,0.00011689,0.00246741,-0.00037584,0,-0.00026871,0.00018507,0,-0.00014402,0.0003,-0.00125773,0.0003,0.00013162,0.0003,0.00026581,0,-0.00033178,-0.00060899,0.0003,4.514e-05
2026-02-06 00:00:00+00:00,-0.00029033,-2.756e-05,-1.677e-05,-0.00089038,-0.00023207,0.00326809,0.00015804,-0.00028188,0,6.581e-05,-0.00106416,0,0.00590889,0.00092617,-7.814e-05,0.00022062,0,0.0003,0.0003,-0.00029292,-0.00063273,0.0003,-0.00076222,0.0003,0.00012034,0.00195974,-0.00130027,0.00024811,-0.00068432,0.00027463,0,2.158e-05,0.00014239,-0.00034192,4.831e-05,0.00021586,0.00200714,-0.00031503,0,-0.00070046,0.00027788,0,-0.00047271,0.00034027,-0.00228181,0.0003,-0.00013935,0.0003,0.0003,0,-0.00069968,-0.0012037,0.0003,-0.00028763
2026-02-07 00:00:00+00:00,0.00017975,3.56e-05,0.00027127,-0.00017339,0.00027356,0.00229529,0.0003,-6.051e-05,0,0.0001922,-0.00112563,0,0.00327853,0.00084002,0.00020633,0.00024004,0,0.0003,0.00023617,6.86e-05,0.00029504,0.0003,-0.00082509,0.0003,0.00019942,0.00192336,-0.00067647,0.00010465,2.758e-05,1.047e-05,0,-9.231e-05,0.00018705,-0.00010444,0.000136,0.00020299,0.00198386,3.696e-05,0,-0.00056945,0.00028347,0,-0.00024094,0.0003,-0.00202744,0.0003,-0.00012635,0.0003,0.0003,0,-0.00021332,-0.00889829,0.0003,-0.00026411
2026-02-08 00:00:00+00:00,5.35e-06,-0.00013779,-0.00013693,-0.00065691,-7.362e-05,0.00295262,-1.843e-05,-0.00021145,0,0.00020459,-0.00199418,0,0.00188809,0.0008755,5.053e-05,0.0003,0,0.0003,0.00022936,-5.998e-05,-9.4e-07,0.0003,0.00018126,0.0003,0.00020132,0.00114295,-0.00024234,0.0003,-0.000436,-0.00166233,0,-0.00018579,-9.031e-05,0.00013384,-3.558e-05,0.0003,0.00425463,-8.439e-05,0,-0.00065772,0.00011968,0,-4.496e-05,0.00037125,-0.00132503,0.0003,-0.00023873,0.0003,0.0003,0,-0.00060292,-0.00471139,0.0003,-0.00011813
2026-02-09 00:00:00+00:00,-0.00016459,3.28e-06,-0.00021087,-0.00055327,4.709e-05,0.00149431,2.256e-05,-0.00026474,0,0.00019662,-0.00093736,0,0.00252473,0.00051653,0.00019291,0.0003,0,0.0003,0.0003,-0.0001115,0.00021584,0.0003,0.00013053,0.0003,0.00021872,0.00250082,-0.00093566,-6.752e-05,-0.00042163,0.00024808,0,9.435e-05,-2.58e-05,0.00018813,0.00022466,0.0003,-0.00061852,0.00023799,0,-0.00049757,0.00011667,0,2.417e-05,0.0003313,-0.00170931,0.0003,-9.112e-05,0.0003,0.0003,0,-0.00017055,-0.00633181,0.0003,-5.513e-05
2026-02-10 00:00:00+00:00,0.00012072,-0.00022913,-0.0006858,-0.00032231,-0.00014544,0.00046074,0.0003,-0.00028323,0,8.99e-06,-0.01179735,0,0.00041191,0.00061218,5.2e-05,0.0003,0,0.0003,0.0003,-0.00010412,0.00016679,0.0003,0.00028244,0.00047319,5.113e-05,0.00172536,-0.00179553,0.00028917,-0.00028119,0.00017583,0,-0.0001104,-0.00012493,-7.83e-06,-2.816e-05,0.0003,-0.00024915,-0.00019681,0,-0.00011042,4.389e-05,0,-0.00016026,0.00030467,-0.00164301,0.0003,-0.00026422,0.0003,0.0003,0,-0.00027433,-0.00446505,0.0003,-0.00022443
2026-02-11 00:00:00+00:00,0.00021278,-7.38e-06,-0.00024563,-9.321e-05,2.369e-05,0.00101538,8.389e-05,-0.00026714,0,0.00013602,-0.00324684,0,0.0003,0.00065892,-7.982e-05,0.0003,0,0.00042408,0.0003,-0.00015295,0.00011965,0.0003,0.0003,0.00038938,0.00019573,0.00226684,-0.0013843,-2.64e-05,1.988e-05,-0.00145651,0,-0.0001244,-7.821e-05,0.0001159,1.473e-05,0.00025124,0.00095864,-0.00020739,0,-0.00010347,0.00013106,0,-0.00016098,0.00036129,-0.00186161,0.0003,5.299e-05,0.0003,0.0003,0,-0.00015135,-0.00304552,0.0003,-8.186e-05
2026-02-12 00:00:00+00:00,0.0003,-0.00012617,0.0003,-9.61e-05,0.00023841,0.0008088,-5.439e-05,-0.0001172,0,0.00019789,-0.00280405,0,0.00090618,0.00104826,0.00019205,0.0003,0,0.0003,0.0003,-7.91e-06,0.00027605,0.0003,-0.00053744,0.0003,0.00024732,0.00315842,-0.00076394,-0.00144236,-0.00965429,-0.00043895,0,-9.952e-05,0.00028966,0.00024419,4.394e-05,0.0003,0.00174706,0.00010946,0,-0.00036582,-1.399e-05,0,-9.444e-05,0.0004146,-0.00072977,0.0003,7.232e-05,0.0003,0.0003,0,-0.00051435,-0.00215666,0.0003,3.9e-06
2026-02-13 00:00:00+00:00,0.0003,-1.436e-05,0.00027594,-0.00015105,9.137e-05,0.00227722,0.0003,5.523e-05,0,0.0003,-0.00037417,0,0.00427552,0.00257336,0.00025067,0.00029255,0,0.0003,0.0003,0.000103,0.00023993,0.0003,-0.00039832,0.00037653,0.00020969,0.00036092,-0.00085802,-0.00039188,-0.02096247,-0.00029186,0,-3.313e-05,0.0003,0.00015289,0.00018815,9.043e-05,0.00038348,9.33e-06,0,-1.96e-06,0.00024388,0,-0.00010991,0.00069226,-0.00071542,0.0003,9.127e-05,0.0003,0.00031028,0,0.00021375,-0.00222391,0.00036203,5.276e-05
2026-02-14 00:00:00+00:00,0.0003,0.00018704,0.0003,-0.00036661,-7.71e-06,0.0021024,0.0003,-0.00039156,0,0.0003,-0.0003654,0,0.00266626,0.00154629,0.00028331,0.00014787,0,0.00042156,0.0003,0.00012382,0.00013414,0.00032335,5.862e-05,0.00035861,-0.00011495,0.0003596,-0.0009091,-0.00055658,-0.00954875,-0.00158803,0,0.00017717,0.0003,0.0001233,8.653e-05,0.0003,-0.00085932,0.00027587,0,-0.0005436,0.0002673,0,-4.763e-05,0.0011873,-0.00057364,0.0003,-5.183e-05,0.0003,0.0003,0,-5.679e-05,-0.00099566,0.00070885,1.371e-05
2026-02-15 00:00:00+00:00,0.0003,-9.659e-05,0.0002359,-0.0003395,0.0003,0.00146866,0.0002646,0.00010366,0,0.00027997,-0.00024225,0,0.00156957,0.00170888,0.0002027,-0.0001242,0,0.0003,0.0003,0.00018162,8.749e-05,0.00049499,-9.693e-05,0.0003,0.00012517,0.0003,-0.0006652,-0.00104908,-0.00309788,0.00014327,0,3.895e-05,0.00025154,0.00020714,0.00012178,0.0003,-0.00301746,0.00017428,0,0.00025622,0.0002335,0,-0.00045124,0.00071837,-0.00047215,0.0003,3.82e-05,0.0002919,0.0003,0,-4.295e-05,-0.00147017,0.00033792,1.225e-05
2026-02-16 00:00:00+00:00,0.0003,-8.086e-05,0.0003,-0.00033717,0.00011012,0.00164003,-3.44e-05,-3.194e-05,0,0.0003,-0.00026365,0,0.00178229,0.00170668,0.00016908,0.00026621,0,0.0003,0.0003,-0.00022317,-0.00019429,0.0003,0.00017081,0.00030542,0.0003,0.00073844,-0.00082111,-0.00019342,-0.00350041,-0.00045961,0,0.00029174,0.00014741,9.885e-05,-0.00018786,0.00012349,-0.00303317,-9.131e-05,0,0.00027322,0.00017564,0,-0.00047739,0.00068728,-0.00058109,0.0003,0.00010826,0.0003,0.00031531,0,5.08e-05,-0.00216614,0.00040411,-4.73e-05
2026-02-17 00:00:00+00:00,0.0003,5.96e-05,0.00012186,-0.00033369,7.713e-05,0.00109639,0.0003,-0.0001913,0,0.00024696,-0.00022869,0,0.0016946,0.00206368,7.313e-05,0.0003,0,0.0003,0.0003,-0.00010724,0.00026993,0.0003,-0.00013611,0.00032572,0.0002666,0.0003,-0.00089057,0.00011187,-0.00345829,6.201e-05,0,0.00013579,0.00016613,3.459e-05,0.00015851,0.00020731,-0.00135948,-3.394e-05,0,0.00026584,0.00019624,0,-0.00080848,0.00076963,-0.00048663,0.0003,7.005e-05,0.0003,0.00031186,0,-0.00024742,-0.00068886,0.00048293,0.00013632
2026-02-18 00:00:00+00:00,0.0003,-2.9e-06,-0.00072887,-0.00034112,-5.322e-05,0.00163396,-0.00037368,0.00014436,0,0.00024569,-0.00110009,0,0.00151098,0.00161326,5.781e-05,0.00028715,0,0.0003,0.0003,-0.00017234,-0.00035324,0.0003,-0.00021611,0.00035106,0.00012936,0.00152143,-0.00031625,0.00017291,-0.00172608,-0.00029847,0,9.391e-05,-0.00017078,8.824e-05,9.28e-06,0.0003,0.00241533,0.00011804,0,-0.00017385,0.00015691,0,-0.00046507,0.00041181,-0.00130475,0.0003,-2.419e-05,0.0003,0.0003,0,0.00013099,0.0003,0.0003,6.678e-05
2026-02-19 00:00:00+00:00,0.00026728,-0.00011671,-0.00016504,-0.00098535,0.00029204,0.0020018,0.00015994,-0.00018457,0,0.00023932,-0.00064627,0,0.00095896,0.00164737,4.73e-05,0.00029133,0,0.0003483,0.0003,-2.888e-05,1.362e-05,0.0003,0.00012618,0.00037944,4.52e-05,0.00259829,-0.00110034,-0.00021501,-0.00194424,-0.00183113,0,-0.00026262,-0.00024019,5.09e-06,0.00012963,0.00017,0.00462966,-0.00014632,0,-0.00014939,-1.192e-05,0,-0.00022898,0.00053915,-0.00128541,0.0003,-0.00011414,0.0003,0.0003,0,-0.00031332,0.0002076,0.0003,-4.38e-05
2026-02-20 00:00:00+00:00,0.0003,-0.00014208,0.00024045,-0.00113993,-0.00021808,0.00051762,0.00019334,2.2e-07,0,0.00027004,-0.00014352,0,0.00152385,0.00132723,0.00017002,9.6e-05,0,0.00116696,0.0003,-1.837e-05,-3.268e-05,0.0003,0.0002537,0.0003,0.00024195,0.0023966,-0.00057571,-0.00035667,-0.00139968,-0.00096127,0,4.728e-05,-1.23e-06,-3.021e-05,2.214e-05,0.0003,0.00617738,5.948e-05,0,-0.00027693,0.00021905,0,-0.00104494,0.00049493,-0.00121792,0.0003,-0.00011551,0.00030058,0.00040332,0,-0.00028004,-5.9e-06,0.0003,5.996e-05
2026-02-21 00:00:00+00:00,0.0003,0.0003,0.00014392,-0.00014197,-6.598e-05,0.00075981,0.0003,-0.00016774,0,0.00022729,-9.86e-06,0,0.00121322,0.00292917,0.00021327,0.00019821,0,0.0003,0.0003,-9.104e-05,0.00010781,0.0003,0.00029664,0.0003,-0.00036029,0.00094152,-0.00033913,-0.00015909,-0.00098759,-0.00032445,0,0.00020428,0.00022729,0.00012822,0.00013227,0.00026093,0.00634307,7.107e-05,0,-4.35e-06,0.0003,0,-0.00030629,0.0008387,-0.00114975,0.0003,-0.00021593,0.0003,0.0003,0,0.00012248,0.0003,0.0003,0.00010176
2026-02-22 00:00:00+00:00,0.00025884,-0.00036824,-0.00178762,-0.0014665,-0.00013297,0.00122676,-5.13e-05,-0.000191,0,-1.699e-05,-0.00146302,0,0.00268827,0.0038902,-0.00031488,-3.245e-05,0,0.0003,0.0003,-0.0002534,-0.00075053,0.0003,0.00011152,0.0003,-0.00012222,0.0003,-0.00119372,-0.00148356,-0.00041018,-0.00081948,0,-0.00067739,-0.0007259,-0.00010838,-5.035e-05,0.00017233,0.00390721,-0.00041436,0,0.00015911,0.00025063,0,-0.00039949,0.00049142,-0.00158892,0.0003,-0.00044699,0.00038619,0.0003,0,-0.00089288,-0.00010631,0.0003,5.744e-05
2026-02-23 00:00:00+00:00,0.0003,-0.00030275,-0.00087676,-0.00093456,0.00010802,0.00135314,-0.00057896,-0.00026648,0,1e-05,-0.00175797,0,0.00684917,0.00215842,-0.00032741,-0.00075996,0,0.0003,0.0003,-6.53e-05,-0.00036753,6.583e-05,-0.00111461,0.0003,-9.919e-05,0.0003,-0.00084045,-0.00074508,-0.00052919,-0.00054275,0,-0.00066844,-0.00041613,-7.253e-05,-6.57e-06,4.302e-05,0.00094759,-0.00029409,0,-0.00065567,-0.00026597,0,-0.00049588,0.0003,-0.00098448,0.0003,-0.00081666,0.0003,0.0003,0,-0.00066374,-0.00055042,0.0003,-1.2e-06
2026-02-24 00:00:00+00:00,0.0003,-0.00025746,-0.00057595,-0.00040204,6.551e-05,0.00059204,-2.712e-05,8.278e-05,0,0.00017894,-0.00181922,0,0.00565209,0.0003,-0.00030877,-0.0001806,0,0.0003,0.0003,-0.00011337,-0.00030273,0.00020761,-0.00356364,0.0003,-0.00013235,0.0010422,-0.00081874,-0.00127799,-0.00027108,2.621e-05,0,-0.00011759,0.00014848,-0.00021331,0.00020827,0.00015449,0.00200854,-2.722e-05,0,-0.00039567,-0.00014877,0,-3.338e-05,0.00047791,-0.00097713,0.0003,-0.00061427,0.0003,0.0003,0,-0.0011498,0.0002536,0.0003,4.331e-05
2026-02-25 00:00:00+00:00,0.0003,-9.623e-05,0.00067032,-0.0004415,0.00014369,0.00108061,0.0003,-8.722e-05,0,0.00020802,0.00013067,0,0.01202002,0.0005408,0.00010391,-6.747e-05,0,0.0003,0.0003,2.967e-05,-0.00017181,0.0003,-0.00157464,0.00053911,0.0001161,0.00156171,0.00013934,0.00012618,0.00015326,-0.00034418,0,0.0003,0.00024377,-0.00012517,0.00020263,0.00017226,0.00264607,0.00013865,0,-0.00063349,-9.357e-05,0,-0.00015614,0.00072546,-0.00035105,0.0003,-0.00013748,0.0003,0.0003,0,-0.00050462,0.00019916,0.0003,1.44e-05
2026-02-26 00:00:00+00:00,0.00029671,0.00023368,0.0003,-3e-08,-0.00028951,0.0003,0.0003,-0.00035284,0,0.00028738,-0.00011118,0,0.00240719,0.00036942,-7.599e-05,0.00017002,0,0.0003,0.0003,6.677e-05,0.00020479,0.0003,-0.00296022,0.00056509,0.00016967,0.00494068,-0.00041794,0.00019188,0.0002899,-0.00028623,0,0.00020489,0.00021971,5.195e-05,4.02e-06,0.0003,0.00030463,0.0001491,0,4.859e-05,6.841e-05,0,1.299e-05,0.0003,-0.00040582,0.0003,9.743e-05,0.0003,0.0003,0,0.00010135,-0.00014172,0.0003,8.81e-06
2026-02-27 00:00:00+00:00,0.00024589,-8.39e-06,0.0003,-0.00030768,-0.00079325,0.0003,0.00014319,-0.0005818,0,0.00016395,-0.0001552,0,0.0003,0.00065867,-0.00041491,0.0003,0,0.00027684,0.00027611,-6.508e-05,-3.75e-05,0.0003,-0.00280985,0.0003,-0.00024172,0.00332791,-0.00051143,0.00013697,0.00013857,-0.00020469,0,0.00016097,0.00015741,0.00019527,-0.00021345,0.0003,0.00020551,-3.82e-05,0,1.099e-05,0.00016902,0,-0.00039346,0.0003,-0.00148536,0.0003,-0.0001535,0.0003,0.0003,0,-0.00011471,0.00027215,0.0003,-9.77e-05
2026-02-28 00:00:00+00:00,-0.00068742,-0.00042417,-0.00017103,-0.00149958,-0.00069056,0.0003,8.072e-05,-0.0004838,0,0.0001249,-0.00078093,0,0.0003,0.0003,-0.00059919,-0.00065715,0,0.0003,-3.553e-05,-0.00031243,-0.00158075,0.0003,-0.00247219,0.0003,8.003e-05,0.00124675,-0.00107015,-0.00122369,-5.189e-05,7.946e-05,0,-0.00029614,-0.00069538,-0.00019553,-0.00010662,0.00020724,0.00059216,-0.00043025,0,-0.00038931,0.00017521,0,-0.00053816,0.00038044,-0.002079,0.0003,-0.00058745,0.0003,0.0003,0,-0.00184397,0.00026283,0.0003,-3.991e-05
2026-03-01 00:00:00+00:00,-0.00067071,1.295e-05,0.00024621,-0.00109343,-0.00056406,0.0003,0.0003,-0.00024167,0,0.00018607,-0.00049037,0,0.00012604,0.00062255,3.108e-05,5.845e-05,0,0.0003,0.00029645,5.08e-05,0.00018024,0.0003,-0.00453594,0.0003,0.00018399,0.00133394,-5.423e-05,-0.0003715,9.719e-05,0.00018934,0,0.0002263,6.49e-06,0.0001427,0.00010385,0.00028399,-5.501e-05,0.00020795,0,-0.0001283,0.0003,0,-0.00030751,0.0003,-0.00054891,0.0003,0.00010817,0.0003,0.0003,0,-0.00095274,0.00024627,0.0003,6.823e-05
2026-03-02 00:00:00+00:00,0.00019728,6.366e-05,0.0003,-0.00049349,-0.00092169,3.728e-05,0.00013284,-0.0004664,0,0.00021046,-0.00043559,0,0.00103498,0.00030183,-9.333e-05,-3.237e-05,0,0.0003,0.00024791,3.749e-05,3.7e-05,0.0003,-0.00308104,0.00073844,0.00013938,0.00150626,-8.955e-05,-0.00044682,8.05e-06,0.0003,0,-5e-07,0.00028145,8.751e-05,-6.448e-05,0.0001869,0.00047883,0.00022119,0,0.00013036,0.0002469,0,0.0001179,0.00034314,-0.00077386,0.0003,0.00011164,0.0003,0.0003,0,1.803e-05,-0.00034158,0.0003,-3.338e-05
2026-03-03 00:00:00+00:00,0.00027881,-0.00076053,0.0003,-0.00051764,-0.00075203,0.0003,0.00028469,-0.00075106,0,0.00018812,-0.00013076,0,0.00049388,0.00041338,6.599e-05,-0.00076546,0,0.0003,0.0003,-0.00021173,-0.00049779,0.0003,-0.00127807,0.0003,0.00025545,0.00038662,-0.00071059,-0.00060659,-0.00021276,0.00020743,0,0.00013827,0.00017514,6.406e-05,-0.00018188,0.00024096,0.00015825,8.457e-05,0,0.00018218,-2.07e-06,0,-0.00048748,0.00039298,-0.00023876,0.0003,-2.2e-05,0.0003,0.0003,0,-2.059e-05,-0.00031426,0.0003,2.732e-05
2026-03-04 00:00:00+00:00,0.0003,0.00029458,0.00028733,-0.00031707,-0.00018648,0.00146052,0.0003,0.00010391,0,0.0003,0.00025213,0,0.00040411,0.00053509,0.00013416,1.385e-05,0,0.0003,0.0003,-0.0001875,-0.00046665,0.0003,-0.00067462,0.0003,0.00028008,0.0003,-0.00431371,-0.00010411,-5.21e-06,0.0003,0,-6.947e-05,0.00017958,0.00016332,9.735e-05,0.00018779,-0.00041827,0.00020637,0,0.0002573,0.0001454,0,-0.00015494,0.0003,-0.00056991,0.0003,0.00012039,0.0003,0.0003,0,0.00017287,-0.0002017,0.0003,1.813e-05
2026-03-05 00:00:00+00:00,0.00013992,0.00021314,-0.00054898,2.567e-05,-0.00048663,0.00086387,0.0003,-0.00014574,0,0.0003,-0.00018781,0,0.00058527,0.00057907,0.00023105,2.744e-05,0,0.00029887,7.385e-05,4.175e-05,-0.00177387,0.0003,7.767e-05,0.00081366,0.00016113,0.00096676,-0.00100556,-1.72e-05,0.00018558,5.983e-05,0,-0.00035305,-2.486e-05,0.00015454,7.294e-05,0.00017906,-0.00149028,0.00011104,0,0.00029536,3.097e-05,0,-0.00078956,0.00039328,-0.00065368,0.0003,-2.639e-05,0.0003,0.0003,0,0.00011865,3.578e-05,0.0003,8.706e-05
2026-03-06 00:00:00+00:00,2.37e-05,-0.00064233,-0.00109738,-0.00010351,-0.0009693,0.00077085,-0.00041056,-0.00047298,0,-5.216e-05,-0.00027314,0,0.00065913,0.00067689,0.00013948,0.00023355,0,0.0003,0.0003,-0.00017663,-0.00055043,0.0003,-0.00081124,0.00039034,0.00017481,0.00215859,-0.00073749,-7.015e-05,-0.0004122,3.1e-05,0,-4.149e-05,-0.00012182,8.52e-06,-0.00034839,0.00017419,-0.00022726,-3.8e-05,0,0.0003,5.388e-05,0,-0.0003052,0.00059014,-0.00244204,0.0003,-0.00030053,0.0003,0.0003,0,-0.0007819,-0.00012541,0.0003,-3.548e-05
2026-03-07 00:00:00+00:00,0.00019897,-0.00114209,-0.00102998,-0.00063269,-0.00139075,0.00077827,-0.00025952,-0.000684,0,-0.00090277,0.00017028,0,0.00073349,0.00108115,-0.00027791,-8.147e-05,0,0.0003,-1.438e-05,-0.00028582,-0.00137649,0.00025286,-0.00098331,0.0003,0.0003,0.00091313,-0.00070648,-0.00130552,-0.00062928,0.00010536,0,-0.0003483,-0.00011567,-3.856e-05,-0.0002486,0.00024389,-0.00097137,-1.05e-05,0,0.00028935,8.028e-05,0,-0.00037118,0.00032421,-0.00136461,0.00026026,-0.0013944,0.0003,0.0003,0,-0.00187239,-5.55e-06,0.0003,-7.3e-07
2026-03-08 00:00:00+00:00,-0.00081342,-0.00151064,-0.00122282,-0.00146105,-0.00320748,0.0003,-0.00159007,-0.00092431,0,0.00016149,-0.00121345,0,0.00036182,0.00072488,2.007e-05,-0.00083556,0,0.0003,1.831e-05,-0.00041494,-0.00079261,-7.885e-05,-0.00035634,0.00110208,0.00020761,0.00106167,-0.00132294,-0.00066273,-0.00223343,1.03e-05,0,-0.00089553,-7.59e-05,-0.00026279,-0.00018005,-4.057e-05,0.00012038,-2.053e-05,0,0.00013381,-0.00012676,0,-0.00048953,0.00051169,-0.00232974,0.00027851,-0.00151717,0.0003,0.0003,0,-0.00321862,0.0001047,0.0003,-8.479e-05
2026-03-09 00:00:00+00:00,0.00015057,-4.3e-07,0.00038957,-0.00040137,-0.00258055,0.00035143,0.0003,-0.00023068,0,0.00023411,5.371e-05,0,0.0003,0.00043867,-5.463e-05,-0.00014794,0,0.0003,0.0002395,-0.0001572,-0.00483776,-8.37e-06,0.0003,0.0003,0.00021645,0.0013264,-0.00113838,-0.00018363,-0.00076694,0.0003,0,-0.00019243,0.00015565,9.747e-05,0.00012819,0.00011186,-0.00028146,0.00018114,0,0.00024121,4.033e-05,0,-0.00036056,0.00083799,-0.00107476,0.0003,-0.00098805,0.0003,0.00033358,0,-0.00287428,0.00027637,0.0003,-0.0001378
2026-03-10 00:00:00+00:00,0.00020178,0.00022321,8.237e-05,5.874e-05,-0.00018297,0.00065421,0.0003,-4.493e-05,0,0.0001618,8.4e-05,0,0.00037639,0.00057585,0.00022541,-0.00039916,0,0.0003,0.0003,-7.584e-05,-0.00660818,0.00025833,0.00022356,0.00032531,0.00018886,0.00038784,-0.00078991,-0.00028893,-2.698e-05,0.00016868,0,-6.17e-05,0.00026956,0.00011939,0.00025131,0.00022095,-0.00184572,0.00016946,0,0.00026443,0.00018212,0,-0.00060173,0.00079621,-0.0018657,0.0003,-0.00029687,0.0003,0.0003,0,-0.0054003,0.0003,0.0003,5.74e-06
2026-03-11 00:00:00+00:00,0.00019515,9.016e-05,0.0003,-0.00011671,-0.00081191,0.00065585,0.00021002,-0.00011601,0,0.00022399,7.547e-05,0,0.00036943,0.00048174,0.00011916,-0.00014677,0,0.0003,0.0003,-0.00012388,-0.00072928,0.0003,-0.00038886,0.0003,3.645e-05,0.00121984,-0.00030118,-7.813e-05,-2.957e-05,0.0002291,0,5.924e-05,-0.00018119,8.096e-05,8.95e-05,0.00013329,-0.01043521,6.332e-05,0,0.00019162,0.00027905,0,-0.00078033,0.00054179,-0.001397,0.0003,-0.00022701,0.0003,0.0007723,0,-0.00413942,0.0003,0.0003,-0.00022128
2026-03-12 00:00:00+00:00,0.0003,-1.183e-05,0.0003,-0.0001598,-0.00110434,0.00153986,0.0003,-1.172e-05,0,0.0003,0.00020252,0,0.0003,0.00126131,0.00012947,0.00028407,0,0.0003,0.0003,-9.622e-05,-2.772e-05,0.0003,0.00021526,0.0003,0.00028765,0.00078812,-0.0020138,0.00020462,0.00016547,0.0003,0,-3.201e-05,0.00013064,5.261e-05,5.541e-05,0.0001582,-0.01564725,0.00016435,0,0.00014968,-9.021e-05,0,0.00014312,0.00087919,-0.00143029,0.0003,-0.01747502,0.0003,0.00094049,0,-0.00459802,0.00020545,0.0003,-0.00020575
2026-03-13 00:00:00+00:00,0.0003,0.00026529,0.0003,3.148e-05,0.00024242,0.00066,0.0003,-4.12e-06,0,0.0003,0.00026184,0,0.00054184,0.00037937,0.00024952,0.0003,0,0.0003,0.0003,0.00020933,0.00023184,0.0003,0.00024067,0.00085061,0.0003,0.0028539,-0.00088903,-0.00114843,-0.00220635,0.0003,0,0.00015665,0.0003,0.00027592,0.00017372,0.00018298,-0.01832391,0.00027067,0,0.00029098,2.078e-05,0,-1.236e-05,0.00115282,-0.00548637,0.0003,-0.01065748,0.00134181,0.00036829,0,-0.00112647,0.00018517,0.0003,8.36e-06
2026-03-14 00:00:00+00:00,0.0003,-0.00030052,0.00024931,-3.705e-05,-0.00112379,0.00039984,0.0003,-0.00018451,0,0.0003,0.00067636,0,0.00057614,0.00072097,0.0003,0.0003,0,0.0003,0.0003,0.00018265,0.0003,0.0003,0.0003,0.00123645,0.0003,0.00169197,-0.00058941,3.737e-05,-0.00239788,0.0003,0,0.00018466,0.0003,0.0002049,-3.178e-05,0.00023327,-0.00637418,0.0003,0,0.0003,0.00024897,0,0.0003,0.00034173,-0.01043888,0.0003,-0.00138277,0.0003,0.0003,0,-0.00136928,0.0003,0.0003,-9.218e-05
2026-03-15 00:00:00+00:00,0.0003,-0.00086082,0.00052257,-0.00035248,-0.00081923,0.00046133,0.0003,-0.00062861,0,0.0003,-2.666e-05,0,0.00084243,0.00082652,0.0003,0.0003,0,0.0003,0.0003,-9.285e-05,2.059e-05,0.0003,0.0003,0.00117447,0.0003,0.00183094,-0.00010689,0.0003,-0.00088181,0.00021773,0,0.00016919,0.0003,0.00023788,-0.00010854,0.0003,-0.01863105,0.00010408,0,0.0003,-7.286e-05,0,0.0003,0.0006841,-0.00055006,0.0003,-0.00089412,0.0003,0.0003,0,-0.00176809,0.0002648,0.0003,-5.685e-05
2026-03-16 00:00:00+00:00,0.0003,0.0001563,0.00037634,-7.807e-05,0.00012069,0.00049076,0.0003,0.00011611,0,0.0003,0.00044067,0,0.00048069,0.00110146,0.0003,0.0003,0,0.00038988,0.00020618,0.00020017,0.00013192,0.0003,0.0003,0.00099279,0.0003,0.00307497,0.0003,0.00026836,-4.279e-05,0.0003,0,0.00017763,0.0003,0.00027961,0.00024982,0.00025544,-0.06404075,0.00018796,0,0.0003,0.00018458,0,0.0003,0.00055025,-0.00110742,0.0003,-0.00044358,0.00192176,0.0003,0,1.177e-05,0.00026713,0.0003,0.00011667
2026-03-17 00:00:00+00:00,0.0003,0.0003,0.0001358,0.00013324,0.00018446,0.00051138,0.0003,-8.42e-05,0,0.0003,-5.893e-05,0,0.00118358,0.00363709,0.00018126,0.0003,0,0.00061406,0.00024307,0.00012025,0.0003,0.00020763,0.0003,0.00057546,0.00029093,0.00264578,0.00027509,0.00019205,0.0001033,0.00012759,0,0.00021778,0.0003,0.0003,0.00018403,0.0003,-0.05683411,0.0003,0,0.0003,0.0003,0,0.00028905,0.00057698,-0.00053616,0.0003,-0.00078454,0.00066141,0.0003,0,0.00011877,0.00022989,0.0003,-3.524e-05
2026-03-18 00:00:00+00:00,0.0003,-0.00064712,2.557e-05,-0.00027361,-0.00030631,0.00046563,0.0003,-0.00014946,0,0.0003,9.308e-05,0,0.00023926,0.00053368,0.00024227,0.0003,0,0.0003,0.0003,4.455e-05,-0.00019418,0.0003,0.0003,0.000349,0.00028808,0.00033276,0.00017137,0.00016833,0.00013648,0.0002032,0,1.28e-06,0.0003,0.0003,-0.0001916,0.00024187,-0.02535544,0.00018635,0,0.0003,0.00029621,0,0.0003,0.00031042,-0.0016106,0.0003,-0.00167462,0.00063013,0.0003,0,0.00015104,-0.00014009,0.0003,-8.964e-05
2026-03-19 00:00:00+00:00,0.0003,-0.00067995,-0.00024905,-0.001231,-0.00077899,0.0003,0.0003,-0.00029439,0,0.00027145,-0.0003426,0,0.00051296,0.00028607,8.05e-05,0.00022832,0,0.0003,0.0003,-6.46e-05,-0.00069729,0.00029106,0.0003,0.0003,0.00023314,0.00072533,-0.00022526,-0.00104121,-0.00016238,0.00028179,0,1.106e-05,0.0003,0.00016968,-6.03e-06,0.00016535,-0.00274779,-4.122e-05,0,0.0003,3.085e-05,0,-0.00011305,0.0003,-0.00097948,0.0003,-0.00133943,0.0003,0.0003,0,-0.00030584,-0.00018009,0.0003,-2.781e-05
2026-03-20 00:00:00+00:00,0.0003,-0.00080846,-0.00053953,-0.0003462,-0.00056294,0.0003331,0.0003,-0.00027843,0,0.0003,-0.00022763,0,0.00096142,0.0003,0.00015062,0.00024881,0,0.00044718,0.0003,-9.874e-05,1.226e-05,0.0003,0.00029363,0.00043027,0.00024796,0.0018565,-0.00011958,6.203e-05,0.00012388,0.00023321,0,-0.00027989,0.0003,0.00013885,-3.711e-05,0.0002157,-0.00072319,8.386e-05,0,0.00027865,1.828e-05,0,-0.00050512,0.0004307,-0.00104478,0.00027458,-0.00137962,0.0003,0.0003,0,-0.00013814,0.0001558,0.0003,1.155e-05
2026-03-21 00:00:00+00:00,1.209e-05,-0.00066288,-0.00063529,-0.00066146,-0.00070691,0.00110798,0.0003,9.876e-05,0,0.0003,0.00021027,0,0.0003,0.00012092,0.00012651,0.0003,0,0.00055582,0.0003,-0.00012416,-0.00162599,0.0003,0.0001836,0.00047296,0.0003,0.00211544,-0.0005924,-3.553e-05,0.00012841,8.089e-05,0,6.335e-05,0.0003,0.0003,-4.052e-05,0.00016814,0.00305124,7.7e-05,0,0.00027897,0.00023195,0,1.827e-05,0.00215672,-0.0013297,0.00021488,-0.00106306,0.0003,0.0003,0,0.00027586,0.0003,0.0003,-1.138e-05
2026-03-22 00:00:00+00:00,-0.00180882,-0.00134378,2.831e-05,-0.00067064,-0.00097645,0.00129392,0.0003,-0.0003061,0,0.0003,-0.00018736,0,0.0005222,0.00029767,0.00015086,0.00017899,0,0.0003,0.0003,-0.00015364,-0.00447725,0.0003,-0.00036097,0.00153433,0.00020212,0.00366512,-0.00172165,-0.00014278,3.789e-05,0.0001582,0,-0.0001509,0.0003,4.877e-05,-0.00013585,0.0001751,0.00464427,0.00017695,0,0.00029822,-0.00014931,0,-7.393e-05,0.00050596,-0.00068089,2.959e-05,-0.01565379,0.0003,0.00041427,0,-0.00011331,0.00015835,0.0003,-0.00010456
2026-03-23 00:00:00+00:00,0.00013154,-0.00087,0.00032284,-0.00065123,-0.00047991,0.00134545,0.0003,-7.14e-05,0,0.00028432,0.00015565,0,0.00070497,0.0002723,1.515e-05,0.00020224,0,0.00066411,0.00020295,-0.00016736,2.26e-05,0.0003,5.813e-05,0.00175629,0.00017633,0.00195622,-0.0007397,-0.00035372,-0.00098924,0.00014909,0,2.896e-05,0.00026898,4.333e-05,8.787e-05,0.00017312,0.00113154,0.00017862,0,0.00026991,-5.056e-05,0,7.677e-05,0.000839,-0.00085529,0.00026725,-0.00396837,0.00029234,0.00064073,0,-0.00013754,0.00022188,0.0003,-4.782e-05
2026-03-24 00:00:00+00:00,-0.00032472,-0.00012766,0.00023366,4.407e-05,-6.853e-05,0.00112383,0.00024278,0.00026766,0,0.0003,0.00028096,0,0.00067096,0.0003,0.00024125,-0.00014469,0,0.00057794,0.0003,7.746e-05,0.0003,0.0003,-0.00023871,0.00147692,0.0003,0.00124651,0.00013337,0.0003,0.00025351,0.00016711,0,0.00017981,0.0003,3.574e-05,0.00015669,2.547e-05,0.00147956,0.00027689,0,0.0003,-0.0001362,0,0.00019177,0.00136393,-0.00050907,0.0003,-0.00227525,0.0003,0.0003,0,-0.00015893,0.00021731,0.0003,0.0001096
2026-03-25 00:00:00+00:00,0.0003,0.00026655,0.00066504,0.00022506,0.0001825,0.00075331,0.0003,0.00010424,0,0.0003,0.00025652,0,0.00048021,0.0003,0.00028227,0.0003,0,0.00097905,0.0003,0.00026472,0.0003,0.0003,0.0003,0.0015029,0.0003,0.00137289,0.00025763,0.0003,0.0003,0.00017229,0,-0.0001834,0.0003,0.00027112,0.00029867,0.0003,0.00223129,0.0003,0,0.0003,0.00029602,0,0.0003,0.00043166,-0.00091034,0.0003,-0.00156465,0.0003,0.0003,0,-0.00020969,0.00021618,0.0003,8.105e-05
2026-03-26 00:00:00+00:00,0.00016836,-0.00040928,-0.00047485,-5.689e-05,-0.00047944,0.00188448,0.00015701,-0.00026814,0,-1.295e-05,-0.00031563,0,0.0003,0.0003,-0.00027962,0.0003,0,0.0003,0.0003,-7.893e-05,-0.0005942,0.0003,-0.00037789,0.00128794,0.00028019,0.00079316,0.00027325,0.0003,0.00025646,3.475e-05,0,-0.00012056,-3.361e-05,0.00011969,-0.0001104,0.00028706,0.00492674,-0.00031755,0,0.0003,2.287e-05,0,-0.00049884,0.00113279,-0.0008273,8.209e-05,-0.00191114,0.0003,0.00057833,0,-0.00031984,2.539e-05,0.0003,1.724e-05
2026-03-27 00:00:00+00:00,-0.001073,-0.00094585,-0.00026836,-0.00013723,-0.00076265,0.00382673,0.0003,5.9e-07,0,9.776e-05,-0.00048441,0,0.00042355,0.0003,-4.723e-05,0.0003,0,0.00035928,0.0003,-0.0001718,9.604e-05,0.0003,-0.00053282,0.00103915,0.0001813,0.00044692,0.00014846,-0.00028374,-0.00044255,0.0003,0,0.00010829,9.491e-05,6.504e-05,-0.00028997,0.00022778,0.00549162,-7.255e-05,0,0.00010554,0.00026432,0,-0.00074894,0.00140315,-0.00052249,1.673e-05,-0.00093817,0.00011853,0.0003,0,-0.00030956,0.00016391,0.0003,-9.214e-05
2026-03-28 00:00:00+00:00,-0.0010979,-0.00034744,-4.314e-05,-0.00034635,-0.00038371,0.00220406,0.0003,3.52e-05,0,2e-05,-0.00112026,0,0.00101817,0.0003,-0.00011614,0.0003,0,0.0003,0.00016082,-4.232e-05,-0.00050805,0.0003,0.0002101,0.00140247,0.00010596,0.00036649,-0.00067908,-0.00054341,-0.00033929,0.00027692,0,0.00010294,0.00017453,-7.13e-05,-0.00017918,0.00023656,0.00448531,-0.00012817,0,0.000296,0.0003,0,7.571e-05,0.00081938,-0.00053115,7.693e-05,-0.00578578,9.895e-05,0.0003,0,-0.00089141,0.0003,0.0003,-0.00015865
2026-03-29 00:00:00+00:00,-0.00081959,-0.0009059,-0.00031558,-0.00094261,-0.00093151,0.0003,0.00021352,-0.00022639,0,0.00018966,-0.00055325,0,0.00063202,0.0003,-0.00011959,0.00022896,0,0.00045581,-0.00086129,-3.879e-05,-0.00012749,0.0003,0.00025952,0.00106154,0.0003,0.00077739,-0.00108501,-0.00068131,-0.00023989,0.0003,0,0.00016013,6.515e-05,-5.988e-05,-0.0001911,-0.0002998,0.00212489,-0.00028441,0,0.0003,0.00025854,0,-7.655e-05,0.0003,-0.00085722,1.271e-05,-0.00184961,0.00017029,0.0003,0,-0.00037132,0.00022583,0.0003,-1.015e-05
2026-03-30 00:00:00+00:00,-0.00049841,6.69e-05,0.00027411,8.04e-06,7.748e-05,0.0003,0.0003,0.00012884,0,0.00023527,-0.00022956,0,0.00074043,0.00036831,0.00026229,0.00028173,0,0.00067207,-0.00019669,0.00017412,5.436e-05,0.0003,0.0003,0.00063176,0.00018646,0.0017226,-0.00079792,-0.00019127,-0.00389446,0.0003,0,0.00024134,0.00018042,0.0002072,0.0001056,-2.011e-05,0.00082745,0.00020069,0,0.0003,-2.175e-05,0,0.00014341,0.0003,-0.00088697,0.00017196,-0.002314,0.00022441,0.0003,0,6.887e-05,0.0003,0.0003,1.55e-05
2026-03-31 00:00:00+00:00,0.00012913,0.00014042,1.616e-05,-0.00030442,8.074e-05,0.0003,0.0003,9.275e-05,0,0.0003,-0.0003825,0,0.00063609,0.0003,0.00014082,0.00010568,0,0.00065116,0.0003,-5.479e-05,0.0003,0.0003,0.0003,0.00069315,0.0003,0.00088731,-0.00016329,-0.00131868,-0.00160873,0.0003,0,1.466e-05,0.00014383,0.00014425,0.00014779,0.00018291,-0.00030853,5.7e-06,0,0.00022229,0.00010621,0,0.0003,0.00051999,-0.00111471,0.00029747,-0.00172436,0.00019464,0.00037279,0,6.868e-05,0.000164,0.0003,-4.568e-05
2026-04-01 00:00:00+00:00,-0.00027946,0.00026032,-2.232e-05,1.8e-06,9.41e-05,0.0003,0.0003,0.00022823,0,0.0003,-3.022e-05,0,0.00061441,0.0003,0.00026908,0.0003,0,0.00045712,-7.053e-05,0.00019777,0.00029852,0.0003,0.0003,0.0003,0.0003,0.00329174,0.00018851,1.79e-06,-0.00066508,0.0003,0,0.00017975,0.0003,0.0003,7.452e-05,0.0003,-0.00064817,0.00021473,0,0.0003,0.00017409,0,0.0003,0.0003,-0.00123651,0.0003,-0.00100689,0.0003,0.00047283,0,0.00029502,0.0003,0.0003,-3.333e-05
2026-04-02 00:00:00+00:00,0.0003,-0.00020841,0.00014979,-0.00145252,-0.00047484,0.0003,0.0003,-0.00039573,0,0.00014141,8.547e-05,0,0.0003,0.00059735,0.00017298,0.0003,0,0.00051277,0.0003,-5.979e-05,0.00017221,0.0003,0.0003,0.00032166,0.0003,0.00531321,-0.00027192,-4.515e-05,-0.00087368,0.00024756,0,0.0001656,0.0003,0.00012044,-0.00033748,-3.59e-06,-0.00098086,0.00029652,0,0.00018593,-8.248e-05,0,0.00029356,0.0003,-0.00078376,0.0003,-0.00097282,0.0003,0.00087616,0,6.062e-05,0.00026858,0.0003,-3.032e-05
2026-04-03 00:00:00+00:00,0.0003,-3.261e-05,0.0002664,-0.0007827,0.00011499,0.0003,0.0003,9.499e-05,0,0.0003,0.00105685,0,0.0006674,0.0003,0.00023432,0.0003,0,0.00034978,-0.0001009,0.00021761,0.0003,0.0003,0.0003,0.0003,0.00028998,0.00569836,2.972e-05,-0.0002789,0.00015453,0.00018582,0,0.0001645,0.0003,0.00019836,0.00023035,0.0003,-0.04341379,0.00028972,0,0.0003,0.0003,0,0.00025886,0.00035095,-0.00110577,0.0003,-0.00321796,0.0003,0.0003,0,0.00014508,0.0003,0.0003,-1.079e-05
2026-04-04 00:00:00+00:00,-9.91e-06,-0.00060399,-0.00053794,-0.00138527,-0.00020968,0.0003,0.00053621,-7.333e-05,0,0.0002895,0.00103434,0,0.0007019,0.0003,0.0003,0.0003,0,0.0003,0.00015009,1.777e-05,0.00013326,0.0003,0.0003,0.0003,0.0002981,0.00093365,-5.152e-05,-0.00106251,0.00026603,0.0003,0,0.0001672,0.00027188,0.00017897,-0.00013824,0.0003,0.00375783,0.00029226,0,0.0003,0.00021375,0,0.0003,0.0003,-0.00105774,0.0003,-0.00086141,0.0003,0.00032803,0,0.00025866,0.0003,0.0003,9.527e-05
2026-04-05 00:00:00+00:00,-0.00044539,-0.00225013,0.00015054,-0.00118904,-0.00047243,0.0003,0.0003,-0.00030931,0,9.505e-05,0.0004244,0,0.00035413,0.0003,0.00015605,0.0003,0,0.00072495,0.0003,-4.836e-05,-0.00019086,0.0003,0.0003,0.00064119,0.00021108,-0.00021299,-0.00067207,-0.00183985,0.0002148,0.0003,0,8.112e-05,0.00019759,0.00028426,-0.00049195,0.0003,0.00455064,0.00019636,0,0.00026136,0.00018171,0,0.00019258,0.00073872,-0.00057178,0.00011737,-0.00147596,0.0003,0.00044943,0,-0.00028037,0.00025326,0.0003,8.108e-05
2026-04-06 00:00:00+00:00,0.0003,8.21e-05,0.00016526,-0.00073829,0.00024886,0.0003,0.0003,0.00027541,0,0.0003,4.745e-05,0,0.00106301,0.0003,8.549e-05,0.0003,0,0.000468,0.0003,0.0002806,0.0003,0.00046787,0.00032342,0.00105064,0.0003,0.00058204,0.00024571,6.725e-05,-0.00284818,0.0003,0,0.00025209,0.0003,0.00010472,0.0003,0.00025382,0.00168268,0.00020833,0,0.0002276,0.0003,0,0.00024706,0.0003,-0.00037502,0.0003,-0.00199696,0.0003,0.00035306,0,0.0003,0.0003,0.0003,0.0001304
2026-04-07 00:00:00+00:00,-0.00047632,-6.071e-05,-0.00026485,-0.00079466,-0.00100032,0.0003,0.0003,-0.00030693,0,0.00029497,-0.0003647,0,0.00121526,0.0003,0.00026104,0.00027752,0,0.0012732,0.0003,-0.00017456,0.0003,0.00035885,0.0003,0.00202646,0.0003,0.00104934,-2.57e-06,-0.00039813,-0.00190803,0.0003,0,-9.24e-06,0.00024829,9.313e-05,0.00010767,0.00014867,0.00031964,7.873e-05,0,0.00026237,0.00028206,0,8.676e-05,0.00062325,-0.00109021,-9.33e-06,-0.00046535,0.0003,0.0003,0,4.957e-05,8.589e-05,0.0003,0.00010781
2026-04-08 00:00:00+00:00,0.0003,0.0003,0.00042939,-0.00028337,0.0003,0.0003,0.00032865,0.0003,0,0.0003,1.998e-05,0,0.00046796,0.0003,0.00023339,0.0003,0,0.00092656,0.0003,0.0003,0.0003,0.00080246,0.0003,0.0027215,0.0003,0.00127566,0.0003,0.00029059,-8.267e-05,0.0003,0,0.0003,0.0003,0.00025754,0.00027578,0.0003,0.00044643,0.0003,0,0.0003,0.00018018,0,0.00024299,0.00173341,-0.00044836,0.00020923,2.085e-05,0.0003,0.0003207,0,0.0003,-9.971e-05,0.0003,0.00011631
2026-04-09 00:00:00+00:00,0.0003,-0.00027139,0.0003,-0.00084341,-0.00016706,0.0003,0.0003,-0.00049908,0,0.0003,-0.00019763,0,0.00090126,0.0003,0.00027387,0.0001286,0,0.00051986,0.0003,-4.702e-05,0.00015119,0.00017602,0.0003,0.00052108,0.0003,0.00174993,0.00027081,-2.724e-05,0.00019571,0.0003,0,0.0001921,0.00023055,0.00026483,1.482e-05,0.00019129,0.00161804,0.00012902,0,0.00026912,0.00022896,0,0.00017548,0.00130499,-0.00088754,9.109e-05,-0.00277451,0.0003,0.00033532,0,0.00020562,9.753e-05,0.0003,3.106e-05
2026-04-10 00:00:00+00:00,0.0003,0.00029448,0.0003,3.54e-06,6.787e-05,0.00046522,0.00020354,0.00021027,0,0.0003,-0.00060134,0,0.00109207,0.00046504,0.0003,0.0003,0,0.00012738,0.0003,0.00011432,0.00020874,0.00022426,0.0003,0.0003,0.0003,0.00072767,0.00024697,0.00014035,0.00012808,0.0003,0,0.0003,0.0003,0.00019186,0.00012214,0.00012409,0.00113305,0.0003,0,0.0002323,0.00020548,0,0.00017642,0.00033287,-0.00309357,-0.00055664,-0.0007556,0.0003,0.00055682,0,5.382e-05,-0.00054166,0.00043306,6.82e-06
2026-04-11 00:00:00+00:00,0.0003,9.46e-06,0.00015654,0.00019439,5.612e-05,0.0010297,0.0003,-0.00028491,0,0.0002274,0.00032001,0,0.0008029,0.00081659,0.0003,0.0003,0,4.734e-05,0.0003,-9.57e-06,0.00025738,0.0003,0.0003,0.00020451,0.0003,0.00131326,0.00027407,0.0003,2.914e-05,0.0003,0,0.0003,5.027e-05,0.00020347,4.145e-05,0.00018159,0.00138379,0.0003,0,0.0003,0.00016844,0,0.00017512,0.00027743,-0.00693954,0.00022704,-0.00056275,0.0003,0.00177797,0,-0.00018224,-0.00062744,0.00039011,-0.00020063
2026-04-12 00:00:00+00:00,0.0003,-0.00115662,0.00017663,-0.00048161,-0.00044657,0.00081423,0.0003,-0.00050964,0,-7.326e-05,0.00026458,0,0.00337478,0.00049117,0.00013883,0.0003,0,0.00028343,0.0003,-8.122e-05,0.00014825,0.0003,0.0003,0.0003,0.0003,0.00406462,1.435e-05,0.0003,0.0003,0.0003,0,0.00025509,0.0002551,-1.662e-05,-8.03e-06,-3.492e-05,0.00186819,-6.678e-05,0,0.0003,0.00010858,0,0.00024165,0.00058959,-0.00747781,-0.00015767,-0.00050137,0.0003,0.00092201,0,3.543e-05,-0.00078985,0.00036201,-0.00012133
2026-04-13 00:00:00+00:00,0.0003,-2.305e-05,0.0003,-0.00060226,-0.00014123,0.00076005,6.441e-05,-0.00026297,0,0.0003,0.00080699,0,0.00251565,0.00279566,0.00020447,0.0003,0,-0.00029511,0.0003,-2.644e-05,0.00021621,0.00028422,0.0003,0.0003,0.0003,0.00457662,0.00012724,0.00012775,2.01e-05,0.0003,0,0.0003,0.00020143,0.0003,2.666e-05,-2.686e-05,0.00092495,0.00022312,0,0.00028692,0.00012298,0,0.00018203,0.0012757,-0.00583991,-0.00025971,-0.00119614,0.0003,0.0003,0,-5.153e-05,0.00017674,0.0003,-5.826e-05
2026-04-14 00:00:00+00:00,0.0003,0.0003,0.00011936,-4.56e-06,0.0003,0.00130628,0.00034678,0.0003,0,0.0003,0.0003,0,0.001612,0.00144978,0.0003,0.0003,0,0.00023824,0.0003,0.00024455,0.0003,0.0003,0.0003,0.0003,0.0003,0.00088919,0.0003,0.00011689,0.0003,0.0003,0,0.0003,0.0003,0.0003,0.00021279,0.0003,0.00096772,0.0003,0,0.0003,0.0003,0,0.00010094,0.00058453,-0.00443941,-0.00080348,5.997e-05,0.0003,0.00039677,0,0.00014634,0.0003,0.0003,-8.356e-05
2026-04-15 00:00:00+00:00,0.0003,0.00015485,0.00040018,-0.00056476,-0.00010214,0.00162439,0.0003,-0.00038081,0,0.0003,0.00036686,0,0.00089224,0.0003229,0.0003,0.0003,0,0.00027977,0.0003,-4.117e-05,0.0003,0.0003,0.0003,0.0003,0.0003,0.00094821,0.0003,-0.00010712,0.00021429,0.0003,0,0.00015257,0.0003,0.00014097,0.00012294,0.00026,0.0024109,0.0003,0,0.0003,0.00013261,0,-8.497e-05,0.0003,-0.00158068,0.0003,-0.00110566,0.0003,0.00041928,0,0.00016753,0.0003,0.0003,-0.00021549
2026-04-16 00:00:00+00:00,0.0003,0.00025331,0.0002797,0.00024569,8.25e-05,0.00370137,-0.00034273,0.0003,0,0.0003,0.00040542,0,0.00246322,0.00039833,0.0003,0.0003,0,0.00024934,0.0003,0.0003,0.0003,0.0003,0.0003,0.00184258,0.0003,0.00168401,-0.00043951,0.00022864,-0.00044537,0.0003,0,-9.017e-05,0.0003,-0.00189647,0.00026724,0.0003,0.00423882,0.00014844,0,0.0003,0.00017605,0,0.00012524,0.00036454,0.00023047,0.00024969,-0.00058572,0.0003,0.00081746,0,0.00020244,0.0003,0.00042254,-8.484e-05
2026-04-17 00:00:00+00:00,0.0003,0.00019099,0.0003,0.00024847,0.00023229,0.00120738,0.00022915,0.0003,0,0.0003,0.00047816,0,0.00267989,0.0003,0.00028798,0.0003,0,0.0003,0.0003,0.00018864,0.0003,0.0003,0.0003,0.00212783,0.0003,0.00116739,0.0003,0.0003,0.00029442,0.0003,0,0.0003,0.0003,0.0003,0.00017851,0.0003,0.00306754,0.00018721,0,0.00028067,0.00018342,0,0.00013917,0.00059806,0.00021146,0.00025448,9.666e-05,0.0003,0.00186916,0,0.0002259,0.00020754,0.00057981,-4.711e-05
2026-04-18 00:00:00+00:00,0.0003,6.814e-05,0.0003,0.00022341,-1.721e-05,0.00061795,0.0002836,0.00012027,0,0.0003,0.00023286,0,0.00100259,0.00070599,0.00026439,0.0003,0,0.0003,0.0003,5.881e-05,0.0003,0.0003,0.0003,0.00048727,0.0003,0.00080375,0.0002987,0.00023396,9.557e-05,0.0003,0,0.00026688,0.0003,0.0003,8.03e-06,0.00028338,0.00250673,0.00018017,0,7.75e-06,5.12e-05,0,5.487e-05,0.00037213,0.00016075,0.0003,0.00016559,0.0003,0.00056327,0,9.33e-06,0.00019229,0.00129182,-0.00019766
2026-04-19 00:00:00+00:00,0.0003,7.189e-05,0.00029836,5.464e-05,-0.00022788,0.0003,0.00027514,-3.4e-06,0,0.0003,0.0003,0,0.00107395,0.0003,-0.00035246,0.0003,0,0.00011266,0.0003,-0.00012602,-0.00209628,0.0003,0.00025555,0.0006408,0.0003,0.00035262,-0.00040899,0.00013752,0.00016756,0.0003,0,0.00011428,0.0003,0.0003,4.528e-05,0.0001412,0.00118028,-0.00021276,0,0.00011994,-4.771e-05,0,-0.00067329,0.0003,-0.00046996,0.0003,1.267e-05,0.0003,0.0003,0,0.00013778,-2.66e-05,0.0003,-0.0002789
2026-04-20 00:00:00+00:00,0.0003,0.00019096,0.00020557,5.373e-05,4.037e-05,0.0003,5.87e-05,7.2e-05,0,0.0003,0.00024436,0,0.00126465,0.0003,-0.00053245,0.00018966,0,0.0003,0.0003,1.241e-05,0.00023314,0.00029065,0.0003,0.00155971,0.0003,0.00014319,-0.00315313,-0.00034001,-6.846e-05,0.0003,0,-4.475e-05,0.00026163,9.429e-05,5.374e-05,0.00023454,0.00215396,-0.00038718,0,0.0003,-1.401e-05,0,-0.00058042,0.0003,-0.00011324,0.0003,-0.00020319,0.0003,0.0003,0,-0.00034193,0.0003,0.00031686,-0.00012138
2026-04-21 00:00:00+00:00,0.00124407,9.921e-05,0.00022439,0.00012517,-0.00013111,0.0003,0.00014132,0.00018265,0,0.0003,0.00018286,0,0.0013048,0.0003,-0.0007505,0.00024066,0,0.0003,0.0003,-3.38e-06,0.0003,0.0003,0.0003,0.00045951,0.0003,0.0012299,0.0003,-0.00071327,0.00023948,0.0003,0,-0.00010601,0.00024126,-1.086e-05,9.198e-05,-3.03e-06,0.00156495,-0.00027636,0,0.0003,3.561e-05,0,0.0001573,0.0003654,0.00021849,0.0003,-0.00010567,0.0003,0.00050609,0,-0.00019027,0.0003,0.0003,-0.00018003
2026-04-22 00:00:00+00:00,0.00047401,0.00021102,0.0002817,0.00022804,0.0003,0.00039825,-0.00032945,0.00019909,0,0.0003,0.00011706,0,0.00133189,0.00086475,-0.00068501,0.0003,0,0.00043595,0.0003,0.00020214,0.0003,0.0003,0.0003,0.00038105,0.0003,0.00257412,0.0001939,0.00013159,0.0003,0.0003,0,-2.681e-05,0.00029074,6.04e-05,0.00015262,0.00019434,0.00229882,-0.00025277,0,0.0003,0.00025055,0,0.0003,0.00077074,0.0003,0.00015725,-1.147e-05,0.0003,0.00056159,0,0.00026938,0.0003,0.00036875,5.74e-06
2026-04-23 00:00:00+00:00,0.0003,0.00024172,0.00018814,-5.104e-05,-0.00028395,0.00165118,7.894e-05,0.0003,0,0.0003,0.0003,0,0.00214779,0.00133976,-0.00063354,0.0003,0,0.00037268,0.0003,0.00026031,0.0003,0.00024724,0.0003,0.00114252,0.0003,0.00300844,0.00020444,0.00012285,0.0003,0.0003,0,-5.728e-05,0.00028302,5.505e-05,4.422e-05,0.00024488,0.0017941,-0.00053674,0,0.0003,1.582e-05,0,0.00026122,0.00047981,-3.292e-05,0.0003,1.4e-05,0.0003,0.00039124,0,-0.00188041,5.416e-05,0.0003034,-0.00018119
2026-04-24 00:00:00+00:00,0.0003,0.0002504,0.00066581,0.00015663,0.0003,0.00126963,0.0003,0.00026174,0,0.0003,0.00041563,0,0.0017389,0.00044471,7.319e-05,0.0003,0,0.0003,-0.00196835,0.0003,0.0003,0.0003,0.00039413,0.00095138,0.0003,0.00480102,0.00029864,0.0002543,0.0003,0.0003,0,0.00012131,0.0003,0.00011701,-3.708e-05,0.00020878,0.00218264,-0.00039892,0,0.0003,-0.00010638,0,0.0003,0.00066882,0.00025759,0.0003,0.00024999,0.0003,0.00040657,0,-0.00081082,1.061e-05,0.0003,-0.00014846
2026-04-25 00:00:00+00:00,0.0003,0.00015268,0.0003,-3.968e-05,7.433e-05,0.00257722,0.0003,0.00018044,0,0.0003,0.00074873,0,0.0005224,0.0019815,0.00024794,0.0003,0,0.0003,-0.00155605,0.0002582,0.0003,0.0003,0.00047586,0.00073943,0.0003,0.00255568,0.00018877,0.00021181,0.0003,0.0003,0,-0.00019223,0.0003,0.00011244,0.00010165,0.0003,0.00202152,-0.00015388,0,0.0003,-0.00023337,0,0.0003,0.0003,-0.00260079,0.0003,0.00024832,0.0003,0.0003,0,-0.00029509,-0.00023954,0.0003,-0.00013011
2026-04-26 00:00:00+00:00,0.0003,0.00018977,0.0003,-0.00014932,-9.65e-06,0.00295074,0.0003,0.00017227,0,0.0003,0.00010993,0,0.00074824,0.00149872,0.00023382,0.0003,0,0.00020224,-0.00189836,0.00014623,0.0003,0.0003,0.0003,0.00061529,0.0003,0.00155134,0.00027366,0.00028613,0.0003,0.0003,0,-7.829e-05,0.00024108,0.00015328,-0.0001748,0.00023892,0.00253586,-0.00016556,0,0.0003,0.00011912,0,0.000142,0.0003,-0.00598922,0.0003,0.0002864,0.0003,0.0003,0,-0.00033356,0.00019899,0.0003,5.89e-06
2026-04-27 00:00:00+00:00,0.0003,0.00011078,0.00010086,-0.00016415,-0.00014247,0.00187344,0.00021096,2.086e-05,0,0.00026736,0.00022121,0,0.00178731,0.0003,-4.988e-05,0.0003,0,0.0004517,-0.0034105,5.31e-05,0.00025312,0.0003,0.0003,0.00197225,0.00026457,0.00088767,-0.00012683,0.00018291,0.0003,0.0003,0,-0.00013001,-0.00099926,-9.468e-05,-0.00012888,-0.00017736,0.00136004,3.731e-05,0,0.00029336,-5.995e-05,0,-0.00025315,0.00018815,-0.00168074,8.097e-05,0.00019586,0.0003,0.00094998,0,-0.00032258,-2.253e-05,0.0003,-0.00014088
2026-04-28 00:00:00+00:00,0.0003,0.00025759,0.00028691,0.00011074,0.0003,0.00195774,0.0003,0.00023402,0,0.0003,-0.00052917,0,0.00147841,0.0003,0.00024821,0.0003,0,0.00038191,-0.0003654,0.0003,0.0003,0.0003,0.0007009,0.00095078,0.0003,0.00175403,0.00017247,0.00026805,0.0003,0.0003,0,0.00027021,4.815e-05,0.0001769,0.00013227,0.00010778,0.00058727,-0.00013972,0,0.00029575,0.00018197,0,-7.886e-05,0.00085751,-0.00229027,0.0003,0.00020713,0.0003,0.00337258,0,8.74e-06,0.0003,0.0003,-1.913e-05
2026-04-29 00:00:00+00:00,0.0003,8.815e-05,0.0003,7.537e-05,1.84e-05,0.00102338,0.00028115,9.592e-05,0,0.0003,0.00015558,0,0.00140926,0.0003,9.451e-05,0.0003,0,0.00063907,0,0.00024318,0.00027253,0.00022917,0.0010196,0.0006573,0.0003,-6.785e-05,0.00023865,0.00011051,0.0002346,0.0003,0,0.00014297,0.00013542,9.461e-05,0.00018683,0.0003,0.00078934,-0.00018634,0,0.0003,-0.00020458,0,-0.00010406,0.00168343,-0.00133074,2.203e-05,0.00011007,0.0003,0,0,-0.0002587,-0.00019051,0.0003,2.036e-05
2026-04-30 00:00:00+00:00,0.0003,0.00016004,0.0003,1.338e-05,6.917e-05,0.00036883,0.0003,6.827e-05,0,9.695e-05,9.797e-05,0,0.00235085,0.0003,0.00018016,0.0003,0,0.00062336,0,6.901e-05,0.0003,0.00014516,0.0003,0.00022401,0.0003,0.00055722,9.138e-05,-2.667e-05,-8.284e-05,0.0003,0,-9.4e-06,-1.52e-05,0.00023502,0.00013335,0.00017729,0.0013473,-1.818e-05,0,0.0003,0.00011835,0,-0.00025338,0.00163326,-0.00019874,0.0003,0.00011644,0.0003,0,0,-8.692e-05,-0.00020557,-0.00022977,-8.961e-05
2026-05-01 00:00:00+00:00,0.0003,0.0001917,0.00020767,0.00018743,0.00015152,0.0003254,0.0003,0.00012147,0,0.00027535,-0.00021298,0,0.00102434,0.0003,0.00021342,0.0003,0,0.00127956,0,4.442e-05,0.0003,0.0003,0.0003,0.0003,0.0003,0.00107299,0.000268,4.473e-05,0.0003,0.0003,0,0.0002462,7.358e-05,0.00017173,-0.00034445,0.00019561,0.00104921,0.00011398,0,0.0003,0.00013874,0,0.00017763,0.00239138,-0.00055404,0.0003,0.00019194,0.0003,0,0,0.00021869,-0.00011773,-7.321e-05,-8.699e-05
2026-05-02 00:00:00+00:00,0.0003,0.0003,0.0003,8.463e-05,0.00013094,0.00187413,0.00023718,0.00013344,0,0.0001954,0.00016109,0,0.0012579,0.00039105,0.00016573,0.0003,0,0.00107756,0,3.18e-05,0.0003,0.0003,0.00105951,0.0003,0.0003,0.00174808,0.00023462,0.00025221,0.0003,0.0003,0,0.00013818,0.00014817,4.268e-05,7.873e-05,0.00016923,0.00162328,0.00024466,0,0.0003,0.00027755,0,2.492e-05,0.00340946,-0.00094918,0.0003,0.00016467,0.00038479,0,0,-0.00024082,0.00013431,-6.738e-05,-8.465e-05
2026-05-03 00:00:00+00:00,0.0003,0.0001482,0.00018318,-0.00015264,9.629e-05,0.00086687,0.00025375,3.479e-05,0,0.0003,0.00023026,0,0.00121653,0.0005055,0.00029783,0.0003,0,0.00100683,0,9.338e-05,0.0003,0.00031218,0.00099284,0.0003,0.0003,0.00168319,0.00023864,0.00014742,0.0003,0.0003,0,0.00017829,0.00027501,-6.746e-05,1.744e-05,0.00015766,0.00266867,-3.91e-06,0,0.0003,0.00015361,0,-0.00032125,0.0032392,-0.00017194,-0.00051414,0.0003,0.00085145,0,0,3.705e-05,0.00029118,0.00023904,1.595e-05
2026-05-04 00:00:00+00:00,0.0003,0.00026347,0.00027933,-0.00010594,0.00020243,0.00143193,0.00024715,6.632e-05,0,0.0003,0.00023481,0,0.00204771,0.00236325,0.00024639,0.0003,0,0.00118228,0,0.00010682,0.00028689,0.00068447,0.00100478,0.00066298,0.0003,0.00140417,0.0003,0.00022554,0.0003,0.00020331,0,0.00010844,0.00028476,9.573e-05,-0.00016692,8.965e-05,0.00230273,8.637e-05,0,0.0003,0.00021786,0,0.0002522,0.00384066,-0.00056666,-0.0002064,0.00029598,0.00150125,0,0,5.305e-05,5.836e-05,-0.00084254,9.86e-06
2026-05-05 00:00:00+00:00,0.0003,0.00026291,0.0002976,0.00012086,0.00011386,0.00346793,0.0003,0.00013931,0,0.0003,0.0001308,0,0.00194267,0.00139048,0.00018093,0.0003,0,0.00037767,0,0.0001246,-0.00647443,0.00031172,0.0003,0.00085699,-0.00011623,0.00181813,0.00020212,0.00022006,0.0003,0.0003,0,-8.57e-06,-0.00228971,0.00013798,0.00016647,8.507e-05,0.00362525,0.00011974,0,0.0003,0.00012966,0,0.00024642,0.00302108,-2.653e-05,-0.00857922,-8.847e-05,0.00112183,0,0,0.00027681,0.00028227,-0.00459692,-0.00013249
2026-05-06 00:00:00+00:00,0.0003,0.0003,0.00028672,0.00022011,-3.724e-05,0.00113184,0.00027007,0.00027933,0,0.0003,0.00084767,0,0.00349276,0.00043905,0.00021257,0.0003,0,0.00030058,0,5.189e-05,-0.00329969,0.00047246,0.0003,0.00031915,0.0003,0.00136977,0.0003,0.0003,0.0003,0.0003,0,8.58e-05,-8.667e-05,8.172e-05,0.00012267,0.00010168,0.00193881,0.00018599,0,0.0003,0.0003,0,0.0003,0.0012977,0.00023216,-0.00150026,0.0003,0.00144856,0,0,-0.00962307,0.0003,0.00121334,-0.00019059
2026-05-07 00:00:00+00:00,0.0003,0.0003,0.0003,0.00024931,0.00014078,0.00161636,0.00014855,0.00017339,0,0.0003,0.00063007,0,0.00151095,0.00042381,0.00026946,0.0003,0,0.0003,0,-5.74e-05,8.01e-05,0.0003,0.00037137,0.0003,0.0003,0.00026389,0.00027956,0.0003,0.0003,0.0003,0,0.00014059,-0.00109235,8.338e-05,0.00018035,0.00020118,0.00107092,0.00012875,0,0.0003,0.0001488,0,0.00022627,0.00271136,4.528e-05,-2.94e-05,0.0003,0.00172401,0,0,-0.0010023,0.00025778,0.00115955,-0.00013438
2026-05-08 00:00:00+00:00,0.0003,0.0003,0.0003,0.00016376,0.00012821,0.00076559,0.0003,0.00020063,0,0.0003,0.0003157,0,0.00106556,0.00116347,0.00023936,0.0003,0,0.0003,0,-2.712e-05,0.00016026,0.0003,0.00035986,0.0003,0.0003,0.00065138,0.0003,0.0003,0.00065922,0.0003,0,0.00020093,-0.00053775,0.00019224,0.00010437,0.0003,0.00200892,0.00029067,0,0.0003,1.163e-05,0,0.0003,0.00215131,0.00029043,0.0003,0.0003,0.00153894,0,0,0.0003,0.0003,0.00040757,-6.533e-05
2026-05-09 00:00:00+00:00,0.0003,0.00029585,0.0003,0.00018368,0.00017328,0.00145906,0.0003,0.00024799,0,0.0003,0.00033975,0,0.00148137,0.00055444,0.00024602,0.0003,0,0.0003,0,0.00013611,0.00022585,0.0003,0.00032196,0.00030931,0.00022756,0.00122261,0.0003,0.0003,0.00051356,0.0003,0,0.00017696,-0.00047406,0.00013262,-0.00011765,0.00028777,0.00187624,0.0002177,0,0.000257,0.00012934,0,0.0003,0.00224661,0.0003,0.00017814,0.0003,0.00093227,0,0,-1.296e-05,1.075e-05,0.00148306,1.694e-05
2026-05-10 00:00:00+00:00,0.00044509,0.00026546,0.00046137,-0.00014596,6.684e-05,0.00283058,0.0003,6.81e-06,0,0.0003,0.0001546,0,0.00086145,0.00032165,0.00028188,6.156e-05,0,0.00041848,0,-4.151e-05,0.00021545,0.0003,0.00032385,0.00077116,0.00028129,0.00120512,0.0003,0.0003,0.00090254,0.0003,0,0.00010613,0.00011636,0.00014882,8.703e-05,0.00019569,0.00157271,0.00015987,0,0.0003,9.155e-05,0,0.0003,0.00221226,0.00028585,0.000259,0.0003,0.00149411,0,0,0.00028026,0.00013648,0.00128322,0.0001048
2026-05-11 00:00:00+00:00,0.0003,0.0003,0.0003,1.094e-05,-0.0002206,0.00099432,0.0003,0.0001602,0,0.0003,0.00026273,0,0.00076081,0.00039816,0.00014475,0.0003,0,0.00023722,0,0.00029789,2.911e-05,0.0003,0.0003,0.00046354,0.0003,0.0023753,0.0003,0.0003,0.00041809,0.0003,0,0.00027656,3.503e-05,-0.00010378,-0.00015373,0.00023773,0.00193115,0.00026791,0,0.0003,0.00019451,0,0.00017415,0.00212926,-3.879e-05,0.00020773,0.0003,0.0003,0,0,0.00022,0.00017429,0.00042221,0.00012945
2026-05-12 00:00:00+00:00,0.0003,0.00022474,0.0003,2.788e-05,-1.595e-05,0.00071184,0.00023931,6.411e-05,0,0.00028062,-8.82e-05,0,0.00089286,0.0003,0.00016352,0.0003,0,0.00029937,0,0.00026359,-0.00195007,0.0003,0.0003,0.00133585,0.0003,0.00022795,0.00027725,0.0003,0.0003,0.0003,0,0.00023402,3.05e-06,5.929e-05,-0.00017345,0.0001423,0.00090005,1.559e-05,0,0.00017771,0.00011593,0,0.0003,0.00141863,-0.00029691,0.0003,0.0002769,0.00217925,0,0,-7.042e-05,0.00012236,0.00025344,9.584e-05
2026-05-13 00:00:00+00:00,0.0003,0.00023867,0.00026747,-0.00015281,-4.281e-05,0.0006709,0.00028593,-2.43e-05,0,0.00020744,7.619e-05,0,0.00132684,0.0003,0.0001074,0.0003,0,0.0003,0,0.0003,-0.00037468,0.0003,0.0003,0.00123295,0.0003,0.00025571,0.0003,0.0003,0.00029276,0.0003,0,0.00017657,0.00019788,-9.141e-05,-0.00026099,4.221e-05,0.00066819,0.0001232,0,-8.269e-05,-0.00016605,0,0.00025061,0.00127986,-0.0003027,0.00018288,-0.00046005,0.00142215,0,0,-3.707e-05,0.00016001,1.408e-05,0.00012553
2026-05-14 00:00:00+00:00,0.0003,0.0002233,0.00011463,-9.245e-05,0.00017432,0.0003825,0.00021546,-0.00013149,0,8.648e-05,-0.0001268,0,0.00114018,0.0003,3.418e-05,0.0003,0,-3.703e-05,0,7.993e-05,-0.00135019,0.00027307,0.0003,0.0003,0.0003,0.00025486,0.00028198,0.00020771,0.00026693,0.00024504,0,0.00022033,7.489e-05,-4.312e-05,-0.00024656,0.0002181,0.0005783,-0.000135,0,-3.239e-05,-0.00025507,0,0.00022902,0.00080862,-9.39e-06,0.0003,0.0002446,0.0003,0,0,7.967e-05,0.00019621,-6.895e-05,0.0001095
2026-05-15 00:00:00+00:00,0.0003,6.85e-06,0.00013568,-0.00017676,-8.177e-05,0.00034369,0.00023983,-0.00026243,0,0.00010826,-0.00038505,0,0.00121488,0.00025561,7.205e-05,0.0003,0,6.765e-05,0,-0.00017399,-0.00059768,0.00017965,0.00015825,0.0003,0.00024024,0.0003,0.000192,0.00010388,0.000167,0.0003,0,8.865e-05,0.00010112,-2.929e-05,-0.00039093,9.44e-05,0.00057319,9.094e-05,0,-0.00023555,3.952e-05,0,-0.00029943,0.0003,-0.00038607,0.00026309,8.955e-05,0.0003,0,0,-0.00031589,0.00029913,-0.00135151,-4.584e-05
2026-05-16 00:00:00+00:00,0.0003,5.621e-05,0.00015483,-0.00042781,5.885e-05,0.00042225,0.00020775,-0.0003505,0,-0.00012944,-0.00057095,0,0.00156723,0.0003,5.59e-06,0.0003,0,0.00022646,0,5.145e-05,-8.942e-05,0.00025844,0.0003,0.0003,0.00025249,0.00049201,0.00021754,-0.00027212,0.00023685,0.0003,0,0.00010364,0.00023786,0.00012187,0.0001721,1.664e-05,0.00130593,0.00018521,0,5.499e-05,-8.52e-05,0,2.341e-05,0.0003,-0.00068545,0.0002159,4.355e-05,0.0003,0,0,-0.00012,0.00024128,-0.00248719,8.683e-05
2026-05-17 00:00:00+00:00,0.0003,-9.088e-05,6.55e-05,-0.00045185,3.194e-05,0.0003,0.00029392,-0.000345,0,0.00010269,-5.496e-05,0,0.00028856,0.0003,0.00023609,0.0003,0,0.00027007,0,0.00015031,-0.00108135,-0.00027019,0.0003,0.0003,0.00025434,0.00060792,8.376e-05,-6.284e-05,0.00020441,0.00022123,0,0.0003,0.0002071,4.427e-05,-0.00025797,3.504e-05,0.00110325,8.857e-05,0,0.00018044,-4.689e-05,0,0.00019155,0.0003,-0.00012424,-0.00017769,0.00013895,0.0003,0,0,-0.0003139,-2.83e-05,-0.00061135,5.261e-05
2026-05-18 00:00:00+00:00,-6.809e-05,0.00012495,8.953e-05,-0.00071625,0.00014126,0.00066437,0.00011706,2.655e-05,0,-2.758e-05,2.83e-06,0,0.00068057,8.616e-05,0.00020907,0.0003,0,0.00020437,0,-6.747e-05,-0.00073877,0.00023652,0.00031834,0.0003,0.00021951,-0.00040779,0.00011921,-0.00039638,0.00017656,0.00029813,0,0.00026725,0.0003,0.00023336,0.00011025,0.00014972,0.00041885,-6.996e-05,0,-4.242e-05,0.0001465,0,8.392e-05,0.0003,-0.00069919,-0.00013,0.00017447,0.0003,0,0,0.00015583,0.00028213,-0.0001576,0.00011825
2026-05-19 00:00:00+00:00,0.00029778,-0.00029646,9.214e-05,-0.00078402,-0.00026303,0.00073991,0.00018569,5.63e-06,0,-0.00014398,-0.00072335,0,0.0003899,5.255e-05,0.0002029,0.0003,0,0.0003,0,-2.41e-05,-0.00054326,0.0003,7.075e-05,0.0003,0.0002705,0.00065743,1.586e-05,-0.00082251,0.0001105,0.00028938,0,0.00019148,0.00018953,0.00012044,-3.179e-05,0.0002138,0.00069767,9.829e-05,0,3.45e-05,6.353e-05,0,0.00022756,0.0003,-0.00083965,-7.891e-05,0.00026524,0.0003,0,0,-0.00033089,0.0003,-0.00051645,0.00015536
2026-05-20 00:00:00+00:00,0.0003,-0.00018249,0.00023126,-0.00106622,3.648e-05,0.00062825,0.00021438,6.857e-05,0,-0.00026473,0.0003,0,0.00065199,0.00027198,0.00026683,0.0003,0,0.0003,0,3.733e-05,0.00018269,0.0003,0.0003,0.0003,0.00028075,0.00097917,0.00029031,3.699e-05,-0.00020041,0.0003,0,0.00025647,0.00017175,0.00022798,-0.0001723,0.00013764,0.00069836,0.00020444,0,0.00016269,8.133e-05,0,0.00024828,0.0003,-0.00069889,0.00016048,9.568e-05,0.0003,0,0,-0.00028871,0.0003,5.914e-05,0.00018095
2026-05-21 00:00:00+00:00,0.0003,0.00018689,0.00016987,-0.00073156,0.00012853,0.00083665,0.0003,0.000234,0,0.00029904,0.0003,0,0.0004294,0.0003,5.196e-05,0.0003,0,0.0003,0,7e-05,0.00017472,0.0003,0.0003,0.0003,0.00029428,0.00015774,0.0002887,-0.00027994,9.31e-06,0.0003,0,0.0003,0.00013863,0.00016079,0.0001096,0.0003,0.00156057,0.0003,0,0.00029526,0.00011013,0,0.0003,-0.00012297,-0.00094026,0.0001314,9.303e-05,0.00070145,0,0,0.00025023,0.0003,-0.00057253,0.00012058
2026-05-22 00:00:00+00:00,0.0003,0.0003,0.00024795,-0.00061343,0.000198,0.00048179,0.0003,9.37e-05,0,0.0001715,0.00028275,0,0.0003,-0.00019608,-2.67e-06,0.0003,0,0.0003,0,0.00018395,0.00016923,0.0003,0.0003,0.0003,0.0003,0.00130742,0.00025105,-0.00049441,0.00013744,0.0003,0,0.00028407,0.00025572,0.00021748,6.039e-05,0.0003,0.00063555,0.00027449,0,9.62e-05,3.564e-05,0,0.00021936,0.00037661,-0.0004938,0.0001743,0.00017563,0.00038755,0,0,0.00015337,0.0003,0.00012587,5.635e-05
2026-05-23 00:00:00+00:00,0.00026005,-0.0002527,-6.781e-05,-0.00112561,-0.00028861,0.0003,0.00016968,-0.00038519,0,-0.00019044,0.0003,0,0.00067788,0.00034732,-0.00033402,0.00024354,0,1.953e-05,0,2.663e-05,0.00015877,0.0003,0.0003,0.0003,0.0003,0.00039448,0.00011099,-0.00094619,0.0001675,0.0003,0,0.00019999,0.00024206,0.00011204,-9.03e-05,0.00027454,0.00099164,-0.00054864,0,-0.00025886,-0.00011724,0,0.00024447,0.0003,-0.00022687,0.0003,0.00013162,0.00071432,0,0,-4.4e-07,0.0003,-0.00043705,0.00010249
2026-05-24 00:00:00+00:00,0.0003,0.00017348,0.0003,-0.00055476,2.6e-07,0.00050829,0.00021728,-0.00045518,0,0.00022698,0.00016709,0,0.00057709,0.00034655,-0.00019225,0.0003,0,8.603e-05,0,0.00014664,7.438e-05,0.0003,0.0003,0.0003,0.00029348,0.00034593,0.00027357,-0.00054668,0.00026959,0.0003,0,0.00018876,0.00021099,0.00017441,-0.00024701,0.0003,0.00032299,-0.00018323,0,-0.00018423,0.00024732,0,0.00021202,0.0003523,-0.00021968,0.00016132,0.00014911,0.00047539,0,0,-0.00046349,0.0003,-0.0008133,0.00021599
2026-05-25 00:00:00+00:00,0.0003,0.0001828,0.00017497,-0.0005982,0.0001391,0.00058259,6.667e-05,-0.00019302,0,0.00022785,0.0003,0,0.00110872,0.0003,0.00012519,0.0003,0,1.614e-05,0,0.00015234,-0.000162,0.0003,0.0003,0.0003,8.056e-05,0.00105765,0.00023317,-0.00049118,0.00026049,0.0003,0,0.00022562,0.00021721,0.00024318,-1.16e-05,3.699e-05,0.00052198,3.15e-05,0,0.00020486,0.00017994,0,0.0003,0.00091367,-0.00030288,-0.00033826,-3.96e-06,0.00045739,0,0,-0.00012259,0.0003,8.071e-05,0.00011502
2026-05-26 00:00:00+00:00,0.0003,0.00026071,0.00014175,-0.00044584,-2.092e-05,0.00053825,0.0003,-0.00040709,0,0.00014993,0.00029473,0,0.00053261,0.0003,0.0002663,0.0003,0,0.0003,0,0.00014208,0.00022871,0.00029702,0.0003,0.00024712,0.0003,0.00109417,0.0002712,-8.29e-06,0.0003,0.0003,0,0.00024482,0.00021639,0.00027292,-0.00031676,0.0003,0.00065352,0.0003,0,0.00010476,4.356e-05,0,0.0002268,0.0008141,-0.00050325,5.605e-05,7.276e-05,0.00057577,0,0,0.00018307,0.0003,-0.00020177,0.00017686
2026-05-27 00:00:00+00:00,0.0003,0.00012916,0.0003,-0.00037979,-0.0001534,0.00083149,0.00022769,-0.00015682,0,0.00023812,0.00021635,0,0.00138238,0.0003,0.00017865,0.0003,0,0.0003,0,0.00012172,0.00027352,0.00028428,0.0003,0.0003,0.0003,0.00154507,0.00011193,9.89e-05,0.0003,0.00029141,0,8.432e-05,0.00010749,0.00020264,-0.00036038,0.0003,0.00120354,0.00024506,0,-4.913e-05,-9.61e-06,0,3.059e-05,0.00071525,-0.00103361,0.0003,-9.584e-05,0.0003,0,0,6.38e-05,0.0003,-0.00068918,0.00028862
2026-05-28 00:00:00+00:00,8.125e-05,-0.00072612,-0.00028719,-0.00084683,-0.00030373,0.0003038,0.00025687,-0.00054751,0,0.00011143,0.00026952,0,0.0005044,0.0003,7.804e-05,0.0003,0,0.0003,0,-4.248e-05,0.0003,9.239e-05,0.0003,0.0003,0.0003,0.00106549,-1.375e-05,-0.00046187,0.00016919,0.0003,0,0.00011401,0.00011073,-5.172e-05,-3.356e-05,0.0003,0.00070765,-0.00013526,0,-0.00058024,-8.892e-05,0,-0.00012175,0.0003,-0.00122722,0.0003,3.534e-05,0.00039615,0,0,-0.00079607,0.0003,-0.00041711,0.00025011
2026-05-29 00:00:00+00:00,-0.00024774,-0.0005158,0.00017729,-0.00067479,8.143e-05,0.00064001,0.00027334,-0.00021318,0,0.0003,0.0003,0,0.00070492,0.0003,0.00023152,6.005e-05,0,0.00021497,0,0.00022898,0.00027886,0.0003,0.0003,0.0003,0.0003,0.00147879,0.00028944,-0.00052961,0.00022335,0.0003,0,0.00021861,0.00022721,0.00013832,-0.00049198,0.0003,0.0004697,0.0003,0,-0.00038804,0.00028226,0,0.00012035,0.00053816,-0.00136161,0.0003,2.231e-05,0.0003,0,0,8e-05,0.0003,0.0003,0.00022093
2026-05-30 00:00:00+00:00,0.0003,0.00027555,0.00026559,-0.00084973,0.00021387,0.00030885,0.0003,-9.446e-05,0,0.00022083,0.0003,0,0.00080527,0.0003,0.0003,0.0003,0,0.0003,0,0.00012126,0.00029062,9.147e-05,0.0003,0.00102269,0.00023836,0.00091129,-0.00049289,7.537e-05,0.0003,0.0003,0,0.00021876,0.00027866,0.00019133,4.545e-05,0.0003,0.0003,0.00027639,0,2.964e-05,0.0003,0,0.0003,0.0003,-0.00089463,-0.00031066,0.0003,0.0003,0,0,0.0003,0.0003,0.0003,0.0001441
2026-05-31 00:00:00+00:00,-7.749e-05,-0.00017692,0.00020902,-0.00073688,-9.533e-05,0.00060197,0.0003,0.00014683,0,0.0003,0.0003,0,0.00033592,0.0003,0.00024761,0.0003,0,0.0003,0,0.00018696,0.0003,-7.292e-05,0.00037332,0.0003,0.00028477,0.00103079,-0.0015563,-7.361e-05,0.0003,0.0003,0,0.00025309,1.26e-06,0.00025739,-0.00019678,0.00024358,0.00050433,0.00012661,0,-0.00029649,0.00021194,0,0.0003,0.00057319,-0.00057329,-0.00016976,0.0002978,0.0003,0,0,0.00023245,0.0003,0.0003,0.00016083
2026-06-01 00:00:00+00:00,0.00026875,0.00029073,0.00049495,-0.00015451,0.00018219,0.00129282,0.0003,0.00011969,0,0.0003,0.0003,0,0.00032117,0.0003,0.00023725,0.0003,0,0.00046593,0,0.00018644,0.00022757,0.00021203,0.00045668,0.00048958,0.0003,0.00257808,0.00023013,0.00019083,0.0002624,0.0003,0,0.0003,0.0002773,0.0003,0.0001868,0.00024651,0.00150859,0.00029258,0,0.0001302,0.00023346,0,0.0003,0.00061552,-0.00010909,-0.00012947,0.0002542,0.00035186,0,0,0.00029461,0.00044372,0.0003,0.00020141
2026-06-02 00:00:00+00:00,0.00026784,0.00014411,0.00014176,-0.00026187,0.00010105,0.0003,0.0003,4.524e-05,0,0.0003,0.00029331,0,0.0003,0.0003,0.00028167,0.0003,0,0.0007269,0,9.822e-05,0.00025019,-0.00014286,0.00037165,0.00053767,0.00022038,0.00267388,0.00011539,0.00014255,0.00029922,0.0003,0,0.00026501,-5.98e-06,0.00024078,-0.0002782,0.0003,0.00094372,0.00015769,0,2.08e-05,2.103e-05,0,-6.455e-05,0.0016442,-0.00061902,-0.00020144,0.00017222,0.00107983,0,0,0.00011007,0.0003,0.00071084,0.00024335
2026-06-03 00:00:00+00:00,0.00016511,-0.00016885,0.00022972,-0.00074209,-0.00011226,0.00110611,0.00029083,-4.734e-05,0,0.0003,0.00027579,0,0.00049403,0.0003,0.00025133,0.00029943,0,0.0005717,0,0.00013181,0.0003,0.00018396,-5.828e-05,0.0003,0.0002815,0.00347558,-0.00040308,0.00010779,-9.85e-06,0.0003,0,0.00027965,-1.804e-05,0.00023978,7.747e-05,0.0003,0.00039804,3.977e-05,0,-8.542e-05,0.0001745,0,0.00023316,0.00037433,-0.00012305,0.00014939,0.00021465,0.00167875,0,0,4.171e-05,0.0003,0.00070055,0.00022394
2026-06-04 00:00:00+00:00,0.00029525,-0.00040552,0.00027997,-0.00077034,-0.00013755,0.00073873,0.00015945,-0.00042812,0,0.00011004,0.00029989,0,0.0003,0.0003,4.753e-05,8.972e-05,0,0.00043933,0,5.579e-05,0.00022463,0.0003,0.00010041,0.00053614,0.00015824,0.00353113,-0.00130665,7.978e-05,0.00018357,0.0003,0,0.0002477,4.985e-05,-3.217e-05,-0.00053073,0.0003,0.00061345,-0.00016109,0,-0.00034534,0.00012706,0,-0.00029022,0.00069358,-0.00107762,0.0003,0.00024758,0.00137152,0,0,0.00025103,0.0003,0.00039457,3.147e-05
2026-06-05 00:00:00+00:00,-0.00144684,-0.00059922,2.318e-05,-0.00128998,-0.00047967,0.0003,0.00017961,-0.00021815,0,0.00025796,0.00022666,0,0.00049936,0.0003,-0.0003348,5.646e-05,0,0.0003,0,-3.729e-05,0.00018208,0.0001572,6.954e-05,0.00053408,0.00013055,0.00245315,-0.00249766,0.00023761,-0.00031181,0.0003,0,0.0002364,-0.00033708,0.00011539,-0.00046113,0.00023634,0.0003398,-0.00056016,0,-0.00092108,-0.00063975,0,-0.00018748,0.0004903,-0.00174819,0.0003,-0.00011057,0.0003,0,0,-0.00055457,0.00040636,0.00041689,-9.79e-06
2026-06-06 00:00:00+00:00,5.912e-05,-1.86e-05,7.37e-05,-0.0010008,4.95e-05,0.00048575,0.0003,-0.00023031,0,0.00011164,0.0003,0,0.00106772,0.0003,4.414e-05,-0.0001655,0,0.00019881,0,0.00011627,0.00026174,0.00020464,-4.146e-05,0.0003,0.0003,0.00217934,3.202e-05,0.0003,-0.00050136,0.0003,0,0.00020085,-0.00036817,0.00021789,-0.00037198,0.0003,0.00048776,-0.00010975,0,-0.00054069,-0.00021445,0,0.0003,0.0003,-0.00181146,0.0003,0.00020066,0.0003,0,0,-0.00025177,0.00026663,0.00035945,9.3e-06
2026-06-07 00:00:00+00:00,-2.84e-06,-0.00021071,0.0003,-0.00061522,-6.318e-05,0.00069813,0.0003,-0.00030655,0,-1.416e-05,0.00027214,0,0.00136214,0.00038242,0.00013886,0.00024696,0,0.0003,0,-5.141e-05,0.00025098,0.0003,0.0003,0.0003,0.0003,0.00178211,0.00011294,0.0003,6.216e-05,0.0003,0,0.00023567,-5.858e-05,-1.235e-05,-1.241e-05,0.00028649,0.00056912,-0.00020926,0,-0.00049733,1.9e-06,0,0.0003,0.00031918,-0.00104273,0.0003,0.00023122,0.0003,0,0,7.739e-05,0.0003,0.0003,3.21e-06
2026-06-08 00:00:00+00:00,-0.00012161,0.00012406,0.00025105,-0.00067885,-9.93e-06,0.0007345,0.00041865,-0.00019819,0,0.0003,0.0003,0,0.00124719,0.0004194,0.00024019,9.621e-05,0,0.0003,0,6.464e-05,0.0003,0.00023759,0.0003,0.00030747,9.997e-05,0.00229155,0.000249,0.00026935,-0.00012495,0.0003,0,0.00014078,0.00017612,0.00019623,0.00011199,8.156e-05,0.00064188,-7.333e-05,0,-0.00013645,0.00029934,0,0.00027725,0.0003,-0.00104517,0.0003,-7.84e-06,0.0003,0,0,0.00021987,0.0003,0.00038579,7.109e-05
2026-06-09 00:00:00+00:00,-0.00055825,-1.886e-05,0.00021108,-0.00073455,-9.2e-05,0.00367372,0.0003,-8.099e-05,0,0.00025022,0.0003,0,0.00048097,0.0003,0.00017585,-6.966e-05,0,0.00017594,0,1.752e-05,0.0003,0.0003,8.574e-05,0.00036402,0.00024521,0.00109341,-0.00048068,0.0003,4.107e-05,0.0003,0,0.00015008,0.0003,5.5e-05,-1.642e-05,0.000195,0.00051561,8.504e-05,0,-0.0003025,0.0003,0,0.00026694,0.0003,-0.00097595,0.0003,4.34e-06,0.0003,0,0,0.00028421,0.0003,0.00035075,2.082e-05
2026-06-10 00:00:00+00:00,0.0003,-0.00013282,0.00021003,-0.00059361,9.39e-05,0.00221891,0.0003,-0.00033516,0,0.00026687,0.0003,0,0.0003,0.00030788,0.00029968,0.0003,0,0.0003,0,6.262e-05,0.0003,0.0003,0.00027327,0.00063655,8.781e-05,0.00019332,0.00021907,0.0003,0.00026963,0.0003,0,0.00019743,0.00024788,6.502e-05,-5.315e-05,0.00025584,0.0008416,0.00020008,0,-0.00020794,0.0003,0,0.00016593,0.0003,-0.00107253,0.0003,0.00016167,0.00033293,0,0,0.00015428,0.0003,0.0003,-4.78e-06
2026-06-11 00:00:00+00:00,0.0003,0.00014431,0.00026786,-0.00026143,7.471e-05,0.00030434,0.0003,3.502e-05,0,0.0003,0.0003,0,0.0003,0.00071855,0.0003,0.00017518,0,0.0003,0,0.00015611,0.0003,0.0003,0.0003,0.00076506,0.00022145,0.0041895,0.00019439,0.0003,-0.00014258,0.0003,0,0.00024574,0.00029396,1.562e-05,-5.511e-05,0.0003,0.00123935,0.00027722,0,-2.328e-05,0.0003,0,0.0003,0.00085991,-0.00036516,0.0003,0.0003,0.00088927,0,0,0.00018168,0.0003,0.0003,4.45e-05
2026-06-12 00:00:00+00:00,-2.794e-05,4.4e-05,0.00025173,-0.00039818,-2.419e-05,0.00088454,0.0003,-4.334e-05,0,0.0003,0.0003,0,0.00188265,0.0018384,0.00022238,4.698e-05,0,0.0003,0,4.137e-05,0.0003,0.0003,0.0003,0.00029209,-9.971e-05,0.00244903,0.0003,0.0003,-0.00024911,0.0003,0,0.0003,0.00010924,8.863e-05,7.744e-05,0.00022953,0.0003,0.00020566,0,-0.00041919,0.0003,0,0.00018343,0.0019698,-0.00252666,0.0003,0.00015033,0.0008963,0,0,0.00021861,0.0003,0.0003,1.983e-05
2026-06-13 00:00:00+00:00,0.00024902,5.361e-05,0.00019474,-0.00035186,0.00013412,0.00217933,0.0003,-6.895e-05,0,0.0003,0.0003,0,0.0003,0.0003,0.00029551,0.00010831,0,0.0003,0,0.00013252,0.0003,0.0003,0.00049014,0.0003,-0.00012546,0.00152328,0.0003,0.0003,-0.00014187,0.0003,0,0.0003,-0.00126266,0.00023175,8.449e-05,0.0003,0.0007942,0.0003,0,-0.0002692,0.00025923,0,0.0003,0.00049922,-0.00201632,0.0003,0.00024865,0.00082752,0,0,0.00016659,0.0003,0.0003,6.355e-05
2026-06-14 00:00:00+00:00,0.0003,-0.00023479,0.00027183,-0.00060335,-0.00037839,0.00048456,0.0003,-3.91e-06,0,0.00027052,0.0003,0,0.0003,0.0003,0.0002526,9.219e-05,0,0.0003,0,3.772e-05,0.0003,0.0003,0.0003,0.0003,-0.00129915,0.00216262,0.00011765,0.0003,0.00013976,0.0003,0,0.00027604,0.00027605,0.00021255,-0.00083608,0.00013755,0.00030562,0.0003,0,-1.23e-05,0.00014156,0,0.0003,0.00044601,-0.00227036,0.0003,0.0003,0.00032137,0,0,0.00020521,0.0003,0.0003,-0.00012432
2026-06-15 00:00:00+00:00,0.0003,9.289e-05,0.0003,-3.57e-05,0.00018056,0.00160923,0.0003,-0.00013842,0,0.0003,0.00021196,0,0.00013573,0.00041374,0.0003,-0.00055107,0,0.0005035,0,0.00024813,0.0003,0.0003,0.0003,0.0003,-0.00199653,0.0033893,0.0003,0.0003,0.00025584,0.0003,0,0.00025701,1.268e-05,0.00016784,0.000172,0.0003,0.00086175,0.00028315,0,0.0003,0.00028425,0,0.0003,0.00055001,-0.00248786,0.0003,0.0003,0.00066862,0,0,0.00029346,0.0003,0.0003,-2.65e-05
2026-06-16 00:00:00+00:00,0.00023298,0.00025265,0.0003,-8.771e-05,-0.0001978,0.00159867,0.0003,7.866e-05,0,0.0003,0.0003,0,0.0003,0.00057018,0.0003,-0.00014506,0,0.00050663,0,-3.915e-05,0.0003,0.0003,0.00032523,0.00050953,3.178e-05,0.00192877,0.0003,0.0003,0.00024261,0.0003,0,0.00017635,0.00020369,0.00011488,0.00024605,0.0003,0.00047601,9.897e-05,0,0.000181,0.00016896,0,-0.00281707,0.00049193,-0.002259,0.0003,0.00029797,0.00032407,0,0,0.00026941,0.0003,0.0003,-1.292e-05
2026-06-17 00:00:00+00:00,0.0003,0.00020809,0.00023895,0.00013118,0.00018915,0.00285695,0.0003,0.00017749,0,0.00020569,0.0003,0,0.0003,0.00066298,0.00026646,0.00026906,0,0.0003,0,8.352e-05,0.0003,0.0003,0.00049722,0.0003,0.00016534,0.00066527,0.00028234,0.00027796,6.875e-05,0.0003,0,3.137e-05,0.00015099,0.00022542,0.00014941,0.00029739,0.00055677,0.00021847,0,0.00027396,7.39e-06,0,0.0003,0.00065211,-0.00095429,0.00023835,0.0002829,0.00073952,0,0,0.00020801,0.0003,0.00041042,-7.31e-05
2026-06-18 00:00:00+00:00,0.00024533,6.494e-05,4.689e-05,1.757e-05,-0.00053642,0.00054585,0.0003,-9.533e-05,0,0.00012008,0.00017351,0,0.00039479,0.00100745,0.00026552,0.00019732,0,0.0003,0,2.02e-06,0.00021516,0.0003,0.0003,0.0003,5.261e-05,0.0001609,0.00011089,0.0003,3.424e-05,0.0003,0,-0.00011121,0.00024573,-6.12e-05,-7.367e-05,0.00017838,0.00081966,-2.781e-05,0,6.321e-05,1.804e-05,0,0.0003,0.00037079,-0.00073212,0.0003,0.00014863,0.00044642,0,0,-4.72e-05,7.07e-05,0.00125583,5.404e-05
2026-06-19 00:00:00+00:00,0.0003,0.00012046,0.0003,0.0002419,-0.00020223,0.0003,0.0003,-0.00033328,0,0.00010624,3.095e-05,0,0.00033696,0.0003,0.0003,-9.585e-05,0,0.0003,0,-3.139e-05,9.578e-05,0.0003,0.0003,0.0003,0.00011476,0.00024127,-0.00047087,0.0003,0.00027046,0.0003,0,6.321e-05,0.00015304,-4.644e-05,-0.00043161,0.000275,-7.174e-05,0.00026095,0,0.00016626,-0.00034326,0,0.0003,0.00095967,-0.00063374,0.00027143,0.00021949,0.0003,0,0,-1.236e-05,0.00029858,0.00200206,0.00010846
2026-06-20 00:00:00+00:00,0.0003,5.858e-05,0.0002963,-0.00030685,-0.00020275,0.00063385,0.0003,-0.00025204,0,-9.71e-06,0.0003,0,0.0003,0.0003,0.00022664,0.00026671,0,0.0003,0,-4.459e-05,0.00022788,0.0003,0.0003,0.0003,-2.973e-05,0.00026423,-3.045e-05,9.842e-05,0.00029732,0.0003,0,0.00024296,0.00028223,0.00024001,2.898e-05,0.000149,0.0003,0.00025162,0,0.00027476,-0.00014818,0,0.0003,0.00032843,-0.0008962,0.0003,0.00012214,0.00053249,0,0,-1.481e-05,0.0003,0.0007935,0.00012432
2026-06-21 00:00:00+00:00,0.0003,0.0001157,0.00025638,-0.00031157,0.00012464,0.00125934,0.0003,-0.00019902,0,0.00014241,0.00025918,0,0.00032565,0.0003,0.00027685,0.00015514,0,0.0003398,0,2.389e-05,0.00016854,0.0003,0.00048102,0.0003,0.00027206,-0.00011287,3.218e-05,0.0003,0.0003,0.0003,0,0.00028007,0.0003,0.00021017,1.036e-05,0.0003,0.00039888,0.00015405,0,0.0003,0.00027656,0,0.0003,0.00042406,-0.00148048,0.0003,0.00019842,0.00059277,0,0,0.00019512,0.0003,0.00156176,8.001e-05
2026-06-22 00:00:00+00:00,0.0003,0.0003,0.00021434,-0.00052902,-0.00016344,0.0003641,0.0003,-0.00011513,0,0.00021856,2.038e-05,0,0.00031191,0.00101299,0.00017706,0.0003,0,0.00030283,0,6.134e-05,0.00027043,0.0003,0.0003,0.00033907,5.36e-05,0.00050335,-0.00012338,0.0003,0.0003,0.0003,0,-3.2e-05,0.00028609,6.464e-05,1.55e-06,0.00012636,0.0003,0.00024973,0,0.0002178,0.0003,0,0.0003,0.00032243,-0.00061703,0.0003,0.00017809,0.00031595,0,0,0.00021383,0.0003,0.00042911,0.00012899
2026-06-23 00:00:00+00:00,0.00015052,0.00018307,0.00028648,-0.00071518,-0.00025376,0.0003,0.0003,5.219e-05,0,-1.968e-05,0.0003,0,0.00167906,0.00133371,-6.601e-05,0.0003,0,0.0003,0,-0.00013168,0.0003,0.0003,0.0003,0.0003,0.00024648,0.00051135,-0.00017379,0.0003,0.00018663,0.0003,0,-4.441e-05,0.0003,0.00010879,-0.00055918,7.358e-05,0.0003,0.00017053,0,0.00023751,0.00025947,0,0.0003,0.00032488,-0.0002748,0.0003,0.00010832,0.0003,0,0,3.008e-05,0.0003,0.0003595,3.807e-05
2026-06-24 00:00:00+00:00,0.00023921,-7.868e-05,-0.00012238,-0.00099529,-0.00055333,0.00055079,0.00025,0.00012199,0,-1.934e-05,0.00025,0,0.00037502,0.00065827,-9.87e-06,0.00025,0,0.00025,0,-0.00014168,0.00023233,0.00025,0.00025,0.00025,3.229e-05,0.00033324,-2.139e-05,0.00025,0.00012869,0.00025,0,-9.127e-05,0.00013175,-3.985e-05,-0.00067615,6.365e-05,0.00051529,0.00011475,0,0.00025,-9.348e-05,0,0.00025,0.00025,-0.00073389,0.00025,0.00023169,0.00025,0,0,-0.00023485,0.00025,0.00032443,4.315e-05
2026-06-25 00:00:00+00:00,0.00028609,-0.00025049,-0.00024746,-0.00075082,-0.00043778,0.00314738,0.0003,-0.00021817,0,0.00016649,0.0003,0,0.0008811,0.0003,0.0002388,0.0003,0,0.0003,0,9.11e-05,0.00028952,0.00028904,0.0003,0.0003,-1.805e-05,0.00057677,-0.00043655,0.0003,0.0003,0.0003,0,-8.821e-05,0.00025518,-6.78e-05,-0.00048254,0.0003,0.00066391,0.00012412,0,-0.00016748,3.511e-05,0,0.00026358,0.0003,-0.00082025,0.0003,0.00025107,0.0003,0,0,-2.86e-05,0.00018618,0.0003,-1.646e-05
2026-06-26 00:00:00+00:00,0.0003,-1.231e-05,0.00023586,-0.00059658,-0.00075334,0.00153361,0.0003,-9.059e-05,0,0.00023218,0.0003,0,0.0003,0.0003,-8.158e-05,0.00021796,0,0.0003,0,0.00014459,0.0003,0.0003,0.00023867,0.00031548,0.0003,0.00031081,0.00010522,0.0003,0.0003,0.0003,0,0.00019325,0.0003,0.00016048,-1.035e-05,0.0003,0.00175668,0.0001498,0,-0.00023922,0.00022423,0,0.00027705,0.0003,-0.00162749,0.0003,0.00029547,0.00099038,0,0,-6.34e-05,0.00018858,0.0003,0.0001851
2026-06-27 00:00:00+00:00,0.0003,0.00017607,0.0003,-0.00057819,7.89e-06,0.00045175,0.00027807,4.5e-07,0,0.00020884,0.00029735,0,0.00073259,0.00210448,0.00015095,0.0003,0,0.0003,0,8.308e-05,0.0003,0.0003,0.0003,0.0003,0.0003,-0.00034868,0.0003,0.0003,0.00018135,0.0003,0,-2.355e-05,0.0002614,0.0002087,0.00016699,0.00021827,0.00085845,0.00027718,0,-0.00077907,0.0003,0,0.0003,0.0003,-0.00111085,0.0003,0.0003,0.00050296,0,0,0.00029845,0.0003,0.0003,0.00013281
2026-06-28 00:00:00+00:00,0.00021345,-4.51e-05,-0.00021266,-0.00089043,-0.00072013,0.00188128,0.00016741,-0.00030624,0,0.0003,-0.02845169,0,0.00082921,0.00075001,0.00011944,0.0003,0,0.0003,0,-5.408e-05,0.0003,0.0003,0.0003,0.00043533,0.0003,0.00132439,0.00019615,0.0003,0.00019323,0.0003,0,1.05e-06,0.00016235,0.00016978,-5.048e-05,0.00027448,0.00045088,0.0003,0,-1.683e-05,0.0003,0,0.0003,0.0003,-0.00152276,0.0003,-0.0001641,0.00053046,0,0,0.0003,0.000229,0.00128448,0.00010043
2026-06-29 00:00:00+00:00,0.00012512,0.00022181,0.00017966,-0.0001776,-0.00059268,0.00199592,0.00029715,9.827e-05,0,0.00028935,-0.0051274,0,0.00121998,0.00050078,0.00020914,0.0003,0,0.0003,0,-8.88e-06,0.0003,0.00049577,0.0003,0.00037923,0.00020459,0.0010142,0.0003,0.0003,3.802e-05,0.0003,0,0.00026072,0.00028605,0.0002181,7.758e-05,0.00016693,0.00122985,0.0003,0,0.0003,0.0003,0,0.0003,0.00030966,-0.00166938,0.0003,0.00025716,0.00101689,0,0,0.00024448,0.00026292,0.0003644,0.00019214
2026-06-30 00:00:00+00:00,0.00029397,0.00016962,0.00011288,0.00019292,-0.00035992,0.00186338,0.0003,0.00019934,0,0.000168,-0.00028353,0,0.00111855,0.0009247,5.02e-06,0.0003,0,0.0003,0,6.68e-06,0.0003,0.00035313,0.0003,0.0003,0.0003,0.00048741,0.00024864,0.0003,0.00025567,0.0003,0,0.00017493,0.00010102,0.0003,-0.00014084,0.00022112,0.0009714,0.00029488,0,0.0003,0.0003,0,0.0003,0.0003,-0.00039559,0.0003,0.0003,0.00156008,0,0,0.00026036,0.00012425,0.00033295,0.00017851
2026-07-01 00:00:00+00:00,6.873e-05,0.00018658,6.555e-05,0.00015767,-0.00063521,0.00143595,0.00026112,0.00022589,0,0.00015877,0.00027435,0,0.00095331,0.00038594,0.00028744,0.0003,0,0.00065639,0,0.00020177,0.0003,0.00032162,0.0003,0.00032324,0.0003,0.00090243,0.0003,0.00018319,0.0003,0.0003,0,0.00023933,0.0003,0.0003,0.0001836,0.0003,0.00115552,0.0003,0,-0.00013657,0.00018843,0,0.0003,0.0003,-0.00033484,0.0003,0.0002767,0.00054531,0,0,0.00029423,0.0003,0.00085117,0.00014458
2026-07-02 00:00:00+00:00,0.0003,0.00024913,0.00110587,-0.00016616,0.00010981,0.00152058,0.0003,1.875e-05,0,0.0003,0.0003,0,0.0003,0.0003,0.00028473,0.0003,0,0.00046062,0,0.00012462,0.0003,0.0003,0.0003,0.0003,0.00023831,0.00155317,0.0003,-0.00038139,0.0003,0.0003,0,0.0003,0.00027241,0.00025034,0.00010327,0.00016358,0.00066002,0.0003,0,-0.00025661,0.0001746,0,0.0003,0.0003,-0.00062041,0.0003,0.00025723,0.0003,0,0,0.0003,0.0003,0.00039111,0.000185
2026-07-03 00:00:00+00:00,0.00022599,0.0003,0.0013565,0.0003,0.00027083,0.00208292,0.0003,-0.00061833,0,0.0003,0.00014602,0,0.0003,0.00131404,0.0003,0.0003,0,0.00056037,0,0.00024714,0.0003,0.00053599,0.0003,0.0003,-0.00027412,0.00225455,0.0003,0.0003,0.0003,0.0003,0,0.00023736,0.0003,0.00023255,0.00027942,0.0003,0.00177832,0.0003,0,0.00018551,0.00023428,0,0.0003,0.00035829,-0.00020575,0.0003,0.0003,0.0003406,0,0,0.0003,0.0003,0.00108027,0.0002374
2026-07-04 00:00:00+00:00,0.0003,0.00020407,0.00058257,0.0003,0.0003,0.00039725,0.00025693,0.0003,0,0.00019275,-0.00030347,0,0.0003,0.0003,0.00025473,0.0003,0,0.0003,0,0.0003,-0.00016984,0.00033106,0.0003,0.0003,-0.00016045,0.0015356,0.0003,0.00015631,0.0003,0.0003,0,0.00015512,1.644e-05,0.00017993,0.0001137,0.0003,0.00114723,0.0003,0,0.00026893,0.00020042,0,0.0003,0.0003448,-3.346e-05,0.0003,0.0003,0.0003,0,0,0.0003,0.0003,0.00047376,0.0002948
2026-07-05 00:00:00+00:00,0.0003,-8.462e-05,0.00093177,0.00011975,0.0003,0.00070859,4.414e-05,-8.564e-05,0,0.0003,-0.00118501,0,0.00046029,0.00043351,0.0003,0.0003,0,0.0003,0,0.00023894,0.0003,0.00032264,0.00039066,0.0003,0.00026264,0.00163493,0.0003,9.97e-06,0.0003,0.0003,0,0.00019145,0.00026234,-0.00010319,6.503e-05,0.0003,0.00032244,0.00027007,0,0.0003,0.00026546,0,0.0003,0.0003,-0.00054325,0.0003,0.0003,0.0003,0,0,0.00029014,0.0003,0.00033489,0.00027014
2026-07-06 00:00:00+00:00,0.0003,-0.00045307,0.00054216,0.00019296,0.00027437,0.0011789,0.00010485,0.00012042,0,0.0003,-0.00012498,0,0.00054221,0.00041291,0.0003,0.0003,-0.00334186,0.0003,0,0.00021049,0.0003,0.0003,0.0003,0.0003,0.00028211,0.00110459,0.00029429,0.0003,0.0003,0.0003,0,0.0003,0.00029712,0.00013866,0.00027848,0.0003,0.00063871,0.00026682,0,0.0003,0.00012063,0,0.0003,0.0003,-0.00023742,0.0003,0.0003,0.00103215,0,0,0.00023426,0.0003,0.0010914,0.0002382
2026-07-07 00:00:00+00:00,0.0003,-0.00095994,0.00024116,-3.332e-05,0.0002287,0.00087137,0.0003,0.0002225,0,0.0003,0.00020555,0,0.00061971,0.00202147,0.00021928,0.00024813,-0.00104002,0.00039864,0,0.00013325,0.0003,0.0003,0.0003,0.00040915,0.0003,0.00106388,0.0003,0.0003,0.0003,0.0003,0,4.062e-05,0.0003,0.0003,-0.00012148,0.0003,0.00047699,0.00025571,0,0.00028197,0.00013151,0,0.0003,0.00034347,-0.00020606,0.0003,0.0003,0.00045409,0,0,8.549e-05,0.0003,0.00047751,0.00022617
2026-07-08 00:00:00+00:00,1.533e-05,-0.00135834,0.00020539,-0.00020198,-2.946e-05,0.0003,0.0003,-0.00026528,0,-0.00021123,0.00018312,0,0.00060604,0.0003,9.694e-05,0.0003,-0.00482374,0.0003,0,5.231e-05,0.0003,0.0003,0.0003,0.0003,0.0003,0.00055759,0.0003,0.0003,0.0003,0.0003,0,0.00019361,0.0003,0.0003,-0.00036268,0.0003,0.00016647,0.00023139,0,0.00024221,0.00025134,0,0.0003,0.00033043,-0.00013357,0.0003,0.0003,0.0003,0,0,-0.0002529,0.0003,0.00033908,0.00012741
2026-07-09 00:00:00+00:00,0.0003,-0.0020191,0.0003,0.00014578,0.00016299,0.00118671,0.00023101,-0.00017999,0,0.00020295,0.0003,0,0.00081287,0.0003,0.00010394,0.0003,-0.00035103,0.0003,0,0.00017983,0.0003,0.0003,0.0003,0.0003,-4.069e-05,0.00099954,0.00025146,0.00021824,0.0003,0.0003,0,0.0002517,0.0003,0.00029999,-0.00033348,0.0003,0.00046461,0.00028363,0,0.00010569,0.00023872,0,0.0003,0.00098522,-0.00021664,0.00056071,0.0003,0.0003,0,0,-0.00019899,0.0003,0.00045527,0.00017687
2026-07-10 00:00:00+00:00,0.0003,-0.00235576,1.041e-05,0.0003,0.00020197,0.0026243,0.0003,0.00013447,0,0.0001684,0.0003,0,0.00146769,0.0003,1.362e-05,0.0003,-0.00487209,0.0003,0,0.00022242,0.0003,0.0003,0.0003,0.0003,-0.00049409,0.00042492,0.00029923,0.0003,0.0003,0.00026287,0,0.00026182,0.0003,0.0003,-6.62e-06,0.00029188,0.0003,0.0002379,0,0.0003,9.733e-05,0,0.0003,0.00085767,-0.0003629,0.0022328,0.0003,0.0003,0,0,-0.00013881,0.0003,0.00074273,0.00025813
2026-07-11 00:00:00+00:00,0.0003,-0.00089196,0.00048235,0.00028292,0.00015001,0.00316568,0.0003,0.00029881,0,0.0003,0.0003,0,0.00068942,0.0003,0.00012391,0.0003,0,0.0003,0,0.00029327,0.0003,0.0003,0.0003,0.0003,0.00012159,0.0020965,0.0003,0.0003,0.0003,0.0003,0,0.0003,0.0003,0.00015204,-6.124e-05,0.0003,0.00050208,0.00025908,0,0.0003,-0.00021243,0,0.0003,0.00053985,-0.00037318,0.00300076,0.0003,0.00045591,0,0,0.00020943,0.0003,0.00093698,0.00015098
2026-07-12 00:00:00+00:00,0.00028348,-0.00125761,-9.613e-05,-1.519e-05,7.7e-05,0.00498265,0.0002716,-0.00036076,0,-0.00036702,0.0003,0,0.00134235,0.0003,0.00016857,0.0003,0,0.0003,0,8.522e-05,0.0003,0.0003,0.0003,0.00025862,5.205e-05,0.00031618,9.207e-05,0.0003,0.0003,0.0003,0,0.0003,0.0003,0.00021757,-0.00051801,0.0003,0.00053964,0.00016491,0,0.00017688,-0.00027359,0,0.0003,0.00057381,-0.00098708,0.00180486,0.00024319,0.0003,0,0,8.47e-06,0.0003,0.00084004,0.00018544
2026-07-13 00:00:00+00:00,9.448e-05,-0.00182866,-3.952e-05,-0.00015799,-2e-08,0.00401466,0.00025178,-0.00059957,0,7.435e-05,0.0003,0,0.00084312,0.00040076,0.0001427,0.0003,0.00033293,0.0003,0,-5.147e-05,0.0003,0.0003,0.0003,0.0003,7.267e-05,0.00015277,0.00018682,0.0003,0.0003,0.0003,0,0.00022893,0.0003,0.0003,-0.00070412,-8.736e-05,7.792e-05,0.00022253,0,0.0003,0.00020892,0,0.0003,0.00119008,-0.00078897,0.00083719,0.00015903,0.000312,0,-0.00077017,0.00012468,0.0003,0.00037943,0.00016377
2026-07-14 00:00:00+00:00,0.00020465,-0.00303552,0.00027901,-0.00064873,-0.0001009,0.00248677,0.0003,-0.00054462,0,0.00017306,0.0003,0,0.00095914,0.00037996,-2.225e-05,0.0003,-3.71e-05,0.00037494,0,0.00018703,0.0003,0.0003,0.0003,0.0003,-0.00019889,0.00170083,-1.968e-05,-0.00029178,0.0002665,0.00022095,0,0.00026384,6.96e-06,0.00014381,-0.00037088,5.918e-05,0.00111716,0.00010691,0,0.00029343,7.628e-05,0,0.0003,0.00075605,-0.00034965,0.0003,0.0003,0.0003,0,0.0022939,5.344e-05,0.0003,0.00051262,0.00017335
2026-07-15 00:00:00+00:00,0.0003,-0.00370888,0.0003,-0.00014086,-4.781e-05,0.00078086,0.0003,0.00010487,0,-7.82e-06,0.00022283,0,0.0014494,0.0003,0.00013877,0.0003,0,0.00034355,0,0.0002704,0.0003,0.0003,0.0003,0.0003,-0.00129018,0.00095154,0.0003,-0.0003721,0.00018513,0.00024838,0,0.00024414,0.00021954,-1.008e-05,0.00021953,0.0003,0.00029649,0.00016815,0,0.0003,0.0003,0,0.0003,0.00046282,6.168e-05,0.0003,0.0003,0.0003,0,0.00365461,6.53e-05,0.0003,0.00054333,0.00024457
2026-07-16 00:00:00+00:00,0.0003,-0.01237781,0.00052274,-2.002e-05,-0.00028454,0.00037636,0.00029387,6.1e-05,0,0.00020931,0.0003,0,0.0003,0.00084148,0.00020781,0.0003,-6.315e-05,0.00055403,0,0.00022627,0.0003,0.0003,0.0003,0.0003,-0.0010417,0.00075287,0.00025179,0.00013598,0.0003,0.0002832,0,0.00016133,0.00018536,0.0003,0.00020138,0.0003,0.00050508,0.00018407,0,0.00015662,0.0003,0,0.0003,0.00074545,0.00011025,0.0003,0.0003,0.0003,0,0.00046491,0.00015943,0.0003,0.00050116,0.00016112
2026-07-17 00:00:00+00:00,0.0003,-0.00717438,-0.00012939,-0.00025557,0.00012211,0.0006016,0.00023298,-0.00024705,0,0.00024231,0.0003,0,0.0003,0.0003,-9.401e-05,0.0003,-0.00696703,0.00032162,0,1.441e-05,0.0003,0.0003,0.0003,0.0003,-0.00110122,0.00047852,0.00017485,0.00025636,0.00015247,0.0003,0,0.00020612,0.00025727,0.00029089,-7.194e-05,0.0003,0.00051678,6.602e-05,0,0.00020506,0.0003,0,0.0003,0.00156937,-0.00010506,0.0003,0.00018179,0.0003,0,-0.00099471,0.00025759,0.0003,0.00121735,0.00015204
2026-07-18 00:00:00+00:00,0.0003,-0.0039359,-0.00022777,-0.00114154,0.00022114,0.00092292,0.00024038,-0.00032295,0,0.00020791,0.0003,0,0.00036639,0.000381,-9.87e-05,0.0003,-0.00089623,0.0003,0,0.00010706,0.0003,0.0003,0.0003,0.0003,-0.00029822,0.00353714,2.211e-05,-0.00034282,-0.00030705,0.00015303,0,0.00023417,-8.18e-05,-4.959e-05,-0.00020869,-2.668e-05,0.00058994,-0.000295,0,5.163e-05,0.00026941,0,0.0003,0.00099182,8.482e-05,0.0003,-1.377e-05,0.0003,0,0,6.694e-05,0.00031295,0.00055732,0.00013355
2026-07-19 00:00:00+00:00,0.0003,-0.0021258,0.0003,-0.00092891,0.00029442,0.0008358,0.00028631,-0.00013223,0,0.00019045,0.0003,0,0.00074513,0.00073734,-0.00011506,0.0003,0,0.00033714,0,0.00019334,0.0003,0.0003,0.0003,0.0003,-0.00018719,0.00139576,7.517e-05,7e-06,0.00020323,0.00022362,0,9.026e-05,0.00029704,0.00022152,0.00016402,0.00023556,0.00038435,3.344e-05,0,-1.916e-05,0.00019741,0,0.0003,0.00122652,-0.00035849,0.00055942,0.00018879,0.0003,0,0,2.51e-05,0.0003,0.00144063,0.00012546
2026-07-20 00:00:00+00:00,7.122e-05,0.0003,0.00022704,-0.00030144,0.0003,0.00083674,0.0003,4.862e-05,0,4.378e-05,0.00028952,0,0.00068996,0.00038234,4.909e-05,0.0003,-0.00963254,0.00048393,0,3.994e-05,0.0003,0.0003,0.0003,0.00033426,-0.00019198,0.0026986,0.00014056,0.0003,0.00017524,0.00021745,0,0.00027224,0.00021698,0.00011721,0.00026488,0.00021387,0.00063101,0.00019726,0,6.294e-05,0.00024764,0,0.0003,0.00199094,-0.00025468,0.0003864,-0.00019802,0.0003,0,-0.00329313,0.00021403,0.0003,0.00123461,0.00016686
2026-07-21 00:00:00+00:00,0.0002967,0.0003,0.0003,-0.00030596,0.00021658,0.00059227,-1.031e-05,0.00026613,0,0.0003,0.0003,0,0.0003,0.00037544,0.00028917,0.0003,-0.00171346,0.00074775,0,0.0003,0.0003,0.0003,0.00029455,0.00049689,-0.00070154,0.00078035,0.00013953,0.00027631,0.0003,-0.00011177,0,0.00023305,0.00025383,0.00028105,0.00022227,0.0003,0.00019832,0.00025642,0,0.0003,0.00023875,0,0.0003,0.00225732,0.00017864,0.0003,9.805e-05,0.0003,0,9.099e-05,0.0003,0.0003,0.00043591,0.0001622
2026-07-22 00:00:00+00:00,0.0003,0.0003,-0.00014489,-0.00016329,0.00016499,0.00102849,6.334e-05,0.00013112,0,0.00018359,0.0003,0,0.0003,0.00033494,0.00020124,0.0003,-0.00332657,0.0003,0,0.00023172,0.0003,0.0003,0.0003,0.00054749,9.406e-05,0.0018171,0.00025122,0.00024713,0.00014757,-5.883e-05,0,0.00028915,0.000276,8.405e-05,0.0001056,0.0003,0.00046601,0.00016816,0,0.0003,0.00027282,0,0.0003,0.0011857,0.00014542,0.00039281,0.00016472,0.0003,0,-0.00243347,0.00011878,0.0003,0.0003,0.00010819
2026-07-23 00:00:00+00:00,0.0003,6.802e-05,-0.00016791,0.0003,0.0003,0.00195291,0.00012298,3.002e-05,0,0.00015338,0.0003,0,0.00028445,0.00104794,0.00018931,0.0003,-0.00266439,0.0003,0,-0.0001158,0.0003,0.0003,0.0003,0.00036511,0.0002747,0.00031311,0.00016916,0.0002216,3.992e-05,-4.31e-05,0,0.00025403,0.00024333,0.00021409,-5.375e-05,0.0003,0.00044853,0.00020159,0,0.00017244,0.00025881,0,0.0003,0.00082044,0.00014287,0.0003603,-6.63e-05,0.0003,0,0,1.6e-06,0.0003,0.0003,8.386e-05
2026-07-24 00:00:00+00:00,0.00024899,0.0003,0.00016183,0.00010492,8.475e-05,0.00120489,0.00013096,-0.00043613,0,0.0001145,0.0003,0,0.00031275,0.00035766,0.00028484,0.0003,-0.00018433,0.0003,0,-0.00019891,0.0002694,0.0003,0.00043639,0.0003,0.0003,0.0010269,0.00020441,0.00013099,-0.00023611,0.0003,0,4.785e-05,7.065e-05,0.00012799,-0.00022725,0.0003,0.00056336,0.00018017,0,0.00026581,7.574e-05,0,0.0003,0.00050777,4.262e-05,0.00040781,-0.00013304,0.0003,0,0,4.3e-06,0.0003,0.0003,0.00018626
2026-07-25 00:00:00+00:00,0.0003,0.0003,0.00039402,0.00019057,0.0003,0.00284634,0.00010165,0.00017713,0,0.00020567,0.0003,0,0.00033675,0.00046261,0.0003,0.0003,-0.00020107,0.0003062,0,3.446e-05,0.00010072,9.557e-05,0.0003,0.0003,0.0003,0.00102472,0.00027245,0.00023219,0.00016934,0.0003,0,0.00015081,0.00018516,0.00020984,0.00017035,-3.023e-05,0.00057566,0.00025922,0,0.0003,-3.329e-05,0,0.0003,0.00040858,-6.029e-05,0.00063235,-5.638e-05,0.0003,0,0,0.00029656,0.0003,0.00040587,0.00012228
2026-07-26 00:00:00+00:00,0.0003,0.0003,0.00078155,0.00025983,0.00019804,0.00327466,0.00026136,0.00016557,0,0.0003,0.0003,0,0.00053404,0.00075467,0.0001649,0.0003,0,0.00032339,0,0.00029495,0.0003,0.0003,0.0003,0.0003,0.00018294,0.00113295,7.82e-05,-6.404e-05,0.00021053,0.00029083,0,0.00019111,-8.407e-05,0.0003,0.00024707,0.0003,0.0006893,0.0003,0,0.0003,3.804e-05,0,0.0003,0.0015016,1.996e-05,0.00040039,0.0003,0.0003,0,0,0.0003,0.0003,0.00038003,0.00015581
2026-07-27 00:00:00+00:00,0.0003,0.00027857,0.00055288,0.00015328,0.0003,0.0019956,0.00027696,0.00017126,0,0.00018313,0.0003,0,0.00039904,0.00037541,0.0002846,0.0003,-0.0064286,0.0003,0,0.00015681,0.0003,0.0003,0.00049558,0.00201006,-0.00032314,0.0020801,0.00022865,0.0003,0.0003,0.0003,0,0.00023232,0.00021588,-1.18e-06,0.00013247,0.0003,0.00036506,0.00024137,0,0.00026329,0.00021658,0,0.0003,0.00123885,8.771e-05,0.00053845,0.0003,0.0003,0,0.00081812,0.00027346,0.0003,0.00072182,0.00017639
2026-07-28 00:00:00+00:00,0.0003,0.00019703,0.0003,-0.00021285,-0.00034198,0.00168258,0.0002353,0.00014196,0,-1.854e-05,0.0003,0,0.00033136,0.00034604,0.0003,0.0003,-0.00417214,0.0003,0,7.413e-05,0.0003,0.0003,0.0003,0.0003,-5.729e-05,0.00155899,0.00029763,-2.95e-06,0.00011029,0.0003,0,0.00013985,0.00015362,-0.00023655,-0.00056464,0.0003,0.00074294,-0.00022814,0,-1.808e-05,0.00019078,0,0.0003,0.0003,-0.00058757,0.00051726,0.00029364,0.0003,0,0.00167978,0.00016029,0.0003,0.00160301,0.00011022
2026-07-29 00:00:00+00:00,0.0003,0.00024806,-0.00011718,-0.00029267,-0.00032073,0.00099375,7.543e-05,9.709e-05,0,-0.0003153,0.00025858,0,0.0003,0.00038645,0.00021577,0.00020572,-0.0012369,0.00015824,0,0.00016798,0.00028581,0.0003,0.0003,0.00040895,0.00020477,0.00061139,4.367e-05,8.962e-05,-0.00021106,0.0003,0,3.962e-05,-5.925e-05,6.727e-05,-0.00059971,0.0003,0.00012609,-0.00027561,0,-0.00059364,7.619e-05,0,0.0003,0.00033184,-0.00049385,0.00077625,0.00017363,0.0003,0,-0.00261432,9.731e-05,0.00030815,0.00043308,0.00023665
2026-07-30 00:00:00+00:00,0.0003,0.00024708,-0.00032737,-0.00051746,-0.00040588,0.00070867,0.00016186,0.00014076,0,9.473e-05,0.00029689,0,0.0020114,0.0005335,0.00019318,0.0003,-0.00307387,0.0003,0,7.675e-05,0.0003,0.0003,0.0003,0.0005531,4.488e-05,0.00251623,0.00012252,0.0003,-9.326e-05,0.0003,0,0.00016834,-5.369e-05,-0.00025783,-0.00016071,0.00027042,0.0007819,-1.284e-05,0,7.838e-05,0.00015932,0,0.0003,0.00062701,-5.66e-05,0.00081648,0.00011668,0.0003,0,-0.0015235,-1.08e-06,0.0003,0.0003,0.00024769
2026-07-31 00:00:00+00:00,0.0003,3.291e-05,-0.00024789,-0.00027311,-7e-05,0.00228773,0.00024114,0.00015332,0,0.00016563,0.0003,0,0.00257973,0.00096392,0.0003,0.00043187,-0.00132649,0.00047313,0,4.938e-05,0.00018992,0.0003,0.0003,0.00154038,0.00010366,0.00231461,0.00023355,0.0003,0.00027824,0.0003,0,0.00011927,1.69e-05,0.0001572,0.0003,0.00026971,0.00036683,0.00019814,0,5.475e-05,0.0003,0,0.0003,0.0007079,-1.124e-05,0.0003,0.00015028,0.0003,0,-0.00049107,0.00024246,0.00030569,0.00031962,0.00025069
2026-08-01 00:00:00+00:00,0.0003,-7.92e-06,0.00024105,0.00017928,0.00018912,0.00215706,-4.98e-05,0.0002071,0,0.0003,0.0003,0,0.00168064,0.00120845,0.00014531,0.0003,-5.608e-05,0.0003,0,0.00022795,0.00028907,0.0003,0.0003,0.00123354,0.0003,0.00170187,0.0003,0.0003,0.0002223,0.0003,0,0.0003,0.0003,0.0003,6.459e-05,0.00011138,0.00043404,0.00011102,0,0.00024145,0.0003,0,0.0003,0.0005,-0.0002064,0.0003,0.0003,0.0003,0,0,0.00018057,0.0003,0.0003,0.00010831
2026-08-02 00:00:00+00:00,0.0003,0.00015573,0.00021605,-6.951e-05,0.00020382,0.00383731,-0.00070986,0.00017503,0,0.00023402,0.0003,0,0.00192031,0.00126761,0.00027515,0.0003,0,0.0003,0,0.00013375,0.00018358,0.0003,0.0003,0.00063519,0.00026093,0.00046098,0.0003,0.0003,0.0003,0.0003,0,0.0002226,0.00029698,7.475e-05,0.00026966,0.0001965,0.00111521,0.00011469,0,0.0003,0.0003,0,0.0003,0.00089458,9.52e-05,0.0003,0.0002904,0.0003,0,-0.00050625,3.784e-05,0.00032498,0.00033024,0.0002118
2026-08-03 00:00:00+00:00,0.00027926,0.00013334,0.0002881,-2.13e-06,0.0003,0.00256581,-4.896e-05,0.0001704,0,-2.097e-05,0.0003,0,0.00267421,0.00184931,1.954e-05,0.0003,-0.00094884,0.00033075,0,0.00014379,0.00029997,0.0003,0.00048127,0.0020879,0.0003,0.00142598,0.0003,0.0002602,0.0003,0.00017999,0,4.904e-05,0.00025324,-4.33e-06,0.00024293,0.00010157,0.00169189,-7.475e-05,0,0.0003,0.0003,0,0.0003,0.00136892,4.878e-05,0.0003,0.00014911,0.0003,0,-0.00028667,-1.508e-05,0.0003,0.00040289,0.00018838
2026-08-04 00:00:00+00:00,0.0003,-0.00013284,-3.672e-05,0.00023447,0.0003,0.00044043,3.97e-05,0.0003,0,0.00015007,0.0003,0,0.00201368,0.00167595,0.00011644,0.0003,-0.00040464,0.0003,0,0.00028428,0.00022766,0.0003,0.0003,0.00105567,0.0003,0.0006156,0.00026607,0.00024369,0.0003,0.00028287,0,-2.738e-05,0.0003,0.00016196,0.00018909,0.00023188,0.00165435,5.79e-05,0,0.00025301,0.00020002,0,0.0003,0.00048768,0.00014598,-0.00085326,0.00024543,0.0003,0,0,0.00029554,0.0003,0.00172266,0.00017013
2026-08-05 00:00:00+00:00,0.0003,0.00016031,0.00018221,0.00021495,0.00010394,0.00037234,0.0003,6.301e-05,0,4.827e-05,0.00020205,0,0.0020087,0.00158468,0.00014986,0.0003,-0.0025236,0.00063993,0,0.00014345,0.0002476,0.0003,0.0003,0.00032831,0.0003,0.00088853,0.0002825,0.0003,0.0003,0.0003,0,0.0003,0.0003,0.00016866,0.00019493,0.0003,0.00087283,0.00025602,0,0.0003,0.0001583,0,0.0003,0.00041397,0.00022029,-0.01064021,0.0003,0.0003,0,-1.655e-05,0.00018629,0.00030155,0.00103202,5.365e-05
2026-08-06 00:00:00+00:00,0.0003,8.355e-05,0.00011388,0.0003,6.414e-05,0.00105372,0.0003,8.109e-05,0,0.0003,0.00028242,0,0.00287228,0.00204878,0.00023756,0.0003,-0.00011605,0.00126334,0,5.91e-06,0.0003,0.00031325,0.0003,0.00162921,0.0003,0.00067773,0.0003,0.00029927,0.0003,0.0003,0,0.0002455,0.00029309,0.00015416,1.368e-05,0.0003,0.00150782,0.00022171,0,0.0003,3.468e-05,0,0.0003,0.00137281,0.00016703,-0.00478691,0.00027572,0.0003,0,-0.00098693,0.00013942,0.0003,0.00054152,0.00015166
2026-08-07 00:00:00+00:00,0.0003,-0.00160113,0.0003,0.00015121,0.0003,0.00094081,0.0003,-0.00027838,0,0.0003,0.0003,0,0.0027181,0.00079827,0.0003,0.0003,-0.00089452,0.00071414,0,0.00017419,0.0003,0.0003,0.0003,0.00034632,0.0003,0.00109223,0.00020145,0.00027527,0.0003,0.0003,0,0.00024675,0.00022868,-9.966e-05,3.745e-05,0.0003,0.00138579,0.00026637,0,0.0003,0.00011083,0,0.0003,0.00053443,0.00023245,-0.005542,0.00024969,0.0003,0,-0.00079395,0.00011098,0.0003,0.0003,0.00011681
2026-08-08 00:00:00+00:00,0.0003,-0.00154456,-0.00137535,0.00013501,0.0003,0.00055399,0.0003,3.22e-06,0,0.00028414,0.00022494,0,0.00378211,0.00098649,0.0003,0.0003,0,0.0003391,0,0.00024235,0.0003,0.00042535,0.0003,0.0008305,0.0003,0.00075485,0.00026171,0.0003,0.0003,0.00025108,0,0.00027191,0.00016114,5.029e-05,0.0002857,0.0003,0.00110819,0.000258,0,0.0003,4.53e-05,0,0.0003,0.00081188,0.00028657,-0.00063703,0.00015271,0.0003,0,0,0.00016449,0.0003,0.0003,0.00016775
2026-08-09 00:00:00+00:00,0.0003276,-0.00057799,-0.00138109,0.00022626,0.0003,0.00085038,0.0003,0.00020371,0,0.00026392,0.00028783,0,0.00371101,0.00180706,0.0003,0.0003,0,0.00047808,0,0.0002433,0.0003,0.0006401,0.00068601,0.00112226,0.0003,0.00091572,0.00029931,0.0003,0.0003,0.00016838,0,0.0003,0.00026531,0.00027161,0.0003,0.0003,0.00110055,0.00029172,0,0.0003,7.841e-05,0,0.0003,0.00098483,0.00020592,-0.00043563,0.0003,0.00043188,0,0,0.0003,0.0003,0.00136339,0.00018144
2026-08-10 00:00:00+00:00,0.0003,-2.391e-05,-0.00010877,0.00023536,0.0003,0.00088551,0.0003,0.0003,0,0.0003,-0.00015955,0,0.00189834,0.00241147,0.00029572,0.0003,-0.00020806,0.00062541,0,0.00022054,0.0003,0.00038999,0.0003,0.00173936,0.00018969,0.0013573,0.0003,0.0003,0.0003,0.00020579,0,0.0003,0.0003,0.0003,0.0003,0.0003,0.00067655,0.0003,0,0.0003,-6.117e-05,0,0.0003,0.00140542,0.00015181,0.00117411,0.0003,0.0003637,0,0,0.0003,0.0003,0.00073709,0.00020462
2026-08-11 00:00:00+00:00,0.0003,-0.00054585,-0.00042658,0.00010959,0.00015752,0.00100922,0.0003,0.00010919,0,0.0003,0.0003,0,0.00241113,0.00060852,0.00021286,0.0003,0.00084845,0.0008557,0,0.0003,0.0003,0.0003,0.0003,0.00057098,0.0003,0.00182979,0.0003,0.0003,0.0003,0.0003,0,0.00029092,0.0003,0.00026184,0.00022777,0.0003,0.00091243,0.00026521,0,0.0003,-4.034e-05,0,0.0003,0.00133634,0.00023385,0.00123495,0.0002891,0.0003,0,0,0.00028938,0.0003,0.00113129,0.00012545
2026-08-12 00:00:00+00:00,0.0003,-0.00061184,-0.00039218,-0.00018098,0.00022857,0.00091159,0.0003,4.52e-06,0,0.00024204,0.0003,0,0.00241946,0.00111109,0.0001864,0.0003,0,0.00043634,0,0.00021312,0.0003,0.0003,0.0003,0.00046144,0.00028931,0.00118247,0.00024432,0.0003,0.00028584,0.0003,0,0.00018405,0.0003,0.00026202,8.254e-05,0.00020688,0.0005849,0.00021829,0,0.00017976,6.57e-06,0,0.0003,0.00054079,6.753e-05,0.00068727,0.0002882,0.0003,0,0.00073684,0.0002636,0.0003,0.00062839,0.00025169
2026-08-13 00:00:00+00:00,0.0003,-0.00020988,0.00069749,4.165e-05,-0.00059785,0.00070363,0.0003,8.344e-05,0,-9.965e-05,0.0003,0,0.00166321,0.00098842,0.00028627,0.0003,0.00034541,0.00041962,0,6.371e-05,0.0003,0.0003,0.0003,0.00151381,-5.988e-05,0.00042322,0.0003,0.0003,0.00021273,0.0003,0,0.00022713,3.068e-05,0.00029064,0.00018692,0.0003,0.00125119,0.00015492,0,0.0003,3.194e-05,0,0.0003,0.00125437,-0.00037538,0.00127233,0.00029667,0.0003,0,0,0.00024749,0.0003,0.0004923,0.00021635
2026-08-14 00:00:00+00:00,0.0003,-8.545e-05,0.00116684,-5.772e-05,-0.00017022,0.0011357,0.0003,0.0003,0,-0.00014094,0.0003,0,0.00094668,0.00036316,0.00028745,0.0003,0.00017158,0.00061228,0,9.208e-05,0.0003,0.0003,0.00044853,0.00237491,0.00023657,0.0014919,0.00025334,0.0003,0.0003,0.0003,0,0.00020815,0.0003,0.00024144,3.835e-05,0.00027091,0.00031493,0.0003,0,0.00012882,-0.00018368,0,0.0003,0.00133929,-0.00016603,0.0003,0.000246,0.0003,0,0,0.00011923,0.0003,0.00039088,0.00015173
2026-08-15 00:00:00+00:00,0.0003,-1.639e-05,0.00062343,4.72e-05,-0.00024359,0.00107255,0.0003,0.00029285,0,0.0003,0.0003,0,0.00062217,0.00191331,0.0003,0.0003,0,0.00050315,0,0.00023547,0.0003,0.00030048,0.0003,0.00211045,0.0003,0.00209819,0.0003,0.0003,0.0003,0.0003,0,0.00029059,0.0003,0.00027273,0.00013551,0.0002231,0.00051188,0.00013454,0,0.00024506,6.95e-06,0,0.0003,0.00030883,0.00020418,0.0003,0.0003,0.0003,0,0,0.00029606,0.0003,0.00127157,0.00018635
2026-08-16 00:00:00+00:00,0.0003,-0.00024022,0.00105535,3.98e-05,1.352e-05,0.00174303,0.0003,-1.046e-05,0,0.0003,0.0003,0,0.0003,0.00131615,0.00027949,0.0003,0,0.00037285,0,0.00018071,0.0003,0.0003,0.0003,0.00166599,0.0003,0.00092419,0.0003,0.0003,0.0003,0.0003,0,7.923e-05,0.00022061,0.00017114,0.00013925,0.00021469,0.0004501,8.54e-06,0,0.0003,-5.506e-05,0,0.0003,0.00078786,6.562e-05,0.00139514,0.00027157,0.0003,0,0,0.00018915,0.0003,0.00189773,7.805e-05
2026-08-17 00:00:00+00:00,0.0003,0.00020096,0.00051941,-5.929e-05,-0.00019221,0.00066723,0.0003,-0.00010109,0,0.00012602,0.0003,0,0.00100128,0.0003217,0.00024196,0.0003,0,0.00034336,0,0.00017515,0.0003,0.00030187,0.0003,0.00075527,0.00029871,0.00162888,0.0003,0.0003,0.0003,0.0003,0,0.00017443,0.0003,0.00018185,-1.256e-05,0.0003,0.00079906,0.00028286,0,0.00023321,-0.00016749,0,0.0003,0.00070957,-8.472e-05,0.00209915,0.0003,0.0003,0,0,0.00014864,0.0003,0.00062045,0.00020151
2026-08-18 00:00:00+00:00,0.0003,-7.551e-05,0.00075217,-0.00049948,0.00010531,0.0015516,0.0003,-0.00023623,0,-0.00014836,0.0003,0,0.00112628,0.00036965,0.00015323,0.0003,0.0017911,0.00052947,0,0.00011071,0.0003,0.00034958,0.0003,0.00038154,0.0003,0.00081498,0.00024388,0.00025177,0.00025232,0.0003,0,6.488e-05,0.0003,0.00021444,0.00017892,0.00010883,0.00056924,0.0003,0,-0.0002849,0.00010182,0,0.0003,0.00064513,-8.669e-05,0.00179909,0.0003,0.0003,0,0,9.238e-05,0.0003,0.00031182,0.00013834
2026-08-19 00:00:00+00:00,0.0003,0.00019571,0.0003,-0.00032506,0.0003,0.00161066,0.0003,0.00021141,0,0.00021015,0.0003,0,0.00144345,0.00047518,0.00026898,0.0003,0.00017746,0.00050438,0,0.00016074,0.0003,0.000696,0.0003,0.00050826,0.0003,0.0017731,0.0003,7.15e-05,0.0003,0.00026202,0,0.00016235,0.00028104,0.00013386,0.0002568,0.000252,0.00057842,0.00027443,0,0.00021603,0.00012848,0,0.0003,0.0016167,0.00016902,0.00148674,0.0003,0.0003,0,0,0.0003,0.0003,0.00055465,0.00015432
2026-08-20 00:00:00+00:00,0.00032704,0.00027308,0.0003,0.0003,0.0003,0.00057369,0.0003,5.416e-05,0,0.0003,0.0003,0,0.00063588,0.00110214,0.0003,0.0003,0.00026412,0.0014928,0,0.0003,0.0003,0.00033985,0.0003,0.00045673,0.0003,0.00101392,0.0003,0.0003,0.0003,0.0002659,0,0.0003,0.00028883,0.0003,0.0003,0.0003,0.00037001,0.0003,0,0.00011283,2.772e-05,0,0.0003,0.00101267,0.0003,0.002173,0.0003,0.0003,0,0,0.0003,0.0003,0.00067461,0.00029077
2026-08-21 00:00:00+00:00,0.00155959,0.00019988,0.00029418,0.0003,0.00045288,0.00039655,0.0003,0.0002252,0,0.0003,0.0003,0,0.00135638,0.00187653,0.0003,0.00031377,0.00027982,0.00183223,0,0.0003,0.0003,0.0015986,0.00052876,0.00112834,0.0003,0.0006019,0.0003,0.0003,0.00033656,0.0003,0,0.0003,0.0003,0.0003,0.0003,0.0003,0.00053878,0.0003,0,0.00028325,0.00029052,0,0.0003,0.00181217,0.0003,0.00268358,0.0003,0.0003,0,0,0.0003,0.00011836,0.0003,0.00020778
2026-08-22 00:00:00+00:00,0.00220197,0.00024649,0.0003,0.0003,0.00111749,0.00050072,0.0003,0.0003,0,0.0003,0.0003,0,0.0014441,0.00165254,0.0003,0.00046295,0.00026702,0.00307226,0,0.0003,0.0003,0.00100413,0.00071234,0.00068228,0.0003,-0.00010647,0.0003,0.0003,0.00051095,0.00041547,0,0.0003,0.0003,0.0003,0.0003,0.0003,0.00107002,0.0003,0,0.0003,0.0003,0,0.00033971,0.002469,6.024e-05,0.00090519,0.0003,0.0003,0,0,0.0003,0.00013735,0.00061404,0.0003
2026-08-23 00:00:00+00:00,0.0003,0.0003,0.00011937,0.0003,0.00063369,0.00128319,0.0003,0.0003,0,0.0003,0.0003,0,0.00121424,0.00107806,0.0003,0.00035097,0,0.00097354,0,0.0003,0.0003,0.0003,0.0003,0.00086002,0.0003,0.000925,0.0003,0.0003,0.0003,0.0003,0,0.0003,0.0003,0.0003,0.0003,0.0003,0.00041347,0.0003,0,0.0003,0.0003,0,0.0003,0.0009021,0.0002014,0.0003,0.0003,0.0003,0,0,0.0003,0.0003,0.00045221,0.0003
2026-08-24 00:00:00+00:00,0.00030969,0.00020481,0.00024438,0.0003,0.00038342,0.00125571,0.0003,0.00019316,0,0.0003,0.0003,0,0.00064202,0.00080446,0.0003,0.0003,0.00349604,0.00115876,0,0.0003,0.0003,0.0003,0.0003,0.00089268,0.0003,0.00064084,0.0003,0.0003,0.0003,0.0003,0,0.0003,0.0003,0.0003,0.0003,0.0003,0.00044599,0.0003,0,0.0003,0.0003,0,0.0003,0.00104189,5.689e-05,0.00026045,0.0003,0.0003,0,0,0.0003,0.00010906,0.00030794,0.0003
2026-08-25 00:00:00+00:00,0.0003,-2.61e-05,0.0003,0.0003,0.0003,0.00043578,0.0003,0.0003,0,0.0003,0.0003,0,0.00115163,0.00069472,0.00026672,0.0003,0.00073375,0.0008179,0,0.0003,0.0003,0.0003,0.00034128,0.00064744,0.0003,0.00092817,0.0003,0.0003,0.0003,0.0003,0,0.0003,0.0003,0.0003,0.0003,0.00016074,0.00058121,0.0003,0,0.0003,0.0003,0,0.0003,0.0018641,-0.00051181,-0.00081249,0.0003,0.0003,0,-0.00106696,0.0003,0.0003,0.00037178,0.00025818
2026-08-26 00:00:00+00:00,0.0003,-7.316e-05,0.0003,0.0003,0.0003,0.00104428,0.0003,0.0003,0,0.00011477,0.0003,0,0.00107672,0.00120499,0.0002562,0.0003,0.00240865,0.00092723,0,0.0003,0.0003,0.0003,0.0003,0.00186182,0.0003,0.00100014,0.0003,0.0003,0.0003,0.0003,0,0.0003,0.0003,0.0003,0.0003,2.61e-05,0.0003,0.0003,0,0.0003,2.502e-05,0,0.0003,0.00144849,-0.00050177,0.0003579,0.0003,0.0003,0,0,0.0003,0.0003,0.0009382,0.00020752
2026-08-27 00:00:00+00:00,0.00037873,-5.178e-05,0.0003,0.0003,0.0003,0.00120547,0.00018041,0.0003,0,0.0003,0.0003,0,0.00050109,0.00070866,8.276e-05,0.00038341,0.00148786,0.0005062,0,0.00026949,0.0003,0.00055792,0.0003,0.00089642,0.0003,0.00170379,0.0003,0.0003,0.0003,0.0003,0,0.0003,0.0003,0.0003,0.0003,0.00023219,0.00062906,0.0003,0,0.0003,-0.0002467,0,0.0003,0.00205805,0.00011774,0.00069397,0.0003,0.0003,0,0,0.0003,0.0003,0.0005378,0.00020926
2026-08-28 00:00:00+00:00,0.0003,6.083e-05,0.0003,0.0003,0.0003,0.0007134,-5.436e-05,0.00027117,0,0.00025366,0.0003,0,0.00126032,0.00031978,9.879e-05,0.00036332,0.00068243,0.0003,0,0.00011198,0.0003,0.0003,0.0003,0.00053361,0.0003,0.00171277,0.0003,0.0003,0.0003,0.0003,0,0.00029225,0.0003,0.00017914,0.0003,0.00012233,0.00033205,0.00025153,0,0.0003,0.00019633,0,0.0003,0.00080195,0.00029464,0.000655,4.127e-05,0.0003,0,0,0.0003,0.0003,0.0007002,0.00022491
2026-08-29 00:00:00+00:00,0.0003,-0.00024491,0.00017825,0.0003,0.00028734,0.0003,0.00015578,0.00029272,0,0.00012087,0.0003,0,0.00075752,0.00064751,0.00020261,0.00038554,1.42e-06,0.0003,0,0.0001681,0.0003,0.0003,0.0003,0.00088854,0.0003,0.00110629,0.0003,0.0003,0.0003,0.0003,0,0.0003,0.0003,0.00022987,0.0003,0.0003,0.00079966,0.0003,0,0.0003,0.00029843,0,0.0003,0.00129452,7.591e-05,0.00094013,0.0003,0.0003,0,0,0.0003,0.0003,0.00065472,0.0003
2026-08-30 00:00:00+00:00,0.0003,-0.00045686,0.00019252,0.00029893,9.836e-05,0.00066394,0.00026694,-0.00011708,0,0.00024954,0.0003,0,0.00066714,0.0003662,4.588e-05,0.0003,0,0.0003,0,0.00013506,0.0003,0.0003,0.0003,0.00088755,0.0003,-3.93e-06,0.0003,0.0003,0.0003,0.0003,0,0.0003,0.0003,0.00018806,0.0003,0.00023578,0.0003,0.0003,0,0.0003,0.00023965,0,0.0003,0.00124713,1.6e-06,0.00108541,0.00024122,0.0003,0,0,0.0003,0.0003,0.0006727,0.00025341
2026-08-31 00:00:00+00:00,0.0003,-8.776e-05,0.00013334,0.00015962,0.00014887,0.0003,0.00029212,1.82e-05,0,0.00012953,0.0003,0,0.00108375,0.00036901,0.00021958,0.0003,0.0025598,0.0003,0,0.00014471,0.0003,0.0003,0.0003,0.00215091,0.0003,0.0007308,0.00024909,0.0003,0.0003,0.0003,0,0.00028952,-0.00035067,8.271e-05,0.00022837,0.00021546,0.0003,0.00025925,0,0.0003,0.00012926,0,0.0003,0.00050176,-0.0005019,0.0003,8.208e-05,-0.00012556,0,0.00058665,0.0003,0.0003,0.00044594,0.00027271
2026-09-01 00:00:00+00:00,0.0003,0.00027015,0.00025883,0.0002392,0.00015488,0.0003,0.0003,0.0002295,,0.0003,0.0003,,0.00112071,0.00098778,0.00020551,0.0003,0.00133841,0.00071447,,0.00025065,0.00014068,0.0003,0.0003,0.0005995,0.0003,0.00028905,0.0003,0.0003,0.0003,0.0003,,0.0003,0.00021219,0.0003,0.0003,0.0003,0.0004246,0.0003,,0.0003,0.00012137,,0.0003,0.00067814,-0.0002737,0.0003,0.0002845,-0.0009748,,-0.00841447,0.0003,0.0003,0.00044247,0.00022326
2026-09-02 00:00:00+00:00,0.0003,0.0001386,0.00012889,0.00028578,0.0003,0.0003,0.0003,0.0001191,,0.0003,0.0003,,0.00118103,0.00088175,0.00020755,0.0003,0.00260103,0.00077382,,0.00028029,0.0003,0.0003,0.0003,0.00049315,0.0003,0.00130199,0.0003,0.0003,0.0003,0.0003,,0.0003,0.0003,0.0002925,0.00020184,0.0003,0.00087833,0.00028106,,0.00019446,0.00016513,,0.0003,0.0003152,0.00010157,0.0003626,0.0003,-0.00018305,,0,0.0003,0.0003,0.00042178,0.00019812
2026-09-03 00:00:00+00:00,0.0003,0.0002096,2.383e-05,0.00024242,0.0003,0.00036373,0.00023789,0.0003,,0.0003,0.0003,,0.00333382,0.00071794,0.00024687,0.0003,0,0.00062964,,0.0002759,0.0003,0.00039399,0.0003,0.00074963,0.0003,0.00138341,0.0003,0.0003,0.0003,0.0003,,0.0003,0.0003,0.00024697,0.00026975,0.00013708,0.00136875,0.0003,,0.0003,0.00011274,,0.0003,0.00076818,-0.00023792,0.000563,0.0003,0.00028546,,0,0.0003,0.0003,0.00054026,0.00022046
2026-09-04 00:00:00+00:00,0.0003,0.00027157,0.00019019,0.0002347,0.00022613,0.00038891,0.0003,0.0003,,0.0003,0.0003,,0.00201565,0.00151745,-0.00012034,0.0003,0.00176845,0.0003,,0.00025403,0.0003,0.00082488,0.0003,0.00130407,0.0003,0.00073791,0.0003,0.0003,0.0003,0.0003,,0.00029087,0.0003,0.00024721,0.00017095,0.00021895,0.00049123,0.0003,,0.0003,6.259e-05,,0.0003,0.00050772,-0.00026145,0.00159765,0.0003,0.00088377,,0,0.0003,0.0003,0.0005756,0.00019511
2026-09-05 00:00:00+00:00,0.0003,0.00026077,8.907e-05,0.00026439,0.00024435,0.00172684,0.0003,0.00024739,,0.0003,0.0003,,0.00242869,0.00038143,0.0003,0.0003,0.00051464,0.00048315,,0.00022405,0.0003,0.000515,0.00034806,0.00131144,0.0003,0.00134138,0.0003,0.0003,0.0003,0.0003,,0.00029884,0.0003,0.00025205,0.0003,0.0003,0.00073445,0.0003,,0.0003,0.0003,,0.0003,0.00092453,8.439e-05,0.00269657,0.0003,0.00145495,,0,0.0003,0.0003,0.00062048,2.787e-05
2026-09-06 00:00:00+00:00,0.00039953,0.00024635,8.442e-05,0.0003,0.0003,0.00176286,0.0003,0.0003,,0.0003,0.0003,,0.0009538,0.00068356,0.00029535,0.0003,0,0.00071497,,0.00028146,0.0003,0.00098481,0.00037821,0.00138568,0.0003,0.00082961,0.0003,0.0003,0.0003,0.0003,,0.0003,0.0003,0.0002325,0.00028161,0.0003,0.00057054,0.00025585,,0.0003,0.0003,,0.0003,0.00164568,0.00018552,0.00271245,0.0003,0.00214108,,0,0.0003,0.0003,0.0007114,8.697e-05
2026-09-07 00:00:00+00:00,0.0004095,0.00014586,-0.00012075,0.0003,0.0003,0.00158939,0.0003,0.0003,,0.0003,0.0003,,0.00097952,0.00165745,0.0003,0.00076534,0,0.00038788,,0.00026938,0.0003,0.00054744,0.0003,0.00132769,0.0003,0.00104875,0.0003,0.0003,0.0003,0.0003,,0.0003,0.0003,0.00027096,0.00018009,-6.78e-06,0.00129369,0.00026552,,0.0003,0.0003,,0.0003,0.00063106,-4.342e-05,0.00172018,0.0003,0.00133919,,0,0.0003,0.0003,0.00049298,8.09e-05
2026-09-08 00:00:00+00:00,0.00082704,4.345e-05,0.0003,0.00019449,0.0003,0.00122902,0.0003,0.00019648,,0.0003,0.0003,,0.00443577,0.00048719,0.0003,0.00046697,0.00199541,0.00035286,,0.00016569,-0.00078044,0.00038852,0.00040741,0.00119955,0.0003,0.00072084,0.0003,0.0003,0.00043799,0.0003,,0.0003,0.0003,0.0003,0.00015769,0.0001765,0.0010817,0.0003,,0.0003,0.00016426,,0.0003,0.00148837,-0.00022011,0.00068098,0.0003,0.00064711,,0,0.0003,0.0003,0.00063039,0.00021751
2026-09-09 00:00:00+00:00,0.00122246,-0.00011642,0.0003,0.00011199,0.00019355,0.00035815,0.0003,5.451e-05,,0.00026276,0.0003,,0.001609,0.00055493,0.00026667,0.0003,0.00201919,0.00035681,,0.00018022,0.0003,0.0003,0.0003095,0.00089021,0.0003,0.00082221,0.0003,0.0003,0.0003,0.0003,,0.00029946,0.00027994,0.00025494,5.353e-05,0.0003,0.00042943,0.0003,,0.0003,0.00021036,,0.0003,0.00061278,-0.00081814,0.00120169,0.0003,0.00098135,,0,0.0003,0.0003,0.00061395,0.00018703
2026-09-10 00:00:00+00:00,0.0003,-0.0007039,0.0003,-0.00027257,-0.00048633,0.0003,-5.156e-05,-0.00028357,,0.0003,0.0003,,0.00080923,0.0003,0.0003,0.0003,0.00052305,0.0003,,-2.126e-05,0.0003,0.00029749,0.0003,0.00055137,0.00025832,0.00058303,0.0003,0.00011627,0.0003643,0.0003,,0.0002081,0.0003,-0.00010258,0.00017675,0.00022504,0.0004861,0.00025993,,0.0003,2.085e-05,,0.0003,0.0003,-0.00089676,0.0003,0.0003,0.00034225,,-0.00193258,0.00022377,0.0003,0.0003,0.0001863
2026-09-11 00:00:00+00:00,0.0003,-0.00011151,0.0003,8.611e-05,-1.815e-05,0.00107093,0.00027875,-1.03e-06,,0.00021533,0.0003,,0.00087828,0.00037281,0.00019017,0.0003,0,0.0003,,9.547e-05,-0.00045265,0.00018881,0.0003,0.00094932,0.00029717,0.00103431,0.0003,0.0003,0.0003,0.0003,,0.00023142,0.00019683,-3.03e-05,1.952e-05,0.00027865,0.0002016,0.00020771,,0.0003,0.00019268,,0.0003,0.00075291,-0.00078571,0.0003,0.0003,0.0003,,0,0.0003,0.0003,0.0003,0.00012721
2026-09-12 00:00:00+00:00,0.0003,-0.00022417,0.0003,0.00029409,-0.00011618,0.00141064,0.0003,0.00016195,,0.0003,0.0003,,0.00054948,0.00046853,0.0003,0.0003,4.696e-05,0.0003,,0.00019531,0.0003,0.0003,0.0003,0.00169602,0.0003,0.00174221,0.0003,0.0003,0.0003,0.0003,,0.0003,0.0003,0.00028138,0.00015859,0.00026232,0.00075359,0.0003,,0.0003,0.00024172,,0.0003,0.00083342,-0.00067368,0.0003,0.0003,0.00028261,,0.00011046,0.0003,0.00035154,0.0003,0.00015596
2026-09-13 00:00:00+00:00,0.0003,1.823e-05,0.0003,0.0001223,0.00028671,0.00035205,0.0003,0.0003,,0.0002251,0.0003,,0.00045359,0.00077405,0.00025111,0.0003,0,0.0003,,5.466e-05,0.0003,0.0003,0.0003,0.00045859,0.0003,0.00119684,0.0003,0.0003,0.0003,0.0003,,0.00022772,0.0003,0.00013728,0.00017355,0.0003,0.0005764,0.0003,,0.0003,4.531e-05,,0.0003,0.00077213,0.00021553,0.00091002,0.0003,0.0003,,0,0.0002696,0.0003,0.00032397,0.00016628
2026-09-14 00:00:00+00:00,0.0003,-0.00016953,0.0003,-5.172e-05,0.00024541,0.00048013,0.00015772,0.00010472,,3.557e-05,0.0003,,0.00054561,0.0003,0.00024369,0.0003,0,0.0003,,0.00013261,0.0003,0.0003,0.00047546,0.00032931,0.00024192,0.00256324,0.0003,0.0003,0.0003,0.0003,,0.00017627,0.00012508,0.00013503,0.00011062,-0.00017612,0.00112099,0.00015736,,0.0003,5.69e-05,,0.0003,0.00174839,0.00020188,0.00035567,0.0003,0.0003,,0,0.00025774,0.0003,0.0003,0.00019414
2026-09-15 00:00:00+00:00,0.0003,-0.00032116,0.00027292,-2.578e-05,0.00013559,0.00042038,0.00020488,0.0001665,,-7.916e-05,0.0003,,0.00188472,0.00064968,0.00027757,0.0003,0.00200675,0.0003,,0.00015729,0.0003,0.0003,0.0003,0.0003,0.00013187,0.00139823,0.0003,0.0003,0.0003,0.0003,,0.00020206,0.00012646,0.0001131,0.00015494,0.0003,0.00034629,6.734e-05,,0.0003,0.00013785,,0.0003,0.00078405,2.102e-05,0.00087022,0.00029788,0.0003,,0,0.00029405,0.0003,0.0003,0.00019563
2026-09-16 00:00:00+00:00,0.0003,-0.00025656,0.00028003,-1.901e-05,5.102e-05,0.0003,0.00025948,-0.00060185,,0.00023366,0.0003,,0.00065806,0.0004588,0.00028105,0.0003,0,0.0003,,0.00012716,0.0003,0.0003,0.0003,0.00106033,0.00027819,0.00055637,0.0003,0.0003,0.0003,0.0003,,0.00014002,0.00015784,-5.554e-05,0.0003,-4.207e-05,0.00085177,0.00028177,,0.0003,7.987e-05,,0.0003,0.00046891,1.788e-05,0.00036805,0.0003,0.00032729,,-0.00035847,0.00011897,0.0003,0.0003,0.00011997
2026-09-17 00:00:00+00:00,0.0003,-5.215e-05,0.0003,6.569e-05,0.00026518,0.00044342,0.00021285,0.0002073,,0.0003,0.0003,,0.00035811,0.0007207,0.00028692,0.0003,3.163e-05,0.00047041,,0.00010498,0.0003,0.0003,0.0003,0.00050332,0.0003,0.00111944,0.0003,0.0003,0.0003,0.0003,,0.00023768,0.0003,0.00029725,0.00028576,0.0003,0.001124,0.0003,,0.0003,0.00017579,,0.0003,0.00042388,1.36e-05,0.00090429,0.0003,0.0003,,0,0.00013663,0.0003,0.00036248,0.00021166
2026-09-18 00:00:00+00:00,0.0003,5.842e-05,0.0003,0.0003,0.0003,0.00075906,0.0003,0.0003,,0.0003,0.0003,,0.0003,0.00126141,0.00022721,0.0003,0.0003988,0.00041722,,0.0003,0.0003,0.0003,0.00042707,0.00135222,0.0003,0.00315757,0.0003,0.0003,0.0003,0.0003,,0.0003,0.0003,0.0003,0.00023514,0.00029888,0.00163443,0.0003,,0.0003,0.00029457,,0.0003,0.00142015,4.268e-05,0.00085184,0.0003,0.0003277,,0,0.0003,0.0003,0.00065337,0.00022525
2026-09-19 00:00:00+00:00,0.0003,0.0003,0.0003,0.0003,0.00027823,0.00160142,0.0003,0.0003,,0.0003,0.0003,,0.0003,0.00084479,0.0003,0.0003,0,0.00067127,,0.0003,0.0003,0.00042491,0.00103301,0.00137793,0.0003,0.00255345,0.0003,0.0003,0.0003,0.0003,,0.0003,0.0003,0.0003,0.0003,0.0003,0.00053807,0.0003,,0.0003,0.0003,,0.0003,0.00154448,-0.00022513,0.00165182,0.0003,0.00089276,,0,0.0003,0.0003,0.0003,0.00026643
2026-09-20 00:00:00+00:00,0.0003,0.00017062,0.0003,0.0003,0.0003371,0.00110009,0.0003,0.0003,,0.0003,0.0003,,0.00075567,0.00063559,0.00027075,0.0003,0,0.00046241,,0.00024861,0.0003,0.00038661,0.00051061,0.0018504,0.0003,0.00221508,0.0003,0.0003,0.0003,0.0003,,0.00029758,0.0003,0.0003,0.0003,0.0003,0.00075119,0.0003,,0.0003,0.0003,,0.0003,0.00132259,-0.00031095,0.00128139,0.0003,0.00050018,,0,0.00026212,0.0003,0.0004017,0.00027524
2026-09-21 00:00:00+00:00,0.0003,0.00019479,0.0003,0.0003,0.00016285,0.00272641,0.0003,0.0003,,0.0003,0.0003,,0.00291299,0.00161812,0.0003,0.0003,0.00027598,0.00097549,,0.00029461,0.0003,0.00093722,0.00084598,0.00202767,0.0003,0.00471304,0.0003,0.0003,0.00046453,0.00052475,,0.00029883,0.0003,0.0003,0.0003,0.0003,0.00110481,0.0003,,0.00030816,0.0003,,0.0003,0.00101232,0.00027984,0.00254811,0.0003,0.00148114,,0,0.00022012,0.0003,0.00091483,0.00019685
2026-09-22 00:00:00+00:00,0.00031777,0.0003,0.0003,0.00028517,0.00134105,0.00205447,0.0003,0.0003,,0.0003,0.0003,,0.00139209,0.00155568,0.0003,0.0003,0.00143209,0.00062828,,0.0003,0.0003,0.00065899,0.00061752,0.00192462,0.0003,0.00362369,0.0003,0.0003,0.00040635,0.00123414,,0.0003,0.0003,0.0003,0.0003,0.0003,0.00051443,0.0003,,0.0003,0.0003,,0.0003,0.00240614,-0.0001232,0.00107502,0.0003,0.00166478,,0,0.0003,0.0003,0.00083632,0.00020447
2026-09-23 00:00:00+00:00,0.0003,0.00027355,0.0003,0.0003,0.0003,0.00172542,0.00033024,0.0003,,0.0003,0.0003,,0.00131203,0.00115969,0.0003,0.0003,0.00090247,0.00094071,,0.0003,0.0003,0.00030628,0.00070958,0.00104258,0.0003,0.0003,0.0003,0.0003,0.00033481,0.00092362,,0.0003,0.0003,0.0003,0.0003,0.0003,0.00098608,0.0003,,0.0003,0.0002596,,0.0003,0.00147556,-0.00139744,0.00177489,0.0003,0.00163764,,0,0.00028401,0.0003,0.00145159,2.641e-05
2026-09-24 00:00:00+00:00,0.0003,0.00013029,0.0003,0.00010236,-0.00017561,0.00106425,0.0003,9.698e-05,,0.0003,0.0003,,0.00039796,0.00067399,0.0003,0.0003,0.00076087,0.0003,,4.938e-05,0.0003,0.0003,0.0005123,0.00111262,0.0003,0.00051741,0.0003,0.0003,0.0003,0.0003,,0.00018065,0.0003,0.00023053,0.0003,0.00026564,0.00127199,0.0003,,0.0003,0.00012926,,0.0003,0.00094274,-0.00147939,9.755e-05,0.0003,0.00032165,,0,0.0003,0.00039026,0.00054559,6.35e-05
2026-09-25 00:00:00+00:00,0.0003,0.0003,0.000296,0.00023565,1.904e-05,0.00378578,0.0003,0.0003,,0.0003,0.0003,,0.00039799,0.00104426,0.00023839,0.0003,0,0.00041883,,0.00029707,0.0003,0.00073935,0.00157832,0.00066287,0.0003,0.0014564,0.0003,0.0003,0.0003,0.0003,,0.0003,0.0003,0.0003,0.0003,0.00021396,0.00117433,0.0003,,0.0003,0.00027445,,0.0003,0.00057255,0.0003,0.0012652,0.0003,0.0003,,0.00015878,0.0003,0.00031964,0.00033266,3.152e-05
2026-09-26 00:00:00+00:00,0.0003,0.0002014,0.0003,0.0003,0.00026687,0.00278156,0.0003,0.0003,,0.0003,0.0003,,0.00050044,0.00186325,0.0003,0.00031127,0,0.00087396,,0.00024519,0.0003,0.00093782,0.00091339,0.00178156,0.0003,0.0016082,0.0003,0.0003,0.0003,0.0003,,0.0003,0.0003,0.0003,0.0003,0.0003,0.00114708,0.0003,,0.0003,0.0003,,0.0003,0.00120205,0.0003,0.00142277,0.0003,0.0003,,0,0.0003,0.00036431,0.000788,5.154e-05
2026-09-27 00:00:00+00:00,0.0003,0.00026408,0.0003,0.00025685,0.00019676,0.00250164,0.0003,0.0003,,0.0003,0.0003,,0.00077065,0.00156498,0.0003,0.0003,0,0.00090568,,0.00015711,0.0003,0.00030456,0.0006144,0.00132382,0.0003,0.00209381,0.0003,0.0003,0.00059274,0.00060158,,0.0002905,0.0003,0.0003,0.0003,0.00027026,0.000626,0.0003,,0.0003,0.0003,,0.0003,0.00085859,0.0003,0.00118172,0.0003,0.0003,,0,0.0003,0.0003,0.00034617,7.203e-05
2026-09-28 00:00:00+00:00,0.0003,-1.838e-05,0.0003,1.05e-05,0.0003,0.00253557,0.0001317,0.00020431,,0.00024986,0.0003,,0.00057717,0.00065374,0.00028068,0.0003,0.00151422,0.0003,,9.832e-05,0.0003,0.0003,0.00042244,0.00200972,0.0003,0.00109342,0.0003,0.0003,0.00058941,0.00031896,,0.00026036,0.0003,0.00026484,0.0003,0.0003,0.00055449,0.0003,,0.0003,0.0003,,0.0003,0.00106866,-0.00021109,0.00123031,0.0003,0.00045814,,0,0.0003,0.0003,0.0003,5.903e-05
2026-09-29 00:00:00+00:00,0.0003,0.00029588,0.0003,0.00020694,0.0003,0.00118958,0.0003,0.00027621,,0.00022429,0.0003,,0.0003209,0.0008043,0.0003,0.00037915,0.00066486,0.00133728,,0.00022853,0.0003,0.0003,0.00074635,0.00056067,0.0003,0.00092018,0.0003,0.0003,0.00050987,0.0003,,0.0003,0.0003,0.0003,0.0003,0.00017455,0.00117128,0.0003,,0.0003,0.0003,,0.0003,0.00253753,-0.00021581,0.00178964,0.0003,0.00081259,,0,0.0003,0.00048881,0.00063973,0.00012033
2026-09-30 00:00:00+00:00,0.00235713,0.0003,0.0003,0.00028711,0.00016268,0.00063664,0.0003,0.0003,,6.777e-05,0.0003,,0.00035464,0.00031872,0.0003,0.0003,0,0.00090976,,0.00027024,0.0003,0.00037692,0.00063591,0.00114357,0.0003,0.00043395,0.0003,-0.0114422,0.00030147,0.00036506,,0.0003,0.0003,0.0003,0.00028705,0.00020143,0.00098564,0.0003,,0.0003,0.0003,,0.0003,0.0011418,0.00022615,0.00117768,0.0003,0.00071024,,0,0.0003,0.00021642,0.00048893,0.00014059
