time,1000000MOGUSDT,1000BONKUSDT,1000CATUSDT,1000FLOKIUSDT,1000PEPEUSDT,1000RATSUSDT,1000SATSUSDT,1000SHIBUSDT,1000XUSDT,1MBABYDOGEUSDT,ACTUSDT,AI16ZUSDT,ARCUSDT,BANUSDT,BOMEUSDT,BRETTUSDT,CATUSDT,CHILLGUYUSDT,DEGENUSDT,DOGEUSDT,DOGSUSDT,FARTCOINUSDT,GOATUSDT,GRIFFAINUSDT,HMSTRUSDT,KOMAUSDT,MEMEUSDT,MEWUSDT,MOODENGUSDT,MUBARAKUSDT,MYROUSDT,NEIROUSDT,NOTUSDT,ORDIUSDT,PENGUUSDT,PEOPLEUSDT,PIPPINUSDT,PNUTUSDT,PONKEUSDT,POPCATUSDT,PUMPUSDT,SLERFUSDT,SPXUSDT,SWARMSUSDT,TRUMPUSDT,TSTUSDT,TURBOUSDT,USELESSUSDT,VINEUSDT,WENUSDT,WIFUSDT,WLFIUSDT,ZEREBROUSDT,BTCUSDT
2025-01-01 00:00:00+00:00,7756420.367,146753826.4,29096155.43,76846866.38,1472495308,14734257.14,44052593.68,145620761.1,3835145.393,54875111.7,255369592.4,,,82826504.27,56695952.92,13736611.83,,90927015.75,17470883.22,975517769.2,39436993.26,258058172.2,618679284,,15960549.95,23156484.32,15532407.12,13535990.88,91036042.29,,9742845.338,237953093.3,27343007.92,85675141.87,463346707.4,65799980.59,,497033273.4,7385803.375,107721607.4,,4336518.291,33943214.01,,,,58910158.7,,,,319540558.5,,,8572615380
2025-01-02 00:00:00+00:00,18082506.99,214432650,37704003.46,105038584,1578825555,18717673.41,50405366.2,228571913,7462044.243,78031215.21,333996558.8,168732411.3,,66891444.76,65530450.07,31815561.77,,107151596.7,15015853.04,1875040822,42842633.36,959492356.2,437176279,42444696.14,19071947.12,16162331.59,27322940.55,22153438.98,162060102.6,,9286581.317,267709184.9,38919713.13,99650238.26,360890798.9,55306185.4,,429895959,27375014.64,171519046.1,,6503611.04,64398287.4,,,,70516565,,,,423835324.6,,44025176.33,1.752037357e+10
2025-01-03 00:00:00+00:00,44247493.96,292186018.7,56627093.24,137106404.6,1166485752,19445940.49,48738773.36,256376880.8,7703061.488,107578995.4,224243335.1,294002989.6,,121862326.6,72625076.9,26507594.71,,223169235.4,32023748.24,3094164636,50695481.21,655224974.8,303398712.8,117373256,18613892.1,28568328.5,22199047.35,24790748.69,156366594,,15095891.8,423810796.4,36551615.36,100514533.6,270759268.1,49250153.62,,512364536.3,19086544.33,163231726.3,,7044209.14,305178520.9,,,,110781106.1,,,,486637791.7,,75592606.14,1.219150827e+10
2025-01-04 00:00:00+00:00,37025817.78,191970905.3,41243780.6,120202662.9,887823680.6,89415468.95,82808925.51,237091949.8,8182733.015,94725867.16,168992060,229201370.2,,76977846.18,55114596.09,21489613.99,,613182276.2,275964555,2948894523,35760212.16,261647312.2,219777818,59236855.01,20528256.54,16113656.29,21000896.85,19373397.69,113873184.9,,11106140.26,274699319.6,31750289.44,131247226.7,476099693.9,43775019.23,,453783257.7,10204520.94,82119108.34,,4893972.098,115002304.3,,,,77525995.34,,,,302562938,,68860791.88,7047067115
2025-01-05 00:00:00+00:00,61238682.26,174417455.5,28055608.54,93198285.96,661047853,25363480.19,43163307.32,164073694.7,13726856.47,51908023.03,875760132.5,220418602.3,,90800136.23,51679761.15,15032087.48,,240043690,126451473.5,1719750600,25110201.63,186025073.5,186441562.1,51502363.12,10335162.18,18082708.59,15715525.27,15138671.81,79704598.44,,7874385.856,239727160.9,25597854.64,81945904.64,617522933.6,35430931.15,,450818657.4,7744347.672,58743203.79,,6578812.206,102334396.2,,,,52367676.39,,,,266495194.3,,103910379.6,7346604758
2025-01-06 00:00:00+00:00,40629412.5,211532090.9,46906874.48,130679675.2,1043298938,21387819.87,56217032.74,223525461.9,10009448.65,72431288.21,316047932.7,479819588.5,,135414719.7,68488652.66,23460606.73,,147603230.2,78451323.51,2169480540,44149092.87,282338509.4,219431938.3,375039741.8,18174524.48,18289508,24745026.67,25704990.01,138714204.9,,15891092.34,297580887.2,49863225.37,133759738.7,686562200,54458710.67,,427192422.4,8697815.272,111626281.6,,6843040.186,311684126.4,,,,87822449.96,,,,367260094.8,,154996853.2,2.082855311e+10
2025-01-07 00:00:00+00:00,28943570.46,228673163.2,61238244.35,143463471.5,1307730218,38678575.4,114903246.8,335806555.9,12438496.86,160146027,1098851406,405113285.8,,127033323.4,93760136.1,27062402.41,,130937275.6,52548179.95,3949062087,62152229.84,311023695.1,282317479.2,200482687.3,26850532.74,23649754.48,29861460.8,27757725.37,153790380.8,,19058463.96,385945409,70445390.77,179875439.8,407567361.5,86386620.25,,556542221.3,11478285.63,174790707.8,,9006064.724,158024545.6,78795953.35,,,81259088.41,,,,431134178.8,,130437231.1,2.556000112e+10
2025-01-08 00:00:00+00:00,20556366.62,190915227.2,56835848.42,126652018.3,1342621564,42846434.46,167900791.8,322019475.3,12537117.59,110579734.5,685302059.9,280480809.4,,103978942.5,116205630.9,28404552.21,,154282393.6,35721337.83,3352331501,89087661.01,429810366.9,210351290.9,109319316.2,23981972.38,17318285.98,29482626.55,22357401.43,149045705.2,,16841269.27,452640718.2,62874060.17,196360563.9,383087445,79482800.57,,520791042.3,20131041.03,205763422.5,,7935379.99,187230698.4,395835072.4,,,66837860.99,,,,462072842.3,,96037714.68,2.489048888e+10
2025-01-09 00:00:00+00:00,25977623.42,152552191,37600205.82,103823179.9,1191885605,29972131.2,128575939.7,287083183,9045848.677,110815453.8,424864455.1,460418856.2,,106445260,81164122.2,28383918.37,,118972301.9,25514815.98,2623786713,59257343.87,571615195.3,175011887.7,83733161.25,32458187.21,13681167.89,24904758.73,24515760.69,118781623,,10977692.74,333818333.8,47926136.82,153772883,370551867.7,54691438.26,,389587620.5,11006184.66,167251523.5,,7543131.736,166505215.5,382959932,,,55955986.12,,,,619821768,,100050131.6,2.399441157e+10
2025-01-10 00:00:00+00:00,18731231.95,131248455.8,26331319,79354159.17,966918267.3,24898269.73,130856027.9,229882285.8,9993072.342,71435029.67,310221974.8,418299729.4,,107057190.4,69434897.87,26210895.98,,98563117.28,22464126.35,2133244142,59017488.29,429368478.9,169205416.8,116769152.9,21210078.52,12046399.47,21328940.7,25693581.13,79798132.48,,9831799.982,279922645,78893080.85,168398870.6,292757295.9,46162918.36,,315217592.7,11234582.67,135077723.1,,6636844.715,160670331.9,407264956.5,,,52176084.87,,,,484194959.9,,102644325.2,2.463648407e+10
2025-01-11 00:00:00+00:00,12995431.33,86639350.42,19009358.49,39715391.73,646836827.7,10152761.34,52637250.17,197566786.1,4475691.76,37817838.86,157906076.2,426041001.5,,94626362.68,32719558.51,12806886.5,,57923672.61,13221229.9,1055140181,35678275.33,261055935.3,92867494.34,75461088.44,10848094.68,7644750.171,10132659.02,7100279.749,53108539.56,,5134116.778,170436818.8,148754794.6,97766289.79,156598882.8,23454578.25,,185744813.2,5854363.005,106234369.1,,3143349.36,130727089.3,285578072.8,,,23200043.88,,,,243665613,,91940284.96,6101597709
2025-01-12 00:00:00+00:00,11070640.87,62015333.03,21914313.45,32771314.82,518086024.1,10726424.93,48026049.67,154018958.2,3172902.22,33685434.65,175950170.4,412600841.1,,93793944.64,31068111.94,12522260.55,,62013532.16,11131072.03,1003565269,34072302.72,268811597.5,85296269.79,54484168.83,11073415.18,6643944.141,9580021.256,6934307.292,55615389.12,,5167375.403,148057412.3,47948966.56,69241594.25,186727722.4,25620639.26,,520190004.8,6637904.037,214120614,,2876733.271,63146008.45,314133377.2,,,31449548.29,,,,211724928.6,,106516263,7302019630
2025-01-13 00:00:00+00:00,25850042.63,180618597.8,45703041.49,122253179.3,1572747695,39123952.01,116170889.8,364422103.1,11857550.99,92900946.63,409019769,686113937,,219392686.2,139822965.8,41972830.98,,112004091.6,30387475.44,2688611508,86905211.27,789347980.6,197268792.5,111216613.2,78957809.73,27956388.97,43666742.54,21928236.15,120988525.1,,13665806.42,435035929.7,109630324.3,187267496.3,409682829.7,76066438.5,,1047026317,15061077.16,260453092.8,,9387437.629,97493949.96,415295128.3,,,72503812.24,,,,649011490.6,,178526980.5,3.335773961e+10
2025-01-14 00:00:00+00:00,21990987.28,85102475.04,31214259.77,54573505.02,659178235.8,15309741.29,55376274.16,166939139.5,4553605.817,54904977.34,242969385.7,670415848.7,,127721654.9,66801965.9,17254027.82,,59137040.6,17483512.18,2084558092,34153188.48,1081999688,114846032.8,192718918.8,34290992.01,9308439.611,17154242.9,10600732.94,60652006.85,,6864015.189,240434333.8,50249367.72,85949846.49,220810421.6,39783895.94,,716175851.2,8288425.365,112157238.6,,5068728.743,116948782.8,267023086.4,,,74801342.83,,,,283441072.7,,187205880.7,2.020449156e+10
2025-01-15 00:00:00+00:00,24508165.05,130720843.1,35674830.72,83200769.26,1158080026,20619178.2,81810690.33,279267099.8,21054533.82,68271379.98,245351394.5,657158030.6,,118132177.3,85565872.28,25531425.59,,65136772.29,34629275.78,2810447571,46037196.98,611995427.9,135506515.6,359962996.5,24741277.64,8731747.68,23358314.52,14647915.11,84666607.61,,9734985.119,283555316.6,63306460.23,117285531.2,283568020.7,53717166.53,,810335866.7,11218920.07,138393334.5,,7152341.203,107901070.9,382903706.5,,,68104648.26,,,,439175631.4,,170702850.1,2.189026297e+10
2025-01-16 00:00:00+00:00,30522555.31,155704407.2,32311806.81,95974410.01,977017560.7,21848743.63,73832795.25,255246798.1,29975455.02,62464906.26,185682867.1,302184793.6,,98068451.72,80893747.09,25112742.91,,54481883.53,23609911.13,2821830479,44071994.29,418221646.9,124811107,228021622.5,20125729.39,8420754.774,23627931.99,22487378.95,76147735.31,,11799860.07,228899048.6,72942910.99,100172697,198709762.8,44081844.46,,552567429.6,11127904.97,132561609.7,,10379824.03,66286739.05,445968364.4,,,61385794.63,,,,562306616.5,,231926831.5,2.151269459e+10
2025-01-17 00:00:00+00:00,45323914.41,261863166.3,54168908.54,130678982.5,1294775027,18066609.01,69061253.59,444569647.6,13259980.71,131404853.3,182407695.6,331525851.1,45503503.15,87131258.73,72093921.77,27742109.4,,64064665.03,22212922.66,3760909801,54339920.03,506705601,187714030,134079018.9,15470715.39,6995950.052,24623198.18,22557560.27,90204065,,11848456.27,392312425.3,47441728.86,95621784.83,188430825.6,52433957.32,,553422560.7,13299172.54,229839957.1,,8774286.518,416524920.5,251895862.8,,,119029101.4,,,,495399451.6,,130633178.6,2.572372136e+10
2025-01-18 00:00:00+00:00,42257519.95,703131242.4,54091781.13,133213678.2,1556103695,33683444.44,103295290.1,423190801.9,12527447.4,107903069.8,282095399.5,424371683.5,249571955.7,72384383.45,142324599.5,33554351.38,,100239992.3,32078068.9,4702009060,72874415.64,991449703.5,217911891.5,170114817.9,23064910.2,8879309.105,40504835.76,74571705.54,142008834.9,,17573159.12,431857733,68957944.77,146954094.1,301975313.1,69353638.65,,801138323.4,20993735.79,262394238.4,,24660994.41,333505325.9,354425544.5,5682544757,,99842257.56,,,,821198280.4,,147924481.5,1.74035665e+10
2025-01-19 00:00:00+00:00,79553106.55,872058600.8,72255904.02,209490399.1,2394629665,59454754.14,186283676.4,585980942.1,24310186.16,150300423.8,382972477.1,574083734,268607441.8,225180805.6,220854333.7,82735842.42,,234193096.7,46765047.48,5339216309,127350082.3,1500198327,269470671.1,277163997.4,38579763.3,16319269.36,79500326.68,84493892.09,189341869.7,,29854330.49,530314642,138349089.3,274523283.5,366592032.4,140006285.5,,905059659.1,30509856.47,324126758.9,,56000683.17,294088488.9,323445468.7,3.402573541e+10,,172657411.9,,,,953053980.9,,141069959.3,2.917484845e+10
2025-01-20 00:00:00+00:00,54149279.96,746772516.3,77920117.65,207451846.6,2050588489,83449312.04,183672221.3,513195024,30350570.11,145254606.7,355568469.2,422594622.3,150409623,64172274.59,263914272.9,68935331.54,,120981491.3,50354700.15,4787743085,133831547.1,1217756648,219338234.3,203250330.1,37636469.97,11197533.38,74071260.92,51782471.81,156521514.7,,47787556.74,463571205.7,122167579.1,412331962.3,384890113.8,144078692.9,,863518492.2,39352156.24,301445127.3,,33661482,283097986.4,292682496.7,1.786019371e+10,,180284793.8,,,,971363722.3,,113554766.8,5.5636482e+10
2025-01-21 00:00:00+00:00,44304182.69,608651541.5,45720289.34,132251812.8,1200122347,32526411.94,142943111.2,318192568.4,16270029.83,167430829.2,245061087.1,435232052.5,212069418.8,78966665.09,116887274.5,22760106.9,,73732692.81,21678398.16,5969907806,63091573.01,798078100.3,125134139.5,158952523,16380075.76,7448920.093,48256006.63,24927065.09,80550442.29,,15470789.56,330287670.3,57635003.68,223027494.5,224266881.1,81720328.27,,427736116.7,20059869.38,220513408.2,,17790652.52,168719300.8,539956324,9640813404,,108203170.9,,,,552211831.9,,141447250.8,2.84223913e+10
2025-01-22 00:00:00+00:00,37846269.32,428293958.2,29834147.19,59717043.94,674926863.7,19418367.32,109971790.3,183268554,8538104.583,64446063.54,312857779.8,460026514.1,276020651.4,48007785.25,73047120.25,17072064.53,,68596125.62,14522480.27,2036525341,34542344.04,675548043,127780383.7,184783743.1,8194322.905,4491605.07,28456209.42,18818708.45,71767110.58,,6678541.114,252844030.9,37739740.66,140581696.8,264902046,53293173.14,,386363770.3,15746675.71,296668664.2,,5789006.729,131480251.9,540936210.4,4308186808,,59236590.62,,,,359867141.1,,230074395,1.582957349e+10
2025-01-23 00:00:00+00:00,32013153.61,294290795.6,47501904.24,80535913.62,1094968127,21964381.31,187719037.5,227652849.4,8361116.814,91186630.83,298016186.6,352653025.7,181055894.6,38141244.74,102334704.6,28360189.39,,70247406.2,19697305.54,2214620001,45473891.9,910763473.3,708802221.9,147875736,13368222.22,5418410.363,35434194.95,22365586.37,100339965.7,,10056449.05,293430833.2,49383231.66,166245463.1,264487098.9,69001938.96,,422365155.4,29893290.95,258121152.1,,6820812.723,106540778,332180933.5,4561880465,,72001551.84,,,,460690245,,94345621.52,4.351500463e+10
2025-01-24 00:00:00+00:00,26565202.97,228046569.9,34148245.98,49860474.17,906713912.9,15938983.02,76855363.63,156227718.4,5924008.374,54682988.31,263013261.4,246440897.3,157993905.2,24534650.4,91243488.87,30524976.18,,47117341.91,17366873.6,1392278267,35612711.64,550135035.3,168454175.5,106771334.5,9513379.458,4981810.997,27145482.05,15191249.58,63803064.42,,7385668.346,329799589.6,37638250.56,113543879.3,153717686.1,46968330.37,51989076.96,337363750.8,10812554.95,191476519.7,,8929553.589,97060176.26,241558232.4,3083127465,,54212031.8,,366297326.8,,406008365.9,,64705159.13,1.74351235e+10
2025-01-25 00:00:00+00:00,18117175.9,168573184.9,28701388.06,43138852.95,524601737.2,15342414.32,123607763,82555186.48,4420596.075,37170375.39,247972267.1,163875007.3,98083955.22,445858386.5,64365055.99,10812878.73,,49181918.19,14323390.95,1098233922,25885539.03,457319061.6,99146424.13,67586525.76,6672710.414,3315464.054,15338847.84,11038588.98,66493306.43,,5594723.356,185071708.2,30946572.75,97122715.68,153417416.6,33243768.6,181121674.4,271224434.6,8068804.516,154305242.5,,6365676.944,59130668.29,177540983.1,4001166063,,39158018.19,,3119175267,,375881056,,65173879.01,6869072102
2025-01-26 00:00:00+00:00,24047454.94,160545424.6,20856026.37,41240142.77,590745711.4,11000329.47,60559870.02,117193969.7,5543737.655,33820513.76,170542102.3,144288232.8,82202806.44,90730655.57,54490264.92,11786850.72,,35783349.26,39385557.82,877078290.7,24093008.78,428319460.9,82887282.12,93755968.95,4914913.708,4776261.565,14681634.85,10222321.08,162324186,,4783001.283,157948837,29630920.17,76828243.38,288205555.9,31539339.74,73463327.16,324962192.4,8897628.806,114300557.3,,3875926.721,43677785.16,146502312.6,2974196034,,36047398.57,,2267185238,,262024314.1,,40004200.8,7903655326
2025-01-27 00:00:00+00:00,33178709.59,315516016.3,47933825.39,101752263.7,1497205080,26448597.99,98765749.33,309660249.2,13678341.61,73410940.77,333260450,298840463.4,157264712.5,56154140.04,120905658.8,33311164.88,,65312000.85,39119827.28,2762008241,76805277,841476095.6,120671191.4,178561387.9,20703769.41,9165539.213,47207592.6,22669798.7,101873092.2,,12334669.68,354284421.2,91418888.8,204112697.8,334984038.7,84804066.13,98571107.22,468501354.2,16351220.95,150069186.7,,7628535.856,89543034.62,202913381.8,3210830313,,102380195.9,,1057029402,,581954718.2,,60156683.81,3.269455766e+10
2025-01-28 00:00:00+00:00,28384706.65,177415968.8,35823851.23,270952875.8,833734828.4,11023123.83,88600710.53,170709981.2,5433149.58,40043955.01,224980988.4,191209635.7,161107725.9,35501194.48,62114296.18,15699310.64,,47049267.68,24077551.12,1467141863,35595810.67,563074140.9,56526174.34,109759955.2,7098325.866,2889247.244,24681629.71,11826147.66,65960259.07,,5699793.701,207441308.4,37863960.63,109200175.3,494191461.7,50538668.66,57155775.81,244309704.4,9412079.218,114761158.9,,3633766.158,61179170.75,121774862.5,2884935876,,39013820.38,,692762322.9,,660604654.5,,37985132.72,1.738044631e+10
2025-01-29 00:00:00+00:00,39991387.54,242232318.7,35495715.82,132187836.3,1174410640,14489474.91,144055083.4,170087270.6,6249483.345,51996150.61,291085556.4,243537950.8,268831440.4,21038297.63,90016393.79,21453472.72,,57556168.24,26077518.26,1423992037,41550203.54,791808592.1,78292596.1,146418099.7,9579441.389,4578054.265,33801559.95,16526321.51,68618806.3,,10185312.5,277749764.3,46488774.13,127905877.1,313314008,50357165.37,61031613.34,324931425,12949410.5,175995507.9,,3906238.015,64879090.98,137858652.7,2002074537,,90586668.91,,965684655.7,,1810895007,,44335802.23,1.746473922e+10
2025-01-30 00:00:00+00:00,28089219.8,171153728.7,21693662.52,69419099.65,790506301.8,12025730.52,132015542.5,116801352.5,4402991.697,30686323.94,135522294.5,234829735.5,253906040.2,19482322.07,46652538.18,15135357.01,,69703100.61,15249675.02,861739712.1,24041972.62,702148671.9,81425832.56,169098830.9,6959682.551,2748273.035,25247632.37,8262437.239,47680033.05,,6176693.889,215064379.5,27082491.84,86673816.28,272312455.7,33728155.59,44408806.19,218290050.3,7114501.863,124640683.3,,2688503.416,71518880.71,118989327.1,1624189298,,67504468.51,,410492742.2,,636409107.1,,49544498.55,1.44030725e+10
2025-01-31 00:00:00+00:00,74792561.4,166847090.6,33374229,159547033.1,1451103453,14508233.72,127924539.6,176729884,7253759.022,44627062.33,167737824.3,201679615.6,213425658,23232054.69,76438356.28,32648945.89,,56417758.51,28810018.66,1342717382,38769656.7,653536546.9,87489553.3,194600936.9,8695575.652,3332446.2,23489581.13,9304153.909,69199039.9,,7834139.855,764838599.1,34517081.86,134458655.2,295678635.1,189099118.4,57322070.23,312177943.3,8360861.062,147590184.1,,3170214.635,50587092.77,172308479.6,1736022436,,81232384.9,,551914358.2,,1010425487,,45247989.41,1.7878627e+10
2025-02-01 00:00:00+00:00,31689224.54,138006678,28032345.82,107639625,1057874600,15512073.96,72843450.29,151034231,5558676.063,36879310.78,139432522.4,205365443,199945230.7,24426501.88,70174934.64,26764074.82,,53158754.55,18723310,1078206611,47276488.92,672848281.6,98969841.4,122955205.6,10214310.29,3256816.357,22815959.82,11943322.86,76118282.97,,8373863.679,606370471.7,41879350.65,99934194.08,370275587,92745077.92,45220760.46,306831625,8069148.623,175707297.3,,3853930.331,38421412.9,194854822.7,3044847161,,53736580.52,,618514403.2,,595464551.7,,72323850.67,9240331526
2025-02-02 00:00:00+00:00,39954138.01,259479379,42572258.56,122854608.2,1590874305,29306129.05,135024312,362615386.6,14681946.41,67810588.47,243210071.1,224050877.3,190329989.5,25301698.54,119051216.6,45531496.2,,67377832.27,29505806.89,3620029051,91461294.25,1183307518,122735875.4,115297760,22270577.81,4698296.873,59611726.94,27816244.56,104368125.2,,12826386.6,552901384.4,120512890.2,264860222.4,282868754.6,112663372.6,78563043.34,387379092.8,16335023.75,262158733.4,,6489724.901,75475512.87,196482981.6,3267981237,,86818060.45,,783977899.9,,1070994823,,61781771.32,2.294959761e+10
2025-02-03 00:00:00+00:00,64868610.56,362571959.1,54187366.46,200100727.8,2552040949,42165359.36,286055605.8,664566544.5,31975230.63,93624677.31,533167723.9,303696568.7,453432850.3,34551807.07,159053520.8,66437064.19,,76795386.72,45618977.68,5338618865,122996988.6,1737308291,166549577.4,192820142.5,47772495.22,13287738.34,77377217.14,38993793.4,125038749.9,,22796024.85,601389500.1,186181230.3,414084132.6,347100301.1,159706239.3,134556861.3,452985274.7,27950115.99,263856616.6,,13026073.14,117340305,202964625.4,3192728312,,150700357.9,,510024134.9,,1418506927,,59881718.9,4.386185991e+10
2025-02-04 00:00:00+00:00,44643974.31,174856094.8,31611385.04,109631307.5,1381665271,21453743.63,138820937.5,316441398.6,11045661.74,60362559.57,299289466.5,190241618.7,251014562.4,275781271.7,74717663.06,27270093.15,,60300869.94,31190689.49,2734427239,65870213.5,735137292.2,91088480.9,546075319.9,21809158.46,33149871.21,54478428.25,18014718.94,64490261.51,,11372044.59,390489075.3,69066466.79,210606429.3,194537135.7,83180310.79,97575874.67,353316612.1,18125449.97,195150909.4,,5490037.722,55089890.99,177676147.9,1975726942,,83778429.33,,316135316.3,,814756878,,43268901.55,2.60093792e+10
2025-02-05 00:00:00+00:00,30486332.48,96013773.96,22529208.43,61236755.42,861475236.2,13388804.34,63253703.84,242289059.9,13894823.47,34914734.04,314296674.6,136821586.3,174530816.3,159081702.2,49700168.78,22994020.94,,35355449.97,21222100.49,1185342641,42856321.37,551441109.6,69117479.39,178423779.5,13777125.08,11338589.74,35642196.88,10127852.28,44277455.17,,6076170.336,255957463.4,38820070.04,115900058.7,203518275.3,50669554.88,46081033.92,269358492.3,11142297.56,118887224.1,,2917253.916,46537684.1,126583404.5,2187322353,,50159644.9,,649707763.5,,589212629.5,,30357947.04,1.478760337e+10
2025-02-06 00:00:00+00:00,33172091.71,102909880.6,19730079.38,73563736.82,852151156.7,15288953.44,64661605.5,224203692,6051701.215,34645956.03,192242497.2,169478884,175962657.4,118967545.9,51774843.71,28931165.41,,38976030.76,18740557.36,1217123115,54429314.15,658136058.3,66984641.46,142675401.4,24532462.77,10030909.89,68501344.97,10624932.72,50701842.17,,8397019.674,253811335.7,53192864.81,137596398.1,182471874.8,47425885.17,43391224.01,202025184.6,8224348.184,111620243.8,,3302007.912,77156904.7,161702198.2,1626609971,,47977685.12,,341217845.9,,515251870.8,,37252544.51,1.5732382e+10
2025-02-07 00:00:00+00:00,24233347.42,98687217.71,18106695.51,62811414.47,1057398189,12054728.6,72801070.76,205629517.3,4472404.12,35786749.4,157493790,300938063.4,223399340.8,197977641.4,53622251.37,33900245.14,,42372447.46,20917999.37,1232907411,40914790.98,652922761.1,57608586.6,151039432.8,20084130.95,9616956.959,70083208.76,10337311.11,45197062.26,,7134246.18,246405851,37294124.89,121263374.4,222310402.5,52107472.1,45344258.8,209110495.1,6919369.692,191059710.4,,3202095.252,63890042.01,170711845.4,1116953086,,51047981.26,,302855007.9,,480406973.8,,47445248.13,2.183746826e+10
2025-02-08 00:00:00+00:00,15580890.46,56324420.73,85149733.28,43476266.85,706255312.7,8483589.607,42408110.82,165461302.2,3160772.682,34355005.45,89575155.84,162967771,174042614.7,60981739.33,36746357.69,19296316.95,,36574378.36,12558452.34,624810840.6,30353611.24,428917411.1,37698506.88,88515436.07,15204868.82,63530596.97,37063940.43,7268704.823,25999914.6,,5439795.889,189883511.6,26658567.56,93400621.57,94281504.51,38703078.78,30223659.56,168283496.7,4839426.26,321772326.8,,1530565.782,34276562.7,332793346.5,739841390.5,,37473707.32,,511098836.3,,379393579.6,,37864655.58,6644122527
2025-02-09 00:00:00+00:00,18977792.38,80061328.2,71629495.48,77436627.72,787861483.7,10543355.92,62486213.62,170899269.3,4945251.663,66502908.8,87300167.84,198711819.3,140841449.6,112448554.9,37028598.46,16779632.08,,29396110.66,9162737.927,797207155.6,40105706.8,420321662,35606861.59,73990988.46,9960962.201,102785395.5,31031684.86,10315027.29,28406049.66,,5100789.48,169815638.8,56573411.04,94498789.47,105374821.4,41841090.16,24095129.85,136317882.9,4051399.672,239473807.9,,1686402.13,34531023.18,183910011.9,870710912.6,1050212859,36295568.96,,197051356,,388298629.4,,31368173.5,9736102712
2025-02-10 00:00:00+00:00,19267799.87,74881225.58,42579002.1,45923418.41,880343078,11519538.95,52370980.35,130733680.7,4818369.102,35654287.03,97983779.32,305635494.1,280325431.6,67045431.19,43367223.2,13290090.66,,38561035.57,11566312.4,922073970.4,28262202.56,680957100.6,40184554.72,121805182.7,9545901.407,33894041.86,33071420.53,8374946.691,32251427.54,,4942438.056,176379206,32072563.31,84583874.05,94156812,39169026.96,31954550.9,135282761.3,4869884.692,202121839.6,,2117730.523,33586501.4,275939843.5,947925822.9,1897696366,33425222.47,,247522118,,473698549.3,,51034770.59,1.290998684e+10
2025-02-11 00:00:00+00:00,21879005.95,96737050.67,46620213.46,55742368.95,984546621,11283248.22,46497564.7,149401336.8,4211618.623,37863613.28,92109054.28,606837351,684710406.7,74912761.2,45861613.62,18538991,,39040084.33,11199143.45,1280222079,28605372.1,491042822.3,48954230.18,154894657.5,10230654.83,73337448.12,26975235.94,8615146.323,41258581.39,,5982027.663,214258467.1,28678545.21,139929822.9,93052426.02,44752806.13,87847383.74,319693465.1,8835511.674,176065072.2,,2095661.695,48465275.44,159961972.9,755154646.8,1415675729,42509680.42,,262059196.3,,513313940.7,,61237235.58,1.497433119e+10
2025-02-12 00:00:00+00:00,22466488.95,96110316.26,92187328.13,85398661.26,977469505.9,13536865.14,51879418.47,199590357.1,4597679.971,114403649.5,97180693.98,459224719.6,524411570.9,35602773.88,56709307.57,22438590.96,,39259661.68,14355089.38,1363957366,32929410.11,473231950.9,46586362.45,132388717.1,12295740.55,77751654.88,30222492.85,11113226.59,41028884.76,,7594208.876,231618239.9,34667588.75,133951027.5,129920629.2,62844162.39,48437928.53,236471998.2,7221090.096,226919480.9,,2458486.143,52149327.93,156983328.2,704512036,910774427.2,54040532.62,,187005727,,630102875.7,,45638458.78,1.943963835e+10
2025-02-13 00:00:00+00:00,13820558.08,59728131.83,174303067.9,64378138.42,596000687.4,9439242.597,45867129.91,145827482.4,3425482.023,96621385.82,87160470.97,207235472.2,611441447.3,31754249.36,51539673.74,14999353.81,,36284504.83,10648994.23,1013091084,52361390.7,296891141.7,44650561.12,77157539.62,9046989.765,55372267.91,19124713.33,6633593.201,28576250.06,,8817201.423,217199206.6,245243617.1,87317013.1,164130718.3,68433527.16,25212534.68,166328911.8,6030342.206,242804923.1,,2523449.217,28807091.48,120862419,1390908405,832189303.7,35060229.35,,131434678,,389406834.4,,36530063.23,1.368078714e+10
2025-02-14 00:00:00+00:00,24713510.77,125970306.8,76265756.75,63366707.2,751293234,11447693.33,66344674.02,161248184.7,4074593.392,64068050.1,81184767.5,236212410.6,408208797.5,37332682.21,88240302.52,18437206.63,,65946672.28,12595672.18,1648776041,43966331.57,386230959.7,61365233.59,111538256.8,9107996.717,29558695.19,25304378.61,12666664.87,70783131.86,,8282953.858,256214505.8,86754975.96,120713522.5,127514591.9,57258581.71,27825862.65,473992670.3,12689577.39,298462259.6,,2726644.015,42492254.11,133064959.4,4324576576,608055831.3,56274244.37,,165052932.9,,1175806624,,39092513.04,1.405094738e+10
2025-02-15 00:00:00+00:00,15242801.39,61324760.96,32397025.54,36772727.63,446104345.4,53007372.93,50408004.69,96068974.28,9527110.967,38235798.92,54177734.22,121021646.9,334354313.9,21068625,44110713.09,11924773.37,,26291880.38,6828198.484,1071321963,24656422.57,223065532.9,38537444.42,55904566.88,6306750.5,49062006.75,15794011.84,6804120.263,40049275.66,,4342040.224,181369185.2,35196383.42,78511685.4,73657444.43,33107290.63,32191345.59,288708390.8,6871224.688,163920058.2,,1614384.223,19589577.4,104738518.4,2586256288,421277591.6,29251937.09,,102955724.6,,529660946.8,,35144389.41,4625304231
2025-02-16 00:00:00+00:00,9025588.133,45607260.28,21912670.03,27577652.23,429872442.6,17536842.47,46160419.52,85331797.8,7761704.689,33628492.62,67628238.82,114013054.9,396728612.5,35178490.61,41670146.21,10309855.67,,23988844.36,6474251.068,728759142.2,22973651.31,261093627.7,31974984.35,66529517.84,4807708.595,31192905.45,16339908.35,6482569.123,27415330.79,,3078094.944,137939778.3,38789814.26,75781716.61,58489517.46,24067931.11,24148902.36,175084169.3,5864165.361,144168172.8,,1624158.653,22936173.35,257866700,1785360475,276843273.5,22531564.78,,65060697.04,,387827391.1,,33377444.94,5495964822
2025-02-17 00:00:00+00:00,31327969.14,73951295.43,26062958.77,50264053.48,948040396.5,87694530.53,49345926.89,116205884.1,4860267.456,40870142.15,62426329.82,139587010.8,384670930.4,50431710.76,56577920.06,13278303.36,,30848816.19,8253262.545,1054784597,28909017.28,349456338.2,41770029.19,85685976.78,9008624.065,15430293.67,24864928.96,7060949.328,42030501.85,,4461161.681,211825937.3,41971685.01,129959560.1,78877307.89,37848105.93,67736387.17,164919593.9,4987253.985,152211544.1,,2722875.027,29554609.49,193372100.7,1342951536,279416717.8,33272980.96,,84006694.76,,474001525,,24511020.82,1.013666789e+10
2025-02-18 00:00:00+00:00,15277754.73,96179116,24209063.17,74998944.8,824255729,20792516.7,34558618.42,119548207.1,3905118.843,31797631.19,87312708.79,117550353.1,265873136.8,186948666.9,54693740.42,14989593.45,,28591600.06,7983295.164,1053823238,27206288.66,343110199.2,37129033.41,76683653.72,11647727.34,10135155.11,22806452.69,9116514.039,38959441.14,,3780469.529,175915910.2,49522285.77,123181706.1,96527211.91,44187322.26,65888366.05,161257811.7,10621448.14,117706408.2,,4700914.059,28382182.5,173301640.1,1069341767,280992417.8,32716574.86,,79094767.91,,397377096.3,,29519803.81,1.703441056e+10
2025-02-19 00:00:00+00:00,8980249.748,54413063.56,16632242.46,168029181,538184263.1,15631048.94,31859384.73,72842869.34,2290734.259,25994032.97,44117366.76,102456283.6,448761034.3,122972590.8,52004079,9945865.312,,23511777.78,5408330.889,713222906.1,24380332.9,265906834.2,25555193.26,73931277.54,7632292.648,21059450.87,19179133.84,6195827.611,26498363.19,,2516403.486,118779336.7,39484563.22,144856690,65675540.32,28102926.74,28636299.65,115096251.6,6426037.519,115336351.8,,2416056.839,23802425.34,157431470.5,1014242427,294160615.4,23303793.12,,170813644.6,,318906900.5,,21629643.53,1.199299649e+10
2025-02-20 00:00:00+00:00,8166985.608,42357422.26,19659893.43,148801171.4,564884140.1,11527730.16,24102662.35,69445755.09,2395128.691,20394119.39,39853894.11,143078651.2,572855689.8,93479543.65,46442192.79,62770141.75,,25067523.93,7455594.78,737271208.6,23517791.89,329592716.8,27931827.7,98479491.8,6989671.881,9459197.398,21202338.37,7780927.221,29093503.66,,3018488.618,141620311.8,38005937.52,139447403.9,75931298.27,28144653.65,43716415.53,121538088.8,12159099.76,82871866.98,,2450676.977,42769199.23,144266907.3,863778059.4,322626637.7,24434521,,175148439.5,,312219075.1,,31678862.99,1.25989258e+10
2025-02-21 00:00:00+00:00,16862613.14,80090450.26,20390996.08,86425234.69,769853593.1,26314766.05,61544015.57,112637998.5,5446823.589,34745743.61,107941274.9,194637888.6,391983463.4,156238003.6,62476199.88,56614882.57,,40764518.85,44391349.06,1311368917,43357399.65,377194263.3,57515809.44,145796231.7,15230851.7,17743381.76,30318291.35,15925557.53,50621888.38,,6221682.851,368766819.9,68892969.48,203358545.7,96163438.74,52161684.25,43254704.48,194189480.3,136976699.4,134418280.9,,3235421.031,54184964.79,142451505.5,993174319.5,341966802.9,86531447.78,,184841285.6,,556928241.5,,37948936.54,2.442058868e+10
2025-02-22 00:00:00+00:00,10320721.31,44111326.09,29111195.3,57562745.17,417294162.4,48679727.11,34387096.24,66905395.42,4765767.129,28045434.93,101998617.6,144589460.1,268063274.3,745616507.2,64699699.62,16227406.98,,64843671.11,29466441.43,571895997.7,29871190.44,246147918.2,61391842.29,132055343.6,12070936.84,20967963.19,28084430.7,6829792.99,67353670.82,,8016716.573,324853490.8,45829881.23,140369896,68582472.48,38282160.33,36578614.58,928779199.6,28593653.23,69914123.09,,3753932.188,22602222.66,281775171.3,530488726.9,739292647.5,79691952.11,,425165705,,353944401.8,,40524343.46,6345520284
2025-02-23 00:00:00+00:00,10589164.34,39759146.11,18459954.34,35628899.98,467952662.4,21617476.3,36727888.32,63014067.43,3178655.139,17366356.26,98890183.82,113478481.4,171930400.7,262186118.2,38292178.46,14398259.98,,28915007.62,10320198.2,478924201.9,20630983.12,161603425.1,38791823.34,83483222.07,8046606.795,10367239.76,19703488.1,6947358.191,32992790.69,,8064446.568,194597584,51324928.7,157555541,55470053.59,23529170.13,28635357.74,661661169.1,12506587.57,54490418.6,,1861373.601,19335500.25,295356690,373251628.4,895990508.4,49336389.77,,133283442.3,,246381131.9,,26525790.22,6647362792
2025-02-24 00:00:00+00:00,13203066.87,94646539.5,22905072.08,63689041.79,940577337.3,32460328.08,54664451.94,166421194.7,3804010.814,30908415.18,71184987.22,124997867.9,213096094.7,636848564.5,79835540.04,20117723.74,,26406505.27,15255794.07,1677713539,44543154.09,238283483.7,50516836.32,95348309.71,33133270.86,23981731.93,37797776.83,14479457.83,43643696.47,,8496218.752,220968907.6,62793216.55,158065403,139665729.4,47646826.17,29175081.02,343146137.4,12068344.03,101755901.3,,11559992.61,40110679,156155173,940508033.9,484995317.7,52681516.96,,117530641.8,,404855105.8,,29192928.88,2.054319568e+10
2025-02-25 00:00:00+00:00,16655695.36,119769681,24859674.55,70003171.78,1130636913,71295867.1,134360055,234419632.9,4758232.404,38674538.57,250908940.2,134268368.8,250629584.8,115431331.7,95721527.16,24253966.79,,62195790.26,13895530.16,2342184052,55395179.68,266576288.2,61885000.71,83652804.4,45498679.62,20369453.09,49259583.34,23266772.69,54492995.99,,18344676.05,299621695.8,67490875.37,208522588.5,119138193.6,75556236.31,65614051.15,483233461.7,11772656.46,109178415.9,,14576910.03,50128805.72,183567225.7,1047920690,425210323.6,55203394.59,,116985003.7,,493367205.9,,59925786.81,4.189420056e+10
2025-02-26 00:00:00+00:00,12546305.38,74999952.17,18781614.56,46252953.83,751606470.9,42651212.72,123374172.3,151018998.1,3595753.5,27226732.21,210763416.5,143986108.7,198074296.7,81208002.95,61868433.29,16688442.44,,81786725.47,10677130.74,1482241317,38923522.13,247032289.4,45591669.27,121402426.7,26762524.08,12358224.34,36527729.33,14194356.97,56290337.66,,22370008.62,233162377.5,77088102.73,140031290.8,85809324.58,51985040.76,74567584.78,673258472.3,8598334.423,84804179.29,,6115574.506,32306190.89,189760853.3,734244654.2,370701423.3,45580346.63,,114523725.4,,316364084.2,,64158871.4,3.453666199e+10
2025-02-27 00:00:00+00:00,30355716.55,59029500.27,15900013,33541259.73,532063858.7,26506224.66,86594127.59,98638298.42,3028079.82,22190088.31,120243705,98898961.99,166976626.5,42066642.17,40859563.5,14199293.08,,61720966.54,8603813.771,969381439.8,32328146.48,161695506.8,43461050.33,94897476.09,17716634.7,18642137.87,24963080.12,13515542.64,50101581,,8890213.974,240190514.6,59556219.03,119676561.4,59035079.86,34064210.49,50384154.71,429438233.2,6836836.835,85286059.44,,4943895.179,30808667.58,115529301.3,523071172.2,324916513.9,32650267.42,,169786860.6,,238552603.3,,48113073.9,2.29310802e+10
2025-02-28 00:00:00+00:00,23625903.74,109953193.6,25351825.24,58320418.19,839577595.1,74908324.46,126681750.7,186791135,3716326.048,35523205.79,213701441.4,171227825.1,173617761.6,37953761.57,77908310.76,17548234.85,,79229970.61,11562676.17,1974072869,54250927.72,214520152.8,59512343.05,95053334.09,105488851.8,13992207.29,41504250.57,35002019.19,50164001.12,,25517722.04,390033420,62101909.58,174703407,123998197.3,60325800.59,40016922.41,1631930832,9962503.764,111615470.6,,8334475.15,52513688.64,141064398.8,1324923397,239503633.9,55811246.09,,161614411.4,,374309546.4,,85520170.3,4.368639514e+10
2025-03-01 00:00:00+00:00,8961849.478,61621047.11,13887949.21,26161755.1,476752404,65754563.06,50459823.54,76911394.16,2112333.758,16883049.71,97348261.11,126165975.9,73460728.38,23212805.8,40225242.97,10273038.75,,43850429.52,4904450.816,844526131.7,26678908.48,154086642.5,32485578.39,64240262.25,26168476.77,8321571.769,28109694.75,9613398.394,33022882.61,,8675562.473,274461481.5,48608850.26,128621904.1,75738580.06,36497936.11,25810957.61,1082806237,4683740.927,71093878.01,,4645874.424,20134144.4,69353193.52,1068490499,163436660.2,32434739.63,,101555353,,229251670.5,,45993503.44,1.251588842e+10
2025-03-02 00:00:00+00:00,10898279.48,101971908.4,22798831.5,59174403.01,853209047,56854981.53,65794160.07,176359473,4076237.792,29302589.32,147260908.9,146929169.6,156797282.9,26083556.12,79337074.21,17907492.71,,49858474.09,14925519.12,2035324443,45112298.71,327909380.4,48495974.68,93888956.7,34510761.45,10704993.61,44431207.75,22539378.44,33469532.18,,15241491.51,312955658.5,75830515.64,188938093.7,71836662.81,62172998.54,65803519.88,1090582960,9054482.267,141711601.3,,11985373.59,33781553.83,94772891.41,2167282888,182561986.5,44031326.65,,85151858.76,,484964420.1,,83107504.98,3.294338322e+10
2025-03-03 00:00:00+00:00,14857515.07,90274969.72,20680423.91,53921288.9,896872811.7,26897715.17,78441125.25,211742686.6,3385702.902,29709381.47,136730671.8,175268687.2,149229950.2,61178908.85,74151080.94,20742448.53,,53230201.51,35196901.91,1967771534,56664164.96,474895391.1,50557446.45,126385868.6,34727881.61,14848161.76,51917216.86,21463756.39,33991325.35,,9446354.048,259939925.2,57060707.19,187146045.4,82615442.58,71603139.47,37101884.62,735241724.8,12252086.14,117285778.5,,11126589.25,38652520.44,140133999.8,1810526869,163000095.5,42708373.66,,90649402.26,,553699070,,81930545.02,3.910764957e+10
2025-03-04 00:00:00+00:00,19968111.56,122379821.3,26670238.04,74041615.93,938042981.2,54582445.26,86942829.76,206917050.4,4022539.037,32995529.95,158404741,135391366.7,136218443.8,34959335.55,78931802.25,19122914.54,,40748748.6,16313003.78,1535946552,64068385.8,353992382.6,58491092.36,85015782.21,56156678.19,28928360.69,66979845.92,17764102.43,31121708.47,,7402706.031,261400396,65636390.61,188908732.6,91472525.99,75273116.22,24794273.46,874808952.7,10349386.6,84569383.23,,11839896.65,42039831.41,95165197.17,1143655256,170168579.7,54054046.14,,74095018.04,,477756339.7,,163631780,3.659101206e+10
2025-03-05 00:00:00+00:00,8936746.922,70504557.05,11879041.7,32824283.72,553801630.9,44212776.47,39271116.1,95704388.73,1801856.066,19770982.61,69229214.62,82251490.69,95391855.04,22040227.7,37979198.78,17549314.81,,24400133.15,8222723.315,885356229.4,28491365.8,287140420.5,46822431.56,142498160.1,21087640.01,12825144.29,36523190.66,8567052.22,12784129.87,,6026463.867,147679664.3,59127575.64,131362882.2,45737710.03,37082111.92,34001017.29,395708610.7,4153496.717,55122595.26,,6051729.404,22104988.78,77611680.49,739237196.3,90800355.1,28961936.31,,46756339.91,,315701313.5,,63508025.91,2.482677782e+10
2025-03-06 00:00:00+00:00,7666408.986,66271254.7,10938114.5,28459609.65,517841071.4,53486271.54,36241063.71,100712016.3,1635879.765,17102854.39,67988619.84,98770523,132641682.7,15978178.96,40809630.94,17599807.28,,25356910.57,5778928.052,1282316860,28875406.76,468785987.9,46281706.97,84695667.89,23164084.41,9050672.538,28929340.24,8244813.728,17371115.59,,4783163.368,151845099.2,56127283.29,139740755.6,62832604.98,39402762.24,23643990.62,390029545.8,4489923.27,68223660.06,,5211134.52,25114654.18,73826179.58,695075293,82041364.24,31436090.74,,51205645.66,,252116735.8,,49889734.39,2.735063494e+10
2025-03-07 00:00:00+00:00,9354430.389,71587811.73,14320290.85,45032583.42,735349621.2,23346034.7,50413442.24,138969974.5,2138173.482,21926766.03,67488181.25,123942284,189956053.7,16097318.46,51757603.61,13828621.45,,28753728.86,6357690.701,1269200567,49078868.99,367414163.6,49828435.21,89753641.62,39441796.73,10464041.19,32049706.04,13808742.87,19866494.32,,5870470.806,163981395.8,72663756.81,223263227,104560690.1,42465827.73,21119749.88,406830301.4,6639396.263,74777743.09,,5857548.145,33869952.12,110728274.9,832579418.3,116031902.5,31108733.02,,49030035.13,,345477145.9,,36517231.33,3.978517916e+10
2025-03-08 00:00:00+00:00,3939222.326,38190675.49,8337504.625,21674311.28,391574790.4,15142119.55,33122279.61,80910189.95,1514810.042,10451618.23,49822266.01,77174262.41,149461101.5,14624357.66,43071602.23,7904170.185,,17727990.6,3267958.109,562439820.2,32280725.74,166139682.9,26507994.31,63722775.87,27017305.27,4717176.833,16305067.7,4296864.978,12455545.95,,3808116.661,266548709.9,59138612.91,161038119.4,49526066.59,28947767.96,13269687.8,307350583.3,3559421.127,43935742.81,,2692084.48,32278282.42,93322326.72,353774855.5,88386724.62,18924878.19,,179872513,,211400930.3,,21955826.66,8274279765
2025-03-09 00:00:00+00:00,8026114.101,62862161.33,11136108.29,38845314.55,651429926.1,16490005.35,36054519.07,116986748.6,3258716.897,20210708.4,52206796.87,95237917.14,198762728.5,10565296.36,60081200.89,10541261.14,,15282790.34,5800988.472,1304561623,43034212.16,163006530.6,32683179.77,39555146.58,44571414.96,3774994.598,24671707.64,8396238.902,23210496.86,,4886186.972,170969664.8,84223731.33,200522886.1,58244000.61,53460391.24,20662047.41,307957740.5,5546833.035,44530649.54,,3226840.03,34820260.11,73929025.51,505853202.4,112079021.3,36666081.29,,333166812.7,,342162640.5,,20796395.45,1.843915421e+10
2025-03-10 00:00:00+00:00,10599525.48,82636587.1,13754177.11,46931603.03,950849796.4,16772742.34,57855636.88,201846840.1,3496976.766,30243418.05,68283615.41,111331957.1,146228495.5,17075505.32,61628094.57,13477303.94,,20723571.42,7910644.713,1553964810,43035656.92,224998906.9,44511554.95,54974193.88,70768922.67,3917620.481,24468183.05,10233471.46,24520502.54,,9451368.484,160367572.6,82238042.34,193247574.7,45393754.31,55532560.93,14251383.13,323615522.3,5672988.338,57158179.54,,6711612.333,64974579.82,68499895.01,562741113,111786685,41225499.28,,117712967.8,,339607914.1,,24998246.7,3.357646815e+10
2025-03-11 00:00:00+00:00,12074645.3,84515723.68,13754044.46,46699017.66,846196498.8,51018495.03,64812872.61,175261637,3251837.266,25609782.12,105495304.9,107751083.4,101594749.4,10258257.68,61976727.6,12810114.12,,29916195.33,8581747.835,1672990660,40289767.85,217309223,42347548.45,38716980.15,36753703.09,4658775.263,25295591.04,11733104.93,32805159.52,,6493529.651,169597593.7,65013330.49,189681093.6,58364357.81,49612133.55,9444862.081,261033715.1,5034687.26,51383689.09,,7843135.221,79195804.2,80566953.04,600376369.4,117582237.8,43212383.56,,104002402.1,,347051101.4,,21994444.48,3.149685005e+10
2025-03-12 00:00:00+00:00,11078176.73,61177536.11,8732628.538,42501535.36,830531346,25528976.12,36982730.86,123097996.6,1943724.95,13153734.6,53870309.87,84369628,92826609.55,7389250.255,38172586.5,9830228.499,,15600958.09,6421558.643,1156893826,20972510,231963787.1,35590407.98,43206965.4,28145695.76,5278971.429,12876144.15,9306443.652,17511078.36,,4544385.918,110772072,53757389.24,138392004.2,58140665.8,28283912.68,9805043.168,246902942.8,4842592.924,45013529.97,,5065758.559,76759670.74,59293387.54,424770302.3,82538638.04,24204586.96,,54996337.4,,277022963.7,,22248934.89,2.525704024e+10
2025-03-13 00:00:00+00:00,8596805.459,54215859.45,8895595.389,31296376.52,1162874948,15795322.91,31340580.69,94197621.73,1495537.202,14666626.6,47818491.24,90735080.93,92285888.52,5220115.166,40161639.37,8941119.924,,15201117.85,4829219.331,981932430.9,19024035.73,204027072,31340759.72,51218131.74,17879926.75,3572199.958,12514420.94,6162223.469,20290124.88,,4615227.281,100782155.6,44357210.94,115157642.3,111235309.9,27723601.27,8306004.478,388994794.4,4684020.837,162258703.4,,3996761.861,48806641.36,51786775.86,753695039.4,65550112.67,32933112.51,,56545934.05,,379438028.2,,24701831.91,2.033909122e+10
2025-03-14 00:00:00+00:00,10838818.77,44491378.65,5923624.062,22361696.33,751038122.8,20043890.34,22355251.21,98728382.34,1386447.056,11945196.33,36835931.05,71703906.57,120654772.2,8528431.037,23483572.64,6959440.865,,13758945.73,2824401.483,681370546.4,20113903.46,277319646.5,41048860.82,41218957.77,26781044.87,3590272.869,8067194.314,5647501.699,27317521.44,,4015004.252,121614479.5,70557236.18,122729195.9,95597922.3,22504321.77,9987636.535,643006602.4,4833356.682,161214564.7,,2972425.326,35347562.53,67160313.04,1041180283,52033918.51,15278580.18,,42729485.63,,204207127.1,,32845824,1.948040018e+10
2025-03-15 00:00:00+00:00,9019603.805,27044430.59,5110673.028,17492324.33,523444675.6,14912760.07,15653378.46,59439906.34,3603954.801,8748205.64,22478343.09,66079313.28,124189883.8,3883641.766,20239006.98,4756330.277,,9701883.345,2387876.517,463090448.1,57215084.62,295292722.9,16031484.28,27400680.88,20568184.52,3659212.877,9778024.009,3347151.192,11906076.04,,3066568.157,71889800.14,209954723.4,94200882.91,59503692.45,19762470.03,7968949.982,363202671.1,2899385.531,75109391.82,,1526926.674,39096515.26,48440444.87,465684877.6,104063425,26019298.79,,34133855.41,,190014373.6,,14361846.39,6452002481
2025-03-16 00:00:00+00:00,9031399.258,34808256.92,6888754.183,22345571.21,567639537.8,12804586.85,15947740.06,184424128.1,1772316.173,10875245.02,50005369.3,137671179.5,371372150.4,3777102.52,30294423.8,8419936.71,,13090264.61,3129793.859,750609163.7,56688499.15,286239129.6,23770695.03,53293994.68,15739834.06,2985671.79,12451601.56,5522687.127,11966536.63,,3426451.51,99969586.26,211449197.8,92000804.16,55573011.16,23800649.03,20346701.26,277493695.4,2717677.249,74951568.72,,2487711.815,31890212.59,69007488.46,441456570.4,209205447.4,21133594.56,,65516217.19,,231612548.5,,53225380.87,1.456022999e+10
2025-03-17 00:00:00+00:00,6232545.639,36807676.97,24138673.25,31712625.22,810232536.2,24769262.49,13022158.71,134176597.9,189789944.6,29318415.81,26754041.13,75343397.32,236003558.4,4498234.553,29860728.06,8432933.517,,11449772.5,3669925.247,727952130.9,24667365.26,255636538,27997604.16,36800309.94,31546665.31,4795544.263,12209431.66,6431746.872,17872771.23,694134426.1,3445659.472,77903892.07,68722509.49,107199321.5,75052834.17,32334408.45,18227555.58,192084616.4,3313953.144,67812472.39,,2494051.978,30482198.19,61610992.47,332431893.7,262103743.9,22800276.8,,56114414.76,,153688882.4,,39935361.49,1.524376095e+10
2025-03-18 00:00:00+00:00,5569973.981,35797791.48,16716195.85,21724747.61,834389225.2,53399412.11,17519890.45,84085968.73,560970679.1,12803885.3,45756744.42,64789608.48,178129486,4250748.148,33917193.45,6977906.351,,14714818.46,3948461.379,674583198.4,26152114.62,185753260.1,25412027.74,34387432.25,99993765.78,19773543.41,12707316.63,9605860.223,28214538.93,1299660052,7551045.453,71495281.86,54626380.53,66428956.54,48229680.64,26133130.95,17388474.52,165998704.5,2382072.994,58183022.84,,1707082.787,21491084.34,53410772.47,306255002.6,260786499.6,23506042.01,,58653213.18,,139407770.9,,22604053.42,1.554696461e+10
2025-03-19 00:00:00+00:00,8010993.669,61187528.02,9173283.857,29823582.29,943995694.8,30280306.7,18555338.33,87678488.22,342737721.2,14291907.53,26080378.67,80861493.92,149398261.1,7014093.438,29045403.96,8881587.842,,13191197.99,3999982.687,763377796.4,28843666.34,482723825.6,35656753.68,40384123.42,34066648.61,30039055.12,16764745,17263476.25,20404009.39,912356141.7,3671746.691,98293969.33,49137052.57,73697888.66,63540790.48,27406464.59,10217295.48,168198687.5,4046192.244,70050716.01,,3176363.522,51499952.58,55913203.56,357614435.4,112228892.1,22536607.02,,31667315.34,,249386556.6,,26764636.83,2.127840081e+10
2025-03-20 00:00:00+00:00,6577431.338,90310243.15,7310291.965,24110005.3,878671071.3,12227397.59,43548085.18,66234788.1,889324791.3,10959854.78,18964856.41,57072940.1,239702942.4,3526961.19,19933179.77,4771044.154,,13910971.81,2847672.263,654280380.9,36781442.15,383519398.6,25359129.5,38836174.24,24122557.25,30774625.59,12250002.55,11851833.87,11024233.76,443945307.2,3950381.961,78176794.22,79746451.97,64386373.69,184630534.7,27354848.4,6588799.557,135379253.8,2877498.126,68180111.99,,2251300.412,23495799.21,36067088.64,347312684.7,77786792.5,17534567.63,,33782095.75,,139627542.3,,125002504.8,2.071213449e+10
2025-03-21 00:00:00+00:00,4315544.129,90072701.1,7457717.745,22248361.81,760527705.6,29306954.53,94027491.35,61899135.81,388636011.3,8466769.044,22276999.07,51730712.2,163920155.4,2501444.631,26876702.87,5782016.716,,11425422.76,2667071.439,472544670.9,89140020.55,292078220.4,22329640.69,29340104.98,12073183.66,6102777.458,18150327.7,7301444.001,11150063.17,303828274.2,2520747.489,69367578.89,50685797.74,53051310.54,48384239.6,37944917.59,7372320.645,198429318.5,2840222.598,59199465.34,,3397082.794,26873589.06,31445113.1,231720528,60866715.85,23738634.06,,18810623.84,,176778248.3,,57754646.92,1.212821332e+10
2025-03-22 00:00:00+00:00,3005177.588,80410225.74,5077125.903,20069855.28,419976905.6,19504990.95,43159291.17,50478800.73,190778537.4,15131549.16,28301244.66,44294961.57,96186620.29,2745811.41,78887343.78,8248183.275,,6603266.465,6698017.353,280730028.6,334096699.9,394749821.9,21852416.74,28760121.06,15862501.99,5606186.885,11701795.11,6563380.061,9668753.847,191784015.8,4898721.092,108455407.2,57333319.34,77907034.84,39738576.57,35210808.05,8970867.227,296350420,7452000.562,70173101.24,,1515726.621,22990262,32072310.21,219348854.2,42408255.4,70806360.37,,21622141.91,,171853018.7,,38848427.03,4391946161
2025-03-23 00:00:00+00:00,2673860.587,132299828.6,4292237.007,23488977.43,424900759.9,21050967.19,133117000.4,56212493.76,92075597.86,6973494.703,39882884.23,46799274.54,88231412.53,2233500.178,57903447.27,6474031.408,,8821504.841,2916411.336,398915913.6,76262608.43,406724629.1,30785374.19,25961027.93,19415030.16,4498481.971,13051661.29,8179682.853,9359278.594,402538259.9,3365011.992,113878389.1,32301101.51,94536796.92,27796008.47,20385802.29,5857801.442,758305552.4,4829819.7,64238281.09,,1802909.662,23576627.04,26857568.02,814957151.6,47284161.81,23107206.64,,33792500.5,,156737719.2,,32001367.69,7717260188
2025-03-24 00:00:00+00:00,16196171.08,139210693,8201342.268,36031650.65,785639230.7,11110755.77,108116477,101372187.4,65275266.24,10516902.32,47689681.35,88004272.29,367250340,2779355.094,166595631.4,9939888.199,,13909444.4,4733230.266,968014263.6,61869692.15,663753747.2,69501504.58,74954451.5,17216602.66,5592709.73,24313608.33,10530353.37,13363405.16,330522505.3,3823941.022,122915813.8,48676612.48,77645591.02,65981840.76,42459653.08,18400951.56,490252883.7,4907888.141,81460308.67,,3310039.759,73925895.02,73539558.46,473426760.7,43378290.51,23309652.09,,62328291.54,,295310135.1,,71258083.66,1.843255028e+10
2025-03-25 00:00:00+00:00,12632250.81,70563434.22,6647495.053,28088333.68,677656213.7,16870950.89,618748007.5,98406196.46,33560908.84,14325873.01,69897436.1,52717891.32,214452773.5,2853729.365,46114417.77,8790018.742,,15002139.53,4521584.06,1195686409,47043172.99,477552976.7,37042044.64,45439334,12449617.14,4374106.904,12764593.94,20430635.74,12301631.38,157813863,2691804.478,92267646.95,29942506.23,103367759.1,42578015.43,26360157.99,6786817.794,326192853.7,3838622.755,106400649.8,,2386278.57,29188964.66,35866530.27,272142742.1,49655647.42,17014125.77,,47514098.21,,186301340.7,,39717857.23,1.515581587e+10
2025-03-26 00:00:00+00:00,9680066.788,117448198,12656985.38,81442473.12,1378958409,25914205.56,324972686,377805733,29506149.83,20366382.99,41142304.55,65108387.76,156840943.9,5283328.519,57257042.98,15328181.13,,53819537.32,6172091.067,1719631569,47495969.12,523638901.4,50964967.25,53443887.97,12044815.58,8960102.711,19624718.23,355611251.3,62049968.17,171195632.3,5429330.188,155273852.7,37828704.6,95682363.68,70329126.01,30838487.9,10101534.17,301183031.1,6416325.808,110433025.9,,3356928.499,35004880.66,35444339.46,356804615.6,62422029.62,22814225.04,,28757889.79,,282849086.9,,50199840.14,1.636818304e+10
2025-03-27 00:00:00+00:00,6074301.874,74916127.2,10543158.86,46220593.51,807727082.6,14160780.09,262832995,159901529,21009083.05,12157831.63,21847190.32,47394259.24,114086190.7,3650286.494,40886583.56,11427879.09,,18921069.82,3870946.604,1096925935,45838058.13,407510631.1,24080260.01,33061424.27,9637406.786,8378259.198,15741256.85,163641209.1,29082623.76,408831364.5,4612900.809,114439941.1,41361101.29,92410739.7,39251154.3,30944510.89,7037982.246,265533577.6,3298725.62,71560715.91,,3003527.818,25956885.82,23674180.86,241967455.4,74666712.63,31086707,,19972590.27,,217642073.6,,33713334,1.421014835e+10
2025-03-28 00:00:00+00:00,7523365.982,75598369.06,10642429,31365789.59,747896911.8,14239068.61,99167918.08,148628369.5,36130346.71,13239672.39,28001024.51,62181742.57,81941071.82,3555586.024,41057019.16,6892317.291,,16624381.29,3519109.781,1081337024,54756352.62,340893897,31124671.28,23271887.37,17977109.88,8140126.429,21113361.28,42680876.51,20186080.13,341292180.9,4207394.596,190117333.6,29596913.65,70180419.47,48813051.37,43256075.95,6418840.067,203564893.8,3037546.464,81306495.03,,2714693.854,34920417.68,24096755.42,317362707,82541545.48,30978155.19,,27368437.53,,194914779.6,,23381318.52,1.890601711e+10
2025-03-29 00:00:00+00:00,6328631.484,69089559.69,10563491.99,29004312.45,762260108.2,25408492.92,60911824.32,103597804.8,29245720.71,12676789.03,22204804.25,53411864.84,69922277.04,11164540.55,30509249.99,10178413.47,,12017078.96,3302331.767,931787827.6,35280462.3,232336269.4,25916229.91,20072906.46,35067437.99,7457533.417,13124861.2,145168168.1,23326330.99,321295311.3,3045017.546,155736907.5,27403094.66,76189924.55,49697606.68,27776613.89,6644896.337,173009439.2,2609866.934,52659139.83,,1968755.06,34442534.69,27765332.24,232617468.3,81122692.28,21602277.26,,712663618.7,,183048073.8,,21611449.11,1.123471104e+10
2025-03-30 00:00:00+00:00,4871096.464,51087194.33,6212486.335,22237484.77,769121627.7,14059756.04,42235051.21,90480937.05,96430142.97,12673251.97,17351849.71,37060928.7,88196757.42,4453082.428,34838260.11,5860271.768,,7436447.945,2657701.107,656814920.9,56336185.91,300449687.6,14500277.31,17775768.24,27480603.09,3964535.089,9922456.966,198469628.1,15706832.4,333356222.5,3404914.909,103821766.5,31522038.53,57649793.68,33703255.94,21064856.02,3388729.157,298934901.2,2132403.534,45229367.27,,2517447.342,23499076.11,13062538.38,180782064.4,52250135.4,14072799.77,,147233103.3,,120527727.7,,19532864.89,9064725717
2025-03-31 00:00:00+00:00,6355706.072,48835866.96,7622501.406,25645704.92,992915862.7,35019828.27,71373284.69,109774753,146511854.5,11441526.1,23237701.27,50354363.81,101715123.7,3740844.438,33104591.25,6556733.642,,10541449.07,3924401.736,1012300015,54974423.05,337834593.8,19921987.87,20869170.44,18358616.17,4956193.606,9554724.213,76349213.21,15871443,279638522,8757551.957,102179734.4,34716237.04,68219034.9,54227168.71,23713102.39,4249411.083,264184813.7,2727745.298,45601238.34,,2113694.142,27553629.53,23290201.98,236771852.6,74401334.44,18519076.78,,560657677.5,,164870811.2,,19511637.68,1.74896584e+10
2025-04-01 00:00:00+00:00,7726254.675,95172157.95,8058900.515,29925516.22,950673622.2,11679136.19,75833196.21,97793176.19,45594362.33,11635548.5,753468560.8,154330173.6,101412244.9,5177556.243,34985182.53,9639045.001,,12677631.97,3212985.71,834123331.7,41001673.92,520700389.4,19843981.82,22114981.94,42488501.45,3912134.809,10725683.13,103485410.3,19311781.34,265289059.5,6868489.076,152442346.1,28663628.65,74931728.62,46100723.77,23767312.68,7687959.217,276567088.6,3386997.754,69698356.88,,2159069.197,79957733.92,37169199.51,216123129.4,82259032.93,13815098.85,,418268896.8,,186815073.7,,21975782.15,1.659283038e+10
2025-04-02 00:00:00+00:00,8672056.856,177269909.4,10884714.12,36035301.89,1327507609,14264300.22,91724253.64,171483676.1,25731329.46,14952791.89,541965898.1,105940361.5,80117114.46,5062718.224,34478029.04,10961388.04,,15268700.25,3966677.734,1402614533,42018994.18,609600309.7,27711805.52,34529699.44,24400091.84,3970718.193,16351442.84,221887604.2,24019452.58,225678107.4,4157292.946,160230251.4,41076259.76,123080357.2,59352537.62,42006579.41,8998818.576,274334736.5,4372182.678,83942495.45,,2985243.486,59363421.43,61129848.92,475897746.2,70092317.81,20698563.32,,194293433.6,,311182378.4,,21352040.13,2.983275269e+10
2025-04-03 00:00:00+00:00,6778565.364,51590920.51,5975332.279,26399982.82,893806412.7,11873097.5,54717521.16,110085585.1,12841277.1,7391069.834,335860004.8,67773277.54,60920267.94,8907520.725,23181567.07,11013621.97,,9285420.122,4156890.266,884679414.7,33391263.18,423106752.8,13785888.1,22050271.42,42922113.02,2720977.314,8468889.102,93953101.54,14280806.78,140049096.8,3384745.288,53266783.93,30193906.89,52832846.13,23238559.21,26892564.69,3140759.619,153016682.1,3894528.49,57309452.74,,2247560.11,33574675.19,25374593.44,356504549.5,30608505.03,14644031.76,,97703641.44,,234219446.6,,15449886.07,1.974560762e+10
2025-04-04 00:00:00+00:00,8812221.454,56470573.29,5733524.417,23727207.19,1138462121,11534517.95,68659272.6,126121470.9,11825568.49,10394022.05,121434447.7,78556195.26,71779969.58,4193816.973,20356155.68,8259451.156,,7583857.37,2346778.383,1298820988,16510400.34,923437685.8,15840049.18,19602274.2,15772180.3,3090068.358,14308879,62732150.33,10460744.81,119331256,4096704.512,54856361.09,18280580.82,55799077.08,25021876.23,19558322.37,2463251.739,110664384.3,3859706.152,63133292.01,,2709262.189,86204663.17,31049269.74,293857928.7,26642404.35,12565227.9,,57619247.88,,228162687.9,,19261763.72,2.93838459e+10
2025-04-05 00:00:00+00:00,4676086.568,25956356.61,2306366.632,13500627.82,536423263.7,8670799.671,63614647.29,57025927.47,14578728,3698351.172,183284420.8,69366587.52,56235490.5,2722292.045,20275764.28,2874164.109,,5228941.838,1641583.018,457566265,8739266.242,573850184.7,7362610.585,9469820.572,6376164.543,1702102.863,6849374.991,26869283.73,5277279.382,105124573.1,2541058.477,44546514.66,7402371.773,34127478.25,10920075.75,10879175.21,1415806.087,102370594.6,2079912.537,26565261.18,,1197364.315,44507736.27,17924264.51,126587772.1,18631469.01,11481076.4,,61575310.44,,102111771.1,,11069823.53,8287351555
2025-04-06 00:00:00+00:00,12495743.75,51947234.46,6842958.667,23867519.69,850720066.5,28225598.77,70097764.21,142566579.4,17969936.7,10971730.96,84238094.2,63746073.05,63683203.53,3728000.201,34393522.49,8606900.586,,11291704.55,4596509.812,1167104933,19036990.75,474164906.9,15477498.29,20128196.64,20963925.55,3020609.164,14348993.07,30358438.25,11556510.16,127757230.9,5127180.494,77473877.45,17728391.74,65211258.36,29012529.51,35769520.62,2847667.103,100812132.9,3518477.633,45678514.35,,2176066.008,49066858.98,22246855.3,446653960.5,37000748.44,14159176.73,,54401247.79,,181223015.8,,14884930.96,2.258293144e+10
2025-04-07 00:00:00+00:00,28381153.91,73971586.82,14267132.93,52429590.66,1454418574,15468372.99,65559038.27,249671607.4,20488719.94,18514633.87,116349453.4,64476493.58,55142645.07,7674043.136,35686532.11,14241510.02,,14636086.21,7951497.039,2499117169,26197264.93,1000089101,28184278.25,28286698.3,27855042.16,5900196.025,24510754.37,50338827.44,21152230.56,145021950.6,4892093.212,112101774,30504934.13,96546139.41,51762425.95,54422752.72,4013985.501,153334067.6,5248365.721,69380615.19,,4345275.744,97703907.62,26520930.75,685839352.7,51032721.58,22944379.79,,55058059.9,,313270086.1,,23540481.14,5.393710047e+10
2025-04-08 00:00:00+00:00,22151082.55,41587635.98,8298095.191,20283995.45,770453119.9,5909276.974,45653768.21,146539092.3,13203443.11,8574306.842,45615633.9,42253923.91,67110170.26,23135580.21,27945833.59,6256088.881,,8824996.385,2716996.615,1326998777,12740640.58,941180751.2,12832495.83,15329156.59,12959500.99,3440195.869,10131856.42,23019721.16,7422056.313,134697950.6,1890239.912,43108824.64,13441039.97,52604903.16,20165731.41,22438987.74,2326524.22,73625754.2,2592234.539,37477684.59,,1809587.45,46409229.58,18210028.41,320178583.1,30286591.09,10975888.53,,37780821.02,,159616463.3,,19680479.38,2.579658091e+10
2025-04-09 00:00:00+00:00,17925257.06,57689501.05,8682028.139,33620198.79,1119808509,6810543.089,56681377.64,180873320.9,13687125.78,11069638.33,67482470.47,58705760.58,65149421.09,14242794.65,23286469.38,9855799.848,,9809685.891,3631661.134,1814186427,14633836.21,1395472030,13776605.91,18603052.76,28666503.09,3039098.45,13310858.24,28542109.2,10733934.6,121232459.3,47835604.2,54492711.43,23437940.51,81687529.4,32454475.65,30106072.78,3810430.445,92182383.03,3580830.058,87086981.36,,4554954.66,65881135.43,14545964.15,503529122.5,33316263.36,14286013.28,,95030110.15,,262653684.3,,21097858.1,4.407232288e+10
2025-04-10 00:00:00+00:00,17622521.86,32459394.75,5832530.39,16637886.17,655432422.4,6168445.33,26931854.11,117729780,10735643.79,7923257.229,32191512.02,74452227.63,43508737.18,4632145.383,14097566.65,10118678.61,,6621245.87,2305618.453,1046395324,9085060.046,982732694.3,12476155.78,15335818.8,10942238.65,1713370.135,7521919.802,19022323.05,7726361.031,77668689.22,12765882.32,29642380.18,11830728.8,37558977.61,17823030.64,16420133.54,2288724.914,69423294.26,3345764.589,122863516.2,,1925638.449,38230801.28,13989723.68,277826271.2,41202876,14451210.46,,265870869.4,,167694768.8,,22854923.56,2.368746948e+10
2025-04-11 00:00:00+00:00,13188947.63,83016056.9,5523907.045,17954459.81,577407501.2,7661418.142,32596712.46,88801411.54,13140390.28,5718576.549,25990390.35,75145725.34,73708410.45,32277545.29,23672261.97,9165829.147,,7339086.954,2269960.277,656735950.4,9899136.996,1378625503,42462154.86,17030612.47,5125053.178,3932965.78,6158462.165,42418479.86,9932264.576,105302300.9,6057266.604,21621688.15,13030021.27,32748345.77,48045455.09,14443407.85,3162020.019,56052284.31,4244156.729,209414910.8,,10370653.65,55131880.27,18286509.5,230557540.6,25649084.88,11009238.37,,114060063.8,,177628971.8,,28489390.32,2.426763676e+10
2025-04-12 00:00:00+00:00,10251407.76,98767379.52,30361724.93,23469337.61,659117837.9,4938691.984,24884678.24,76186844.95,24198648.45,6309701.32,28354080.86,72651140.37,97147076.25,4522292.812,18748395.71,13147087.33,,10600511.54,4139823.924,699853631,10093015.85,961897959.7,131598073.3,28911910.46,5374769.049,2157275.503,6552761.24,41497838.72,27490391.47,124811191.9,3862628.286,41993145,15919721.24,34892242.44,89827811.32,15064919.23,13640800.81,103471928.4,4350332.382,219012577,65926727.54,4065569.437,47896331.17,25335139.37,270190378.6,52661742.33,32162141.75,,147813695.4,,220240915.9,,44166329.49,1.331365066e+10
2025-04-13 00:00:00+00:00,11708619.96,73676163.58,24353841.24,31310213.77,722798613,5529731.445,30037130.57,93425866.89,24594178.42,7144195.759,38321135.99,62245013.54,67826385.88,3254627.387,20259580.35,16100488.09,,8336102.429,2437851.93,781759280.1,9796239.312,749312100.1,73267547.21,23768592.24,8923126.387,3459258.409,6570175.931,20371403.85,126362726.9,100689702,7029348.404,39920070.21,17675624.24,59424855.25,45069685.9,21558883.29,14411856.73,82655682.57,4109323.282,165788388,76014798.54,2389393.551,30945374.98,16196637.57,354070472.1,21614433.75,25070276.03,,81524335.96,,232810341.1,,23779121.31,1.74576678e+10
2025-04-14 00:00:00+00:00,8398393.524,63245094.26,9778404.52,22590338.89,761864808.6,4240511.479,26820915.79,91922558.88,15761747.61,5067839.08,202594782.4,48644051.71,52791384.14,2189700.782,15992857.62,30283473.32,,9662454.702,2392813.591,811313310.7,15292294.44,902567150,31233520.36,15514846.96,6428737.122,4035488.389,7166001.088,21487761.87,32792923.78,99140041.92,3786344.283,46803366.14,18556073.32,50539849.05,33822817.89,24133862.39,4673238.527,81428979.71,2795608.31,159153992.6,28714560.17,3485573.111,30154470.59,19314326.98,316852250.1,17542865.66,26320678.82,,56614085.25,,211963318.4,,25815883.76,1.772684398e+10
2025-04-15 00:00:00+00:00,6009984.885,58364435.78,8080113.709,19000773.39,653198744.7,7127663.015,15464475.09,71135215.97,7927352.754,4232820.528,68454181.79,48013521.19,44954770.93,1527012.18,11932457.06,31002897.75,,9907379.952,2294755.232,648657414.1,11550896.79,843316408.4,28654774.66,13904055.63,4415379.946,1971367.145,7857651.75,10320566.95,17585008.75,35507078.05,7642361.177,23779078.82,24162585.19,44596145.55,19189785.78,16884494.13,5273472.745,68816943.43,3407230.125,146362875.2,20731702.94,2377535.193,23154359.46,11573318.59,245197012.4,9947695,11669270.82,,40673171.73,,154248959.8,,15318516.26,1.570986055e+10
2025-04-16 00:00:00+00:00,6121609.299,62353801.65,8393763.359,15786754.83,707615163.5,4954785.306,24351564.65,96718030.67,5053635.318,8447827.954,40516923.83,45252928.87,33597647.86,1594172.226,25441703.29,17434011.34,,8960950.128,2642565.859,749102822.8,17808010.49,958462115.9,19056312.37,11571893.17,7714565.256,2080765.731,9113073.654,12351002.17,11270427.42,52226625.61,7153566.374,29259113.03,23559256.98,54243397.56,26000707.67,26473616.9,5804951.799,67803535.23,4849559.492,146959236.3,167716440.1,4948956.996,22940428.39,14138733.91,321768109.5,12589251.02,11885775.43,,31437827.16,,186565365,,28864346.07,1.7600465e+10
2025-04-17 00:00:00+00:00,6240506.992,46368648.26,7985682.513,11463351.4,581980769.8,4910499.617,12529832.09,73342954.41,3655100.084,6735448.423,22187945.28,39243718.35,39092521.96,12532512.46,22685018.61,10713689.02,,86640890.6,5759118.878,523220792.8,14503253.19,799068809.5,70346744.32,11668927.86,10810227.78,1183234.677,6631211.316,7172196.959,11602061.45,73976748.63,5194342.915,29953074.95,11939536.22,33189123.88,38023580.94,53367570.39,11366995.93,72044829.25,4812967.69,128942184.4,119647980.1,13185387.06,17476772.71,12967363.52,294689056.8,7055766.342,18376140.86,,23636450.85,,136713778.5,,18599452.41,1.192543724e+10
2025-04-18 00:00:00+00:00,4694352.564,29359543.99,5416881.347,12929541.87,497943002.7,6644504.363,13123737.05,75210004.54,5347988.172,25666649.55,18758196.97,28280948.6,36140073.55,19598317.15,32022324.27,6708516.857,,44729838.89,3451647.726,375990578.2,23412903.28,833924907.3,19056425.11,10545552.22,4990145.439,2017729.464,327196801.7,16849024.45,17668545.54,64648271.43,3825911.754,45117253.63,23678165.18,36056931.28,31667552.52,27635982.52,2859916.361,52849814.24,2129733.616,89731503.5,58290375.79,4729154.506,14384362.3,11553716.41,235636114,7738106.642,39651747.09,,16521651.46,,151318774.9,,12543496.34,4669701038
2025-04-19 00:00:00+00:00,2845598.579,35330705.39,3498989.643,9720143.748,438972621.1,7721897.836,13392676.77,60195133.05,3242864.803,6673056.338,13392365.55,24108504.18,23013546.39,9715959.13,19872226.3,9469128.24,,14836766.58,6360508.543,390804804.2,9943859.373,561550585.3,16486588.39,5723976.037,4679629.899,6694771.066,393740216.5,11016045.13,10085061.91,44298069.41,1696045.175,26285629.74,24617023.29,37390051.56,11407894.73,20240766.57,1547082.092,37387606.92,2724323.876,64247398.85,37953511.38,1104927.042,10755332.29,6270277.854,593727286.6,8916153.297,14263601.66,,59054400.86,,110116118.6,,10210327.67,6243873371
2025-04-20 00:00:00+00:00,3175442.437,33504795.53,5252828.074,14622642.86,504689528.4,7879631.39,38507005.91,73423881.85,3459452.845,6603324.423,19905309.71,34581217.04,27306427.05,5670370.982,31139917.97,11565483.68,,12240113.3,3361323.042,542030901.8,11214667.7,481466819.4,33244650.54,12523082,3422915.746,21233343.28,138458954.5,11797743.36,11608575.79,142006415.1,5063883.155,34876221.65,29027985.31,46277636.75,13641502.34,169467390.6,2214745.54,67520378.45,1605763.551,72814687.69,37854015.98,943093.2616,9914662.727,15371084.33,251197778.7,7891970.158,14130296.64,,24856956.34,,148133136.6,,14794046.66,7672458747
2025-04-21 00:00:00+00:00,8222953.783,43312591.29,8059838.282,17208792.73,686635203,6807396.898,22463781.15,106016781.9,4927586.505,6366301.91,37100296.44,34024207.84,27999132.25,3817203.575,17015875.51,10919665.72,,14240983.57,3415200.191,875472857.7,21245048.53,682315456.8,44125764.35,13877129.74,4433045.461,50310141.04,55031683.1,9893250.644,13129144.79,182314850.1,12377696.79,41664706.68,14816936.47,36969354.15,17799030.97,53227010.36,29935203.83,52504437.61,1621389.631,96410762.41,31803950.24,1740123.873,20870992.57,14338719.08,254275041.1,19877866.47,28376142.2,,29556073.17,,167373861.5,,45053601.12,2.389443802e+10
2025-04-22 00:00:00+00:00,8600965.74,113164974.8,8731092.332,29881963.42,936109141.1,9807499.603,20554598.41,138578460.7,8385437.852,12979501.75,22843635.74,64296092.09,110118709.4,7391902.832,21206585.05,26237509.56,,53696925.02,5735599.956,1281836909,11171022.27,1091737459,85976921.57,44090754.47,5333581.309,43373537.1,57177630.19,35090890.34,22013161.35,151203779.9,12328155.82,72606569.3,13046731.33,41927536.96,89532158.12,34460913.96,12087997.7,77284011.21,2597189.837,258552899.7,221631438.9,1600954.437,32372460.77,32441644.59,416837312.4,10086804.93,240258619.4,,30271130.71,,226284715.7,,390587311.3,3.014681069e+10
2025-04-23 00:00:00+00:00,11171215.06,140207148.6,36382260.5,67575220.1,1079707307,13572402.41,39650998.55,146224964.2,20855708.11,22415491.16,190272790.3,118815372.3,158294308.4,61163756.17,32632611.01,51233025.17,,86420699.24,6884690.217,1345210876,27983176.88,861582498.8,143841432,182820638.6,11605454.42,40046014.12,40118329.52,26460114.09,97192663.27,160977671.3,157651537.5,105190505.6,26752923.22,74468645.51,122239751.4,87728212.05,28131959.54,207579397.7,6595337.281,224174416.2,222324925.6,5319270.444,35373645.83,152567075.4,3212743655,31462379.27,870555048.2,,60769815.29,,316534840.6,,1404768814,2.173679148e+10
2025-04-24 00:00:00+00:00,6342305.43,88111811.86,10296964.69,30331297.24,704412550.9,7023996.767,18306976.17,107237096.7,8276224.901,15767278.88,43298011.77,54382791.51,49456897.98,32069345.26,26209972.22,34755452.76,,35204038.03,4660253.91,1114691859,24519626.77,556253053.2,31204721.58,60871109.32,4919088.084,18431033.94,54777849.66,11090996.55,35853165.65,94732374.26,26735172.68,98078566.1,31187479.44,54432994.79,48338277.79,70438051.56,6834426.292,114631286.5,5061749.714,169237902.5,86116572.06,7320567.995,19704889.75,39192316.37,1712199163,61263672.67,322411806.2,,35999655.06,,207341853.7,,550419882.4,1.458947769e+10
2025-04-25 00:00:00+00:00,13623955.01,208532438,10653604.11,64774734.77,864371147.5,5621500.905,21645890.89,165515137.9,15953983.07,10308943.61,37197424.47,146405206,91011791.37,5858246.683,33713527.7,23142779.65,,35193120.97,3506226.27,1140576434,15973795.2,663440705.9,103764054.4,52007570.69,4416554.725,11562811.77,31062020.69,22833676.21,49475568.9,70625314.47,23109419.65,71074920.51,29463339.92,56352390.6,230858866.8,42326601.61,16919189.4,148228231.8,6925375.218,236955338,43558406.66,12204051.78,46364617.63,42353510.88,1245031523,20940155.59,130003006.8,,51458433.17,,374818663.9,,423905009.9,1.811432849e+10
2025-04-26 00:00:00+00:00,12820415.3,287072692.4,9360191.785,42904393.89,773166371.5,9546880.707,45320253.35,164562713.4,5245167.16,12923042.59,37619395.11,78291984.74,62236385.7,3119219.917,41919854.44,47358462.24,,25944954.77,4082901.098,934458968.7,16960035.47,397181072.9,41822279.23,41193813.19,3453805.926,6706690.151,26063222.84,17776188.06,48333493.27,56569068.91,55537580.47,133617182.8,20446192.66,74289714.88,97472979.29,44375150.79,10655844.73,138053866.2,11091458.48,105303274.6,16360105.41,3813855.879,18658250.14,30711718.41,2155684392,17793822.92,264292749.3,,29623750.68,,339431630.4,,178865829.7,6848477987
2025-04-27 00:00:00+00:00,6865256.027,164541466.1,4837595.436,27515642.5,515133442.4,5792931.008,25809196.67,114524522.3,3715906.557,8631333.698,35700868.04,46590337.41,54638723.44,1472627.236,22071788.69,16362682.48,,19747253.51,2623233.928,743500486.4,10594351.62,533060920.8,26019367.94,46826821.73,3851212.056,10072125.02,18781449.49,10390464.19,28301186.81,111748438.8,31548197.79,59488463.04,24448425.05,41283709.15,336270479.8,27583279.86,7183423.79,65826215.53,3818207.157,91478416.45,20532223.77,2954235.103,26840950.15,22300268.21,1199272798,13773448.68,168139758.9,,21214200.53,,185119605.3,,78963751.64,7891352347
2025-04-28 00:00:00+00:00,9421816.235,309326908.5,6449811.46,92557394.47,823590074.1,6035406.162,23668967.26,155177548.7,9218861.996,12047760.59,25116097.4,107150206.5,76106982.56,2851874.538,25439145.68,23749903.92,,206187353.1,4346956.922,968531275.3,13229883.71,701066062.8,53297389,53916781.65,4616646.249,19313398.62,17421634.43,19965352.62,31405384.74,86996131.97,13584089.55,66235739.14,19988930.28,67048215.27,436212643.1,25175434.57,27631174.39,123849128.5,5217548.075,154803536.1,12932501.87,6133234.742,28711750.2,35890762.72,1137198999,18062224.98,116635211,,70352209.78,,275305011.8,,346754042.3,1.833370402e+10
2025-04-29 00:00:00+00:00,8677954.844,186553348.5,5338638.125,62375843.32,576177177.2,3561485.311,14048370.14,107563994,3620086.597,10614864.01,15390889.38,162105409.7,47193212.77,22846815.86,13477040.68,16994578.82,,39959217.33,2926616.483,786698896.7,11677963.35,498053148.5,67010591.27,41162595.1,2853823.243,9891233.909,14536727.72,13056467.31,20182034.03,60579477.32,14054352.35,43368516.34,29000302.42,37340982.51,151612356.6,18661839.99,18523501.33,65968196.66,3447971.129,100580749,13283991.61,1789543.23,17942578.17,33384919.6,1128424940,10573168.51,74772910.93,,35717551.34,,185733805.3,,131270861.2,1.401073443e+10
2025-04-30 00:00:00+00:00,5540964.878,155393795.1,4024261.483,89001543.23,600330165.6,4046294.507,11702255.67,87520577.23,3562076.896,9279572.715,13614908.22,110120623.1,41410999.73,1989410.833,17465634.8,18526297.32,,35356739.32,2972144.504,792971126.9,31274238.52,590381407.6,26226734.83,26997249.55,5535272.881,6334711.286,13896807.71,12845580.97,15271521.33,47478637.25,7189953.31,34093829.74,31901361.34,53073258.08,118298570.9,30764643.44,9747807.343,74755749.53,3413330.717,101156044.5,8162104.888,1700012.198,14222533.11,21199346.59,778110086.9,12570393.4,62696339.31,,68663760.99,,194615278.3,,93376314.12,1.609951164e+10
2025-05-01 00:00:00+00:00,6089385.472,118541775.8,4581869.632,36489935.09,543492124.6,3870437.409,11661559.77,84984725.42,3022626.031,5840593.142,18627933.88,129799164.2,54877512.37,1052094.5,15557806.04,21606347.93,,65548195.76,3607027,746395506.1,49753735.71,515285746.9,22437228.55,73815301.09,3394138.437,5079854.035,25299038.72,8497100.869,14304212.03,38610743.65,6927020.949,59087432.53,22344245.93,34278605.59,89885674.2,26041695.6,16821509.34,66877068.41,4023819.652,87052272.27,8015647.376,1255121.326,14197623.76,37098236.47,608049242.3,11544596.74,71870146.95,,31590252.83,,188654484.6,,98289628.3,1.77244947e+10
2025-05-02 00:00:00+00:00,5575132.996,83720301.92,4135774.073,23840460.19,496772618.1,4143110.259,12393157.84,81495606.47,2157177.055,7473702.506,12850656.94,95532505.91,32089299.08,1796931.367,15724421.21,15407310.95,,232673516.3,3331739.553,696936609.2,27383304.24,347471222.5,29634147.58,41459221.36,5995760.447,5341942.804,21050549.5,44669940.89,18214158.98,34580687.93,7285713.285,51036956.64,23629634.36,29034564.84,156623397.9,15690358.7,13137520.5,75554910.24,2993818.231,101204044.9,8496044.435,1171079.296,12873402.6,35415133.6,562210422.4,22440141.29,415783801.1,,188692484.1,,191185448.3,,99753466.15,1.350316789e+10
2025-05-03 00:00:00+00:00,4751378.442,84710804.19,4602086.9,21657533.05,452689110.5,5441167.607,15831385.35,62337176.82,2653161.635,5439482.567,13810979.84,75132350.36,21713663.3,1744570.391,13445294.67,14258998.63,,69405955.42,2343583.964,482091961.8,22462567.33,282661745.4,15240449.76,19195490.93,3847938.718,44294910.59,17392447.83,15820672.31,16269859.17,55747809.53,7573667.559,42536109.82,16476443.99,33764408.07,123446957.3,18259185.51,21738168.21,137061051.2,3945650.302,93773864.18,18998596.04,992770.9176,8692469.694,20984528.21,777031794.6,11687032.09,128385573.6,,93110300.31,,180096126.8,,53552485.91,6871382896
2025-05-04 00:00:00+00:00,15661634.26,98505964.74,3637836.251,28312398.21,441136077.1,4034024.01,14698776.46,76962864.94,1841895.497,5144138.96,21253638.56,86226561.76,22268125.74,2751741.26,12722880.23,14543063.37,,38403617.47,1708476.393,565704213.2,12899710.36,279554901.4,13648273.65,22036733.25,2893905.201,17586523.97,17467861.03,15068267.65,11918348.99,37602737.35,5422408.416,44568399.94,10827744.89,27122919.45,115478259.3,13932292.27,12695861.2,64371534.18,3528425.433,67293784.04,12622497.15,1553741.278,7241395.466,13298961.02,610827135.6,18390745.22,224046366.2,,62875345.56,,168135218.3,,81048380.55,8988011491
2025-05-05 00:00:00+00:00,8247153.189,114516963.4,4419582.724,25190012.18,591591407.4,7302527.48,11680817.46,85317828.72,1651301.741,7546620.808,12630289.17,97299226.41,28546501.19,1505801.054,12036836.53,16880879.34,,127063419.4,2878871.548,641218967.7,12605743.26,311596581.6,12806414.29,18896648.06,2850688.098,9487052.385,13609460.31,12744979.21,10783726.05,29843140.25,5377227.891,25105569.19,11887469.71,30170877.35,121209562.7,12939423.76,8777880.106,50202516.53,3117105.856,82960949.05,7949874.37,924880.8647,11097688.33,19205864.52,745031095.4,15146735.37,217895974.6,,25298931.65,,137698915.4,,43046740.37,1.460085288e+10
2025-05-06 00:00:00+00:00,22435715.69,119012750.7,9183001.288,30985207.82,666034279.4,12399533.94,16163581.85,91343288.55,4018750.095,11547668.92,14066243.17,120148012.1,35660474.05,6780935.171,22350446.62,19690886.39,,78900501.41,2756963.366,810695112.3,13057992.16,444252135.6,18747528.59,24962022.58,3216607.975,10907683.18,16210425.38,10237435.47,17052740.04,47874719.81,10028137.48,33710828.33,10704647.03,38156644.27,193605472.8,18916952.03,10652811.37,58201279.67,4159878.951,119215196,11209488.38,1003513.164,11371983.47,39144653.66,541762353.1,42472835.33,423272323,,34738849.92,,180135858.7,,113199690.6,1.64440153e+10
2025-05-07 00:00:00+00:00,47393850.89,87205600.91,3749764.523,26702308.57,601760136.4,5267475.721,12821228.84,75899487.8,2405536.186,8603884.708,9714821.867,87133301.39,27499430.19,82524366.05,15661593.86,22138599.06,,50301191.79,1900301.859,686530208,10400549.21,642127091.2,17070574.93,21500516.83,3484054.15,5751134.75,12359605.2,12970747.39,14536159.43,34033767.49,7568435.002,33069387.2,9421957.129,39538608.52,174511757.2,16723194.31,5586820.421,52682749.29,6307456.782,204626500.9,9121442.257,1068822.8,10908703.63,25429538.47,401135911.8,19250395.63,176623011.2,,25975885.38,,200997221.7,,108819463.9,1.792742478e+10
2025-05-08 00:00:00+00:00,177392903.4,159847001.1,11984396.25,61568229.87,2249861739,7036308.174,16937833.78,173138338.1,10234118.88,14001051.5,38753487.56,135589771.2,40610116.81,26807541.49,25790273.32,65601584.1,,65191764.22,11083665.89,1456789250,20875730.72,551011872.2,46616071.27,42375539.22,6074322.198,119830390.8,20505235.23,20532165.1,539928875.2,67401280.49,11425081.88,114729454.8,18503853.78,59670684.6,381598139.2,33750891.6,17241364.75,237798218.3,13519158.52,189174412,11679409.93,3729713.92,31645723.33,38525364.46,1036361962,40802584.91,230253428.5,,61723615.97,,280049871.6,,86861648.6,3.182381037e+10
2025-05-09 00:00:00+00:00,56594110,275389521.4,66601544.29,120213176.7,3239318229,14617623.34,44676553.46,270931416.7,9968400.321,40350048.47,83884931.3,150977454.5,70079773.34,11624342.81,133884127.3,40240420.97,,135804644.7,9788105.052,1836039926,88627858.28,680889787.1,239241693.3,54049587.41,9703770.894,217803559.5,100050131.3,55898070.89,2496084815,289876329.8,20149170.65,443918939.9,33773943.02,103740540.1,382448110.1,230217089.3,25631407,1401128269,17302276.33,175984322.6,9271304.621,9279467.552,33337475.33,63387281.91,1611798949,65464257.86,166929422.8,,74502884.37,,454620472.1,,73273535.78,1.781157033e+10
2025-05-10 00:00:00+00:00,46821931.4,177163538.2,277088734.3,89159866.34,2184480592,37922331.28,41936634.54,316244986.7,43807033.88,116201865.3,147659560.9,90289095.82,81949284.89,9347604.338,94485992.94,32089265.75,,65293611.96,9227361.746,2606837661,133424925.4,425703615.8,417025882.2,41405813.33,8080218.597,46672989.77,134886391.5,36689709.5,741155838.2,403773508.1,23082460.27,242104379.4,47968821.6,129681370.5,169615761.2,145217205.3,14690265.11,854134564.8,17319219.12,121865683.5,6153511.346,4843771.091,30831691.59,38408800.14,1051955502,55412341.8,111047231.8,,135420588,,791651486.3,,41108667.93,1.082037103e+10
2025-05-11 00:00:00+00:00,31434286.08,151521828.4,82142535.77,63602659.54,1908532506,21623322.7,46465760.22,247301520.5,64228448.8,39192868.67,74018870.45,84966175.27,43700723.24,6505112.254,86182161.81,28641066.43,,97575331.81,5582352.135,2837035072,44933918.19,525210730.1,328831486.5,26982456.76,6500873.951,31820030.57,53782820.32,19636725.44,1826172706,281927843.6,16139086.75,260043492.4,32969815.31,141564065,146367572.2,63306774.92,28524051.62,1124857120,15662626.17,105651947.1,6563495.497,4474901.805,28895764.88,33967372.89,886067655,25593434.63,88787749.55,,92109699.98,,363848896.7,,51987829.38,1.448632266e+10
2025-05-12 00:00:00+00:00,40761528.78,403468314.8,68788761.55,162990723.2,2636479443,37320514.01,60879462.94,391978958.8,23161287.66,53854065.33,330395163.2,158162091.4,85223715.3,10093309.74,183573904.9,51691881.48,,199807390.3,316612740.8,3321332364,59316421.43,793897200.6,380506647.5,81478315.92,17469377.38,38249783.18,66773483.51,163910426,2346768758,229624050.2,29411103.14,257543709.8,58929687.4,163936679.6,201741545.7,105426611.4,579157714.8,836138339.2,25261850.57,247654926,8923489.93,36295872.23,44016934.95,103399341.8,1579650910,142194143.1,153409474.9,,223499514.6,,1400645077,,107538293,2.655160307e+10
2025-05-13 00:00:00+00:00,31152287.52,197177934.2,85277786.93,106141678.6,2032415312,26977793.34,59984555.36,293214063.2,15784623.33,115419339.2,138892331.4,91223823.64,56767131.26,4754660.024,261503800.1,30232863.67,,134152017.9,486285290.9,2032276252,49890442.31,630743070.6,245525815,101743734.4,27683237.07,28190314.64,81045554.48,60253409.23,1947491969,399700511,17653107.01,1258941304,76720220.58,153788684.1,196192221.6,426369693.7,125376984,756629209.6,47055557.48,149134513.1,11303494.8,12432528.81,28330510.84,44792023.59,919983039.8,57870213.3,91754932.47,,153278586.6,,770731972.9,,70545126.22,1.678313405e+10
2025-05-14 00:00:00+00:00,20327862.06,214453173.7,31538570.49,66573368.39,1230831968,106831323,353791682.5,222893393.2,7240497.146,39091964.67,87323718.77,65672117.47,64883823.12,2679109.369,166174982.1,35650692.59,,131932590.6,102331476.8,1759983181,35016624.03,583862417.8,150240774.9,60870229.47,12050067.9,20259097.61,78434787.05,38680815.7,1681922567,153617754.7,11407399.15,459911649.7,57728370.56,202778733.1,411168677.6,1123521981,68333421.73,413337176,22372148.65,116117160.6,8679855.071,5895437.787,17093299.07,47791799.08,737177935.9,34539892.74,60386828.13,,110310819.6,,554808928.8,,54457550.95,1.306857687e+10
2025-05-15 00:00:00+00:00,35217334,169565468.3,29623890.91,73029022.79,1758330235,54858536.46,227129146,233626926.3,6543834.658,39060535.83,54627749.08,86123425.09,49744559.14,3567912.526,122007045.7,33268843.16,,145847288.1,56256243.06,1956351910,44241475.67,563737263.8,130913909.5,51084771.87,12433038.39,12608297.28,61619926.83,36091509.74,944260986.6,125857756.8,12057732.3,787907975.8,35096863.72,182458434.8,247258496.6,628666458.8,52304715.13,387413392.4,13047685.03,162311222.5,8138244.724,2958684.175,23642548.16,28409876.48,775374378.9,24324162.38,73963723.18,,66214970.91,,645694480.4,,44557393.08,1.810980139e+10
2025-05-16 00:00:00+00:00,42124107.19,119186462.5,18211238.52,43442404.1,1098026230,40333259.85,129736584.8,125074061.6,3690739.149,20283183.12,36899300.73,53676665.63,35658837.11,2357846.549,60338134.38,17690777.73,,89952638.77,35642539.81,1308648302,25454839.03,420725115.6,98023712.2,38396741.17,16699343.44,13192966.27,34881710.86,16612472.9,829681874.7,96109816.52,7303213.87,314172068.9,26005286.51,131209458,112147826.1,220765982.2,34922629.42,262488111.3,9027210.22,98016665.96,5005665.289,1266635.82,15530813.99,17407318.74,457345482.1,25277844.99,70404140.11,,46266198.3,,598454508.6,,28437326.02,1.199020338e+10
2025-05-17 00:00:00+00:00,13575104.01,116368595.4,14463073.09,38770608.14,1010879543,42635843.24,67998390.61,131385134.1,3857818.178,20762505.67,26961095.41,38982776.4,22410483.38,4642274.602,47399785.82,17237961.15,,82140586.48,23192481.5,1057755666,19114371.76,343182431.4,98615322.18,44180084.51,20611747.7,9850190.731,24869541.38,13233008.12,656203603.6,78998113.89,6981518.157,355555435.4,18318930.73,89212914.69,100550888.5,148453914.4,18861868.06,251418701,7031607.328,85963336.98,4383741.039,2143254.074,11724423.23,15195864.23,715877828.5,27754458.41,51307579.78,,27441324.68,,396456348.7,,19403469.09,9316018420
2025-05-18 00:00:00+00:00,29766665.99,141263497.7,26564972.92,71058769.51,1869183169,26579561.23,91908181.26,170578603,8744339.238,27721850.89,41592859.74,63213701.64,42113822.22,2361180.23,104531741,40810140.01,,103777725.5,112311876.8,1727435457,49383582.6,414774161.3,309915233.7,92099455.2,23876767.57,10645081.45,37710305.88,21135469.91,2312777594,165808591.1,17476797.83,983693867.3,40388565.8,159508809.1,107445604,436740837.2,35631239.86,531851856.5,17325998.45,118418285.9,5608105.119,2329250.753,17598085.49,25259483.85,674430637.4,22922559.84,82987851.99,,55336262.12,,679941641.5,,32888517.99,1.812406204e+10
2025-05-19 00:00:00+00:00,18925842.84,110711190.3,12551113.63,52687117.22,1695062630,15056950.01,107351308.1,167884067.7,3413407.226,16610014.82,25561913.09,47179948.63,40141431.72,12509464.48,70521626.75,40584805.5,,62539347.89,28483162.96,1543290257,20255610.13,536903380.2,161997584.8,52644631.4,6443113.72,6060250.144,28561141.09,15458638.85,1359705285,96827190.19,12122510.68,736389979.3,25509518.99,129554080.6,89260653.05,234745739.1,23719770.03,308716943.1,12572638.24,97647254.76,7777135.477,1392398.269,19927187.76,17672453.34,501047236.9,16787394.89,101188772.3,,33010066.26,,501682289.6,,25971324.08,2.68403646e+10
2025-05-20 00:00:00+00:00,15981868.38,97741818.36,12277367.77,44943297.7,1312319604,11631890.19,89449524,129511912.3,2393487.322,14340415.24,24015021.9,52334398.08,49227462.4,3820220.057,47002767.21,27267821.7,,62699432.05,87240279.61,1412231597,23530778.1,539704233.4,101466845.1,53875751.67,6059887.257,6552509.74,22212025.85,13490096.7,896074318.4,257575251.5,8528367.307,466542915.5,21443210.96,98291393.27,81110476.06,174795124.9,19291487.83,233268385.4,5844986.854,87419816.08,3348882.409,930366.2783,24074970.2,18639983.04,960597886.7,17199302.93,94824687.29,,31819193.68,,425202398.6,,76818640.65,2.392408409e+10
2025-05-21 00:00:00+00:00,40812420.31,173055571,16601202.27,63265461.16,2524987449,19531938.92,106463093.8,216506269.8,2952947.538,20638265.34,30763530.39,89302697.64,64650979.87,4447659.938,87253386.61,42824064.92,,157016682.7,36925856.97,1992414550,22098441.4,645109323.3,132013525.3,60406548.85,5006057.094,10862572.52,28738562.06,23163850.46,780300700.3,199707597,9114151.182,395093854.8,22522152.69,147263838.3,127152962.7,159835622.6,35891457.19,395894021.2,9438508.973,135998290.6,5166516.825,1448319.525,30195443.63,30820739.84,1507948191,15962810.45,71516542.21,,36948553.63,,840226154.3,,57476971.69,4.457630327e+10
2025-05-22 00:00:00+00:00,37488066.12,140920292.7,21885612.42,86679611.67,1828262868,13237651.23,110796050.7,202064277.8,2938844.17,20854600.31,28374000.96,66521729.04,46496881.13,2393171.238,95156534.77,33959258.93,,71895567.48,30178945.65,1699741661,20365188.41,523925724.3,126017611.6,44053199.14,8464230.505,8394471.185,32179135.06,105045689.1,1220214244,184844718.2,8576971.083,396187792.7,20047056.46,119375192.2,120046131.5,116962621.1,50059886.55,348854876.6,7693082.828,138131119.7,3684568.174,1818642.086,57128689.5,21638223.13,1518555329,22754164.39,52041268.28,,28507610.32,,625060827.5,,27206793.26,2.729571608e+10
2025-05-23 00:00:00+00:00,39288863.37,329035650.1,24326393.92,105512974.6,2815330552,26082203.17,105685012.3,310370893.4,6111801.971,29002095.9,48808975.25,97230863.26,76386274.41,7601793.573,108518125.6,72973795.92,,89417486.85,29781573.55,2433790643,28190503.01,711325711.6,149692518.1,59918281.12,6423950.727,17123756.77,46072307.37,342774361.5,1123645506,166289541.7,12146398.61,435545733,27854774.99,162111918,131509756,189018654.5,80056482.75,399900237,17382813.39,200795245.5,4104723.782,8714888.66,66318079.02,39183976.14,1403110343,26870517.69,84933524.02,,47901628.09,,1064480838,,34745792.59,3.054370926e+10
2025-05-24 00:00:00+00:00,15652293.36,101422807.5,9437762.479,38029815.08,1287773681,5825360.448,44956015.2,98188054.76,2144983.861,9653005.921,18020019.11,36847764.59,26151487.55,12501504.09,42437442.33,23954396.92,,42182731.12,9048445.824,749384834.8,15118237.44,358576226.5,61944826.39,33066445.63,2603473.287,3528492.305,18549155.88,83772228.15,528036867,71537187.14,4831386.901,210618052,14281390.15,73467105.81,49207960.26,76029349.66,20779251.57,187212561.1,4623964.373,93778636.64,2739942.728,1018141.726,24544351.24,14582081.28,481821217,7574660.379,53606578.29,,21158011.85,,454850966.2,,33716489.89,1.789524189e+10
2025-05-25 00:00:00+00:00,12585387.4,111219593.6,10037447.08,40167768.56,1475521816,7454433.985,41353537.12,134131203.4,6569209.848,13061775.16,27497153.4,49512440.34,26555050.04,3810855.043,50245302.84,39807041.15,,37740336.76,8141610.332,918359280.5,17023855.74,320856644,71452536.32,27418915.77,10922713.38,4490932.436,20492570.59,48301889.12,473339828.7,78510784.31,4971785.95,246220046.5,16088656.73,125479675.6,66147430.94,89491389.99,18346617.81,169930779.1,6560881.93,80475281.22,3352888.012,1254206.489,30674118.36,13724878.07,444795540.2,9045338.384,44908724.92,,21212942.25,,443467776.2,,18873745.65,1.715918423e+10
2025-05-26 00:00:00+00:00,13831085.99,124369592.7,8055599.185,40058327.93,1755306085,5220002.574,33154915.97,108111611.4,3085102.52,13826943.65,15781859.04,71445094.11,34886895.75,11535002.49,39734887.93,29443220.6,,37124849.43,15172189.89,893264704.4,12889094.94,281248180.4,77402820.06,35237759.4,4095119.256,4835171.333,22714198.99,37008879.04,479383820.3,62510841.43,4707982.278,218492147.5,15571413.13,83430551.05,58494132.05,62557378.68,21188781,152439903,6914053.793,73345056.86,1805280.913,949625.4449,22355336,17134250.95,442238199,9271278.351,46437181.01,,16000246.61,,451441028.3,,16507581.21,1.61032659e+10
2025-05-27 00:00:00+00:00,13878588.41,106940731.4,7164534.743,43404879.94,1543053531,5077591.75,34763635.42,113657857.3,2128891.329,12888392.67,21190673.51,73275140.58,38559391.05,4079883.752,39959727.9,30216580.97,,31650907.76,11098060.41,1122440541,15782659.21,407166211.4,64819899.17,29412135.1,4930615.143,3647207.676,22960510.28,30963152.53,348048581.9,50321414.41,3785917.603,175017681.5,17359222.5,95315291.47,59307857.22,67017925.78,18156009.82,183126259.8,4797531.717,65922613.88,2497304.615,820954.8434,38626318.31,15177873.07,386179909.6,9401926.636,36491834.37,,21508170.82,,453149769.6,,15010857.06,2.44528291e+10
2025-05-28 00:00:00+00:00,12389498.64,83777308.87,6055222.728,39570841.8,1419804030,6724134.667,59009731.2,99101462.84,5239473.623,11236429.18,18548050.06,54612370.9,32293742.91,2232761.492,37716036.59,15776190.61,,31442577.1,7194762.443,841573994.7,42218602.66,426463699.4,52798839.74,23829994.22,13597512.09,3684876.005,22273804.55,26840060.09,273599103.9,58200831.51,3179894.389,195874585.8,114663619.3,88441110.16,46252319.48,62323486.77,14197230,149807615.8,5660061.428,65406075.32,2943876.631,936175.5458,97391590.7,15311388.91,424962176.7,9878445.771,34665642.09,,15286200.77,,390070186.1,,15975450.56,1.711939535e+10
2025-05-29 00:00:00+00:00,24320450.08,104201476.9,6075347.346,63271327.97,2019135267,6001002.269,26671909.8,140319959.7,6998719.728,13707126.85,28919132.27,57037824.24,32438569.5,2923795.856,48770359.61,18259152.09,,35490044.96,8273039.077,1191512296,28685565.81,373661039.2,43718618.27,29016449.6,5816561.65,2595965.239,19642393.54,26304449.82,215076304.4,54607688.04,3285628.77,186149326.2,45685725.41,85171409.33,53778476.9,80027392.47,15529079.87,150726102.8,4264278.145,72506813.45,35569601.33,1200764.466,215705865.9,17337988.74,431751087.4,13267456.67,44059103.99,,17183338.34,,386171057.1,,16034184.33,2.285029758e+10
2025-05-30 00:00:00+00:00,18256578.99,127723448.8,9658549.327,65571480.36,2139397747,13063171.89,57206279.31,206702916.7,7483569.151,18843594.88,44082467.36,89793478.13,32744981.23,6121068.986,67461669.86,42625677.93,,53747447.04,14173574.97,1620690642,35965458.89,573557168.8,67483756.91,45301458.27,17566082.28,5237261.098,30133532.14,32841182.28,304231041.5,68933334.71,5922067.798,215424972.3,46580969.63,125248434.5,81384827.53,100908178.4,16907197.38,282089398.9,7594670.821,110383278.2,9909249.579,1783223.481,111521238.2,25721385.57,606148851.9,176961185,63432391.81,,33567993.18,,448086580.2,,26209677.89,2.3083176e+10
2025-05-31 00:00:00+00:00,10696342.58,98323807.49,6974503.638,43979484.53,1448576492,11398766.27,41703190,129172281,2684333.275,12661376.15,29074001.02,63805253.73,18670426.08,3920874.771,46457860.36,28533754.77,,35407030.89,12689256.27,1224802713,16315940.46,366267928.1,56563869.71,26342339.5,10905423.01,3121159.446,16206926.61,28546428.44,239916981,57097513.86,5224534.248,259071367.5,27617424.82,90062516.6,61160975.83,64831306.32,8421908.937,159600018.1,4145712.108,77696949.35,5473959.578,1364337.674,57115564.09,14133927.12,410262499.1,84013404.51,48465601.85,,18021050.49,,468221359.5,,16501158.34,1.077123101e+10
2025-06-01 00:00:00+00:00,7657338.664,65784920,4060119.277,31828625.14,1059601458,46229599.91,19263251.85,84836877.05,3078815.319,7483922.53,17029440.95,65666226.37,18717419.46,3469118.154,29876970.95,32860404.38,,25103410.77,16235897.93,798059751.7,11589246.07,314705867.2,26683484.91,22293661.83,3899810.653,4454456.199,15590551.63,21597886.15,158974638,42305636.16,3706292.385,145436147.6,18934903.09,54728095.62,47380161.66,44651357.97,7849721.371,87840618.59,4062786.637,52358525.27,3055226.949,1054259.606,51728260.84,11815239.51,232424449.1,117002188.7,27557204.22,,12248489.82,,265036100.5,,57577383.21,1.018973469e+10
2025-06-02 00:00:00+00:00,11809237.25,90509430.3,4255437.241,30165399.02,1267083919,6874503.347,24610851.22,94921350.71,2203799.12,8380002.987,13732660.17,82665379.41,19063102.4,2361576.655,38651754.36,29282709.72,,54207318.74,7034550.903,871987281.8,14219055.46,360396314.5,34320718.62,19907224.77,2661260.957,13679025.89,17283325.98,14128501.06,221931310.2,52094619.4,3277327.852,116849304.2,14504116.53,55952091.86,45437569.34,52213773.46,11141988.19,122337389.4,4958086.413,59555734.92,2030485.813,936510.6149,68484427.3,11788087.23,214551171.9,44007596.39,34589911.74,,9817423.815,,355091063.1,,57845390.71,1.656877403e+10
2025-06-03 00:00:00+00:00,22762534.54,94280697.31,5684806.825,33040603.21,1477274231,9700448.889,23257248.88,88985627.6,1879275.069,9211419.703,21331303.22,67632208.34,21263515.83,2375108.326,43003136.09,26157316.67,,40212954.2,7254376.434,907795921.9,16273313.78,571103518.8,41922801.44,22202439.24,3296588.302,6264604.43,13800107.57,18650982.39,339974518.5,106742712.5,10805550.06,147583632.6,15380446.3,54847530.88,49391464.15,51771248.12,7320675.321,155219619.3,5924873.465,108957146.6,8721625.657,1933008.167,81513250.02,10903816.77,461524781.2,22521276.45,27206421.45,,10682423.87,,606607410.1,,22869403.61,1.472811591e+10
2025-06-04 00:00:00+00:00,11537195.61,76048547.24,4724686.775,24678188.81,1094509104,4145296.849,18209882.88,85073587.26,1715338.904,5835062.329,11079782.06,53727392.38,14772689.37,2036455.79,37408494.56,20881132.13,,28412369.69,8564698.575,717706357.9,9475071.869,520864429.3,26402374.28,20519730.61,2397205.919,3003433.049,14513994.54,11208297.35,156106078.6,45103019.4,3772975.393,151426843.6,17859354.82,53434982.5,46178922.6,40396078.58,8751815.52,102880508.5,4072232.222,84349756.37,4466548.955,840975.0428,100654317.5,8909803.735,261864403,17466577.69,22617002.4,,11035785.83,,398092476.8,,13574549.53,1.245956315e+10
2025-06-05 00:00:00+00:00,14718303.92,104934045.2,5628604.101,53552761.68,1646950898,6582224.469,37733586.38,156784678.9,4507279.123,11548978.93,17537318.05,77237480.75,30310743.03,2248872.655,40679025.26,23045482.32,,27626968.79,12094089.34,1603370013,15758699.14,998473581.5,39866474.14,25834986.17,7801031.261,3400998.568,20773207.84,18493299.36,195972872.4,50576260.82,4700072.768,169212608.9,19021853.25,68803675.19,63816288.55,72965860.81,9369135.912,151985435.9,4661350.59,99027546.33,3858581.596,1116525.485,119313227.3,13397866.32,781173513.6,17159980.99,38602505.36,,16314435.46,,443037597.4,,24688206.58,2.542653395e+10
2025-06-06 00:00:00+00:00,10737937.18,64318758.01,3920631.45,70107156.39,1078346249,3712125.672,20554093.37,97663864.29,1969923.891,7062951.475,10202180.09,50551345.69,15305621.95,1055488.051,33818227.69,13965391.19,,31992526.6,6665061.912,1099707761,11714604.67,641416726.9,25913273.82,15259204.46,6873245.269,2347329.751,11645306.01,12028648.22,154374675,75170106.77,3535101.779,167212749,13172455.57,62814721.12,41889091.6,49817484.12,4543762.053,111306425.5,3123974.341,86189981.87,2507916.951,849816.8994,79188285.64,9259187.006,634758657.3,11507266.73,32749144.19,,18161045.09,,300092509.2,,14244030.69,1.807510322e+10
2025-06-07 00:00:00+00:00,6800424.725,48575348.67,4744464.237,30222455.87,804640972,2821607.872,12920326.38,65768551.04,1159878.049,4761975.367,12336754.19,40388352.41,10440536.88,622644.7099,23395858.81,39091469.87,,26696170.36,4765337.686,833478789,9515887.26,357789826.7,31402694.67,42483224.44,5083941.782,2836282.783,7196890.225,8754051.91,264759224.7,43470491.53,22584153.42,107874434.3,8666779.916,30598651.65,64231801.18,31691031.81,5834773.578,117073020.6,10217046.72,52198309.06,1951481.282,674105.7084,54193145.39,9826290.398,304519961.2,6762433.783,28307468.42,,11991788.94,,314762749.1,,18962375.53,8393331491
2025-06-08 00:00:00+00:00,5328172.378,54004218.91,2960032.612,24657205.46,955239223.1,2566883.447,14110667.29,66480038.21,918914.0724,4746965.252,7936174.35,41332825.09,10335856.21,1165647.642,27502511.06,33472588.17,,22969528.05,6156770.397,640663354.2,11778778.05,380230502,22307516.69,17543184.15,3832041.801,1490255.349,7028329.036,8436267.03,139723467.8,27909530.34,7253914.866,88102077.31,10192206.14,48316707.18,35730649.68,33550430.34,4715946.016,93832106.21,4119205.118,67674583.21,1367235.233,550434.4762,126243047.7,15920216.75,185684995.7,9659317.971,23604525.17,,7262781.053,,286954089.2,,13470667.66,7939013396
2025-06-09 00:00:00+00:00,26138173.24,79431519.96,4524533.927,42089118.76,1410000008,6182815.071,16390663.83,106835568,1742844.115,7295695.042,9746675.781,65794892.61,18783557.42,2059991.391,32030515.81,25161712.22,,29342817.25,5681112.878,1105281890,13254608.11,607126917,31123184.17,25957781.06,278085796.9,1933006.813,12384184.88,17442276.58,166118235.8,41205770.68,5356123.323,122498311.4,12297926.97,49448882.96,56956865.2,46927287.44,8893883.231,135198361.1,6077527.036,88837385.83,3986407.323,772231.7513,154908313.2,17916539.71,256394738.6,9846741.795,37208168.45,,9719381.779,,467020951.2,,42902815.19,2.080038881e+10
2025-06-10 00:00:00+00:00,50847914.45,89919841.53,5675267.786,69439961.36,2002478465,6891532.179,18160592.01,148664811.7,3425238.602,8798523.078,15374572.69,81547102.62,19588843.79,2945782.857,53501110.11,34799256.99,,34772029.59,10592431.8,1209629038,14547588.32,695797738.4,50188744.65,24222156.2,45482556.04,2757976.277,18548882.86,16557175.27,245172610.3,45334808.05,4529305.375,306054198.9,17869366.19,66662608.69,99961363.44,79014331.82,8510764.051,176434152.9,12683200.33,83922301.64,19405015.8,958123.7081,153869787.1,16416386.22,288742910.4,12056290.09,38840782.38,,14050389.42,,602612905.9,,19432523.69,1.66476543e+10
2025-06-11 00:00:00+00:00,34368660.13,87964310.66,5655467.75,60802631.12,1624156863,5875944.308,22006766.58,164051758,4112277.495,8567565.527,12405651.65,88516536.84,21645376.79,1122563.68,37000188.11,25111914.43,,36666849.26,4843226.883,1463602331,16968004.99,807548250.8,57032019.78,29272554.13,143836258.2,2232615.392,15110536.89,13231083.58,175368716.4,39911382.18,4422958.326,210205523.8,17992339.4,60773566.86,102328837.3,59643897.47,7997569.346,155112747,7701881.786,95272130.09,3127164.65,3988800.947,183862661.5,14986930.15,329245091.9,14790860.26,35111748.87,,13957859.79,,440275656.4,,16441149.9,1.469164185e+10
2025-06-12 00:00:00+00:00,23701663.65,65687498.54,4891077.743,53920209.71,1543049004,4340246.815,22965291.56,127380378.7,3400932.824,8189239.501,16780586.24,90509246.43,24502008.7,1904075.072,36116293.65,21037317.12,,26398480.74,6626635.316,1140090489,15211827.62,849676932.7,46957428.57,24735899.82,98456301.74,4943916.132,14085376.36,13194589.16,168135757.2,37575552.79,4079250.922,166125323.7,15765957.13,79051949.9,67202013.3,56179933.21,8600639.936,141845647.5,5356696.192,78233377.04,9848067.845,866840.5511,273921154.1,14749199.96,314151975.7,23463680.21,33470572.41,,14120546.72,,354194727.9,,17519624.28,1.991622093e+10
2025-06-13 00:00:00+00:00,28736008.36,112956180.6,5839746.854,70981952.16,2090396206,54094877.55,26210447.94,195072135.2,4481882.01,10899741.44,46319404.84,94616229.06,25312495.91,1665815.974,50196221.29,43991131.27,,28593207.99,7686569.149,1442182734,23448598.98,1203125899,47718849.52,32618919.66,54975924.81,2577913.631,20908450.98,17544479.07,196697490.5,60043149.91,3876298.482,206984334.3,21480641.72,96533854.21,94671770.83,88475098.96,13776028.68,153202991.5,7906883.546,131570332.6,2506261.012,1034869.437,361044473,17657694.33,478247954.5,85695184.49,43299946.37,,21379902.8,,510369359.3,,67207138.17,2.570479738e+10
2025-06-14 00:00:00+00:00,11160260.27,43806452.86,4564503.465,26268375.99,872585710.9,6815347.699,14743908.29,86095008.85,1409938.385,4694578.453,10245450.3,39174108.46,9924272.622,5781521.955,23774046.56,13348817.84,,12654337.4,15174438.48,610087681.5,8619616.867,519054987.2,21677681.31,11793725.97,60104891.32,3191414,11404492.69,8161591.35,100907073.4,36645958.55,2020072.202,90376223.93,10312376.74,41349827.82,30363709.52,30730710.16,7181565.219,73200150.47,4178174.968,53462873.78,0,385782.2769,136957914.2,6990587.361,391749595.4,20596661.24,26955257.33,,6247419.504,,217289175,,17761558.69,8391666383
2025-06-15 00:00:00+00:00,11985432.76,51309274.35,4636222.865,24146417.08,917548954.4,5851866.796,13670600.91,76006793.33,1574588.138,4134143.455,7342356.116,45005171.34,9120068.89,8677908.352,21760671.42,13845633.05,,21726898.78,4616407.621,704942969.3,9334307.369,532203262.7,20620589.97,10645416.61,21628094.64,1131969.414,7847571.803,7823806.963,85731723.13,24557438.58,1322874.544,91044903.45,6751126.787,32131424.74,34503729.49,26881044.61,3267037.903,72760865.55,3953223.59,62646032.96,0,1431670.852,142333454.2,6585711.701,232655049.3,9111042.142,18573031.12,,5076427.128,,217908402.3,,10785056.52,8299752648
2025-06-16 00:00:00+00:00,22440010.94,67557337.7,5479318.233,34993776.57,1368395395,11418172.73,19470733.92,107449536.2,1509836.019,7727919.607,9642820.461,80015119.81,14347573.38,5896187.055,27033032.23,27407755.25,,29188788.82,13576077.36,957841109.1,13294286.35,815199969.7,44706726.81,51500010.92,23102543.8,1884423.708,13203254.13,14195735.06,155492727.4,33601963.47,2258987.093,152405973.1,14868793.93,48598266.39,55141104.13,49367377.43,7254061.792,123154708.4,4938043.712,80967151.2,0,1081182.151,261307290.9,10984018.11,296307249,10962704.49,46574156.74,,9387096.544,,340437005,,15083605.5,1.788720857e+10
2025-06-17 00:00:00+00:00,21124498.7,68841412.7,4312682.534,40975772.19,1747856354,4693968.176,26765289.96,135392489.2,1513170.274,14657185.68,17572885.55,65702103.31,20196713.44,6503802.936,38758172.3,24148743.04,,20124615.99,9396686.584,1079037114,14628356.59,770860028.3,38931341.73,24751238.66,29595633.68,1999658.248,14068914.72,15981554.63,164266962.5,33199607.84,3461086.114,164701175.7,14983109.43,54039868.34,63721132.19,43227219.65,9237567.669,112230463,4797335.839,86866809.09,0,931298.7094,176976004,11808705.79,279495611,11800098.94,41315173.39,,9800685.169,,406257843.3,,19529205.43,2.380839391e+10
2025-06-18 00:00:00+00:00,12016418.51,58131819,4881941.266,32535283.44,1331523862,12611185.2,35351663.8,93003991.62,5472110.548,14749620.16,43028494.74,49411198.6,15548814.15,3707221.917,27337378.81,13498920.9,,18315689.36,6980511.057,839013147.5,13288468.44,657505864.3,40269887.36,15753426.18,20983468.49,2317871.293,18969269.81,11786858.73,130878499.4,26767775.36,2471156.599,122899763.4,10475608.79,53658701.4,49976330.27,47049920.46,4066109.389,103233003.9,2841041.812,81047835.51,0,684015.4269,219441652.8,10415985.06,235800392.8,20710969.74,46895413.03,,10209482.1,,362580793.7,,27055179.07,1.805295272e+10
2025-06-19 00:00:00+00:00,11572973.51,37718616.13,2052434.307,25228521.43,813735442.6,3276657.574,16639396.59,58339942.15,47943685.53,7285556.071,11224527.65,32088486.56,8673057.93,5132629.123,15259603.57,14345108.53,,13298594.88,3171936.886,537367416.1,6828494.442,439188054.5,22994733.61,11700466.24,14344428.79,788380.6003,8845500.602,5297044.986,84158789.04,28337085.09,2371077.586,74170046.19,8614754.336,28317521.05,31499589.98,22833072.99,2313888.587,59552255.1,2266942.99,47169903.32,0,417520.9104,131432397.7,6741696.362,140825477.3,4902746.772,21362158.25,,4921975.175,,233217315.2,,10729256.19,9170655647
2025-06-20 00:00:00+00:00,13042105.1,58840590.77,4290370.801,34547793.71,1275562371,3702525.878,24048404.36,108732569.3,10466288.81,10151068.98,11861658.57,44178578.13,12336902.86,2413876.738,24213469.63,16812819.34,,15989366.31,4995643.183,974168458.8,11593024.31,599511379,44155179.15,18486922,14883171.02,1358467.558,10964050.03,10260492.79,136812450,43136071.64,3136826.349,133504714.7,10903063.73,43883621.03,40248552.69,34212540.57,3888769.356,224045220.7,4093928.728,79462970.48,0,1251700.699,196975363.4,11543090.9,311394268.6,4529889.933,32042179.74,,7409698.907,,323897258.1,,11822646.77,2.079555183e+10
2025-06-21 00:00:00+00:00,10990224.77,56401093.32,4367047.296,28614834.04,1180217176,4421220.586,20173416.75,94846283.41,3689585.333,7742687.354,23649686.2,33221447.81,13061232.89,1531827.226,22434048.11,16659685.42,,19793698.7,6209394.936,681122619,10675260.19,511294136.7,28489974.9,15883611.64,14400285.33,1107197.236,12149985.51,7423678.297,122029875.3,45640271.6,2267210.394,110217563.8,9690972.313,43023355.21,46961810.7,24859138.19,3459927.899,157637660.8,2831573.276,62837953.17,0,789102.4646,174779535.2,10994818.02,244484517.8,8546530.319,25816486.14,,8321925.675,,286464685.2,,17471841.96,1.239015612e+10
2025-06-22 00:00:00+00:00,14443869.75,86918471.82,4602815.224,49724510.06,1458348094,3175475.184,34478052.65,157995041.8,2755272.31,10472491.01,28909548.19,48607068.29,14786822.26,4065175.177,31578409.34,20825381.52,,15696326.82,6603360.821,1440132196,15929258.46,636747891.7,34550719.67,19069014.01,17280542.08,2744226.748,20794481.4,15271480.75,123107656.2,56540355.26,2766544.251,153953571.6,18660090.9,68322219.55,56802254.96,41909590.94,11345929.38,145669744.7,5295689.98,91563038.66,0,1310134.818,175790511.4,13243303.94,382385222.6,13296756.04,36102059.99,,12046619.98,,349070185.6,,19488511.09,2.953084075e+10
2025-06-23 00:00:00+00:00,29740519.33,77655693.88,7856607.128,43831906.18,1412375818,4828124.064,29232004.34,141158339.9,1745996.562,9321955.218,12973275.89,50446292.88,13724253.4,7175539.685,28744287.73,19228866.48,,17836241.35,5042261.022,1310774071,17466898.95,813305603.6,37755308.89,20212278.15,15459239.2,2477667.717,16115502.8,13152509.56,151223647.9,48230857.6,2921033.13,134662467.1,17711061.09,54375634.53,63277894.81,40359488.77,8356638.482,132649146.2,5244038.51,104973661.1,0,933592.9071,212620602.3,8510806.334,311023786,7540813.472,41899290.38,,10245355.93,,444046389.9,,12191058.83,3.042412212e+10
2025-06-24 00:00:00+00:00,21106166.58,69836200.9,4988069.862,35161921.36,1183398052,3305955.487,21382685.66,91099937.56,1954877.584,5842746.79,10151743.8,44937530.64,15554647.22,4989417.835,22169968.62,17802433.96,,15905374.27,4485253.422,850936539.3,11243683.33,545032323.5,30235629.99,58542946.36,9340724.728,2672258.115,12751888.84,11757577.39,113394277.2,41496916.42,3365436.23,135199379.6,9103474.434,38027642.76,56839102.07,26883344.18,8045472.546,123866170.9,5901353.288,71102585.38,0,680895.3672,184348751.3,9047926.745,245273955,5908062.018,35080293.33,,7618387.665,,438934235,,8252263.52,1.521118754e+10
2025-06-25 00:00:00+00:00,14700032.86,49973342.97,5995518.386,29623618.85,1046034514,13223379.8,24683991.25,68364868.95,2023174.831,5363419.642,7676312.836,42215919.88,13940905.35,3744930.673,17931244.12,16039759.84,,17535989.69,4015228.861,748493412.1,11136308.83,524138729.7,27240908.15,32122494.16,12685008.35,4589349.05,11134713.06,10213507.9,99751968.83,47974985.31,2997809.138,96812245.38,12760223,37061499.56,70677602.56,22070133.82,3338055.571,98696910.92,4466550.115,93076032.83,0,693479.1532,166250642.3,6735051.077,218144030.4,11098595.81,22491240.61,,5825515.958,,361780728.1,,8443770.303,1.705557633e+10
2025-06-26 00:00:00+00:00,13662039.75,44468684.39,3449832.026,28900451.65,889986333.3,5817929.628,18697447.21,80867303.67,4471114.556,5113103.573,10206193.28,43186600.48,11916811.65,3242488.469,24448339.75,12483399.15,,13136414.6,3707229.123,857475744.4,13544733,455175567.6,21070755.08,24971675.46,11203891.86,2601307.677,10805561.28,8044863.885,72865571.32,32080999.65,2900964.752,101578128.7,15581149.72,42965355.23,51078088.62,45724169.79,3873282.358,87705852.18,2770086.383,63195306.45,0,861024.0969,103161483.3,8702025.882,257049565.7,4099314.582,24177624.13,,5749927.195,,331942664.1,,8095328.485,1.228699262e+10
2025-06-27 00:00:00+00:00,9463519.916,38802813,3494871.367,28660315.98,788386950.6,5273158.419,23499087.13,69744010.2,1533601.58,4543057.226,8096184.249,36234535.56,9345157.83,2288313.801,19582937.86,11186867.76,,10838868.14,2869363.679,655030809.8,10856979.45,418029752.2,16768466.75,20805196.61,7955118.4,1361042.029,9547783.177,7020872.33,62365655.85,33044050.85,2254797.231,70421309.52,12586181.25,33431127.2,135939389.6,22734353.19,2653202.855,85886521.23,3422754.121,52731628.61,0,610679.7803,111432361.8,6966369.967,161152384.7,9630063.957,19221468.97,,4385015.56,,327736696.9,,6747669.183,1.268540425e+10
2025-06-28 00:00:00+00:00,5693938.95,47618538.53,21904836.07,19954307.03,478311295,3896802.321,8746774.739,54845421.01,928555.5374,4635593.612,5710212.491,24173631.88,7958698.506,709630.2371,18639185.27,6870747.891,,12957764.56,2743789.318,385738013.5,7127813.666,305172595,19159667.45,18001491.56,5688016.36,974479.676,8410577.574,9567924.259,88189616.95,31463350.4,3253160.78,81487051.02,6888372.072,21059854.95,828140264.1,26533887.8,2527112.294,119079360.6,5588208.228,52873861.5,0,893521.205,80491688.6,6952699.034,125333326,2796720.858,23587764.32,,4521474.436,,265917131.7,,6112055.96,3824571878
2025-06-29 00:00:00+00:00,12437419.65,56319417.17,90209734.27,37548345.05,814623090.3,3597703.347,11059579.34,66699559.6,1432565.708,7847094.219,6707184.973,35871674.25,11066736.66,3071644.857,23027747.74,11617842.46,,26077737.7,3366109.958,540449346.7,11373021.03,379976238.3,19919620.49,18533731.37,7708394.135,3851107.735,10403642.14,9843945.105,107712503.1,34273232.66,6482004.876,89606751.83,9171160.935,34200138.15,689902432.5,27316566.56,4738686.126,108464245.6,4221386.471,60623067.49,0,1046160.629,84485408.31,9926304.185,115349206.1,2750765.149,27674242.31,,42546641.1,,360335261.7,,7215058.204,8563401844
2025-06-30 00:00:00+00:00,26937128.32,72811859.47,19750889.64,41308280.56,1010547858,11793990.2,17878572.7,107472890.1,22357957.98,7908988.475,39370972.23,55476611.23,28978637.45,3632816.76,31044693.83,14063554.73,,24652191.13,4137044.43,794862391.9,12948728.93,424972210.7,25621762.65,22353008.56,6432079.554,1411693.843,12260580.11,14944670.8,127295317.7,25714228.56,5133375.82,112385207,9512305.241,40436475.93,629153441.3,23665095.66,14916231.38,178164117.4,3958063.109,76694872.73,0,1648231.403,84082511.82,138735480.6,193118478.3,4012913.574,35224560.91,,13604150.3,,397593466.4,,14506173.62,1.234125379e+10
2025-07-01 00:00:00+00:00,12626248.97,45755520.71,9559324.569,26270675.29,732258032.2,7024180.279,16514692.33,72905413.61,17267362.26,6601982.672,20412478.96,40469308.27,15783279.96,5993921.084,23772753.02,12462042.36,,13993694.71,2336235.898,724512365,8738985.006,360080647.3,26088112.09,14949715.26,5819786.491,1199011.687,11539401.48,9075667.949,76991577.57,20469394.93,4171099.08,72070694.65,9935296.664,29235990.49,504577086,16851467.15,8367515.4,112914963.2,3247818.334,53655754.94,0,917205.5435,66607138.33,118154254.1,215008141.8,3239012.586,23137544.89,,11174815.81,,314287357.7,,7689443.572,1.279896676e+10
2025-07-02 00:00:00+00:00,17502960.87,81516502.96,13693669.06,53450717.21,1183741785,6106068.444,28106505.75,107509909.2,8105474.117,9364478.94,13722038.31,55501944.33,21905219.05,1960103.345,36938601.19,16116276.8,,35970429.78,5634014.54,1163422759,13359417.56,452206046.7,40705565.07,35327609.13,7201771.377,1515740.845,13141232.74,12269259.31,194995955.6,33762046.73,5170114.67,348653818.2,17305630.62,53229110.71,695744888.9,27750315.26,7153213.727,182618147.4,5650777.562,79956195.93,0,1878197.606,109012797.8,202665410.2,223465641.7,4704348.941,36716731.61,,21741887.44,,500632280.8,,12061669.37,1.917963677e+10
2025-07-03 00:00:00+00:00,16883304.76,200654331,7090664.55,60977215.49,1463816213,3756617.286,24663777.01,117046749.4,5147834.621,10062490.42,9998318.099,61178106.06,24574439.01,4073242.384,41012468.06,20183584.05,,47591153.55,16798873.02,1064051393,13625783.14,526419596.7,59741648.95,38860251.59,5927430.279,2718505.021,14423404.31,27294697.63,920676128.1,26913158.92,4654938.221,430730955.2,14592950.86,59214090.23,480190433.2,27202842.14,5154298.546,226550442.2,5480321.297,83116471.12,0,2806546.302,94289485.25,141661523.6,219471705.6,2830482.321,36424778.71,,11184741.14,,596773259.2,,12100252.23,1.549232948e+10
2025-07-04 00:00:00+00:00,12459394.19,206233150.7,6278730.794,47383008.82,1005508899,2911420.39,23201219.41,106571714.9,7965567.759,7467932.955,8936855.415,37680555.2,13469497.21,5928331.627,33162189.28,11998899.24,,18572714.62,4539589.176,986401407.2,10490328.27,348795998.8,26256507.31,20141197.44,5746283.631,1010152.473,11871985.54,11380033.47,263886843.5,25248599.76,3666783.354,183733415.4,12487435.5,52965138.57,397735675.2,22123540.18,3363616.197,131607033.6,3159968.771,61122413.46,0,949430.1261,74066179.08,60546792.5,211242785.2,1888630.056,24897133.61,,6635413.413,,382630450.5,,12199781.94,1.431642294e+10
2025-07-05 00:00:00+00:00,6597756.68,371549144.7,4900278.184,26511886.39,601468396.4,1741838.316,15579433.28,52095706.67,8374144.993,4039476.629,7188597.671,135694821.6,16848308.57,2261655.886,18438224.11,8412739.151,,15277707.01,5050802.804,409436227,6892780.739,221002881.7,24404398.53,35322934.97,3605370.56,820725.8533,7816230.047,7015303.569,217230876.3,23453995.58,2682177.672,137205701.2,9538840.15,27647796.22,315986085,20648490.52,3789070.845,102700672.5,2936753.779,49447974.24,0,381206.3163,50914140.13,46510910.15,112657808.3,2312990.306,17503357.26,,4908112.217,,281461038,,8492067.212,3960654262
2025-07-06 00:00:00+00:00,8648266.577,1322306394,4992320.087,171876122,917312745.8,2142516.949,15939912.65,112069385,4561281.94,6266503.148,5953873.333,54923923.6,12035515.48,3270344.431,28740712.05,10921040.47,,29904427.83,7456790.646,960175044.3,15187947.38,355580546.4,20457288.93,18950100.79,11799084.56,2470096.864,20414712.68,17162256.14,201909125.5,22774624.32,10058234.83,136529774,29814654.24,28671426.82,225608819.1,18482930.96,4010692.649,109786791.4,5785754.338,58649856.73,0,632775.3254,58212883.29,47601775.78,128740435.8,3316144.441,57642156.33,,5295240.47,,387721732.1,,5403749.896,7864421489
2025-07-07 00:00:00+00:00,8653276.185,1008112403,4503766.766,134793930.4,859306450.1,6898251.595,15563367.3,91658279.32,3272349.977,5152102.261,6002984.563,53906964.82,13896367.04,2243227.095,28028912.77,10205702.58,,24699076.49,5070363.526,1065300255,8165671.526,510711237,23693855.33,19386429.17,5225822.136,14834517.75,11142453.91,16161056.72,147156642,16831395.74,7814615.987,100419084.3,9783855.054,34093162.66,232522842.9,16902180.27,4514744.617,126052729.5,3069391.062,80521490.38,0,725394.1284,90392687.57,25425648.99,124916441.3,3675506.046,39247105.17,,5896083.295,,401472445.5,,5603388.279,1.153668341e+10
2025-07-08 00:00:00+00:00,15412733.78,655004800.7,4202300.171,171010880,755422493,3756552.449,19797000.25,90795230.36,2628520.769,33193857.73,4854873.772,36129727.13,14194746.22,2374786.129,22078559.11,12372601.34,,24870943.26,7660516.917,743610544.7,11452344.23,407587989.4,21052255.19,16620125.03,5795643.125,3447075.855,11089390.25,9718656.909,111417443.4,18421857.84,6068636.179,101137500.3,8350998.021,28306337.58,198805341.8,22347708.09,4155587.894,225751387.2,2493730.331,60419334.74,0,388236.0512,86961846.44,20337577.92,140353716.1,2319078.334,24775372,,4593430.878,,320066670.8,,6211538.046,1.032033023e+10
2025-07-09 00:00:00+00:00,36852107.9,604301969,5506787.546,134482015,1329441388,4317891.478,32695806.25,137676825.3,2007032.349,11612116.33,5632051.872,56992676.06,13372280.65,2115269.694,32685530.51,16778516.76,,26187673.41,11756345.38,1240962824,14208239.22,504096879.3,32264790,21378532.91,6061085.976,5799485.526,12527823.12,10438320.58,126579171.3,21078735.48,5028424.671,168575975.5,15320935.32,45324102.24,182134346.6,30137901.78,5094444.874,196392757.5,3275789.431,100868700.7,0,1854310.135,141509917.1,20840242.88,287943446.6,2735770.269,42645344.47,,5717720.605,,470836837.7,,37763573.83,1.845820164e+10
2025-07-10 00:00:00+00:00,42156728.47,652320982.2,12420996.04,117268649.9,1704474150,5371654.102,55434659.56,169539820.1,3216468.188,13113619.49,15291162.67,94465414.42,42332455.21,2537392.765,52098342.05,26005268.71,,45696687.14,7424034.168,1222214775,20520905.95,593376125.1,52375263.38,52219018.2,12579047.45,3830107.447,19805697.61,20553516.36,311582318,59616458.4,8554161.506,247503749.2,17874261.27,85511032.76,894627006.4,60300559.45,10940310.68,321448697.9,6923199.915,111856940.7,167872145.4,785915.2504,105293079.7,34667109.18,380187284.5,7744713.185,46809861.66,,64834518.2,,662379324.5,,229350245.1,2.557371646e+10
2025-07-11 00:00:00+00:00,77397348.06,448911334.5,13275857.8,117263939.7,2298944351,7920758.816,40040992.94,244911701.7,30483900.65,18208649.13,27204417.71,88690042.84,24917707.6,2676866.3,54013021.86,29073818.2,,33257948.31,8694635.453,2667991448,24016330.1,650638785.7,103949532.6,40070028.36,10320642.75,8378530.088,29473025.87,21117260.48,266148905.5,51651962.62,6378861.662,290544486.4,21087322.29,104547714.9,888818761.8,71303448.73,13587614.65,266065245.9,6784733.767,99488627.11,151803217.2,11023443.45,119524740.5,27014296.91,623740825,72093542.82,55375923.37,,28961343.63,,671419793.4,,31568116.75,2.346828893e+10
2025-07-12 00:00:00+00:00,32589904.09,767865222,6983378.453,71963696.7,1126171252,5168132.771,27678579.68,140940608.9,8065759.295,9707047.69,10704536.25,49888020.41,14510645.01,5195610.673,31987289.65,16217460.58,,18169221.25,4632686.521,1347742934,14613344.84,405287219.1,43694123.91,24762132.09,5851999.562,2846754.111,14806056.68,14497916.85,113675651.4,27873932.68,3345090.302,121406269.3,13353010.54,52814550.87,574338560.4,31539341.5,7024292.884,155914960.6,3964121.37,58648554.4,1136465487,4171004.597,82350864.21,13246613.5,300217762.9,21694274.01,34617662.04,,9226020.451,,387269805.9,,9276894.389,7488784313
2025-07-13 00:00:00+00:00,47225087.11,709076335.1,13834259.62,66522673.45,1114293307,3228309.389,17967095.01,111644762.3,5475963.153,9016669.853,9509756.773,54035765.43,13979707.08,5454396.677,29681981.7,15016332.25,,31070321.24,11575804.05,1144019262,11236996.35,455367531.2,45180214.64,26929728.15,4852435.321,5656329.364,11477250.69,12289332.08,106285725.8,38482164.95,3226865.277,130636037,13258707.41,51722217.91,1541465911,35262086.61,7264514.929,193117780.8,3858647.42,73205195.59,680647185.3,1855624.523,99435995.91,14585403.45,241107100.7,9808831.572,46591056.81,,7269685.983,,443081354.2,,11418888.5,1.067054137e+10
2025-07-14 00:00:00+00:00,45014317.91,646244849.5,10271464.9,70606258.7,1635155575,4615993.37,23645383.61,187554506.1,3624734.427,13457946.21,11389381.13,61656228.66,20063436.35,2217923.049,43648172.05,23294113.37,,30818169.62,23066776.09,1808729972,16396373.64,663887213.1,52879371.54,30231142.79,6780007.665,5134507.696,17058932.38,15852966.82,218351737.1,28842858.44,4558436.418,162181654.6,14738345.51,63480304.55,1125752620,37607721.24,12323872.35,240299948.2,6121868.393,98735867.63,1298017280,2679863.941,113266305.1,27947165.2,372933985.7,11511542.21,927919913.9,,9220864.344,,550978702.3,,17768951.63,2.680444843e+10
2025-07-15 00:00:00+00:00,50461768.2,1015725484,8561407.113,79095197.79,1637326718,7521755.484,27671970.04,186661525.3,3199355.267,13917227.7,24747613.45,55390305.73,24388657.71,1780067.253,37998608.28,28528060.56,,23226899.34,8609263.844,1743348942,19499793.71,547021594.6,46415886.44,29165845.68,6810809.894,3897391.999,15616882.63,14697877.07,135233247.4,41191009.48,4736943.903,152630756.4,17627481.68,65214982.85,1542084587,32116645.42,15591734.53,191031135.1,7025610.383,87711321.7,1205846151,1914703.481,137192600.5,22327545.32,364798619.9,14024160.4,309310647.1,,10841158.15,,588893767.7,,11487089.14,3.165659989e+10
2025-07-16 00:00:00+00:00,50335449.76,1561416792,143981569.7,370828236.6,1965503697,7726771.664,23809102.1,201260266.6,2368195.821,19018004.46,24585114.63,57912988.86,26799449.71,2616499.99,151956656,40950417.97,,27319226.8,9388971.921,1942519353,24611705.11,743861327.6,52725873.56,32706188.93,13533973.27,4909199.631,40659785.45,42579157.59,138001840,36536719.95,10538999.3,203268024.9,27208573.74,65897900.9,925903251.7,65680598.79,11902950.3,207272798.3,25954251.33,134843036.7,1016757041,4770203.503,263804652.8,21887389.84,694804004.6,13083090.49,158764730.4,,10958660.44,,546850144.6,,11712907.52,1.890322404e+10
2025-07-17 00:00:00+00:00,39797366.25,1671637304,49217356.79,658203585.3,2034935853,9549768.495,27555747.44,237223877.9,7050107.513,35277253.12,26732673.12,101649170.4,29933072.62,2651093.327,180195756.4,34151408.17,,28701415.77,7705072.672,2565669901,31342219.87,1207088635,69475564.05,37662113.93,186884867.7,6929828.741,32940833.46,129058683.5,209121381.2,37520141.84,8955500.389,226177442.7,34857771.81,79499137.58,899087173.2,59437164.18,18030269.1,242226161.9,10929228.2,117301770.4,1275627401,7563170.429,192389803.4,26811781.61,678973152.9,10726152.19,94999084.28,,11117941.6,,597952279.6,,14898530.77,1.952912566e+10
2025-07-18 00:00:00+00:00,30556565.02,857620915.7,17630335.34,324560897.9,2191467554,6891394.179,44085886.14,381267333.7,9090657.11,23262174.9,20119395.16,92902058.89,26593616.63,1792966.066,97257145.26,38340375.03,,26755859.12,7512045.724,4771430269,24093776.7,900146100.8,60513402.24,39614084.96,40134549.04,5185450.08,27942377.88,38156989.02,141606946.2,32493049.84,6510152.394,222251453,30096418.35,98488805.85,675603234.8,69847163.96,45860158.28,236607076.7,7648839.854,122249811.4,1205583083,3473738.77,180949362.9,31368479.65,818734038.2,8905655.787,96182006.99,,59699423.45,,642999535.3,,13308276.56,1.925065521e+10
2025-07-19 00:00:00+00:00,17924544.26,452707379.6,7633356.355,218667894.4,995727952.9,3835421.699,23969611.79,239764769.4,5058593.336,12376540.27,8632345.68,38274921.73,16797904.81,1321173.145,54719967.53,15653894.13,,15145462.34,4314861.337,3456279119,12277990.65,454944254,29918827.16,28540154.24,14142491.57,11279630.81,13256912.56,88680257.32,64542711.57,15004130.5,3474949.412,123003085.8,13691624.55,47329968,654954610.4,31445722.37,10951143.69,113329576.5,3926974.424,49200749.32,594547793.3,1273201.805,91067030.33,15658007.62,346718348.4,5007741.751,42328313.31,,24776350.62,,362565859.3,,8353018.53,6197160792
2025-07-20 00:00:00+00:00,25658253.37,544127922.1,18147924.97,220036240.4,1550509847,5725057.877,30040110.21,271204241.4,5763976.717,16203221.91,20500763.69,49039832.19,15062775.41,1997652.611,57463794.68,22792221.03,,34409987.97,8692043.366,4367398587,21037041.56,542975845.3,40292417.25,32478685.45,11438916.39,2349954.522,21888066.08,62266757.65,96968085.74,31265681.4,4350171.077,221418919,18474453.73,68757919.06,422020252.7,62669630.61,6337813.218,270689826.1,5858943.986,90771114.34,612187548,8070245.645,130878958.8,16190640.17,564768033.9,12583963.42,63660706.81,,13105981.74,,721571292.8,,6834816.867,9710161747
2025-07-21 00:00:00+00:00,24833281.72,759644196.9,14322806.58,243185141.1,1699369184,4735989.725,27378792.79,303411059.3,7317513.538,19976531.32,28061775.91,70972507.21,20079009.68,1946129.901,73400925.38,32021845.68,,42022641.86,6497076.769,5029651536,19941554.5,857195655,75890768.23,30202933.22,12588373.67,2551537.843,22754501.49,35398534.58,268781891.1,34948728.33,6969661.143,175994219.8,25070707.9,83779176.35,1387000179,56091732.06,13631530.61,251590698.2,11897158.29,147800696.2,570432609.3,4471656.949,122087143.1,27477662.28,925620079.1,6879976.026,68714027.88,,18941277.86,,708356199.3,,8918707.08,1.675794332e+10
2025-07-22 00:00:00+00:00,30695216.04,858947051.2,13707201.38,200071885.8,1809420681,5930383.87,25862710.73,305808139.5,4006904.424,17899924.11,24018987.3,128648306.4,48106595.99,3199715.482,111132572.3,37568007.91,,48136349.99,7027756.62,3443134753,33933976.98,1152219428,110580711.7,48976400.52,14640623.84,3251114.034,32754755.21,43244870.69,336958742.5,43288882.13,7686035.109,138142255.5,42827967.23,86235984.31,1472367316,82311096.76,199804483.2,299466480.3,8392227.529,209759330.7,744699011.8,6791031.202,138208609.6,43777390.7,590212719.5,8571057.588,81285476.08,,15222347.8,,765474598.7,,14144828.14,2.213322178e+10
2025-07-23 00:00:00+00:00,49300323.89,921733360.2,17829414.6,242678119.5,1560041091,8375498.675,27973465.41,292357581.1,5833621.333,19997010.75,28885682.78,171332733.4,34578672.3,2296941.254,86840306.88,36452933.62,,47676732.3,7682851.669,3523069642,28380357.74,899844117.9,85139585.58,38872506.64,14808366.17,2793159.234,44594890.46,32399106.69,299286409.8,39006661.44,7406483.785,157944264,40337507.56,83362780.07,1611543346,81271388.26,187053834.7,255266459.1,7545234.882,182157813.1,1044333548,2999937.022,128749256.3,26463180.47,610677638,12360927.21,66582943.46,,15427553.02,,848648732.5,,12944407.09,1.619989083e+10
2025-07-24 00:00:00+00:00,27240092.76,1044534929,11776233.07,163373086.5,1334580137,5744269.192,25717205.89,252480320,3175832.887,21809959,22529203.83,138015008.6,31368775.52,5486414.701,61011869.7,29915357.5,,34833258.73,4376543.773,3208000847,22613901.9,807171521.8,59627963.88,39019645.92,12419563.36,4380275.005,25374640.4,27945328.6,165839246.1,28531974.57,5551585.776,139830568.5,33403293.95,76466808.13,904578926.3,57403894.19,40901700.5,198839152.7,5245890.548,145150665.2,682199981.2,2160662.517,155679247.2,19817981.84,564862773.7,12027910.47,60949274.21,,582664964.6,,722727755.5,,9067819.477,1.627541927e+10
2025-07-25 00:00:00+00:00,22629073.64,702429875,10285898.68,109952599.1,1228998081,5028052.507,25579534.65,200116094.1,2343922.726,16581725.94,12908571.84,75521067.81,18877159.04,5831601.307,40108077.59,19226098.45,,26350690.59,3406874.86,2285253739,19132719.57,711534358.5,33209639.78,23082986.4,9837218.622,4302992.393,22012086.11,17964906.73,117473620.4,23374164.42,3863042.71,94336835.26,24522977.44,62209757.73,692873963.5,40046201.74,14654062.42,132365357.5,3854235.757,90807213.86,625625763.1,1586110.368,109525410.8,15267527.6,442450981,6710925.218,55735986.16,,250821849.4,,487512904.7,,5927648.439,3.021739471e+10
2025-07-26 00:00:00+00:00,11961696.9,409488442.9,4560707.576,59671723.4,577030260.9,2367819.784,9871698.254,92159173.14,1017494.248,6156723.785,6397670.317,27461142.44,9024310.165,2516851.717,19483000.56,8077117.814,,10099142.54,5993077.621,1150215357,8138706.925,319057671.7,19753364.81,14441034.91,4572872.908,3858183.264,8040420.928,13734362.89,69779070.74,13672946.62,2720339.737,53689170.17,8532446.401,36132168.09,918919855.4,16926037.88,8292811.183,69447579.08,2099141.45,42278263.33,648810426.9,874938.825,80542281.77,7545606.771,185711563.7,4687852.799,26147390.78,,392323908.5,,235131272.9,,11788108.79,6739341628
2025-07-27 00:00:00+00:00,15176010.15,447434298.8,48616059.57,64785565.24,743248946.4,2528323.376,16275091.3,87160504.1,1415586.94,8251987.952,8445460.819,36320077.74,13482438.6,2473162.451,28973257.38,12076154.73,,12753364.74,10865254.82,1642833641,16254696.85,399926637.7,23083046.79,14792682.89,6578402.314,1789302.394,11966096.24,10525757.37,89998938.02,19680946.18,1811155.652,66028155.22,12361371.79,66080857.84,860969137.4,27280493.15,7203826.752,92173945.83,2474226.169,49654610.68,329108505.5,1079637.111,86528315.89,9391772.709,206490275,14711857.43,29293480.24,,895118057.8,,352487235.4,,5859901.194,9021870262
2025-07-28 00:00:00+00:00,23634364.52,958301604,514305662.3,95113593.73,1211908402,5959808.099,19965343.14,176606925.5,4900038.677,27728132.42,12206553.98,51563760.54,17822580.42,5802201.493,44275925.02,19426356.06,,20090552.21,22630307.76,2144906206,19169317.79,791939234.4,42181579.25,20603966.25,8297133.312,7833066.055,28596796.72,15817516.34,93430289.83,95972068.6,4390786.678,93764868.29,20192647.12,105603990,549368557.4,36810829.79,10059984.9,126037725.8,4739396.991,86523525.03,426399989.7,2018408.481,125956933.7,14518983.65,334777854.3,31442385.58,48786915.07,,2375392786,,452597730.3,,9007209.664,1.264658802e+10
2025-07-29 00:00:00+00:00,18945631.93,728286333.6,122416271.3,81589964.14,1115571031,3416350.55,16643281.11,142105963.1,2499261.352,11521624.25,10879269.07,49359517.18,17572294.05,3005450.573,43749497.19,16853349.67,,17933339.57,39962068.19,1851927304,16138648.06,587932255.7,27907780.21,17913830.71,8094922.086,3518035.248,22598819.34,10581652.89,74182810.53,35356034.72,4024512.583,81691572.5,20100614.92,72511768.62,567132062.8,35962222.54,8861952.721,98702714.66,3637144.36,72410393.95,765536937.4,1016493.157,136946790.8,12166592.4,297674543.2,15332728.35,43230890.23,,862554882.1,,414874883.9,,10586558.13,1.360515827e+10
2025-07-30 00:00:00+00:00,17898413.49,547264745.5,82587535.88,93262746.21,986117140.7,3579080.127,20139874.2,160856706.7,2137712.866,12067588.88,10770372.06,45625446.21,15234763.7,4289269.936,45486707.09,33790541.8,,18889383.25,10563286.84,2007080014,17691744.52,567622644.9,33549262.88,17398753.12,7771057.171,1950364.759,17811189.71,10816913.34,77657725.38,31247442.45,2575047.682,83813162.93,22030385.37,69982437.83,683222500.4,39463259.36,6696840.399,124814314.9,4126223.112,81928746.84,566736000.6,2246885.299,144247444,14580268.26,273539358.5,10904701.62,39038285.53,,474023526.8,,431977665.6,,6384883.658,1.467186328e+10
2025-07-31 00:00:00+00:00,20247125.41,501100614.9,36168966.46,112042253.6,840190114.2,2772439.685,16937231.48,108569940.9,1778642.874,12141512.91,8190503.358,36933507.57,11262317.55,3878207.667,32901496.06,43114504.39,,15138021.53,8404598.381,1592669797,28328564.52,531228832.2,21685287.75,11277998.81,7906447.571,1689650.521,340712895.3,9606334.158,55640166.62,20961105.2,2098909.74,65615515.13,46333712.43,45978518.15,738665554.9,29502028.99,5704606.405,89831310.53,2780073.755,62056177.51,1074835065,1440455.454,157159273.2,7702836.384,214489144.5,11182775.45,72381066.4,,450934498.8,,331393818.6,,4919160.66,1.588350563e+10
2025-08-01 00:00:00+00:00,31117741.38,503001143,28802486.73,106245355.8,1239520999,5097271.802,32926052.76,224919927.1,3139517.069,12178975.43,14130325.43,61617488.79,20451818.71,2833684.627,45545038.51,26113228.17,,18169510.24,6737152.592,2453445426,24739396.56,756319138.9,31714785.02,19412948,10102625.01,6513484.65,230995151.1,15562020.59,86300768.06,24069210.13,2851930.96,84979472.31,44420947.91,64487535.66,730762983.9,36747572.46,27090680.65,114141361.9,4475716.463,82612259.2,738597108.2,1862059.542,145020652.5,30157359.88,398291885.3,8883253.671,50710597.86,,284847421,,457210163.7,,8772321.38,2.537487972e+10
2025-08-02 00:00:00+00:00,17707471.6,309213462.5,16485003.09,65807818.64,776506379.4,3861999.451,23397707.06,117116181.1,2325134.205,7797223.744,7496258.459,34793326.39,12212121.47,1283906.932,25854731.94,19232392.68,,11253474.51,5737341.18,1632623784,19623146.69,410484550.6,17904323.36,11118629.81,6931441.434,6313460.412,59386098.13,7209866.69,52667180.24,15418540.49,2193694.763,51127917.85,30510951.11,38232147.53,635189311.1,20788762.08,11928574.01,63317499.57,2909523.66,46852170.09,432343039.1,1088173.081,73225366.5,13848091.27,253790602.3,7672466.999,30309166.35,,463822050.7,,285247174.1,,4301951.588,1.158232793e+10
2025-08-03 00:00:00+00:00,9419854.62,191643441,33721725.77,52006496.64,466456898.3,2125595.914,14910831.19,67683580.96,3077655.239,4567647.24,5042522.457,19635301,5565917.407,3224897.911,13637556.17,18625009.71,,7807559.593,4186998.959,991798934.3,8774000.247,226708048.4,9760823.674,6396591.335,3225673.777,2897399.041,26064954.05,4192003.378,30280450.88,10087608.25,1595000.423,37771052.53,26906103.8,22250472.55,378019062.7,12208708.29,6789609.901,37534401.6,14489869.26,25269188.31,525087564.8,728965.0679,91741631.31,6879559.657,125723208.7,7466609.704,15758268.84,,400739478.9,,153035653,,4792388.48,7180260357
2025-08-04 00:00:00+00:00,14900932.81,306652871.7,50267575.11,66890064.04,718438335.4,3667869.229,20767624.25,103227427.4,2003605.322,6143088.646,5912676.842,25899056.8,7754350.927,5551766.359,18417095.42,19430513.66,,9154348.207,5040160.427,1384354557,8966200.776,421584181.3,14414040.45,8956136.341,5758849.095,2125422.113,32645826.27,5745463.259,48407808.6,12480291.68,1959673.423,47195033.86,21676815.63,35489925.78,576691832.5,18404607.51,9143549.893,55837870.56,4867919.267,44211625.01,661630037,1085350.669,99712628.29,9265576.766,164870028.9,16229695.87,22156942.59,,207703571.5,,218039095.1,,4777592.034,9566449201
2025-08-05 00:00:00+00:00,14495553.15,310581110.7,28197947.68,90055541.09,798391002.4,8442899.713,16025663.1,126945204.4,1880425.635,8051001.045,7150526.283,39151845.22,11198078.01,2445290.769,27522510.95,15955020.25,,11043489.39,5152497.863,1461738774,12041416.03,476534831.9,21293966.02,13069102.77,9440608.686,3654061.975,36305683.84,6787901.29,54771052.64,19043730.6,2292278.385,56950507.65,18902290.82,41422468.32,421482952.3,28191355.27,9658062.113,66271059.18,3202960.445,42532083.57,667677070.7,1763141.894,72621939.78,8417607.145,200256521.5,11626133.05,27066829.18,,92227093.26,,271417501.9,,9152123.147,1.35785321e+10
2025-08-06 00:00:00+00:00,15737761.34,207250260.1,17812249.57,51883908.4,571919035.9,6026923.461,14210222.55,92979897.24,1502352.2,7100126.141,5695857.725,32322195.55,22060779.6,4603614.295,24213616.88,12941191.8,,10709499.5,3131058.161,1087778377,8624203.412,387549313,17296541.75,11121642.9,6029520.896,6593330.461,26561104.37,6223635.605,44209489.25,10594155.75,1986685.337,40474801.8,18757489.33,37558924.02,349122958.6,20896755.72,10090629.41,55548923.97,2828604.157,36729186.6,448623999.7,7481292.465,69259952.83,22533847.18,129313291.8,51008206.26,24545418.59,,83883807.05,,215203657.4,,18231465.17,1.128914652e+10
2025-08-07 00:00:00+00:00,15720168.78,240462037.7,18233211.49,98603862.04,771385809.7,3934578.655,14916714.32,114399021.1,3028371.376,6544376.953,7363899.631,31304980.45,22569725.53,4498709.311,22423222.2,16642379.61,,13172297.88,4651096.464,1485200755,10281689.77,418849426.3,20870877.8,11729800.93,5395622.531,2533494.223,22330255.79,6950383.551,52656956.72,18775319.03,2496718.635,78060990.63,14330827.09,39914262.23,452301368.6,22566391.84,7689109.707,69320806.61,2778553.051,41950162.91,393553931.6,4731129.843,82377110.73,16392694.65,177691321.6,231264354,32225922.92,,84000090.41,,259202856.4,,5207583.265,1.560397624e+10
2025-08-08 00:00:00+00:00,27228682.49,305105590.1,24190717.58,79430034.62,1098639035,7493562.858,17889163.96,215123721.5,6935913.385,8998711.832,7594190.818,35636909.77,11461291.02,2682108.822,29315162.95,22373052.15,,22270966.17,4340379.518,1913652040,9439811.876,402329569.2,30210355.84,10385706.13,6747427.661,1713291.22,23781785.23,7634932.01,92621895.86,16018040.39,2770172.19,71859261.68,24770572.18,71051201.78,422953829.5,36303243.86,6781406.878,85776764.36,2402364.787,44415252.08,326589725.6,2669498.334,64685058.39,17655645.45,239036040.9,39099721.38,31290296.46,,56111947.63,,340507579.1,,4938741.927,1.047616897e+10
2025-08-09 00:00:00+00:00,31610670.33,308558530.5,21427542.3,72171910.02,1069566645,6545009.507,18535987.63,156330518.1,3256419.675,9842791.95,10991141.48,29820401.67,9556268.739,1848750.774,30558210.13,21237710.36,,15726918.61,5085612.089,2124600921,10143462.28,390572577.9,24090521.56,12765073.53,6140978.277,1990325.997,21772127.06,7825448.812,112791171.8,17020323.36,5053178.975,85004584.29,17599136.26,53258541.33,461093311.2,33345352.27,7261061.896,115205470.3,4754141.121,52291175.19,293485227,1580221.845,85802810.06,13424449.1,187023724.1,18851916.92,63995448.42,,68648432.72,,319456840.5,,7925462.115,9109077805
2025-08-10 00:00:00+00:00,23424883.65,357448980,17250393.64,74334947.22,813504562.8,5360768.998,19529483.8,128327365.5,2525606.25,9829164.771,22441725.54,50803878.73,49624790.38,1807252.197,33231182.69,19914833.4,,19978216.14,4199443.217,1693995397,11648208.53,353551581.9,27239223.35,80081133.94,5916934.406,2790826.413,23428747.25,12547368.87,68356309.61,17054581.2,9778422.461,132524497.2,17926104.63,45188198.5,532725904.4,29361314.96,20684696.81,97700241.71,4249240.872,60659238.66,220141857.5,2641018.469,58019758.47,155805383.8,235999858.6,21578379.07,36536262.68,,45877460.23,,327021559.7,,20085097.39,1.540299828e+10
2025-08-11 00:00:00+00:00,23655108.97,447010017.7,20546006.24,88715807.44,1029878075,6603217.275,26529143.53,189027231.7,11558760.81,11244736.77,34675783.15,60999082.49,85849430.1,2045485.451,37409596.41,23942470.46,,21619810.5,3682667.096,2370698807,14525655.07,616569762.1,30455349.74,82015405.3,6977024.517,2301784.193,29449042.8,9979453.856,66523174.93,25503281.98,194512297.3,119853634.1,26734617.74,64623014.06,448188267.2,46610782.34,32601420.63,110545787.3,4011176.017,83363912.98,745403648,10047186.7,81520201.55,104019410.2,341779592.4,77322615.11,34313421.25,,77022178.35,,363626362.9,,18370033.24,2.614083313e+10
2025-08-12 00:00:00+00:00,24291423.88,350129582.2,17013251.21,69206042.54,1087207391,4838236.913,24518093.21,160348942.9,9893146.264,9053345.754,15088036.75,40484911.59,18793426.52,2994608.189,35724474.09,26677113.4,,18872163.71,3368648.986,1912067626,11985531.41,2833221177,23940449.63,22194107.03,6819255.862,1579358.007,25243085.09,10059654.3,81067332.81,19352029.37,53439435.5,85019739.09,22263858.65,52362441.36,424551332.8,36973420.84,8882618.642,82042995.1,3923890.585,64663334.12,624227428.6,3515243.582,84286276.44,39048480.49,286160308.2,74509683.38,30341397.66,,157839626.2,,354464907.4,,6988413.934,1.498407526e+10
2025-08-13 00:00:00+00:00,33978026.81,519827402.5,17291342.8,75390512.74,1232143133,4928308.66,30263081,184711332,1897646.398,10510844.77,10714131.89,40330350.44,14842973.28,34613905.38,121567773.2,26457642.67,,20721759.06,4031407.594,2874211423,12188191.78,1103846030,27476326.56,21062616.96,7633787.207,1524673.816,35054656.8,15045162.17,86698164.74,17617339.19,106197386,98195233.37,29424342.04,57101425.39,479180843.6,76135062.15,13908714.92,103917919.6,9425647.297,64852873.44,521799348.3,5292572.044,103433958.1,23292238.72,449896572,18607497.91,33970323.67,,44811861.44,,501584025.1,,6353146.934,2.279628282e+10
2025-08-14 00:00:00+00:00,35089604.06,549787053.9,25230601.71,104847619.4,1543145340,6360627.736,40056316.37,271754324.8,2291409.937,16155932.15,16022659.48,55736271.6,20426188.51,14535470.03,67974576.51,36361133.6,,23091847.78,4948695.402,3510880361,21587387.86,987726187.7,31324805.39,20235147.39,11978894.07,1952594.2,117341822.9,15825651.8,96474411.25,26381772.72,26372095.23,120070710.6,38781672.11,78656256.57,564734150.8,63312266.87,13002161.76,120460043.3,7829419.946,109943782.1,464190674.6,3307138.852,120659712.3,25700730.07,725900594.5,18905631.2,50375822.69,,46086967.42,,590969368,,8953953.228,3.118841905e+10
2025-08-15 00:00:00+00:00,17201099.65,304900055.2,15822726.04,70224503.68,873974317.9,4265848.197,24708621.78,167669289.3,2153563.757,10069766.12,10356603.91,33162813.34,9732825.932,4233383.662,41920767.33,23198046.08,,20178320.59,2776820.586,2265985555,13223395.12,578481283.3,18452342.4,8873000.269,6423799.769,3786452.945,81610931.47,8729523.318,49298812.23,17218717.33,9771108.531,73820920.28,20160888.16,51818993.13,416824887.8,39768876.32,6607111.89,87332154.55,3411769.835,61518878.04,357985089.6,1874141.655,81401742.24,14135108.69,479660337.5,11546069.51,33057096.15,86395076.94,39569318.22,,382324709,,4802633.069,1.421481813e+10
2025-08-16 00:00:00+00:00,8523838.847,131527056.6,8654857.502,36353439.25,457155921.3,52085558.51,18737034.68,77691007.61,1294783.326,5570485.881,6409819.894,13483381.9,6223194.897,10343238.19,20063916.97,9488716.57,,6693186.553,1449719.371,1375834639,6934884.102,284590933.6,7207449.071,4413840.854,3938954.571,8875453.884,36487208.13,4140593.095,20210303.34,9341939.333,3719626.654,35738233.77,13598233.34,26015100.94,173289012.4,17863985.16,2658633.545,37951997,1615873.246,25425107.05,138661385.4,1296709.323,35038750.26,7041933.01,185607710,84002312.74,12403994.92,182237875.5,28075971.26,,147062602.7,,1690575.994,5485340879
2025-08-17 00:00:00+00:00,9681591.868,132802088.9,8506026.324,39554640.46,562096643.7,9554693.558,13795778.6,75916943.11,999949.9758,6203898.211,6497639.839,17454772.19,7136909.677,5052381.67,23017099.72,11519640.2,,10292990.33,2215795.432,1674226863,7071205.396,398353879.7,10934362.55,10418511.85,3685700.073,2280802.649,20533056.97,5144793.001,25419104.99,14130082.06,3963224.238,54987740.93,13520319.06,35493743.35,174921960.4,27293907,2155691.799,50869501.49,2898943.688,30915277.9,232061930.7,1201835.492,48620952.12,14377314.8,225036229.1,49305294.5,22291643.57,108573940.5,17962554.03,,263834546.2,,2402190.53,6411151083
2025-08-18 00:00:00+00:00,13599610.9,208311280.5,9925241.928,59002577.5,686717881.9,10640380.51,29389561.31,132943580.6,1353296.397,10909304.82,10655660.49,28817764.44,6591675.042,2955806.699,33627997.15,19510114.64,,13815436.18,2851246.83,1730803901,12014881.82,470853612.1,16009496.52,11214811.8,4952596.962,2639263.172,156443742.3,7346991.735,43218119.65,12130438.3,6463917.389,67788704.22,18382986.48,41724213.79,310986844.9,31033525.29,2771945.041,65428193.4,3341339.534,44648685.2,366454677.6,1321037.343,64062250.27,10069586.2,262704029.5,45468348.06,25914500.94,72951871.81,69856327.54,,339262790.7,,3601038.042,1.703915807e+10
2025-08-19 00:00:00+00:00,16703183.29,207964629.6,9914763.715,65513667.45,767376465.5,6816948.238,36213502.49,132336996.4,5326920.561,10215895.01,9783227.545,34383340.51,7318589.457,2656403.288,38306165.36,18690752.53,,12456322.59,2636421.005,1841798603,13302074.17,520056670.4,15850416.47,11440279.47,5051169.182,1706956.601,78570843.7,6120385.953,42616843.68,15708966.42,64851973.8,63845264.48,19111668.3,40614882.18,419349749.8,32484561.32,2998226.723,70729214.29,3854255.323,46597444.9,315692481.1,1147592.644,57184672.69,7507309.948,271977443.7,17190038.73,24864187.83,80950393.41,111111422.1,,335939370.3,,4848393.494,1.613172005e+10
2025-08-20 00:00:00+00:00,14217382.21,190519519.8,10093503.41,54581011.49,712737923.7,4742716.324,35829373.77,116466254.5,7393353.551,8106393.743,7542797.707,24426025.81,4871511.906,39139831.28,32644798.21,15209781.1,,14693840.77,3582181.904,1704489222,12079466.64,400925513.4,14831339.83,7932610.666,4528373.638,1168221.821,577575313.2,5823511.292,31048754.64,10032346.54,8130538.675,49544007.46,13273338.95,34939621.66,364990413.6,34093900.08,5827273.256,57881541.85,2782783.141,38954884.71,324859213.7,888157.1376,62212126.23,6490048.754,206096428.9,8435413.292,23041278,60107500.49,72827344.3,,303909454.2,,2843489.737,1.481927415e+10
2025-08-21 00:00:00+00:00,12154370.93,154651018.2,31511721.61,44551453.44,561606440.3,3505924.105,29235031.83,88901894.3,1739417.991,6445467.582,6376587.399,23758204.76,4765866.934,52929313.86,26582720.42,9645616.631,,19274101,2157463.175,1272975396,6577366.337,336939091.6,9899675.097,6227637.182,3907609.305,56988126.68,360454072.9,4365371.691,24503254.72,8579385.77,4768820.681,36887574.36,14321200.86,27242492.43,255996934,29497762.33,3184020.412,45174175.73,1882407.88,35391372.37,219609078.2,965905.2586,38394870.19,6339820.06,273107793.1,10134724.47,15677202.72,78760318.92,50234198.38,,200971590.7,,45509276.84,1.090784029e+10
2025-08-22 00:00:00+00:00,27756678.33,311604699.9,18099476.49,109322617.6,1370126068,52233894.51,32928782.26,221134591.8,1979863.791,12464623.12,16709711.66,58696902.54,10525504.91,13981863.32,57294852.22,31687264.4,,17398591.02,4284046.583,2609675142,16137371.28,664487661.1,24257190.65,12627428.81,7029050.467,21632194.97,380300903.8,14170629.13,63182056.53,15131528.7,7971005.19,94995697.06,25516145.25,74327766.83,584335051.1,70434768.73,3892608.165,104111135.7,4832299.455,75983964.56,341409556.8,1581756.836,94689022.97,10855614.07,396034378.4,9123758.809,44529762.41,82057019.72,136250593.2,,479244118,,11254483.69,2.288379144e+10
2025-08-23 00:00:00+00:00,9459596.696,161645635.8,30350385.73,49491182.46,684149174.8,8289207.783,64533418.02,121972124.4,1579436.989,8486689.216,27540836.26,22553721.12,6664797.964,9084791.448,215947034.4,13549563.98,,10705630.03,2042375.487,1562569729,109547403.6,280546222,12171051.26,6869644.109,7673901.32,13214379,869672346.6,7418724.538,34895539.09,23063473.04,5722813.515,72717382.18,23163402.24,48535110.9,310453131,48143357.91,8553932.141,73054376.59,3006899.93,23717502.87,200751567.7,1203073.835,38837590.51,5336659.609,203948688.1,5375715.116,20673506.87,53970055.21,71075285.38,,257348890,1010262422,5771482.372,9054235282
2025-08-24 00:00:00+00:00,14175857.89,243737450.2,15612094.01,78904813.77,1047262320,10948106.67,45537636.09,185074305.4,1086008.668,10361699.66,16695085.84,31381371.31,9907742.976,14646045.25,201079744.7,26757377.28,,13082311.99,3660460.459,1937753682,57364015.27,430970183.7,19269526.63,9189897.981,5522739.403,7125393.273,672049552,9410737.171,55595570.43,15306716.86,7334333.282,81594233.49,26730295.49,53019551.08,369222352.4,48556959.37,13067932.41,87946037.78,4722776.873,54354824.54,259305893.4,4997799.86,65298994.55,8570751.279,263818817.6,5047004.735,32114077.8,47018352.59,47628777.36,,365772119.2,974801196,5506500.248,1.514806797e+10
2025-08-25 00:00:00+00:00,19070437.94,252729074.7,14506340.4,64961271.16,1199962345,6704254.215,45953126.75,224215990.1,1167233.82,10599263.97,15656531.67,75201236.88,13831423.37,5873764.077,171461237.8,25581429.63,,16662783.83,4023737.581,2171082694,29438244.29,624400065.8,23950442.22,15436723.29,6317100.092,4276038.812,350492832.6,10066231.27,62052213.58,16178979.3,6341405.204,86163836.54,34155900.92,66870410.55,351181981.8,47345388.8,7311295.163,94348563.73,4296405.937,58387003.57,253030938.5,2514444.85,61630723.57,12751321.61,333150255.6,5329295.3,32977194.77,45714451.06,35215568.34,,457424482.5,526525496.6,5271774.568,2.281872203e+10
2025-08-26 00:00:00+00:00,14116331.94,151642167.5,9353872.679,45401401.28,753267770.3,17004304.22,25151331.01,137412197,670173.3465,7239280.958,9510589.323,38937257.28,8255812.312,5710353.608,61726458.6,15109692,,10582891.4,1892077.336,1263341027,34945261.06,437609693.1,12974983.85,9527000.378,4159819.536,1279920.151,240019999,5583099.063,37520063.88,11195554.36,3636381.71,49295597.77,14295688.24,43908348.45,235288897.9,30746916.28,2341026.391,73251161.8,3002633.202,40279248.6,168669392.9,959506.3244,44629757.01,7555507.552,246522036,3913082.632,21253392.62,31540157.89,46637760.73,,272454727.2,735761420.5,3277390.161,1.598344344e+10
2025-08-27 00:00:00+00:00,11842394.82,173499416.3,10377452.54,49800570.55,717260274.4,4153289.576,26502245,118424486.6,797782.2266,6221855.726,7180363.648,33663553.89,6853350.613,3581019.941,68929669.7,11895533.87,,8516833.406,2274092.557,1356626593,18309247.81,429773599.8,15049375.53,7956786.163,5650259.711,1310895.167,145087018.1,6602993.051,35395948.81,8363667.688,3895444.856,47152355.61,14812057.09,35870025.34,204395162.6,31923188.72,2213234.206,60159493.68,3629238.466,42986881.52,248967580.7,2160376.82,50762174.89,7695203.678,171589905.1,4361895.563,18329459.82,42606740.73,64050245.09,,279511117,576225128.1,3276207.521,1.273923765e+10
2025-08-28 00:00:00+00:00,9448376.559,146404405,6769309.89,35920248.22,527008068.2,3713429.752,28636941.72,91733287.55,700263.1233,5073981.656,19089096.93,30362478.25,6598528.811,9143900.14,45329882.63,8933304.379,,10906179.18,1855761.045,1055690710,13777991.33,326405922.2,12494130.57,7960358.063,4838907.486,2329843.486,82890540.63,8220159.123,26266666.17,6675831.405,3614240.736,39589463.35,13546528.44,28641978.62,172189785.3,30217209.98,1987638.092,55735131.7,2487837.088,30630350.66,273440746.6,1983056.999,36264463.68,5855821.1,148933006.3,4404072.412,15557779.81,45817604.4,26559582.85,,205721608.4,573678191.2,3330559.604,1.098862182e+10
2025-08-29 00:00:00+00:00,11048482.23,432307542.2,10989070.57,51605791.85,751504209.4,10335280.56,36164947.85,151832100,1689474.975,8751981.061,11473240.17,54541352.6,9289116.25,7446093.335,55445913.38,14383276.06,,12203172.75,3014321.713,1653491742,14696965.2,487710826.3,17624796.33,9638717.408,4988176.298,1635126.141,67316717.5,9736200.135,37117554.65,11358013.49,4401116.872,58823973.96,20406516.63,48080211.98,232518004.3,30196594.82,2523172.52,74288281.25,3180198.147,60733693.65,477607989.2,1793895.379,63956448.51,5667311.346,231290983.6,4530376.183,23344167.93,48015411.28,32496159.99,,297859481.5,494988663.5,4716029.719,1.968866876e+10
2025-08-30 00:00:00+00:00,6796226.029,254015375.8,19982263.39,26986328.24,351962148.4,8315744.095,18629501.26,75108546.64,700073.0473,3846891.641,4776941.747,19038538.02,7158170.251,5057920.95,18374257.54,9094405.254,,5441379.166,1462544.914,671739249.9,6488733.579,189570646.1,9299107.031,5031380.489,2358904.177,1423014.544,50317872.46,3308185.728,18381515.49,5012349.75,1714249.918,30795876.87,8139153.308,24406515.92,128035601.9,14444200.48,1247095.971,37024471.31,1162810.34,18051970.1,263866027.6,976228.3973,43216998.41,3535348.922,88867891.98,2236093.814,13567022.28,23587793.55,17885567.46,,125762218.7,287530870.9,2180883.403,6572709736
2025-08-31 00:00:00+00:00,6993139.033,183389609.4,9450195.752,30087359.4,369252534.1,5167136.151,16833587.58,57635486.69,663103.126,4573608.634,5099591.498,14966147.07,5279416.079,4256058.991,22619784.64,5832207.288,,4690769.888,1466590.257,733921147.7,6495824.123,187527588.1,7726872.203,3779839.087,2173252.258,798613.0478,35396255.57,3346485.333,14767900.67,4913470.683,6139060.283,28967863,7054418.069,19459661.66,106143457.4,11495813.96,1679942.403,29634201.82,2702679.601,14822603.05,164251044,772415.7692,24408745.75,7155562.803,393428757.9,2472684.968,10279767.91,14156422.87,12948395.37,,128100467.9,1683681887,15999450.24,7626942443
2025-09-01 00:00:00+00:00,17190622.61,309528448.6,12960935.28,46666934.52,850811038.1,6236511.453,31658393.05,163328354.3,850505.1558,8542201.229,14156765.45,49150135.49,9409177.56,7394818.009,39175415.17,14634696.07,,8518608.179,2420363.45,1715146274,13509588.24,397996465.9,18720919.6,7897392.074,5610162.933,1156899.234,51222630.79,7822128.597,39586674.6,12146410.1,7606891.703,66796332.31,18180623.55,47778125.24,217362033.2,31227798.96,2015229.839,67883466.63,3709854.894,47993663.89,302060596.9,1109401.635,49471109.11,6954160.827,965716517.2,6629831.297,22721976.37,47750231.36,20340774.66,,289129418.1,5707044326,8078363.744,1.631104515e+10
2025-09-02 00:00:00+00:00,9483645.009,220634382.2,9067382.556,39052407.53,629655847.8,20348667.78,24839453.89,121400088.7,528463.337,5617070.895,10755615.91,40735117.45,7711773.408,4708296.359,28660194.87,9926021.035,,7560138.713,1890140.805,1376039995,10325716.91,430566940.9,14896913.72,6520819.736,3472976.886,558612.7433,35606579.03,5934460.623,31579756.07,8489046.677,2736879.574,51944054.78,13349181.26,42396164.78,238433672.3,21547429.11,1903806.051,66063011.89,3312389.947,39500063.59,462873004.9,1066350.402,42715277.19,10719297,297321488.3,3547695.67,18414755.96,31870721.04,15594690.95,,268722891.1,2848784587,3396968.421,1.940129722e+10
2025-09-03 00:00:00+00:00,6057322.984,111602100.1,5230918.011,25483620.74,421338542.9,6098249.592,13740510.66,65041642.33,671662.908,4132283.172,5498729.43,22574940.1,7468587.966,20585245.39,22881942.89,6362680.521,,5728761.297,1186375.112,1020883897,7089302.398,314278931.2,12394717.52,4416942.808,3047877.977,773324.8359,30657731.5,3179382.102,16510014.13,5548863.854,1708594.312,33298749.34,14911567.58,24796752,193031562,12752630.89,4607585.215,37353320.44,1998845.689,22487452.44,335844447.4,707372.8833,34394642.87,11242414.85,118409735,2829527.379,15520025.52,24317563.02,10955836.01,,200849334.2,1336526943,2625953.023,1.177075966e+10
2025-09-04 00:00:00+00:00,6902718.703,140019223.4,8116081.177,27373986.25,486802839,6285387.94,14501208.43,92159572.27,519228.4201,5019074.357,8469629.345,31430653.2,5859779.897,9901265.381,19183606.22,9439452.363,,5986731.072,1015669.484,1021648034,8825347.524,252768890,10190233.75,5121796.842,3318147.349,678949.0519,28892020.88,3021430.91,18943377.16,6897939.703,2604049.373,47415310.27,10381735.65,27307157.5,157647891.7,13999874.62,2062859.869,40116380.31,1706085.081,25574146.34,556636778.6,916615.1176,27832187.06,6982606.716,144593585.6,3444168.673,18240311.48,33840124.96,12688421.95,,194102838.3,3220999091,6333602.15,1.35160269e+10
2025-09-05 00:00:00+00:00,8660381.055,164132715.3,7686983.43,49530239.15,611177597.3,7449849.917,16174924.12,132823126.2,749231.197,5594403.105,5975600.212,31784472.33,6964847.58,3814569.286,22515692.85,10896879.26,,10738802.99,1462354.863,1448317444,15350726.54,295290144.9,15219326.13,12637099.26,3847184.581,814202.4581,43260984.38,4603521.353,24348494.12,7080478.053,3158098.698,58001853.31,17384168.61,38651039.34,217378385.9,24117642.46,62908921.93,72385659.95,2472990.625,29078553.78,539229163,809258.79,39008128.61,7226433.195,126591733,3307180.773,42051837.42,38098789.62,14409223.01,,274133115.8,1860406038,9840058.471,2.160826896e+10
2025-09-06 00:00:00+00:00,4080658.365,77029614.36,3426960.468,16783828.12,256011076.3,3696764.94,9296271.662,52196159.99,520389.0446,3463418.622,4291622.962,17780272.94,6063405.916,2329475.411,14271886.23,6196103.492,,5929123.302,726163.0435,610169016.1,7859151.7,117090652.9,6633382.661,3955121.177,2459192.901,546389.9076,79104771.19,1825968.766,11517082.07,4417512.473,1231338.974,28024924.23,7690106.439,21499622.5,96828232.48,12890304.36,134320155.9,32392329.3,1243044.761,11919579.65,366180241.2,456220.5091,18295745.45,6916554.278,60316126.97,4690303.348,15525163.63,64975128.89,7225610.395,,109489476.2,1714032709,4591274.923,5113475710
2025-09-07 00:00:00+00:00,5086385.034,109468492.9,4645872.21,21017185.42,324847741.9,3432092.506,8910816.683,57125945.05,536797.2238,33425777.62,5300235.243,18402158.7,6567657.79,16210957.97,13562840.55,7008688.536,,7071037.207,3600883.198,1048494252,7009134.23,155944330.7,8929721.876,9677416.92,2811979.031,904244.3903,45018869.21,2247600.941,13265812.76,7266446.992,1829773.321,30002504.69,8101088.298,32314560.55,132054559.5,10463983.71,20169351.03,29986255.08,2451788.141,12526176.27,300021214.3,661097.0806,36696218.06,8335282.555,111665250.8,4054337.29,13599636.17,34532841.82,8433076.305,,135952854.4,2437159287,7706040.653,5973071293
2025-09-08 00:00:00+00:00,10100224.64,271666440.4,7159562.603,46895880.77,580118710.4,3808557.379,15387565.88,132538525.4,1179976.79,13113311.49,10202042.72,67693174.21,13208072.47,22121578.13,24718563.35,11655143.2,,12362496.05,2703324.095,2061101342,8142986.336,336316925.2,28462497.24,11798071.27,5142530.592,1419030.193,44134425.47,4446849.724,37553178.86,10092462.69,2160395.322,44849227.56,12613160.82,36001876.36,480221647.3,14936459.24,6674378.411,58089469.19,3659344.278,24866984.95,336795736.4,1400346.096,73429566,8711866.883,131009556.8,11214108.96,27179515.56,37679177.68,29486310.36,,249119347.3,1525026399,13060299.52,1.108870829e+10
2025-09-09 00:00:00+00:00,10429307.9,206068374.9,5943126.287,50392522.58,738398343.2,5006158.547,19583338.7,127842587.8,13150109.45,11243522.13,17503099.78,97276633.3,16566123.06,35753211.76,27870893.03,13060142.33,,11359828.34,2368469.377,2598635207,10684619.92,327311409.1,60975315.72,10315150.37,4870733.808,1048530.537,38585085.48,7168250.418,45439321.7,8386262.155,3360401.438,46886810.15,16206111.5,44541346.21,379541925.7,23904493.4,6892748.787,74669433.78,3077758.224,29842436.41,245867918.6,1126131.194,56634166.66,14443038.11,175244942.1,4029164.709,25368831.1,28599524.62,17554714.23,,268762918.8,1226325152,13468099.56,1.536401757e+10
2025-09-10 00:00:00+00:00,7015567.077,161228576.1,12270278.74,39942979.72,483285791.5,11573173.29,238194975.2,96750399.21,3878608.974,6748772.683,13988672.35,33938688.14,10625729.54,14331627.24,26521235.47,8364170.473,,9022585.801,2167792.601,1668648601,8647555.301,363010152.6,18730204.39,7800448.454,3613438.618,8356041.375,29554548.27,3829610.296,23045037.68,24078977.77,2231954.323,38417810.42,10688631.62,84079834.7,279886832.7,20203569.98,3985795.064,63094477.91,2212949.172,23280180.87,584873558.1,1915934.285,56254237.57,23379558.76,132666920.8,66815836.94,18373009.21,42973053.64,19038754.79,,204656845,727049440.9,6870166.745,1.715940592e+10
2025-09-11 00:00:00+00:00,5990331.139,202752267.4,4701764.23,38397321.58,436581334,3516634.659,37576427.08,91689289.45,2354202.692,24810646.07,6309310.152,25542246.4,9119992.802,7423908.85,19453875.77,8369695.403,,8157389.176,1978014.611,2051274896,6303676.447,252785959.1,12315040.75,7224545.439,3280250.371,1406578.794,55185187.35,5179550.739,19971947.69,7780454.326,1724383.388,36375986.98,10220157.46,33413482,207170158.8,13815260.51,3004967.375,54116404.65,1833744.513,18654768.94,1078293067,4409743.522,37092048.15,17178233.02,103170040.7,12999434.14,14357851.46,73355572.61,9847642.086,,137226775,675783623.9,4683638.209,1.291203932e+10
2025-09-12 00:00:00+00:00,9817087.42,285939258.2,11108300.55,57704394.48,991690441.7,3498786.684,27436812.53,145115304.8,4806668.662,11513425.84,20944686.24,34060230.04,28404557.36,6632910.219,38600558.63,12103316.11,,26175126.44,5767200.273,2579063192,9470278.132,314725425.1,73878381.7,9933686.519,4097089.062,1947438.31,53727980.13,8772024.938,190041045.2,10301859.94,5586375.09,59684137.99,15732031.62,39037065.42,478996826,25579276.31,5337703.314,125163484,4467713.278,30795632.88,767514466.5,4450439.3,50968763.14,24217020.79,144551185.1,14129563.25,21837024.02,35884671.04,51463113.51,,251798036,591543938.8,10812932.88,1.375380463e+10
2025-09-13 00:00:00+00:00,11234733.72,303773239.2,12869001.44,73083138.75,1683548506,4008703.163,29249716.56,295351254.1,1559682.854,16195074.7,11743775.08,54242494.52,11738098.18,3142963.132,44029715.46,17131271.56,,17969547.93,2725016.408,5199599966,11388328.31,349582419.5,75040887.8,11955058.54,4443229.305,9125793.702,47261432.49,25518858.47,545450671.6,14112092.77,4975011.31,78628106.12,17118169.64,42911363.25,287144393.2,50908547.96,7329733.325,178184180.1,3729187.225,42653033.51,829196289.5,2191361.669,38253689.87,17232069.9,282192251.1,8651271.113,29105642.9,41635810.07,71258812.43,,296979931.6,663115516.1,13935340.7,6078193412
2025-09-14 00:00:00+00:00,7615740.804,170954755.6,6593591.728,41053707.9,882052993.3,4001933.166,28192242.98,149415721,1433716.54,10130503.84,7175801.303,34285197.62,9653910.599,4433365.121,27751725.84,11919119.72,,10578714.87,2321365.996,3428046008,14436143.81,272408736.7,26149725.79,10620943.66,4262386.926,4250033.411,28802632.06,9281663.256,290878999.6,7358325.764,2323486.473,42545039.55,15830982.77,27671845.65,249579700.5,19020997.96,3652561.478,76365517.56,2538759.848,27282605.73,1990147401,1883915.51,32968712.67,9063939.127,212720516,5352606.815,18519658.14,23969881.98,24296149.11,,204741232.1,1409339031,16209428.43,6368498172
2025-09-15 00:00:00+00:00,7340020.213,217576964.1,7878545.601,51491773.45,882266373.1,6948153.045,36603560.86,176271133.6,1497689.908,11557433.13,7882090.301,38548424.63,11558572.35,3062074.497,35479322.68,31281027.33,,11206781.05,32862553.29,3144399264,12052721.1,326965255.6,26726328.91,9335510.284,5182452.499,2581240.544,35105802.6,7389109.155,149905554.4,8092531.447,3021654.294,43611884.9,15748872.34,38292334.68,255734311.6,24152597.85,19425037.46,74524466.19,2627240.71,33254600.81,1576491751,1758659.939,40477472.58,8439287.895,169272884.2,21526882.51,21207487.45,33673459.82,19506358.79,,272925424.9,935586909.1,10708004.26,1.358537983e+10
2025-09-16 00:00:00+00:00,6261080.496,162150545.1,22734356.55,34116752.55,525759968.6,17397570.76,18074364.36,108732768.1,879904.0737,7418840.28,9111233.499,21664868.64,6511306.039,2394996.391,21711775.55,18491147,,7532126.685,6339939.051,2510753391,7703589.068,177528634.4,15768290.61,5807871.851,3394976.741,2238383.527,57011741.17,4359954.798,109219264.7,79970694.14,2155014.029,29853479.87,9628775.997,27515393.97,222439719.2,13839987.08,3853003.38,44674005.07,1506225.799,24223590.25,956097969,5898223.968,30318037.97,5994741.915,101917799.4,220601818.4,12787104.25,21356216.32,12186576.79,,249836549.1,556916071.8,6166221.788,1.151369083e+10
2025-09-17 00:00:00+00:00,12458156.94,230099567.9,21777756.56,45414469.87,855121691.5,9559946.37,28219788.2,139977138.2,6321564.136,18042659.19,36575097.95,32104630.92,11648718.31,1991147.79,29999107.33,18852588.69,,10454070.82,3721462.251,2986930859,9700014.397,315040161.2,21564153,9135254.247,4861910.818,8130103.025,36219861.68,6860154.708,107172056,134964468.9,2864987.71,47877010.11,13591729.41,41206770.58,270131490.4,22354898.67,3525318.932,62484351.92,2527563.555,31970932.47,1042595211,2579664.046,54070597.41,8749662.646,142438576.6,1026480454,27000739.31,22968278.51,24121115.2,,352480978.6,512034439.8,11975121.14,1.834817147e+10
2025-09-18 00:00:00+00:00,8189092.876,177986354.3,14253650.31,36033118.96,709554977.4,7913920.82,19005665.1,100808255.4,1238054.328,9764485.113,10940027.66,27098965.72,9399471.002,3263162.054,21838385.77,43269260.79,,9201803.294,3350825.235,2743597465,8347161.077,265992679.7,20086765.51,10405726.41,3382105.904,3969824.747,21957708.09,7547019.295,102767559.9,48960817.54,2076531.245,36070722.3,10685383.16,33393295.53,457916656.5,16224591.55,2560242.708,40495045.57,2524939.775,22871771.18,760596909,3238092.212,39245736.37,5804644.519,112434750,354215876.3,20008939.09,33248477.52,46550511.86,,177978362.7,417773795,4957659.867,1.256841401e+10
2025-09-19 00:00:00+00:00,7092855.187,164820208,8356252.017,35577530.95,603730337.3,5493474.616,21377075.94,110150047.4,1157110.984,8888498.874,8111154.941,24719053.56,9582820.062,8718640.011,23964733.73,32745923.33,,9002369.905,3579954.029,2157461107,7521058.72,343924692.4,18596899.6,8519893.313,3827694.853,3462176.937,22152136.49,4982022.978,68742066.92,28144851.79,1993770.806,36872999.07,11269730.55,33116196.76,350805113.6,17216771.55,2392017.628,46341778.96,1583299.554,25057604.67,774919409.3,2049011.396,40719405.66,4875113.065,144185382.9,88009459.65,17535023.71,25686006.43,21984572.79,,272583912.6,989102005.6,4746345.833,1.024171704e+10
2025-09-20 00:00:00+00:00,3971477.386,107788300.4,21192126.43,22605197.82,343288241.2,3195374.012,11201652.88,53664222.17,1058365.869,6835906.993,6786571.419,13834014.77,5529881.957,12242726.62,13975346.49,12658681.99,,5952584.65,1443771.211,1007305434,8388760.973,211140936.9,10079882.04,4274949.647,2524655.986,8657490.029,16878230.32,2960925.52,34962835.33,83202703.02,1534164.595,22881629.77,7420826.627,18195586.54,225883213.9,8646496.252,2181865.236,26860325.18,1388207.825,13152472.71,655483063.5,1966539.02,35998171.05,2995043.015,72583800.53,111612188.4,9264298.057,26564593.84,12442369.84,,120116010.3,387866751.5,2212951.405,3744545955
2025-09-21 00:00:00+00:00,5155749.817,80851076.45,16009723.59,23117705.7,361169557.7,2282901.097,15508468.59,63593358.27,933480.2822,8854403.011,4717840.806,18540035.19,5567626.114,6219171.685,17581312.8,10402552.07,,5218472.941,1748782.868,1086500981,5883208.718,263970525.3,11136943.48,6881761.03,3136165.849,4635065.037,40572651.7,2831097.046,36354812.91,34589115.92,1117612.129,22975098.7,8552903.887,23389184.15,165890577,10592726.34,3119432.326,32530030.4,1579376.517,15091934.56,685231948.5,1774133.551,26138706.72,3028690.435,72490543.64,44613693.69,10914531.71,14554801.71,11131165.29,,137524507.3,1355682622,2740164.701,3786613658
2025-09-22 00:00:00+00:00,11434208.81,221623848.1,14393185.62,61416473.87,885001603.7,7663553.381,34793720.68,192891042.9,2253911.524,14934551.16,14661217.93,42371212.05,12467468.91,4500189.153,37382798.86,28261423.06,,11126373.9,4093429.507,2998059385,18347938.97,420118113.1,21898707.18,15199078.3,6026246.135,6422247.278,60573417,7211812.531,75029369.32,29177892.87,3629383.762,89164636.14,30815654.88,65584817.21,375695158.2,35244332.17,16940485.96,72500423.67,2952160.571,39489692.04,921246297.8,2928373.338,60271360.51,8256974.975,355296034.9,43060548.95,32820069.6,33547228.67,41055345.22,,313022396.5,1084785768,18634120.83,1.803918897e+10
2025-09-23 00:00:00+00:00,14714759.56,160795617.8,9444942.651,32091488.68,463753463.1,69921919.3,25883966.53,87240778.75,997773.5938,7954376.49,6742841.346,22693628.49,7261623.692,2169215.891,21112188.87,10371444.87,,5456147.613,2364687.42,1779491895,8536950.657,259583147.8,11585438.98,7572689.522,2462851.661,2601701.691,60381282.61,3288622.733,38267318.21,13851642.74,1396019.055,45663240.66,10254647.84,38712006.19,220961567.2,19117987.28,3806923.624,40973398.24,1777006.143,27086032.71,732510272,1118697.357,35568403.78,3781016.792,120437306.3,21942928.35,17747998.4,22614268.27,18129981.65,,177826917.7,736622790.5,12628443.56,1.149403242e+10
2025-09-24 00:00:00+00:00,8909682.215,117579952.4,7343217.825,26814333.16,420255095.4,19838031.09,29827265.6,84653143.78,2578371.237,6543621.565,4526771.829,22968961.41,8298319.919,2216425.222,23111586.7,10125487.76,,6698566.658,2451443.787,2037888759,8123094.247,305659208.4,10139447.66,9373298.557,2830206.85,2362999.499,24000579.1,4397716.229,41812337.69,14066495.07,2687377.236,34589468.89,9127928.287,26987479.32,231694229.3,16458223.38,3435734.553,41341906.72,1429305.237,29143208.28,654729809.4,1344597.165,38180924.57,3948691.724,107718343.7,15671844.66,16205746.22,52157375.48,12004296.11,,156340592.2,486517003.2,5028985.402,1.187954872e+10
2025-09-25 00:00:00+00:00,10807504.34,181997136.2,9805016.519,56444323.93,983315325.5,17449843.33,138582103.4,159176415,1974521.21,14444251.33,9238404.416,40718871.05,48286854.21,2458366.667,41010739.14,15446710.74,,9321655.161,4628487.745,2749740273,18837789.71,333545895.8,18111822.33,11849468.43,4670001.868,1498216.853,34926554.99,6378229.507,59681340.2,17472302.17,13309653.21,60087136.5,16774583.47,68603604.2,338648695.3,27990665.46,4346772.866,66800605.5,2790576.519,76624679.61,801115692.5,1866263.381,65570879.39,7322817.51,211936958.7,29025609.78,25249623.12,37092912.38,20598966.9,,275800185.3,785092276.1,5660335.406,1.982592097e+10
2025-09-26 00:00:00+00:00,8808876.629,103576822.9,6971056.817,38067653.88,443612451.2,13992472.44,242977975.8,95540743.01,1052795.483,9385995.205,7525634.565,26542807.43,26764727.3,1264636.886,24056149.95,7853941.708,,6948114.738,1899486.557,1647851397,10214252.43,252610302.7,14421079.63,7090400.776,2784097.323,1253531.457,36376965.13,3454406.356,38849644.54,8314353.857,2336863.973,33045353.65,10098916.19,76858232.27,201723812.1,21659024.78,2217180.075,47406160.97,1706503.305,28912956.21,507553896.1,1212661.778,38006151.17,5651109.303,127450779.3,14802571.67,16555256.26,27947511.66,18475327.37,,150571232.1,514559766.8,3485140.046,1.227270146e+10
2025-09-27 00:00:00+00:00,3250735.038,53485519.98,7559327.035,15717664.63,209769784.9,15365963.64,431856692.3,42568766.81,578221.0967,5008865.405,6799255.967,13585410.19,5941337.317,6215102.02,11838839.66,4405596.717,,3625101.486,1130513.399,755597254.9,4622542.61,140528067.3,6099586.28,3828085.35,1899962.711,1231467.331,21082068.16,1936190.826,16802621.1,7572127.185,1039074.437,16951236.01,4604998.242,72524347.2,96618947.91,11315221.53,1165749.362,22374198.88,914515.3758,17019791.92,335747537,635504.589,21035653.24,2241270.505,59003954.89,10552030.8,11584906.17,30489630.56,11945028.08,,68320287.1,283561080.2,2715617.671,3923401763
2025-09-28 00:00:00+00:00,5079151.534,80920166.24,5035727.112,22909889.73,256270505.3,7724597.645,120285566.5,55069755.92,1581571.354,5346209.807,3711996.062,14053470,3965948.057,4237412.292,10373985.08,4687154.951,,4443882.039,1241975.534,971615632.5,4679353.115,150719360.2,6187230.529,4167463.438,2160498.127,548384.1769,17413651.08,2130962.624,22714457.83,6550532.5,1209049.36,20177200.69,6593281.05,39421656.37,126801009.3,11573660.64,775669.4134,28685703.76,958569.1689,16411874.84,609673684.7,952658.9452,23301280.87,2272580.056,85967704.53,25201284.25,8733040.883,14386027.92,9736078.027,,101642224.5,417852918.1,1661769.523,8521046102
2025-09-29 00:00:00+00:00,11580933.89,112082384.6,4803865.503,28193865.11,391083099,4565752.406,63818249.92,80473012.06,1650678.665,13392946.14,3867408.595,16562858.81,4873547.984,6240740.305,22530901.34,11765115.75,,5175477.319,1295149.973,1556184353,5647440.354,251667860.5,9860137.559,6209576.554,2605475.978,1507761.188,18588684.73,3676063.45,31802512.43,7279789.915,1220915.493,32044701.85,7760434.824,31294007.35,171264861.5,12240596.85,1782687.797,34672922.54,1156957.024,22885077.51,574656467,1580214.572,38133159.18,2629669.656,94137407.97,15776617.4,13224159.07,42239393.28,9720132.815,,157946192.3,458732113.2,1865506.434,1.41609163e+10
2025-09-30 00:00:00+00:00,6616499.325,126283315.8,5694474.637,35224531.56,410686466,6962650.443,69809865.54,83584252.52,923640.4938,8888414.83,4647579.317,24125697.96,6603474.702,3009959.915,16447083.38,9611829.993,,4768005.092,1835817.418,1280885449,7799456.546,273566845.9,9602027.835,6872317.851,3102280.4,1286138.389,22842290.08,3177700.358,36802431.84,6917735.773,1651366.034,31090487.8,11326032.59,28040362.74,160415121.5,14210592.48,11060744.72,33081452.68,1133579.214,25523348.38,618991180.6,1964865.459,41535463.95,3839960.763,124343515.9,23002872.54,15710158.14,38313800.71,52655956.86,,160521077.3,325942719.5,2980759.749,1.356097213e+10
2025-10-01 00:00:00+00:00,7054457.97,144660844.3,5904381.117,36532502.25,440186877.6,4107300.85,34967889.55,100633568.8,1483259.909,7783409.841,4224826.262,21603835.52,5576031.488,3111261.716,17169966.07,12573474.34,,6016016.197,2154062.822,1580050731,9173205.037,234914603.1,11530680.07,9110189.957,2939834.126,628449.3505,19048984.92,3358290.284,46669372.32,7449780.206,1798878.506,33389165.52,11240074.24,28851120.59,272461139.4,16030297.39,13923058.05,44659161.28,1912290.99,26993239.41,965056749.4,1190025.049,69356780.75,3412333.149,96620757.53,11678722.25,16526267.33,44201563.79,40926920,,187853596.8,307654963.9,2402447.908,2.013042514e+10
2025-10-02 00:00:00+00:00,27262871.45,149926520.1,9569470.953,44979184.55,590408054.3,4898263.953,28347147.76,111228547.7,2147639.72,9541260.222,5000299.508,31026839.18,9199243.786,4563679.891,20690793.36,14856971.41,,8100110.26,2285645.187,2133161439,7636474.459,307208103.7,14457715.58,8106774.247,3333263.845,1001177.411,21712002.8,7082049.213,74923897.53,13156774.02,2011477.204,33234591.45,12035691.87,37479563.69,249733019.2,15320551.54,4346476.104,50622394.46,1782425.051,31857549.57,717283083,1273654.466,74839712.26,3495584.41,118664507.8,35407901.9,21031375.03,69633499.67,16806771.5,,166158557.8,247068308.8,3066860.668,1.736968249e+10
2025-10-03 00:00:00+00:00,14782005.34,199540235.9,13351458.55,89174193.21,617328615.7,3799776.659,41914873.35,128045264.9,1287837.606,12503820.72,6154866.61,24003008.86,10837374.54,2188012.451,20695894.84,15226897.7,,8526999.448,2800197.706,2045117627,8859371.839,258075112.9,13590258.11,9025969.775,2892376.44,1741266.284,28730404.23,4764506.849,60366854.42,26553775.85,1820052.902,37456132.5,11374193.21,46301505.73,238949544.2,19562972.38,4742088.713,54800667.61,1889315.445,37487907.81,686949416,8245187.545,73503601.32,4098669.138,124518937.8,33492401.42,16694604.6,55359707.73,25843317.22,,184978816.3,341397929.8,5804291.739,2.040651043e+10
2025-10-04 00:00:00+00:00,10557993.23,211673494.8,44401488.21,409311336.1,552987502.1,3388656.419,33805118.42,73846329.88,1103286.77,14094879.01,5115477.448,25662187.43,4923822.62,1994088.211,20511124.31,8178070.623,,9055733.768,2006766.783,1326830833,7321980.78,164759179.8,13762956.59,5721287.043,2547953.334,1278717.341,19728015.27,4011634.459,100838619,13741519.19,1711859.419,42366795.02,9076146.284,31752934.93,174893423.9,14558608.57,3199569.725,48050237.29,1621337.473,24761552.84,423484929.8,1188756.343,64367849.59,2657866.942,85782175.26,13335539,12252158.77,24811074.85,24036892.78,,156500775.1,156098493.6,4423647.778,8601963052
2025-10-05 00:00:00+00:00,12371585.27,186462734,14905847.31,135898801.1,597534320,2558689.841,27507043.96,125114987,1007941.129,10749860.99,4923789.696,23547762.17,5614835.074,2637685.386,19335846.79,9400454.185,,13717600.46,1763578.398,2222161455,7022447.556,357693608.9,13983049.17,6400316.528,2613673.042,969473.6791,18009858,4556870.494,75274919.5,13832708.65,1820407.315,37134011.57,9694916.854,28902092.2,318988457.6,15046629.86,1940936.509,44749058.32,2089074.049,39876937.01,550611277.4,1071581.27,98205993.74,2615633.606,106473767.5,15375409.24,17169880.92,43959098.2,17211910.3,,216319978.5,191143310.3,4821207.269,2.010993799e+10
2025-10-06 00:00:00+00:00,12692846.46,246989357.8,14504669.37,117360065,596754477.1,2927488.543,23069037.04,113521746.7,1641175.298,9468530.048,5064500.017,17042577.92,12647954.25,3422820.471,16966190.8,11453218.06,,8684556.858,2154640.929,2418705499,7870049.834,382648768.8,13480679.36,5956965.741,2583397.685,1578633.589,15111003.8,6400639.787,56444078.08,14066716.24,2287389.664,38824558.3,9548741.652,35077864.19,283386404.6,12346441.63,3093327.52,44964176.22,3925729.01,34290458.23,476790883.1,672162.7073,79563425.13,3378481.639,106815228.4,13077680.98,17645873.9,59306058.77,12518897.57,,215509041.1,189973937.9,3446674.595,1.746521514e+10
2025-10-07 00:00:00+00:00,12131913.92,220291761.5,71263402.16,139492857.6,708590648.8,4167624.359,26357444.75,154106115.2,2385523.247,25571138.78,13807683.37,25145603.15,6148522.861,5325769.881,39486604.74,17006583.51,,10221933.92,3265104.419,2758541892,12409137.39,421957859,15828815.14,7019421.537,3927954.808,27007708.95,24433018.52,6284739.486,56307876.77,84367973.01,3060059.409,49004053.44,16061721.08,58371909.85,306657271.8,21155134.11,3009428.111,62823985.53,3550664.969,43942209.15,605626264.1,1077893.709,86539150.02,4496228.619,151657353,74447722.56,22438398.27,103166283.4,18581537.7,,227192906.3,439486548.7,5980158.75,2.231939076e+10
2025-10-08 00:00:00+00:00,9508508.475,132997668.6,39859620.47,67727257.05,567771867,3077922.951,17281073.84,97478645.32,1507557.987,15167506.73,8806893.85,16667217.19,7122323.419,5345583.403,22147675.75,9763574.363,,8880445.238,2046880.978,2125008922,10374222.79,278351758,11795271.02,5803111.325,2337281.484,146252295.5,33459031.6,6334400.445,43052838.16,85923934.66,2227641.801,40548577.69,10605605.84,37599247.69,250099867.8,12951385.47,2061540.711,35016341.04,2192303.783,25974987.01,476003577.8,831691.7429,72886318.33,2476704.287,293888936.2,47215984.33,16354248.28,170793203.8,12594197.26,,178339574.8,327483399.3,6981007.684,1.557209297e+10
2025-10-09 00:00:00+00:00,9356136.007,141453428,19283495.6,62156300.41,522546311.2,3655873.553,20671114.85,109500045.5,1679225.203,15685391.44,8991110.278,24110969.33,6645759.904,6802061.241,21116818.09,13479484.31,,9231030.935,2208459.082,2244203941,25460370.54,253815821.7,12170956.2,5838096.2,3187900.059,216598854.3,25147667.66,4946784.817,34882290.56,36817624.48,1771559.844,51431047.32,22115212.24,42210840.69,247691716.9,18258972.28,1576828.494,44322965.33,2057779.795,32735612.4,452497429.1,935513.296,74823581.56,2997235.262,191023608.3,27422058.24,20649533.86,130756763.7,12307428.33,,177394501.4,210011232.1,6994707.286,1.989027638e+10
2025-10-10 00:00:00+00:00,27830094.19,459354954.9,27780059.66,153403875.5,1809041966,8775974.181,54512272.72,400314302.4,5816916.773,33420619.52,23425934.33,72393500.59,14503410.19,14149629.13,69048330.79,36832845.13,,30456512.49,10637436.36,5371731734,28736977.54,645589428.2,34852969.63,15416225.88,11373699.51,31319813.38,52559131.78,25050099.1,98738290.17,42328063.89,8336922.177,130624943.3,39301918.97,131564393.1,575342337.4,60313488.21,14494493.37,110458520.7,8299022.029,85781890.74,821883919.6,2345019.177,122981678.5,13374438.2,576734557.3,44317349.71,61225713.19,158210922.7,36864498.17,,563171712.7,829420811.3,19235823.82,4.507682598e+10
2025-10-11 00:00:00+00:00,17379760.89,293474237.4,14522077.92,112564923.4,903418695.9,15004528.59,31892539.28,221321753.9,5171618.246,20471731.39,13201157.03,40644861.42,15891680.43,22502123.67,35105087.39,16332873.81,,14782828.23,3888589.995,3599519418,22839595.25,455294781.2,18991621.07,15359186.01,7594179.968,17401941.67,30695189.81,9960293.262,55856548.81,21840577.94,6321892.178,61459914.06,27287242.59,60144271.02,327454777.7,25350307.83,23548876.84,65179585.42,3809487.833,44193229.23,483113312,2395764.922,69100658.47,12486809.83,359645304.4,29092415.58,30407676.64,100873064.5,19504171.58,,292777111.9,324794209.2,528658553.2,1.826816307e+10
2025-10-12 00:00:00+00:00,12390926.63,217844581.7,18733419.77,133836358.2,778756078.8,235832726.8,35617238.44,184825746,2943317.649,16213164.91,8648648.98,28927552.67,10876317.66,6491087.683,26858339.05,13588957.5,,9083042.339,2805911.645,4374142141,10628654.1,414109414.7,19958462.74,19886328.18,4643209.052,8473825.818,26172113.4,8159876.289,69210360.72,40557440.62,5011255.305,50542059.72,15907639.2,51471055.54,341251165,18878795.24,13910085.31,56040942.35,2575101.024,43628125.6,435381577,1173253.843,77850362.89,7336081.691,220511931.2,21890951.62,30086982.84,127273871.1,78662048.3,,241887643.5,365169237.2,339153425.7,2.457179429e+10
2025-10-13 00:00:00+00:00,11336066.32,206260703.1,11528495.86,81627956.18,758090130.3,79311508.18,26855290.15,171604962.8,3181904.126,14249058.53,8970582.781,42533618.37,13854500.51,4038875.494,25808703.39,13800294.24,,8763502.586,3310606.292,5995551375,12238616.48,390013639.7,24398674.1,15428235.98,4934632.891,7192596.461,26314069.08,12844652.31,63726655.06,21949216.81,4898688.361,61353645.93,20331217,48419873.02,288803236.4,23806655.93,6067377.386,55326524.35,4347245.603,48241715.74,447003255.8,1427255.409,106605756.2,6184974.649,241959948.6,14928571.57,34270351.79,184367595,37360277.94,,271233327.6,277500571.3,231261053.1,2.250950437e+10
2025-10-14 00:00:00+00:00,14367440.34,220306294.5,9309268.221,75471079.33,825188266.6,29059741.04,29593231.03,184047960.7,3022161.534,19535251.99,7762088.793,35403989.02,8821729.262,4002834.032,35326822.68,15731991.84,,8377411.974,3153609.305,5291751915,13192815.23,378774932.3,23877407.02,12979320.02,4242223.147,5828768.677,28421915.71,12794100.09,54384476.89,19097730.16,4431315.873,52962848.76,17243285.79,56101257.01,242944230,21652754.29,4439562.528,55720915.85,3369781.006,43604764.58,459464497.8,2258374.196,104624706.1,5122892.176,262219775.5,13391765.15,31262044.18,177329771.8,26044594.55,,278866298.1,300192532.1,75028246.63,2.910115931e+10
2025-10-15 00:00:00+00:00,10042390.17,142825079,5580888.385,42085247.36,515919119.1,32193418.9,18247734.67,103876219.1,2845837.849,11504864.81,4904755.589,28944923.76,4515999.658,2439877.488,27017541.74,13341239.64,,5516965.77,3056951.081,1884088066,11040378.49,266193753.2,12233910.81,8528988.794,3752187.663,3770111.269,17169023.2,6712561.611,37088403.83,12869435.84,2066411.95,35118610.48,14582588.78,30931093.61,159197420.5,15375642.46,2554843.332,35397865.94,2570023.143,35988077.31,272840569.9,1106742.459,62248210.16,10125243.48,148484249.4,6280002.833,19167332.54,95381214.36,12137612.05,,213104777.1,166037163.7,44031387.04,1.472210358e+10
2025-10-16 00:00:00+00:00,8279937.253,147532373.6,6235643.817,44019381.89,571066539.5,13783436.34,27168328.46,122751089.9,3217746.79,12942156.23,7151580.104,31813406.97,5696114.235,2303506.533,26861934,10940909.12,,6149095.51,4569311.899,2262987209,9725199.056,296798955.6,13300991.22,10506040.49,5024743.048,7560905.505,22278697.36,5559436.001,34774140.96,13906580.89,2636189.721,41316788.69,14537594.39,35838809.99,173629185.1,20151981.09,3969899.691,42962853.69,3646840.785,37031716.96,426966429.8,3360126.143,62494031.37,7222248.926,161961459.7,8514186.05,23195714.03,101050629.7,25477098.31,,210087608.7,194444544.6,38565798.67,2.124541563e+10
2025-10-17 00:00:00+00:00,9687058.69,220111658.5,7680725.062,49447261.03,642981015.8,13512935.18,25916669.38,167679154.2,1463019.602,17141441.25,8355913.019,29082849.27,6282183.824,12157952.83,26385475.69,12910908.11,,5807348.502,2296419.867,1973227142,11569489.5,247776136.1,14680700.84,11887939.01,5015624.124,4574504.201,22005899.05,4634134.216,31601417.36,10937172.66,2195927.636,37398797.66,13930888.58,43894276.08,206624200.9,23478616.84,4918886.954,48655162.69,2988945.87,59903333.87,396553497.5,2490173.08,71565246.2,5456039.254,172222499.4,6905532.587,23339343.38,137598313.9,20818314.33,,221464964.9,187436509.5,48245138.68,2.574473328e+10
2025-10-18 00:00:00+00:00,3909127.811,59114759.32,3982366.865,18375145.81,229965660.3,13431271.42,10972894.64,57508577.25,1313033.937,6067127.656,4185829.604,16771553.07,31147325.94,2222294.955,24400347.32,5060935.841,,3016672.827,1362306.887,759907119.3,3091695.61,107029233.7,6067173.579,6393985.664,1972372.526,49894720.01,7397336.392,1581818.284,11785830.13,8610657.651,2539173.133,18448821.75,5868371.948,13335999.34,80780713.2,15245213.19,25261006.14,17206422.86,2115862.875,14718737.57,284683672.9,729227850.5,30691492.13,6102769.496,60909135.39,3603370.863,8298669.345,61817339.9,6161180.755,,81488273.41,55654138.68,26469578.6,7319254841
2025-10-19 00:00:00+00:00,5485500.81,78337780.13,4974281.906,25894009.78,366301000,6826751.051,13222082.16,69610621.26,804393.3647,7741298.141,5251307.858,15686977.33,7519724.123,1647269.994,15141989.36,7016709.311,,2312616.349,2648617.763,1234053293,5447548.104,126331231.5,7037506.518,4630579.294,4178386.444,12706211.95,8927329.878,2316906.152,19934981.01,5729408.157,1284314.743,32799547.59,6540198.461,19156460.6,122724081.7,12515754.72,61464991.95,24140718.93,2387305.944,18002515.46,351674498.8,37556527.26,43008110.26,5514562.643,78856714.17,2722033.446,10869526.1,73788175.71,7393943.033,,122240485.4,82638454.33,28092138.93,1.222741554e+10
2025-10-20 00:00:00+00:00,4062271.101,108184323.2,6717294.895,450859154.8,394968315.3,8957667.188,16895344,81576183.99,1323438.301,11065140.55,5538271.416,17555916.18,4866504.239,12270856.67,15180700.59,7863774.496,,3607064.807,2058634.29,1398542716,6000810.674,158207579.7,6934101.796,4641137.081,3058856.457,3936526.059,11158311.42,2945837.97,18900595.24,6338057.524,2244972.597,29456569.76,7021553.081,21586848.38,124985111.4,13683609.29,18336425.98,27710431.72,1910180.033,18875009.02,315705986.6,9760389.422,44719101.07,5212549.539,75083546.25,4217736.264,13059844.55,88219442.35,6523930.339,,135282030.5,84382873.18,23974951.79,1.540387613e+10
2025-10-21 00:00:00+00:00,7203829.391,131390364.3,5772917.295,164571600.9,526804409.3,6085262.124,15526273.49,132226144.2,1952233.211,12197558.93,6572468.412,18707452.32,60946310.53,14099165.17,21171301.58,8940395.35,,3324706.02,1851826.529,1666377706,21266249.64,205016040.4,9193348.652,7957375.328,2994831.724,4080464.47,14851302.52,4107918.569,26896007.04,7110452.401,2559934.205,38186054.76,9624401.472,30453754.91,194074839.6,17542908.56,4001295.125,40516707.33,2044906.238,28422555.33,338262343.9,0,63254709.93,5645794.971,131099420.8,5433232.911,17519286.81,101662621.2,12640638.11,,216260027.9,131999278.3,33243565.02,2.658810013e+10
2025-10-22 00:00:00+00:00,6239906.739,123252037.2,4172221.681,79818827.39,533955252.1,5585164.565,16268959.92,130950762.1,1607904.066,10752835.5,5989771.9,19879219.54,13290189.8,2529680.795,19055196.7,8340061.811,,3682805.313,1590686.045,1598844128,27089462.55,208512353.5,8296504.201,7059932.129,2825035.985,2298015.401,14268058.74,5780459.891,27835373.26,8207019.152,2721080.525,39615536.18,9903606.08,38113888.59,181698099.2,17072621.32,2939631.567,34793014.58,1756365.992,27751348.87,303774545.7,0,54430588.34,3547193.038,115600376,6412610.333,19864583.85,91078531.75,8162445.103,,228756396.1,120508983.9,18070337.77,1.952824892e+10
2025-10-23 00:00:00+00:00,4857104.821,91282004,3715649.173,52619173.27,316046927.7,4437045.846,13046877.34,66029883.75,1018952.031,7330956.345,4145733.598,8663247.975,9045903.779,1543403.87,9477593.437,6971729.918,,2919641.58,2151817.14,960318934.2,29648007.37,148311087.1,5006073.835,3030982.318,1914028.025,2064379.934,8053124.589,2766825.577,15750890.41,7336328.491,1753012.997,29687865.08,6615894.081,18793208.54,136930836.9,9694885.329,134131758.5,21992571.62,1218229.907,16183914.78,251907831.5,0,36325123.59,7966920.741,86890916.44,4718485.206,11284644.83,66517687.07,5085835.383,,166941627.5,297946993.3,13537461.49,1.419439137e+10
2025-10-24 00:00:00+00:00,4972068.651,74972181.55,2812268.618,34855985.32,328147692.6,5078204.145,8860122.3,57950145.75,1039907.578,6880076.589,3473993.807,12931874.17,7039358.473,1511705.338,8524192.196,8026492.697,,2554137.666,1423447.239,943289995.8,7948609.265,162256061.5,5761830.387,4393670.877,1906111.642,2148881.369,7296199.275,2222654.71,13490626.77,5014889.67,1470602.714,28392093.94,5243730.732,19203526.06,117184150,8496696.61,356591343.8,21280056.61,1586216.425,17131666.15,277941251.7,0,40184966.69,5714393.533,62343794.15,3050160.618,9885944.596,53848502.88,4937693.458,,134147193.1,191181828.8,10032228.43,1.226699572e+10
2025-10-25 00:00:00+00:00,3440262.189,38753224.76,2554334.294,19100690.13,159786606.2,4340291.014,4697840.37,32197547.72,552606.4104,3790404.488,9832525.325,45971466.09,10864780.04,3202176.5,5211398.382,6393506.388,,2753794.906,11242656.81,587915584.1,4934070.017,78166199.26,8786865.591,13740823.42,3237817.866,2714385.578,4263067.005,1969063.67,15752105.4,3466508.533,1386669.486,19988708.03,5272990.423,12019463.64,80430970.03,5634411.736,409265725.6,14828058.06,1105680.035,11657730.88,128537069.7,0,18917448.41,17392309.03,37663405.84,2214724.835,7036468.293,30206688.98,4150896.4,,69658735.88,77237652.57,12922124.2,5042907498
2025-10-26 00:00:00+00:00,3744705.172,53651771.57,2508711.102,32795190.66,314675744.5,13102488.23,10712844.47,72682448.16,747411.2163,5135363.07,10126852.44,36851943.01,7703729.423,1353981.526,9373459.053,8909456.011,,3717970.075,3705225.735,971455947.6,5583852.491,126729514.8,7493209.538,7997473.252,2159254.457,2332992.994,7838119.026,2007841.37,14416113.12,5883915.486,1708438.256,22171596.38,5088523.098,15092479.34,126560869,7797186.061,173222385.9,19303920.49,985463.0369,19468387.29,351789634.9,0,39400606.28,6511545.625,81628599.55,3718520.32,11067185.44,51652211.61,4841356.795,,102912157.2,143178768.2,16058785.46,1.102583216e+10
2025-10-27 00:00:00+00:00,4790684.131,83125743.28,3375128.674,38222341.71,346984450.1,4922564.54,11822498.71,71794362.55,813925.3099,5963610.255,8401871.862,36655414.31,5405178.527,14337607.55,12928047.44,37863553.24,,14559842.44,2937871.532,1255485278,10782279.83,176868216.1,11063356.82,14172893.53,2338648.015,3474698.907,10185451.42,2880858.454,19510342.61,7768320.731,138371237.4,27990524.15,8233307.262,19028009.76,164297343.2,13043234.14,39347103.41,36427696.14,1907730.393,20128799.23,404918076.3,0,45028306.41,5263095.259,879680077.4,4818880.09,23216623.89,44153719.85,5861073.935,,114660524.9,183206548.4,13855627.85,1.365512451e+10
2025-10-28 00:00:00+00:00,4140101.215,91373629.7,2758045.913,39665615.71,397456687.3,9023236.635,13639622.68,96376731.94,1586144.834,6480451.698,5259321.228,46543533.79,10649543.45,4069040.828,16243924.69,14792678.08,,11365207.13,6565488.012,1392883079,11206998.29,205461106,8916846.027,7105059.017,2744273.555,2531323.683,11592237.02,2825445.938,21705435.71,6344608.678,27268061.49,36251296.82,9932891.004,27165594.05,144936429.5,15419540.99,23972897.31,33693253.51,1307252.805,23279781.23,535904169.2,0,39836507.56,6007812.343,994909609.7,11035607.03,16647925.27,31209039.69,7500489.462,,140813116.1,166994507.9,9280286.885,1.496835313e+10
2025-10-29 00:00:00+00:00,4555738.157,134993927.8,3468077.658,45931106,405943431.5,6000836.806,13021593.81,110028487.9,1034803.885,7064638.168,5080188.683,23793486.19,3786457.4,2687714.599,16240362.59,9416184.982,,4650742.914,2269994.901,1415406128,9298308.345,225403150.9,10170725.28,6244545.414,2700358.331,2067746.851,14616733.66,3777387.879,25117426.28,6127902.268,12373769.17,41618341.36,9024768.863,26512644.21,173117022.7,17281862.47,31756871.79,41530138.96,2169711.601,35839858.11,539825907.4,0,46753609.84,4208629.201,1435917231,6430583.84,19084582.81,39990537.19,8592994.503,,220636832.5,257225153.6,6025971.159,1.830267118e+10
2025-10-30 00:00:00+00:00,6422185.689,160184619.7,4390468.62,50866061.36,556870848.4,6313574.373,17629963.76,145402449.6,1889679.272,10754808.12,6417084.06,26731867.82,4323430.767,2711644.917,22959512.56,11221183.83,,6519252.887,2530565.951,1530016402,8196198.296,225575781.2,12359837.39,8781022.155,3642773.781,2277374.224,20302006.97,22179657.4,27633337.05,8190100.166,8870094.846,41162624.2,13637866.28,50107132.8,237749668,19967341.71,189998309.7,45972819.39,1468237.107,44001818.68,651391592.2,0,61622615.4,5275942.963,1071201753,6818975.835,20738208.19,63912930.03,8985771.395,,176194935.6,185952523.6,24080765.35,2.236910943e+10
2025-10-31 00:00:00+00:00,5792936.748,117877011.5,2522748.079,35694113.66,330016462.7,7196632.091,10127898.12,80446134.32,4076099.056,7123177.761,4028714.076,229430719.7,25600560.75,2325347.092,12281991.16,5982842.435,,4887625.799,1182567.98,798099763.5,4316816.34,193871392.7,6856566.695,9185930.631,2900039.587,1931792.258,9796606.076,3503633.765,17850735.5,5227498.617,4939601.564,24029166.55,7864482.902,23102745.34,165325402.2,13924223.82,506817168.8,31406759.74,1183439.247,20934971.19,443129570.7,0,39958705.31,27420690.15,591798795.6,4192728.857,10655532.89,40433128.74,5396999.185,,107566895.1,102059615.6,173783081.2,1.668379749e+10
2025-11-01 00:00:00+00:00,79039960.21,62294793.73,1920173.025,21338062.51,204177426.7,4396535.657,6833417.561,46308491.31,2375580.043,4453144.308,4073380.314,305684019.8,13383807.77,1010365.607,8303719.997,4976550.741,,3510847.45,915357.7287,355003271.9,4859063.57,89518373.6,8225431.195,9783371.031,2126439.201,1314376.412,6135050.491,2234131.452,10281738.44,3120808.684,2449880.171,20002853.32,7422984.222,17575539.15,93586346.83,8126632.288,247201414.7,23866958.17,1234261.836,19636100.14,253568697.7,0,27025342.91,9288960.628,356305012.3,2216690.922,8211849.584,22313295.79,4074311.871,,76987012.58,68162266.46,35453426.56,4579668770
2025-11-02 00:00:00+00:00,63708798.48,67548116.33,2141524.993,30972412.2,244067315.7,3789709.838,4912288.715,43330308.24,1071155.181,4995798.737,3375160.273,77358467.15,8365346.036,8844671.923,9162417.767,5436537.131,,3218879.61,1052680.199,551984177.2,3483355.945,77742195.63,6217938.964,4859781.861,1787411.555,1191402.152,8414558.78,2483588.415,10437487.66,4251126.426,2084110.548,18252918.19,4725346.613,13879608.16,107865511.4,7963335.878,82261010.25,20277298.18,885690.5978,14490706.7,286305667.3,0,24565970.68,4956245.286,213204114.1,2818163.502,8668521.382,25515393.35,3906955.186,,71517224.73,67404385.73,17101399.7,6744087828
2025-11-03 00:00:00+00:00,17501931.63,162972787.1,4482298.897,65240467.23,737056967.1,22464949.65,23127457.36,167066111.5,3149240.235,15307446.96,8950319.455,53724295.08,79469341.03,8458503.226,24221973.04,11746769.73,,7186239.806,2698608.952,1925957436,7575096.151,220288750.9,17913082.18,7623357.714,3646147.616,3404203.017,25819792.71,6470812.054,38176675.74,11121216.95,3686767.28,50938721.05,13406090.86,50334125.01,221486974.3,26066318.68,43060758.56,54123652.02,1524254.729,40364682.78,431328259.1,0,64245253.95,6179252.683,717959335.3,6363912.413,28150724.03,44182149.88,10705568.26,,204662375.3,200508165.4,33734219.13,1.86898628e+10
2025-11-04 00:00:00+00:00,25096385.85,233587497.9,4818467.472,89789047,921957485.8,11590922.96,24466329.94,198759302,2627211.066,16453865.09,8016506.478,46757832.74,113555561.2,2910204.222,28200692.65,17776464.26,,4727934.832,2512542.004,2378256583,16053674.2,237989855.6,13197236.82,7996933.1,38111330.2,3014588.4,22920466.64,9718497.741,41111457.06,12065536.31,3970294.429,50710032.18,18741523.16,51750880.96,256118873.7,27644723.39,40853154.3,64007605.36,2163867.234,61540635.15,480449539,0,103661974.7,6934422.002,508728213.2,7057540.73,32982760.99,85122947.1,23230596.78,,305096909.4,216878453.4,117972171,2.897319333e+10
2025-11-05 00:00:00+00:00,18821926,110153161.1,2907458.854,35832205.13,374280930,14800108.59,12246222.05,95675346.47,1072471.656,8702412.964,8404401.322,60972341.5,23545950.81,1389039.469,14872209.46,8014613.766,,2856411.046,1450206.942,1070667898,5685809.787,193173722.9,7256116.654,6813663.107,20995480.55,2102047.252,14063643.68,3816451.596,25810547.39,9161704.356,1943363.404,22485298.88,10310394.79,25449770.56,127437384.4,11839676.77,22349218.97,41929017.75,1074194.591,40204859.27,314800923.7,0,54165932.18,12168270.33,381969495,28358248.55,17516293.43,56258896.18,6060272.733,,128119424.9,148062551.2,23798788.75,1.712771783e+10
2025-11-06 00:00:00+00:00,11686077.18,87063367.21,2181740.834,37045121.56,394023803.2,9755554.024,13713497.84,95392938.08,1073161.288,7590524.929,4591610.243,14864495.59,12739059.05,1454675.217,12987381.38,6062650.716,,2605400.878,1255609.829,832736451.8,5063940.362,117685963.1,7908155.128,3419053.567,7819555.931,2056344.177,11759182.98,3675481.132,17253820.71,5219322.009,1577996.498,18486544.03,11580626.17,21374419.16,112283333,12876480.7,13098495.69,29517403.12,915843.3199,24851160.72,251560339.5,0,33132415.85,17561551.49,395773035.4,10797596.7,15530262.43,35598546.97,5874644.714,,116660786.1,97389268.79,12835329.68,1.482227294e+10
2025-11-07 00:00:00+00:00,9668097.98,120825880.1,5385166.819,46571488.55,536194946.4,8433163.199,36241573.08,155258686,1165971.291,10825386.62,9415297.471,0,10708850.73,1795954.403,22429768.29,9277674.035,,3942986.622,1733102.859,1224146670,8041504.684,192307391.9,11848657.31,7940722.658,6545315.543,3857947.688,42717076.12,5054792.65,30627419.39,8825160.296,1964226.622,42627841.96,19661959.31,105308193.7,153592223.5,117143396.1,41080616.87,47895334.26,1829052.992,30736598.78,314427932.7,0,57050419.31,7277232.947,269614244.6,7563280.688,31934829.23,38490876.5,7456686.66,,148418004.8,126759341.8,31498647.21,1.661822641e+10
2025-11-08 00:00:00+00:00,6349692.803,64376788.63,3213311.691,26920294.58,321453855.9,15211243.86,44485180.92,107368472.8,974223.6803,7494876.412,5590014.306,0,13975401.72,2060602.463,16665685.25,6956201.564,,7255636.349,1377804.214,932915770.8,6169523.295,115172386.7,7883540.595,3827265.514,3774055.547,2271742.893,16284739.73,3759244.718,17061919.05,5188185.408,1740753.533,28158886.23,16153516.33,424127842.6,106832024.8,63115333.71,11995579.37,35079824.98,1854875.042,19473780.82,192801765.5,0,24654519.91,5689800.693,188049785.3,3587073.98,14172158.59,20382039.85,5197471.864,,107263442.7,68768103.05,9072070.397,7229449980
2025-11-09 00:00:00+00:00,5429078.298,66140541.36,2972652.88,33399227.08,312484443.8,3889847.191,10418218.17,89241969.41,1027669.404,4988689.507,67950470.4,0,23569145.62,931850.1414,13335589.85,5216186.527,,2640612.112,1194159.4,786362498.6,3005914.799,152987290.4,17170704.11,3198135.982,2821732.353,1049057.943,8352287.953,2784776.86,49298064.4,10348351.83,997501.2669,26961735.04,7072694.266,57217660.87,97265302.66,24277169.07,7441115.109,31850352.25,1406558.593,24094473.29,178724462.7,0,30396409.17,5034666.208,164750541.7,5006242.768,16863020.04,64890025.27,3989931.396,,76471530.9,54634700.26,7150723.26,9539326600
2025-11-10 00:00:00+00:00,4474032.014,66646357.69,3079458.071,26911503.49,342325262.5,5829895.837,7468266.973,87132267.49,7134083.55,6096861.943,29236217.09,0,8289689.919,940223.1122,12945196.87,12514237.73,,2861655.797,959490.7756,975525542.2,3808324.047,150983034.4,8120259.876,4405081.907,9213059.189,1535928.376,8501198.118,3040036.67,20459928.25,6085220.817,29755208.97,28223749.28,8758306.516,43393355.89,134156013.7,23837587,19925987.08,27242235.48,903734.075,21622874.26,363796405.2,0,28135455.8,3275253.857,858878304.9,4113262.115,11856474.25,77483318.91,7869866.267,,92335260.75,841769884.4,11573093.12,1.27365443e+10
2025-11-11 00:00:00+00:00,4996581.726,67140994.39,3034619.671,30045748.87,324424463.1,6113582.199,7973773.756,75056947.65,2600321.216,7470591.297,12081730.87,0,6636574.36,1135706.802,13632800.77,6517983.276,,2539029.013,1206173.551,1059342411,3745939.869,159512278.2,8331129.114,3264950.925,5017879.836,1561084.57,10510912.41,2824608.344,15628853.54,3524929.824,7397277.71,27219689.54,8075477.052,32433721.84,115713946.2,10964294.57,45076906.77,23576529.84,1460856.464,51713417.32,392480061.7,0,30241145.22,3181936.999,421043597.6,2298481.071,11883098.07,35382973.61,8884075.838,,89707750.89,264840388.8,10466900.98,1.387784003e+10
2025-11-12 00:00:00+00:00,32134163.38,66663003.3,2891212.84,27311912.43,337251577.3,3007747.002,7923344.464,72009968.93,1511107.161,8350180.076,7499245.084,0,12661151.25,3638548.052,13965017.44,7800626.357,,2240958.494,1034779.48,965651006.8,2919714.443,113761272.8,7227715.016,3331566.711,3452889.487,1488880.96,6658196.723,3180463.496,21432123.7,3398176.013,3886665.676,24467660.51,8511724.348,29805331.98,98543803.63,10632111.82,8868249.234,30459876.37,1390517.34,371070804.4,411170872,0,23976197.11,2457850.791,269934157.2,1904091.694,13515097.37,31191426,5806944.109,,96306506.79,245317513,7585464.888,1.451682199e+10
2025-11-13 00:00:00+00:00,19951280.08,77031042.69,3069611.326,35607789.65,443039191.5,4621755.825,9110102.71,105693134.5,4532963.782,7905729.358,6224306.732,0,8628547.297,4484505.22,12388221.2,9702655.868,,2682501.327,1148830.295,1233273804,3095337.043,133254720.4,6021971.077,3507932.252,3182552.255,2860872.661,8806092.977,3849781.706,16518008.85,3722581.726,2851647.804,29615602.94,9688813.752,28379391.06,129657040.5,12666769.41,7362286.786,26034712.02,1362372.346,70691549.16,339859764.9,0,35910666.49,3238170.142,209845121.4,2290015.765,16498031.15,33138289.14,16188707.92,,134765030.2,168616545.9,70741356.1,2.384505633e+10
2025-11-14 00:00:00+00:00,16295912.71,93555579.86,2870870.634,34322504.55,664263506.8,7069211.912,13006728.5,104697667.7,1177636.592,8643626.042,5887698.633,0,14911506.84,1436392.071,19524144.34,8838891.767,,2746066.191,1345454.624,1365795100,3041394.501,161152722.6,6945381.499,3565657.385,3975614.625,1451791.799,9821020.765,4852186.28,16914569.55,5184938.769,1830467.901,31251058.75,13947926.75,28983635.53,144892213,19140822.05,6353826.008,30392110.99,1349898.899,38378279.15,325557344.5,0,46211813.99,2786099.248,203312497.7,2476387.961,15233239.51,39967657.16,12454618.63,,159852401.2,198336151.7,11272749.27,2.769991908e+10
2025-11-15 00:00:00+00:00,4137984.917,32375974.85,1800215.231,14391770.46,255149025.1,2390974.141,6379632.738,46445558.47,0,3970802.135,3443059.325,0,4973042.34,751993.7835,7043186.397,2587225.685,,2123060.616,681232.0604,526403486.5,2528382.024,67916848.38,2707005.58,2061378.676,1684538.553,928327.213,5116566.425,1500151.529,7159848.01,29796165.52,0,23461092.21,10196196.6,14572124.77,57550160.26,6645076.156,5570659.437,12998262.72,1420223.88,13837238.14,137734459.1,0,17644929.93,1722401.177,86402988.89,2653908.122,7880796.388,19673966.62,3710135.335,,70757986.54,99029624.83,76023481.87,8648839692
2025-11-16 00:00:00+00:00,4660305.85,58005361.71,2154579.157,25544754.6,393887861.7,3032159.618,10429618.59,77942118.65,0,7380249.77,5547715.834,0,5960866.651,1766901.471,10990779.56,8181821.235,,2340754.535,1064293.902,912076948.4,2881285.481,86810366.3,3977632.161,3286027.125,2860542.351,849599.6428,6245401.978,3878738.662,10903212.16,17495891.51,0,55270061.53,8556046.791,18747873.38,86916056.73,8926290.893,5046671.513,23801941.77,1157606.004,20948944.34,239376945.7,0,28822720.94,2255492.67,123128579.1,1992346.408,13952230.69,38045625.05,4428253.192,,99529076.57,126883505.6,13870474.31,1.285882461e+10
2025-11-17 00:00:00+00:00,6265897.932,83710898.36,2804714.447,30300211.9,405821292.3,5280073.085,8827088.531,96872780.11,0,8535642.825,7132312.667,0,6172855.134,1402529.07,13701393.78,6790125.984,,4725093.484,825358.3554,1309314528,2492456.536,112551338.5,6171516.903,4677605.113,2829843.999,1467496.383,7632330.831,3497400.965,13121996.54,27512424.71,0,31486607.19,7443918.938,23704515.46,103184188.7,11359703.22,4849839.786,26485954.8,923745.9315,20975672.74,357707720.8,0,28009240.89,2022058.66,178208700,4716479.816,16265051.86,46684605.76,5423747.695,,138670683,162006785.4,35964619,1.925146831e+10
2025-11-18 00:00:00+00:00,6605954.8,60768342.12,1588987.188,26034360.58,341485948.1,3680261.893,8475932.369,81274353.88,0,6072056.843,18724153.88,0,5571752.79,1770181.201,13711059.43,19319783.33,,4046958.864,933881.5019,1118481720,2195778.93,137688563.5,4673462.272,2894005.235,2446711.373,1004904.468,12844773.33,3847705.312,11378757.29,9480501.668,0,27472751.94,5069813.631,25407391.89,111932791.6,11532703.36,3036918.212,20370541.22,769669.6245,20510657.96,315534344.3,0,38156473.72,2214364.886,131485682.6,1968397.779,57199329.62,52758837.95,3507104.366,,112056844.3,118309039.9,9376502.39,2.12876501e+10
2025-11-19 00:00:00+00:00,6246558.623,75183146.13,2086789.516,24810946.86,415174176,3336419.474,10247411.56,96634302.19,0,6754183.735,27308306.72,0,4803728.479,2580076.778,15127388.2,8661006.233,,2304153.196,1183090.437,1193313301,3144107.927,121691739.1,6269360.699,3015724.699,2726589.765,1686906.747,7950952.629,2702568.259,13983444.26,6442869.217,0,24972005.69,6664816.784,27443901.77,97006841.24,11196270.86,4242890.975,23362773.19,1414619.818,18351592.12,210145998.2,0,58503984.87,2522465.552,137977307.3,3322819.776,30903183.83,35787404.62,3571776.336,,136582645.3,94850938.58,6281911.168,2.053164647e+10
2025-11-20 00:00:00+00:00,5924910.301,90500410.97,2316914.028,28703596.94,506396787,2959102.745,10889214.28,107646096,0,6915319.486,41038162.04,0,6039766.554,3726425.198,18865052.78,10993469.1,,4635638.998,1396507.142,1296651379,17024274.14,326997167.2,23262143.96,4842696.735,3616566.687,1175948.328,11065441.06,3056549.458,24364815.63,5658803.005,0,36937598.9,11070887.73,33722879.76,123505945.8,16434531.69,4316154.202,32948761.93,1411639.435,28249926.39,317882586.7,0,40943581.54,2545672.856,120828935.2,2645857.55,21322602.2,37031541.31,5653394.221,,142152984.2,88167706.07,6948504.815,2.471012802e+10
2025-11-21 00:00:00+00:00,11290489.28,135826355.8,4355850.902,46176540.91,770529381.9,4104222.12,20433309.05,179082389.1,0,12906797.21,34413633.19,0,7507849.33,3457049.327,23325892.55,12260240.11,,3888348.256,1359340.425,1955246514,10988790.33,363390541.3,13993841.34,4236409.68,3877667.187,2084141.93,15861386.3,5984302.026,25402958.14,8987405.084,0,38711570.89,12548960.93,55243634.24,178474869.3,24184798.43,15520722.32,39834616.22,1560337.721,35706876.98,374589968.8,0,44569686.66,2429455.048,233789437.7,4947891.194,22863183.73,44975707.26,5455621.28,,243870465.3,249184369.9,5084981.369,3.776620454e+10
2025-11-22 00:00:00+00:00,6926198.002,52527059.05,1710449.417,15950635.94,333931920.8,9441857.354,12383675.42,76394576.52,0,6663026.692,9112684.978,0,94128214.26,1186554.947,11755988.58,3697792.674,,2188517.797,763217.0435,923642730,3079328.169,223156366.4,5746827.333,1549731.999,2361521.251,803219.7,5599424.221,2461270.168,8889484.418,2600172.514,0,16004286.16,5981699.207,19806948.81,79210787.03,7584319.645,80063116.72,18575165.87,687473.0138,21431073.64,143587909.4,0,17573140.98,1589263.851,92891956.92,1420503.044,10278191.34,27516109.23,3258597.651,,116123215.8,233992781.3,2567151.471,7944941196
2025-11-23 00:00:00+00:00,4594104.586,44082941.94,2134314.203,14282812.75,222493742.9,142973834.3,11582497.52,50379698.14,0,6434925.632,10715805.51,0,28229705.19,2399151.917,8696600.675,3949995.883,,1779584.706,1209363.36,667119041.9,2938421.305,184120761.2,4659381.959,5967753.753,2154858.767,1213547.133,4812166.191,3780182.43,14332704.62,6894996.306,0,15400030.25,3915179.922,16426302.35,64736899.57,6581145.251,1614294348,13468320.01,978722.4579,14773625.88,188681485.2,0,26206675.52,11071390.75,65939101.78,10200372.07,7738960.014,21563999.46,4873195.421,,80383642.13,84168255.49,4787571.251,1.202196592e+10
2025-11-24 00:00:00+00:00,8869170.1,95955593.98,1662538.649,27173582.6,412363780.7,147803250.3,10299478.61,78670926.47,0,6610380.981,15840332.25,0,38029773.35,1591887.924,19994937.67,5362941.544,,8094775.838,851680.9518,991503410.6,4287343.795,277451892.6,4658821.989,3879972.355,3196900.151,882444.4481,7466548.578,3295009.895,13394877.55,4171010.337,0,22637753.38,7394648.493,22790685.31,100511372.3,13146418.13,982940686,28524115.13,4181128.325,27721396.05,207055521.1,0,36774688.69,3581866.752,92873775.51,4410149.415,19217015.2,35872545.2,3645661.925,,114563192.1,192598884.2,5209520.838,1.839026845e+10
2025-11-25 00:00:00+00:00,5745823.187,74738174.29,2001481.633,16930483.31,280338862.1,65144951.07,7195035.731,84402066.89,0,3937289.462,7281737.293,0,471840216.8,2660318.954,13409289.11,8553790.012,,24265410.99,674212.0686,756358101,3072362.556,317180268.8,6012216.381,2480379.132,2511698.762,538707.6869,5287372.388,2272499.29,24904221.28,3621777.754,0,16154752.95,5313901.896,14534046.83,100935396.5,9503421.546,796789024.2,16771307.11,1275510.162,20999017.93,144589292,0,35958802.53,3514442.743,71587637.74,2690809.39,12061640.51,41641797.72,2486394.842,,86293167.87,155365939.8,2533605.434,1.305811994e+10
2025-11-26 00:00:00+00:00,13244909.34,47383629.97,1707260.147,17528094.76,296934167,14003985.2,5371917.497,79006571.59,0,3089852.264,5971439.952,0,219775142.3,2068828.996,10633563.5,12694679.05,,5366200.236,685185.5318,772208729.2,4320121.988,355500795.4,3624087.807,1985365.254,2197977.617,1126555.622,7132871.82,2262429.323,12790663.07,3242859.851,0,16630930.42,4894572.961,15104768.01,80132753.5,8582338.283,226680615.3,16638120.39,864920.5863,14899138.02,161022328.5,0,69747339.07,1888785.751,56264642.05,1757140.465,16114341.22,31227451.21,4491335.862,,102238762.7,194616948.6,4200346.453,1.403593137e+10
2025-11-27 00:00:00+00:00,12526476.47,40983783.8,2342187.289,12228576.77,194678979,4886217.764,4042844.965,53535807.69,0,3746672.56,6658307.102,0,88572552.33,2025335.018,7768962.5,17282648.04,,10059759.4,866192.8316,459680448.1,3309640.696,253435676.8,3770214.82,1722630.651,2466231.263,932075.1565,18746044.05,9782194.2,11351221.24,5658486.591,0,19910395.57,4341275.858,11196315.82,65559372.54,12262695.04,187483415.7,14292370.06,564030.557,10314296.61,112628189.2,0,49439612.23,1429972.879,47676151.11,1723521.518,270660056.7,18624323.67,4842675.59,,60948701.82,89602149.98,4308585.861,1.036338107e+10
2025-11-28 00:00:00+00:00,9106054.009,61695421.98,2440105.167,19495899.05,301418758.8,4183229.658,5852389.055,80479216.19,0,5636428.939,10889692.17,0,423087916.2,1221187.941,13099354.47,5594041.462,,7719109.175,811396.4706,764455412.2,26982711.77,219670477.2,8463893.657,5380015.466,14256493.14,735799.0542,52769171.31,2449139.164,65487484.2,3794590.771,0,51219512.69,7347843.717,14698642.26,96279906.48,11002906.35,1033520144,43284879.98,563459.3946,11121920.16,144619697.7,0,41151724.71,2501996.397,72099175.43,1620266.529,734534315.7,33271945.51,3653988.439,,85493205.38,85869880.25,3331422.831,1.343915909e+10
2025-11-29 00:00:00+00:00,5699871.912,32855585.81,1673897.662,10670385.95,167653862.8,2882393.863,4331823.075,40160299.83,0,3119379.273,5540828.281,0,141420464.9,1186592.217,7392073.076,2881358.363,,5661172.359,600229.1958,358614844,5405720.24,125750356.7,3689689.758,20268608.11,23261138.23,541208.5903,9449763.262,1459636.525,22019932.21,1835972.245,0,17645272,4231089.538,12161798.55,45745892.91,6603900.319,1109366614,16824949.2,0,5665613.703,71386693.11,0,18484778.46,4270930.103,40406368.66,1144513.094,275505855.2,11713214.71,2096217.793,,51376841.09,37969613.43,3104462.732,4912678291
2025-11-30 00:00:00+00:00,11777945.98,34874839.79,1580473.342,9963947.238,186633394.1,3322336.937,4036909.937,35758150.21,0,2799111.237,14883692.11,0,161450407.4,1363639.579,7342319.153,5000259.227,,3758573.259,651688.1864,425407068.3,3397732.973,125912171,2878452.261,81902374.85,6313949.737,2029503.393,5316328.873,1753944.581,16605367.89,2821007.478,0,18002862.54,3127710.482,7874423.14,53269494.52,6856349.652,1857998338,14079383.81,0,7432826.352,124215564.1,0,24573409.39,17705236.74,38357202.11,3804443.766,102494909.6,14640743.67,1956806.261,,51207851.55,51133849.64,6477407.617,6030481989
2025-12-01 00:00:00+00:00,9924391.794,74915349.01,3003054.206,24462609,459629665.7,7897135.933,9109524.27,94294231.94,0,6302524.031,10347508.46,0,138050350.8,1495528.93,14527376.13,10613956.57,,4195236.902,1311878.576,997939171.1,6005001.147,336097112.4,6640665.821,107486031.1,8332694.536,1294863.835,11059854.32,3187674.602,21050324.53,4743470.041,0,25523128.46,7842964.959,23937594.88,111246255.9,12761667.35,1795515407,23570593.79,0,14337740.21,229445911.6,0,45247010.82,16961225.59,116402808.5,26253610.68,61255038.2,31057979.57,3937707.003,,105749463.6,176701904,54000148.38,2.557792425e+10
2025-12-02 00:00:00+00:00,9747518.843,77080600.9,2776421.192,21818119.49,389604015.2,4673277.755,8916127.311,69237388.97,0,5740933.486,8000119.95,0,45416879.16,2072441.755,12525165.25,41011183.28,,2979287.965,3101242.957,778674649.6,43939536.09,339407774.4,5607823.28,26500007.43,4175895.198,731731.8669,7144528.468,4198901.276,29606360,3134350.785,0,24742331.38,7267508.481,26211231.36,216722639.9,12607900.89,1561973048,25724460.47,0,15209406.45,187169455.3,0,48646952.07,6892473.017,67346047.58,7432995.881,237532830.5,31298774.82,3598607.437,,143585351.2,123153104.7,106867760.3,2.039801862e+10
2025-12-03 00:00:00+00:00,9314457.363,56561676.02,2410599.554,20418476.32,415355642.2,6492130.346,8036154.639,135818344.4,0,7200858.545,21408962.43,0,47123348.68,907189.2832,9053824.922,30510502.34,,2559127.702,2578717.114,718568582.4,11722239.17,258873007.4,4033803.319,10267835.03,3744125.441,736602.1525,6162693.23,3090576.13,18986692.92,3197694.328,0,20741523.23,4019017.72,18446498.56,181519470.9,10218471.77,1112040351,20496450.55,0,14710064.57,174388505.6,0,32691850.95,4460543.647,76666149.69,4783603.322,364662335.8,24476508.05,2923314.168,,118000057.9,87555596.64,32380868.8,1.867581504e+10
2025-12-04 00:00:00+00:00,6266094.874,46772843.35,1651079.94,19683306.26,318423257.5,3717956.585,7538056.902,84102169.63,0,4534588.188,22418950.83,0,24279952.1,738075.7763,6883166.357,8172310.999,,2184404.326,898246.4801,588172534.4,5044599.879,379082075.3,2594644.663,13873238.3,3080179.293,1092041.428,6160608.654,2221994.865,12147440.76,2538812.7,0,17067884.69,3577882.835,18787006.74,101713828.8,8860705.529,624725068.1,17541855.3,0,12087902.13,170206309.9,0,29210883.7,4845693.908,63091319.04,2042085.197,127748293.7,20021881.55,2049609.633,,166734227.8,62589237.05,29028249.75,1.359744141e+10
2025-12-05 00:00:00+00:00,5031755.485,57412342.6,2061315.28,18535947.58,320657505,4728994.596,10565376.24,80587537.38,0,5291623.258,11274134.64,0,17774403.25,863075.3651,9601161.762,11754905.25,,2033670.077,2058602.808,647368683.5,5150044.551,294980940.1,4261818.613,6243910.559,4671275.447,857345.551,7629455.541,3534723.688,11747972.58,2875096.525,0,17013993.65,4975594.927,18905699.44,101116177.5,9504962.667,439480015.7,18636829.04,0,9425220.098,154506729.4,0,30272914.68,3208886.084,74376476.06,5702213.056,96333301.02,14822384.37,2718635.767,,114898547.9,56012425.6,13657441.16,1.616634389e+10
2025-12-06 00:00:00+00:00,3078404.995,29491307.03,1877467.353,10838538.46,188391412.7,3001993.777,8170856.069,58048701.33,0,2754336.505,12819171.53,0,14476213.18,1972565.553,7569447.172,6535090.157,,3639742.389,905332.4573,286649747.9,7052677.441,200988131.1,6162181.404,80493194.1,56637757.26,513089.9586,10558113.62,2513080.201,212173805.9,10990851.94,0,17534221.38,18764756.73,15653352.35,62165996.13,6071165.122,1470146832,24764870.6,0,6108957.69,114735258.9,0,16381591.7,83691612.28,33960633.57,3406688.55,39849285.88,9652816.23,5913631.77,,62976588.76,25887506.09,9058604.659,5087173919
2025-12-07 00:00:00+00:00,5160208.536,69689728.78,2956619.603,20141728.89,299871948.9,2745943.814,22324480.94,64577917.43,0,4165693.878,7660792.844,0,13252412.17,1232196.407,13005089.54,14159375.13,,12137534.71,3254991.292,565952916.3,22900625.63,271552695,19827050.55,12461806.78,22134167.53,600230.2877,7470562.156,7826350.644,841004354.9,29673245.4,0,28086470.21,85390029.24,23516460.74,163660504.2,12543580.15,832394329.8,51361554.8,0,10496636.34,116583615.3,0,31912519.25,26929512.13,77581332.77,2038219.298,67476404.93,14045829.98,3685294.085,,68756240.72,51240860.58,10842873.8,1.161572287e+10
2025-12-08 00:00:00+00:00,4711886.113,55325376.17,2674126.11,45564208.78,427553136.6,8862256.822,8485538.753,65673182.67,0,3798214.508,4782984.342,0,8751261.524,898680.807,13420539.5,9349354.839,,2660397.209,2604243.832,577781404.8,5340317.327,227208455.8,4331008.206,6554234.953,9784975.999,436814.456,5194547.109,3666774.262,185196648.1,19489043.46,0,26670057.08,14900286.96,21598005.07,107993458.2,10218786.06,578462416.3,27319947.23,0,9315083.172,112229299.6,0,34515088.27,6159606.16,56673588.05,1980013.785,68611287.11,14342576.31,2515742.499,,68224182.45,72440605.58,7324336.383,1.38511833e+10
2025-12-09 00:00:00+00:00,5513460.874,72300001.09,2280103.245,45811122.59,445491425.2,14967346.27,7837943.888,93850808.06,0,4283685.862,3932945.28,0,16297804.43,1206282.758,15676818.79,11032082.9,,3250110.291,8509932.024,797536796.8,3900454.656,300630088,4520203.267,4980070.375,4796405.16,514586.8907,6623544.025,4002352.436,80895529.31,8668737.577,0,25998526.04,11433257.9,22467344.6,193102187.9,14766137.7,1195525271,39783123.44,0,8863729.761,117870740.1,0,35560924.4,5956692.942,112085100.8,2304478.066,34719549.95,19117572.38,3847424.143,,117636838.7,75444771.06,6931417.447,1.674676748e+10
2025-12-10 00:00:00+00:00,7271040.329,90329279.84,2269218.025,21775101.29,441439592.4,7877128.944,8377476.642,80445365.91,0,3620122.685,5322683.797,0,12709932.4,1011675.444,13638137.76,10719433.42,,2038713.415,2520516.881,742329816,5851488.648,197012649.9,4440978.483,5174915.989,3949643.681,464476.2104,6899460.066,3650374.261,55205653.8,11503190.07,0,24749116.36,11690672.82,19606313.83,151494774.3,13492002.49,1448360998,23899917.94,0,9538284.531,110517655.1,0,37006556.56,7754314.736,79394586.71,2214083.575,30353549.87,16637646.32,3275354.619,,125535431.6,83436453.66,4389045.855,1.48486061e+10
2025-12-11 00:00:00+00:00,5913023.247,79018972.22,3023641.399,22273247.18,320891814.5,13578211.47,9565840.347,71881769.62,0,6464753.648,4599654.429,0,7080112.949,1166760.024,13855854.26,6746297.593,,2360943.421,1601569.891,678833740.4,5644393.026,188478421.9,3417220.263,4544065.503,3418220.687,950867.5878,8902068.056,4055582.391,63177794.67,3799011.774,0,21469837.14,9290826.537,18861068.65,129610560.2,10514018.99,614416828,23770588.15,0,8182666.984,97910488.2,0,31689717.64,3573335.716,52251776.4,4267442.426,21905206.1,20534602.16,3482426.296,,107133739.6,49895071.3,6343729.07,1.735922186e+10
2025-12-12 00:00:00+00:00,5522925.16,77531460.31,2555029.615,15837473.56,303664057.1,3826241.003,9039066.513,64933181.32,0,4876584.65,3220085.144,0,6004469.11,1729131.511,10622138.78,10041109.4,,2615499.577,1465406.505,527914175.4,2815762.102,213205738.3,3373209.59,4239412.999,3458243.724,488589.5276,6319860.207,2639440.498,27442380.94,2793235.267,0,18521981.23,5750792.852,19831256.99,94265204.12,7808530.039,632056619.2,14888473.21,0,7995175.232,84343716.85,0,23378088.88,3991890.647,46108981.95,1433612.474,19695837.02,20325377.8,2783830.078,,84839480.43,37513050.17,4449954.926,1.320012505e+10
2025-12-13 00:00:00+00:00,2469512.079,44261946.44,1321651.971,7553870.905,139703730.4,2662132.749,8871782.674,33658519.72,0,2132645.372,4273096.513,0,6890633.843,1958323.444,4884414.142,4751327.194,,732389.2179,615470.6456,255370726,3058820.873,89059890.27,2399063.906,2213614.694,2529944.048,737566.7806,3295987.433,1449143.839,13138342.45,1879957.492,0,10324209.49,7602333.586,47151336.92,94717066.53,4507969.723,304579062.2,7244959.001,0,3225537.526,37447061.5,0,10812622.64,2156443.155,25777075.69,960024.7104,49559889.19,7886352.968,1160087.699,,43642753.27,22302290.98,4136570.272,3269571102
2025-12-14 00:00:00+00:00,3938200.05,38125503.49,1446905.787,11028908.6,212454105.7,3630459.954,4905699.741,44889761.46,0,3421383.077,6032814.182,0,8682002.999,1807040.856,8146680.067,5006230.184,,1148835.559,789905.0022,384699527.7,3710803.627,94734097.02,2518602.421,2040230.513,2778635.584,498742.8558,3999840.47,2169021.351,19545562.25,2387813.751,0,12281054.65,4976537.249,24716779.52,74773388.43,5127634.921,352117781.1,10373268.77,0,4361632.039,61051312.46,0,16637682.76,2317610.957,42996098.27,1170722.789,35919658.58,8193853.835,1257515.858,,59929575.01,37497809.85,3657843.032,8202472245
2025-12-15 00:00:00+00:00,6835552.819,71181534.54,1711657.844,19123555.11,347963138.5,5007426.657,9416495.864,69926927.13,0,4090505.351,4757337.518,0,75328094.53,1992146.651,11943575.4,6360689.654,,1637673.197,1522048.42,753825254.2,3744521.264,141942731.4,4455273.536,6641437.268,5110156.82,798505.0818,6586475.986,3033630.099,26654053.77,5372995.986,0,18480484.83,8347536.343,43830420.65,112748412.7,10486649.44,546706717.7,18902878.7,0,7487058.127,144094178.1,0,23105604.12,156369501.9,65842625.97,2696343.131,26777887.29,18405477.77,5017921.484,,106019012.2,54033017.97,4486491.328,1.701192579e+10
2025-12-16 00:00:00+00:00,4699741.249,45827832.47,1363546.925,14248867.9,269479687,3381064.106,7100736.731,58719764.26,0,3375956.282,5576647.028,0,84672570.03,1660775.789,8357618.957,3456092.991,,1065316.332,1104535.511,532016381,2195467.378,132789554.9,3157459.059,10819963.83,3293097.117,512945.1609,4680319.629,2132277.938,16254624.22,2703333.036,0,16238307.34,4691345.324,59724837.72,89529597.8,8475462.182,1372523585,12447853.38,0,7139276.945,135081477.9,0,21032850.31,124644069.6,52688408.41,1810157.522,19363651.14,14530780.82,8182937.016,,77835113.34,38040227.08,7060902.318,1.236152304e+10
2025-12-17 00:00:00+00:00,5607135.658,73790422.22,1845373.605,19707421.62,345620486.6,3048030.839,9925993,78018839.41,0,4303444.894,49464738.06,0,74947355.07,9820971.763,11573971.19,6389076.27,,2073811.042,1492222.554,757517089.2,4157677.455,154258622.2,4964379.949,5106161.571,12846766.89,1237587.683,7097503.278,2859596.865,20703282.66,3347042.413,0,26004801.18,6080087.851,33515000.41,123159738.2,10937477.11,772408633,15738354.8,0,7972349.312,147824188,0,25329133.95,46201252.53,63109985.14,1990741.192,22645975.74,15874302.31,8135769.656,,117455483.5,57909564.94,5336053.61,1.82284658e+10
2025-12-18 00:00:00+00:00,5663056.773,69308785.56,2751230.745,23577914.75,412848860.5,3400948.602,10814777.36,107053931.6,0,5480392.251,114503618.8,0,40139163.41,5984571.122,14054710.67,8012950.675,,1617885.185,1430186.05,886343602.6,13566692.31,242788203.6,3820674.154,6126558.42,361144306.1,855092.757,8140301.222,3580923.49,16526037.42,3689658.311,0,27493923.69,10657900.72,27346315.55,124743010.7,12291535.11,391166078.6,16614561.77,0,11096875.24,150623314.1,0,24050178.35,25066050.94,71922498.44,1941986.889,25513395.78,21704301.66,5437979.253,,118287640.7,72924123.76,3765674.297,1.994408298e+10
2025-12-19 00:00:00+00:00,5731830.684,51330124.2,2971763.108,17096383.93,368594872.7,58251515.63,9501294.431,69271609.05,0,3764959.063,66380389.86,0,184851456.3,5315175.566,8797396.274,5774112.075,,1072261.342,945981.3278,699355601.4,3988475.129,170840267.2,2826715.062,2946982.384,53898497.42,673807.1067,7345887.337,2999491.157,17697905.06,2840271.527,0,21392250.17,5285526.737,29657779.65,101735916.8,25110484,273657251.7,13897412.39,0,6939509.339,125361964.3,0,18103031.48,10225943.57,56879332.81,10119597.29,64923071.14,10491132.08,2409749.996,,112723169.6,59562015.19,2848338.859,1.56173378e+10
2025-12-20 00:00:00+00:00,2374276.181,21173489.41,1292992.763,7171919.998,144320174.8,11951768.38,2862041.186,25496877.88,0,1568903.553,122646651.5,0,23749849.3,13953724.62,16962745.56,1590911.914,,521293.9345,345496.1146,241771029.8,2434895.795,79859320.94,2504186.311,2700725.526,15323006.28,396615.3159,3368998.155,1258354.704,16408161.09,1629157.524,0,8958162.768,2512322.83,11215723.22,40254403.01,30172891.55,209873004.6,11978965.25,0,3295943.134,57371303.74,0,6183772.642,16982815.23,29320931.49,7579886.555,16543419.01,5107850.302,1402208.852,,44059408.13,20424951,6482184.621,3171782778
2025-12-21 00:00:00+00:00,4215448.182,29087374.21,1248745.56,10003601.22,188997633.6,4561157.418,4947569.185,31914233.68,0,2417416.119,120046548.2,0,16205185.41,3745992.574,5715890.324,1858747.058,,719916.5792,854128.099,351612471.6,2028269.328,60364807.98,1860021.536,2723983.059,13812079.64,485475.7417,4152244.727,2181241.747,12043785.68,1859381.157,0,11754387.35,3349376.5,11172548.81,53395349.58,8809814.086,291251126.1,9271852.878,0,3972971.34,54825958.18,0,11554524.47,15525791.7,40341871.44,10274006.15,16322110.22,6585873.77,2112558.842,,50029695.36,27023066.08,4673225.58,5968133892
2025-12-22 00:00:00+00:00,7994608.277,37829272.71,1683565.587,13485869.83,255294573.8,2651439.786,6588713.673,53632623.56,0,2521170.25,67347946.68,0,13378677.04,9724933.756,7625519.879,3950989.839,,1727669.939,644394.0304,555330478.1,2508847.117,120377422.9,5030185.363,1625558.901,6415394.032,589662.9535,4342975.958,2068576.183,12289614.23,8297245.986,0,14498242.53,3763749.277,12704509.86,76465630.11,6518044.389,330812355.3,14910923.8,0,5782040.675,85498843.98,0,16547935.4,4666334.172,63712401.75,8811014.441,20176382.9,10334130.88,2390681.188,,77798850.81,35428767.05,2423567.094,1.380159855e+10
2025-12-23 00:00:00+00:00,10075613.1,35682646.86,1350522.804,7955974.108,230606572.9,2518006.058,5955916.987,44044973.43,0,2422690.244,52481715.74,0,17404017.5,30374629.27,6817387.752,2482027.941,,1856566.452,720031.0781,467395011.9,2928446.123,95830825.26,2293208.077,2224916.321,4842701.69,430927.1579,5156468.473,2132684.648,11092087.34,6651691.705,0,13973227.97,5289253.059,9916630.304,54695388.85,7287189.64,478918325.3,10801225.73,0,4741533.174,112331809.4,0,12171149.26,5315169.036,47241152.9,8119733.431,18663013.01,9754459.547,3444987.076,,81277448.15,28475406.54,3308983.608,1.171487677e+10
2025-12-24 00:00:00+00:00,7920265.843,29534740,1048723.096,7731156.569,186901441,1559405.406,4599528.636,49944415.37,0,2327479.51,130562863.7,0,9187297.17,18177926.5,5185684.217,3362498.771,,758472.5152,881414.0989,347361685.3,2090952.47,68263054.1,2797955.66,2547880.722,3554496.741,320217.0802,4048338.263,1560594.578,7930348.164,3921998.388,0,11374059.41,2297208.057,10937959.69,59906897.05,4719100.66,1040481258,7940656.701,0,3673538.554,61903123.21,0,8947452.311,6904906.717,52606936.88,30174696.66,10752265.77,12535354.47,4170177.23,,58313164.05,22678875.18,1774183.857,7107553240
2025-12-25 00:00:00+00:00,3684220.364,28521673.04,1419802.667,9742858.826,153821922.5,1462411.898,4828983.131,40563258.04,0,2616219.676,75676136.26,0,10558913.47,9163905.348,7371424.784,3466229.335,,774216.9052,668937.2187,355099218.7,2826130.936,60558292.33,1913078.946,1229323.491,3713811.593,342074.8047,4372562.886,5252607.896,6832883.689,2085842.896,0,12589301.58,2764452.668,12003045.39,44791805.14,4353215.817,402681198.9,8736630.786,0,4655269.423,72373483.72,0,7826236.578,3326206.265,32837995.02,4319817.774,14847148.41,9281614.023,2108254.472,,57818624.92,40419062.94,5841200.99,5072600549
2025-12-26 00:00:00+00:00,4173524.175,41313948.29,1221579.381,9701805.334,221366285.9,1712605.451,3673321.837,47249909.27,0,2546108.29,68001640.29,0,17829025.08,4175464.11,6429098.599,4509142.307,,2194981.171,456168.5647,556565086.2,4663047.433,99312675.33,1648058.347,1110853.077,53735076.08,371780.0117,22289133.09,2045434.914,10054901.45,1914836.096,0,13411776.1,2858353.911,14439129.24,49367216.89,4294896.815,259777329.6,7304046.989,0,3557665.337,63038218.47,0,14298357.18,3310772.72,37788356.83,4036850.497,19750868.82,9212988.894,1617853.611,,58936797.8,69290116.44,6628270.201,1.320473231e+10
2025-12-27 00:00:00+00:00,8122961.196,22111867.37,1257218.124,5816618.861,155913699.6,2897209,3399031.797,32269688.44,0,1314285.133,36799382.51,0,16205365.4,1416123.897,3021258.203,2143785.268,,591121.1698,293898.2406,274014067.6,1257693.773,53388262.41,1222469.933,2272934.635,10081914.95,572247.6768,6209073.805,1325926.372,4744637.043,1412290.726,0,6997409.502,2524064.12,8069491.454,28974638.07,2833770.3,141789605.8,5601031.022,0,1967006.497,36612329.13,0,9555134.803,2766141.908,27854599.14,2470906.338,8869871.938,5361974.774,1120234.556,,28483978.19,32439609.45,4164117.798,2388675295
2025-12-28 00:00:00+00:00,4680440.262,25909390.12,3067748.251,8762156.697,156815229.8,1897269.129,2894405.796,31475197.12,0,35741182.69,40345086.42,0,14048424.54,2269180.394,4615364.234,2274279.683,,774600.5259,497014.3028,230141508.6,2344708.187,60864822.95,1548653.058,1032154.913,3975427.915,473267.4719,3955047.079,2312120.894,7321124.446,1389026.898,0,8900735.899,2622978.626,8137746.692,44205024.53,4857355.648,160396962.3,5567648.511,0,2747973.437,35303292.37,0,6315431.874,2407864.755,35981177.65,4391172.522,10644212.66,4828742.989,1835249.542,,35275362.23,19759430.1,1805135.752,3278205504
2025-12-29 00:00:00+00:00,6230581.407,53618968.73,1770414.61,15991204.58,236550124.2,3798946.844,4715055.95,68299462.72,0,13862590.54,40608468.31,0,9301357.61,8459848.619,7444863.763,4608316.382,,2253809.002,677026.0211,609992507.7,3934757.818,99908909.76,3347361.18,6782396.308,4599506.721,413312.5897,5656346.667,2656127.959,10314090.34,2664618.232,0,15559227.14,3313843.954,11193876.12,62007002.3,6997582.439,161658318.3,10622673.77,0,5466078.84,67068372.14,0,13027626.46,3539775.308,61131208.03,2602997.695,18984754.16,8642109.077,1703230.915,,100951383.5,46247691.19,2147126.781,1.678775103e+10
2025-12-30 00:00:00+00:00,2473699.618,29203710.77,1615808.669,12475859.12,187043695,2251937.604,3347311.243,52443738.7,0,6910840.349,24772959.91,0,6307644.569,8528050.256,8036566.954,3643657.649,,664819.5103,515824.0299,406126230,1462401.973,79380418.29,2312667.148,13686339.44,2959163.192,1151768.275,3413678.628,1413479.797,7702991.293,2302607.995,0,10163432.95,3636285.445,8478564.919,34095035.26,4549216.739,132455801,6812719.041,0,3084008.474,37648009.99,0,7709469.025,2276553.685,35028539.95,19177487.68,10317098.39,5442428.205,1205793.138,,85026898,19828001.44,2382931.832,1.117228022e+10
2025-12-31 00:00:00+00:00,3184766.261,28817534.54,5447133.306,9987137.33,164073058.3,2188220.35,2679445.11,58042247.76,0,4583882.855,31521706.95,0,6291374.425,5132524.427,7253522.74,2980845.607,,1249548.075,1313578.645,541606071.7,4495622.403,70171463.35,1730397.835,8568540.758,5301397.427,2118447.133,12358814.6,1874692.272,9029407.426,53797558.28,0,11780599.43,3682375.667,8815261.297,40964113.7,10151975.69,120555746.7,8009959.171,0,4842895.474,76844387.94,0,7965468.786,3476796.584,64823264.66,49009467.86,11160362.4,5527461.815,1529916.45,,68809474.09,23446992.74,2046029.509,8534611356
2026-01-01 00:00:00+00:00,1861366.916,42020774.27,6338714.551,22316544.33,505267283.7,1637582.937,4886507.522,64552398.6,0,3959868.24,29369208.17,0,4422853.384,8083571.019,8890322.985,3403693.613,,2084311.173,976946.08,679305603.4,4049083.538,57942129.13,2415445.707,6134287.731,5943184.512,1364036.79,9696287.892,2039856.767,14859330.27,35301930.27,0,48983798.99,9549118.094,13422301.45,40520426.26,27835610.24,79255568.61,13513284.24,0,8589090.263,94166562.67,0,10716542.69,2082988.148,57712395.15,7529834.07,11931669.71,46850049.82,1516716.115,,65272543.88,20139813.69,1513527.632,4221684072
2026-01-02 00:00:00+00:00,27360111.44,107756006,5169354.641,63013743.46,1888369842,2141716.047,6688948.68,130879587.7,0,7738574.849,26903791.42,0,11220737.78,5375198.362,26493957.63,12510502.59,,11473129.05,1799380.013,1429627238,4075356.79,137708225.3,14035504.74,12642291.22,4259313.66,879889.455,25247862.51,9286693.397,27082222.48,11749792.35,0,87519033.76,22633030.28,13613627.6,161004822.6,14441506,101369011.6,52221019.79,0,47943551.71,144259356.4,0,36465771.13,2886176.652,84017589.1,4636039.759,52868164.19,44152963.32,2936840.203,,205350161.3,49539215.36,2669077.895,1.581843636e+10
2026-01-03 00:00:00+00:00,20958207.98,70214728.5,2368266.635,46275606.21,1237724463,4466251.896,5958335.577,67654132.33,0,5544184.912,18456362.57,0,11658479.24,3785796.403,15499033.72,4690230.451,,3166902.201,1001631.89,712448421.3,3417992.247,136015419.7,7271435.751,4738993.155,2657760.007,1520047.199,9096624.716,5788303.568,22239927.69,6700316.96,0,48214325.59,15493655.07,12165173.03,122361848.6,10088208.29,173574773.1,21214674.16,0,14474597.43,130169695.5,0,16941107.28,5376600.5,252007148.3,2910562.797,28977903.09,101359334.4,2029253.694,,130035512.8,232495317.5,9642526.183,5120704165
2026-01-04 00:00:00+00:00,38098511.1,843803262.7,11405397.67,110706310.5,1776908812,3515140.32,9186897.386,209920494.4,0,12550483.93,27963513.2,0,7569762.91,2783734.923,71784779.33,28834270.07,,6290614.445,13192623.72,1271490837,21119030.9,199736670.6,18083753.65,6291867.984,21484480.46,2082871.883,19572211.64,15735062.12,70098827.15,22057400.83,0,51362892.4,12839672.32,19607083.93,293033209,22667000.84,316283436.1,76512449.38,0,25941631.56,120416123.2,0,42155043.62,5707540.811,186060486.7,15164286.4,36121079.96,62378264.44,3918305.798,,352481905.3,151578491,4967446.064,6733223160
2026-01-05 00:00:00+00:00,12478179.91,446265513.9,6009580.21,62657745.94,1296074107,2525009.466,7691692.465,283651762.1,0,6747112.493,14503723.49,0,5440026.136,3363381.926,41568138.58,27643453.75,,11623679.41,4492167.997,1236987231,9373592.501,261758303.6,8717221.528,3328450.722,7153142.783,1470915.311,12168925.78,6592229.561,42361009.78,9326357.399,0,30059814.88,7391584.5,18224037.51,171100891.9,12760748.09,448483575.7,43566681.41,0,14928736.16,166397621,0,25211699.39,3804244.812,165086794.8,9487135.585,22196804.85,29925730.13,3666246.323,,212655844,78966490.55,3486850.389,1.764617128e+10
2026-01-06 00:00:00+00:00,13262948.76,387685315.3,5870909.929,55632770.64,1054515702,2539907.097,8072198.97,164473022.6,0,7429128.276,13990343.18,0,4585862.771,1719397.673,39006727.94,16383437.41,,11609684.41,3502698.542,1327046290,7192350.147,351481135.2,8524091.56,3050246.455,4327315.246,1442795.078,11879350.61,6919290.01,41060662.59,14594328.16,0,33397788.77,6462682.125,20815684.76,195445878.7,13640238.64,207479435.6,49413351.43,0,20101909.14,180937451.8,0,30710968.62,5370841.472,132074790.6,9307016.765,25717765.87,39559731.17,5114500.333,,404527748.4,81061440.89,9333223.686,1.744556081e+10
2026-01-07 00:00:00+00:00,9751228.585,171097031.3,3041046.345,37479039.79,993505155.7,35615687.09,8236938.404,95651586.69,0,5684366.164,15062475.16,0,4839513.399,3669787.48,18346629.08,8106885.795,,5751827.275,1534860.522,911734864.9,3981104.587,223527657.3,4743920.562,2968887.233,3523213.809,1100989.818,8077421.579,3425820.205,35169757.43,6368430.044,0,22941068.28,4524901.308,14804712.31,113732770.2,13862033.65,245583281.6,20092303.77,0,14114637.31,132307211.5,0,19187437.03,2826942.151,79009120.76,4315888.413,19159954.66,24833348.46,2549337.582,,173899981.9,88666064.54,3538309.981,1.368009215e+10
2026-01-08 00:00:00+00:00,5586763.749,141149796.9,2536506.949,30548798.22,776331441.6,20977298.12,8978745.64,91701511.26,0,5347672.731,13244655.55,0,15682848.05,1332684.549,16864828.21,7793758.467,,5233571.542,1600563.63,911063083.2,2841501.683,180999406.4,4265799.942,10650103.34,3275488.39,1188613.489,7247667.196,3610626.39,17424221.76,8798926.982,0,22543350.12,4689271.736,13071728.07,108262880.7,9886254.96,340137925.7,16774101.6,0,14011856.86,162260369.4,0,16834814.22,2616098.85,78950866.11,4367491.364,14369430.05,25300431.43,4653803.918,,121766045.2,237459184.3,2316789.771,1.523483867e+10
2026-01-09 00:00:00+00:00,3505060.357,101076633.9,4250155.883,20776833.44,693589139.4,5908887.541,7430544.651,58881051.15,0,3430116.841,9845935.931,0,20879320.83,927115.9622,11462921.78,5832190.356,,2251281.708,2497048.899,646489883,1811254.564,173721036.1,2937899.239,2761124.67,2767066.597,950134.1869,6246352.583,3715037.569,14861179.91,8868456.335,0,16869207.7,4966256.526,9923213.881,120539707.8,6399630.043,497784893.8,12133833.26,0,12134524.59,273892154.7,0,18951277.98,2755038.971,76431375.95,2195468.22,13866280.43,18923121.26,2146342.205,,88987412.84,140380854.1,1511744.553,1.274121661e+10
2026-01-10 00:00:00+00:00,2898752.911,46279620.36,3738802.868,10029375.91,279084607.8,9351371.346,2837046.163,26110264.9,0,2215088.967,5819514.067,0,19603264.87,1421815.046,6104791.999,2329729.117,,1470286.174,774803.8518,204366655.5,1289977.434,129243872.3,1424129.449,1491287.755,5903603.256,2438382.271,2676172.943,1269757.969,7519484.277,15161076.05,0,8132653.985,2836854.688,5804843.062,56474546.28,3073860.358,188938252.1,5327327.336,0,5580081.733,177575259.9,0,7345677.096,1616199.694,38722742.41,2227766.238,6890153.854,18413999.12,1529621.273,,44265642.69,39924936.36,4002400.529,2289227865
2026-01-11 00:00:00+00:00,3539589.644,66391186.66,4197805.285,11855013.64,346603783.9,7965037.857,4329422.392,46233854.22,0,2595581.332,7115276.761,0,16683386.35,14704687.58,8369198.179,3005518.498,,1910444.468,839951.6233,424279993,1648342.131,131205828.9,1792908.812,3644798.874,3311260.793,1372153.321,3539704.883,1674222.696,11992588.99,22681250.25,0,12907198.73,2899592.637,8597292.588,63118534.99,4771812.391,346985068.3,7447251.72,0,5762461.22,146248691.3,0,8678656.575,2374486.671,86831780.87,4617432.461,9024586.144,14988843.28,1957231.097,,55106089.55,34560877.29,51507104.85,3951590389
2026-01-12 00:00:00+00:00,3297052.331,111718791.2,2206738.952,17050670.65,435459003.8,4263271.667,8061983.195,67182246.38,0,3704117.04,9248429.36,0,20144588.86,14096815.68,11619978.5,5094792.272,,4447131.75,1060250.821,699019830.2,2085886.638,180710987.5,2701238.847,4172565.117,2605336.135,923953.5296,6077649.109,3824484.031,14857933.28,7836319.175,0,17910692.67,3484257.995,13445051.73,94854348.02,5693584.651,236429336.3,12978500.77,0,8277561.879,232792477.8,0,16759850.44,3949346.386,60699237.6,1987364.809,15013959.07,28541762.91,2345510.058,,110035243.9,100120545,30351619.56,1.546078733e+10
2026-01-13 00:00:00+00:00,3413363.506,120261097.5,7334878.286,24194429.71,549589042.2,24499034.23,52485514.62,73569794.67,0,5397580.123,7661658.994,0,126529824.9,2936876.46,15241226.72,7028027.852,,2595067.213,1190716.47,788981605.5,3023809.609,182643847.8,3738567.526,1722030.915,2651198.189,864794.8871,7039565.731,4344593.028,15080118.36,6262671.861,0,20001800.21,19995373.92,75250815.85,135469351.7,14582422.16,116047473.1,14187684,0,10041652.63,291913661.7,0,20372627.8,2825267.102,88056651.4,1700864.259,16978614.05,22113818.27,1868595.299,,150966988.1,93705823.2,75465302.51,1.870275921e+10
2026-01-14 00:00:00+00:00,5781324.966,143736706.3,2751915.926,23086147.54,757698727.4,11785070.28,32929476.02,99471020.94,0,4457943.474,10586005.64,0,73042719.02,4306065.302,12316969.83,10137841.11,,2301254.217,1051906.214,727999472.1,4694471.797,193775215.2,3387961.803,1818211.835,2624522.281,946530.4493,6928760.429,3867416.9,17407743.33,5876763.575,0,19633731.54,37662168.57,60781987.11,132858818.5,9631648.81,94526230.79,16809376.36,0,9693923.715,301674962.4,0,20305657.21,2878505.509,94663815.26,3206740.91,14916937.45,33970765.58,3093121.552,,128645574,124475515,39222176.48,1.751786491e+10
2026-01-15 00:00:00+00:00,4249055.314,82214319.79,2343473.773,17682878.13,416426160.8,6288192.607,13762865.43,55349751.36,0,4146707.446,24803987.75,0,19058573.07,2665395.287,12755640.79,6829619.133,,2522242.562,889305.1374,645955891,2395529.291,177144069.3,3216500.968,2804599.65,3672635.568,1443234.657,6583657.659,2311160.468,13167510.54,5678796.287,0,20363626.61,11345125.36,49938868.64,103007122.2,8609950.001,72873316.86,12199533.52,0,9728938.83,289374557.3,0,18278729.59,2576714.926,66960031.35,1727791.511,15257754.56,17450742.73,2709636.11,,106019221.1,78658079.53,14275338.84,1.435492943e+10
2026-01-16 00:00:00+00:00,2038457.366,92489899.41,1572829.85,14255135.85,303858322.3,3304024.074,9401152.345,45774108.52,0,3581134.303,12623699.44,0,11598112,883257.2181,9531851.409,3476842.465,,1853215.763,973766.0941,516275631.3,2237784.632,95481872.63,2178596.756,2226210.317,2364914.357,613577.712,4513864.961,1809044.92,8344861.97,4341798.695,0,13440813.07,6906754.826,22175668.08,68128927.94,5067702.539,71758917.96,10975177.15,0,5317514.651,252051441.9,0,11262829.04,2438518.883,45953763.03,2033975.975,10505925.04,20324362.08,1646886.98,,66934486,35454931.25,10437666.42,9631783779
2026-01-17 00:00:00+00:00,1337029.09,37538127.04,1293931.25,9873654.289,181637595.8,2701497.053,5388554.035,30251461.24,0,1975529.075,6634849.462,0,6404778.055,5381435.728,6309628.84,1316237.972,,1103539.511,566011.9569,261576302.9,1851089.393,66402074.42,1469639.48,1473890.218,6305334.72,987439.9021,3458859.331,5337346.948,6557554.675,2971696.264,0,9373196.807,4535825.884,11507891.59,34912435.19,5615895.002,47836842.82,5662583.615,0,3261406.921,192892642.9,0,6072466.367,4320086.186,55190342.89,940995.3701,5762379.296,9534022.596,1447767.122,,38838129.59,28714051.96,4044078.861,3713666637
2026-01-18 00:00:00+00:00,1634471.45,41860496.84,1526219.988,12999350.69,314085450.1,3461221.945,5262779.126,41870636.15,0,3162843.152,5779761.405,0,14992738.44,2280591.195,7572705.638,3044787.806,,1126921.454,655473.4477,399905784.7,1999025.676,113294053.2,2165031.27,2543766.766,2378713.497,870768.1645,4102115.459,5048049.494,7354423.672,4251932.726,0,16475253.14,5259074.943,14192295.65,65292422.44,4959419.732,88792083.11,7099229.458,0,4890462.815,131343101.3,0,9248036.934,2959212.038,62672658.58,1274645.403,8086286.807,13312305.92,1597038.843,,61284157.34,41676724.17,4022953.055,5933385910
2026-01-19 00:00:00+00:00,2377702.991,94791208.84,2210873.053,17609116.47,495271575,2909393.655,6828775.741,66715189.4,0,4290887.885,13170609.85,0,56904973.61,19005940.78,12323400.95,4807344.462,,1933008.421,1743152.531,818548765.1,4841881.812,128345665.1,3971306.776,2401473.051,3013009.957,1682513.507,8053602.453,4769823.251,18114663.12,6787051.939,0,24129526.06,6675419.991,28016964.21,86921318.59,8974804.239,94820761.47,14854865.22,0,8268001.621,209952626.8,0,15870790.11,5914001.585,84418052.26,2279844.918,12619358.41,13502104.79,4147169.871,,98607325.43,73686870.94,8912890.87,1.003816083e+10
2026-01-20 00:00:00+00:00,2868460.927,68335825.47,1579136.224,12957579.21,385458501.1,2499434.281,4662879.621,62163236.2,0,2861442.737,5637995.147,0,109658459.5,17494675.04,20626510.58,3161480.828,,1773972.475,794580.2294,661925521.2,4456493.131,132102932.1,3031517.227,1701532.286,3264118.049,979198.3483,268920849.7,2931352.567,11985641.39,4676374.326,0,20865620.59,4483476.987,18558434.44,79712755.97,9475330.644,94553802.73,12339244.92,0,5514539.96,198190910,0,23719547.44,2425451.696,56763634.73,1576500.447,11527227.71,14247043.56,2041923.997,,89229036.22,111641999.5,3978297.987,1.70181987e+10
2026-01-21 00:00:00+00:00,3637345.042,82074297.48,2037572.445,15906527.48,587608510.4,1808940.25,4845403.198,74499411.29,0,3599355.51,4937355.895,0,73651605.96,6796861.983,12841624.47,3325448.531,,1412304.518,1466803.602,827331930.6,3486062.796,132633346.5,2864804.052,1576333.166,1562490.07,1069671.203,66045763.56,3202846.445,15319050.89,4325312.552,0,30377186.38,4407182.913,14958050.78,105611954.2,8004044.843,250619984.1,14858125.12,0,7535407.184,194323893.3,0,16475912.55,5504764.095,82269075.6,1434913.736,11886306.69,18748067.33,3019491.989,,119092820.7,104240172.7,5209044.317,1.855073854e+10
2026-01-22 00:00:00+00:00,1779580.263,38572384.34,1237976.428,12328116.05,339622272.5,1624788.494,3317411.991,38841524.36,0,2254397.129,3054250.858,0,23183413.61,8070427.237,6209979.846,1937220.5,,959672.8226,721134.5684,419676331.6,1558836.643,80600006.19,1275772.469,1067922.745,1479222.17,422608.232,19561628.58,1803731.706,8461860.602,3188232.585,0,14125192.12,2532824.907,11331420.39,69074282.09,4719396.346,164553338.7,9119617.291,0,4618013.553,113890792.7,0,15360780.25,1527162.749,40677040.23,895979.0835,6561578.254,13729246,1784942.511,,62171769.35,72226196.85,2784860.646,9479318940
2026-01-23 00:00:00+00:00,2405327.28,47203365.9,1440339.62,10325933.76,363093168,1154304.339,4060734.615,40951725.11,0,2146759.649,3162355.74,0,21298961.87,2394880.131,6247566.491,2004408.627,,1175407.862,615314.2412,471362074.1,1468463.965,96271494.04,1766751.876,1040068.451,1961421.612,566670.2103,11622962.19,1741477.528,8139610.817,2779693.643,0,12743421.47,3928790.737,13867378.13,58136204.8,4568645.348,91477188.15,9109393.532,0,3655493.573,123478691.2,0,17668093.25,1373958.459,36884815.9,997982.4929,6640627.83,11894821.02,2033116.99,,70096839.76,58128646.97,2102467.121,1.120511143e+10
2026-01-24 00:00:00+00:00,806066.9129,17700797.01,802991.9734,6298695.004,169693959,1655049.545,1109585.151,19823260.24,0,1450445.912,2367176.174,0,12473002.45,2144142.86,3371811.417,723411.4526,,1737886.575,306401.2829,156814474.5,800062.3154,50642661.56,1242164.498,1500852.897,1238673.075,531319.8316,5608471.789,730987.63,4248933.371,1611597.064,0,6167446.334,2913565.147,8776791.584,34431753.77,2460587.844,44925125.27,8500969.903,0,1986577.134,156085731,0,11584602.31,1115208.821,41142993.88,798656.0804,2828496.422,7532085.574,835031.7111,,29165809.89,56591696.23,1398325.82,2749562450
2026-01-25 00:00:00+00:00,2791051.938,47648711.8,2080535.699,9827592.385,501314147.1,2062286.311,3672170.718,56330157.39,0,3446519.003,4351768.396,0,11592176.45,3527889.019,7562492.011,3154372.25,,1597168.717,684962.0236,488864940.5,2058769.612,98479454.71,1841174.857,1976134.037,1957734.836,801863.6137,8206772.31,2194343.269,9015946.281,3334939.672,0,12572187.29,4344202.757,13477603.32,71581841.82,6306065.89,121834572.1,11367759.52,0,5811375.938,192259283.7,0,13701787.99,2562396.323,53915390.34,1738363.729,7549669.395,10368366.71,2042876.466,,70344306.34,79318419.4,2678100.478,1.092658993e+10
2026-01-26 00:00:00+00:00,5441704.701,33052836.07,1293820.846,9217560.958,318474623.1,8207405.604,3598257.501,47408829.58,0,2897593.092,3024535.289,0,8956179.866,1569651.891,6272354.467,2260215.941,,955541.0134,1118774.246,498410839.7,2412500.563,66359409.51,1763303.349,1213333.431,48555217.26,481558.0106,7864409.862,2045973.596,7963558.385,1904601.791,0,8616325.258,3309122.162,9679228.872,60525433.38,4778593.022,62136778.12,9906762.999,0,3634986.613,147590743.1,0,10821299.72,1072432.583,37857818.27,1071588.701,7134390.522,7835675.784,1117256.395,,55414103.69,155548613.7,1997265.241,1.181485741e+10
2026-01-27 00:00:00+00:00,1610839.515,34471783.68,1291230.363,8122405.657,399854810.4,77678939.08,4232376.453,42844838.7,0,2023307.531,2394136.982,0,13581279.26,981108.2859,6018141.351,2186470.442,,967281.8561,768246.2383,495055181.7,1627683.335,92143391.15,1829423.316,1239496.62,35361997.1,341075.6774,5707145.183,1468874.199,5604590.728,2377697.074,0,7954700.641,2804473.172,9209420.005,56711650.74,4662611.849,241775389.7,8810801.839,0,3872914.216,493183056.5,0,12115453.77,6620510.661,38921025.68,1161480.267,6951579.891,14002418.3,802901.0951,,62117821.84,68790248.88,3006007.255,1.041869206e+10
2026-01-28 00:00:00+00:00,1614352.912,31116712.56,22714396.5,9127260.751,286250820.5,36388367.47,14993702.49,45163675.77,0,22404987.94,3159480.477,0,7510147.963,2789235.968,8628663.436,2816953.962,,1007780.588,618174.0555,464951698.9,1722613.081,89793060.33,1891288.562,5164030.859,6165866.211,545239.6768,4757429.345,2434940.405,6184897.024,2467723.83,0,8705041.371,4572758.677,9973095.22,79133284.55,5134510.818,531821270.9,9411683.529,0,3840521.209,327225680.9,0,11743959.12,3167322.709,44665144.66,854329.498,8261459.039,17562650.15,944342.2792,,73192421.83,60790695,1901180.485,1.109128635e+10
2026-01-29 00:00:00+00:00,1671773.102,51984578.62,3093967.697,13028475,386023978.7,9668799.421,8671838.722,73014231.92,0,11020076.59,6442474.713,0,10223541.12,1241864.75,9577593.278,3733258.869,,1121943.525,864226.5153,750952719.9,2790861.164,118848177.2,3472647.858,3106279.313,3832154.097,1137529.332,7561646.06,3317120.931,9705891.516,3136658.84,0,14538223.73,8384863.528,22573374.62,85210299.57,8236265.292,234605207.8,14024078.74,0,6831727.216,256324214,0,15845381.89,4249899.887,60249107.46,2210199.975,11787352.83,14673292.87,1618642.429,,98972100.98,74826314.82,2371338.812,1.945200216e+10
2026-01-30 00:00:00+00:00,2085768.595,63381075.16,1913133.173,16064394.33,481643754.4,14231404.11,9436099.685,69639375.98,0,6452974.374,14154173.96,0,16115761.72,1562813.38,10544928.15,3107682.022,,1248780.525,789279.8411,766691943.2,2317117.411,130536779.6,2543222.594,1647435.867,3451503.551,925531.0538,9465306.663,3505263.993,10809332.49,6163069.064,0,13368810.04,7046066.791,22703068.72,76557402.53,5800270.407,287091099.7,13330648.74,0,7168994.396,212760177.2,0,19056836.88,3224436.85,78058192.18,1329845.262,13760465.67,13334718.13,1501539.705,,85141356.24,81087736.71,1887523.453,2.112674881e+10
2026-01-31 00:00:00+00:00,2558603.79,81745878.73,2934083.381,24170918.24,650359888.9,12328639.17,10970301.91,111371679.4,0,7648539.965,9910941.468,0,15496686.8,2896497.382,14077987.3,7037352.413,,3460461.011,1342658.737,1101631375,4466552.502,149806636.9,3323130.658,3042228.578,5696428.626,1590435.175,14435303.58,4864657.831,16346556.45,5517804.647,0,27435882.16,10708233.41,37323132.85,101192412.1,12015340.1,175637941.6,20285725.28,0,14368625.83,256016411.7,0,28451044.91,12902196.31,159804140.7,2477062.668,18322871.84,21180346.12,2465654.202,,132541381.3,135783324.1,5689940.252,2.172531547e+10
2026-02-01 00:00:00+00:00,1715297.053,56210690.18,1726951.554,13636715.96,420401823.5,8709007.588,6231813.478,68872325.95,0,4206721.335,4926338.397,0,11350793.14,3066085.96,8340685.282,4251475.6,,984993.7207,743238.0008,721137604.5,2536634.002,75639191.89,1812393.534,1988997.349,3164356.512,657270.113,5992067.251,3003429.931,12059672.5,2570866.121,0,11058018.62,3946634.259,16765357.99,62562906.92,5349221.479,125000866.4,10343846.23,0,6526324.137,142852857.9,0,15640116.33,5263313.095,79073347.02,1153994.765,10185877.79,10547571.71,1374372.055,,88060556.69,170650820.6,1876071.359,1.453034806e+10
2026-02-02 00:00:00+00:00,2123724.389,60917856.47,1874490.635,19494005.07,415295092.9,8002936.097,6946368.614,75336307.25,0,4518426.011,7978752.195,0,14609749.79,1606359.349,9122659.933,4652987.539,,744598.1062,1184403.339,877324990.8,2812282.287,91543718.84,1711272.627,1515899.716,2771456.557,744143.7715,9124552.044,4251515.116,11110315.8,2271119.227,0,13467139.85,4529571.321,16512615.57,71856261.8,6390611.83,123478590.4,12012879.61,0,7022222.91,197991363.3,0,22444370.49,2770815.064,103637150.1,1274970.719,12575872.91,12682242.72,1964327.892,,100822156.3,135659026.2,3596622.157,2.003312737e+10
2026-02-03 00:00:00+00:00,2792012.49,70048286.41,1878969.032,19095721.26,464316449.6,7265840.592,11515186.08,83560768.15,0,5405705.794,22313667.63,0,145983030.9,5266319.543,13970182.98,5698055.999,,925551.0467,897448.5442,884989821.3,1938257.386,115708212.1,1839853.486,2083182.507,2673990.752,1391780.622,10092385.47,3383792.39,10157043.91,3385663.805,0,16347944.99,4558437.766,21977860.23,67223840.21,6011450.07,86102267.23,12081349.58,0,8485041.181,237923431.2,0,24506816.21,2508202.818,93124020.77,1255642.525,12992102.59,11202208.14,1826635.467,,107222196.8,108125129.1,2058390.425,2.350727216e+10
2026-02-04 00:00:00+00:00,2243867.16,63538166.57,1612865.474,14247310.92,404789121.4,5082553.825,8220767.603,69829639.94,0,4247606.85,6958553.347,0,556741437.7,3030439.845,8636561.171,5494767.952,,959520.3034,790462.1435,694780353.4,2266210.604,93209036.09,1437927.779,1505625.636,3067141.657,721104.4306,8728441.616,3189596.262,9168256.076,3847297.327,0,13032207.35,3829710.19,17162412.95,54966908.28,5536757.231,59359220.24,10211893.84,0,7920666.312,178151869.6,0,20310669.5,2631368.082,79283260.01,1118082.263,12316811.15,10210507.67,1241025.723,,89078169.8,70246176.06,1946194.195,2.177212405e+10
2026-02-05 00:00:00+00:00,5322902.704,109087331.3,2839884.656,26948650.49,726588893.5,8336523.267,10604496.31,157137857.2,0,8603424.763,10977756.99,0,236672104.4,4108947.561,19569739.02,9400289.47,,1452293.305,1521487.302,1555701105,4203374.17,170021248.9,4004946.986,3513944.761,5080500.552,1721524.081,16562079.99,5687402.424,18480659.86,5455060.79,0,22010127.08,7663779.939,32782318.8,127938909.8,9903115.228,69752624.98,21046532.29,0,13335510.43,249775520,0,30965168.55,4081893.346,282424972.5,1887814.744,22304940.33,17605962.32,3248912.416,,200226192.4,130947338.3,2859506.609,4.538345317e+10
2026-02-06 00:00:00+00:00,4309331.436,98552353.87,2415937.178,25414840.95,695455057.4,5351056.369,9863745.264,140906089.1,0,5857912.668,11322443.23,0,307739571.2,3809075.845,15476263.43,7905991.856,,1238272.739,1380053.77,1276221053,2353271.511,148976412,2938835.54,2706700.137,4666694.067,1160799.962,13710134.35,5541363.979,16944217.07,3374077.373,0,19105410.86,6764268.266,28428568.13,113703125.5,8926023.322,121186479.1,16431592.34,0,13078021.98,282400947.3,0,28250867.79,3218600.508,194263104.6,2147976.879,16111035.38,16059847.29,2658678.902,,186592527.9,268028471.5,2096577.906,3.714715468e+10
2026-02-07 00:00:00+00:00,1675286.693,50995446.12,1178595.131,15638445.17,350710599.2,3714516.65,4561233.568,84034730.67,0,2936124.377,4245436.473,0,170256504.9,2268307.973,7953960.36,3339752.148,,914208.3286,630943.5802,605526117.3,1563211.597,70243738.3,1407294.667,1537854.632,2180231.111,5166388.624,7579040.225,1928192.814,8638204.933,4604099.441,0,12330810.62,2887436.255,15072536.32,65114395.07,5002480.047,46762813.69,8227785.786,0,5553639.932,115476378.7,0,15845148.35,1582043.613,83240675.77,1161002.877,7213209.858,7796882.182,1407973.539,,89337178.28,117184035.6,1123139.829,1.843685933e+10
2026-02-08 00:00:00+00:00,925739.4995,23962328.97,816544.8713,8412237.729,231435952.4,4441085.84,2515976.087,37140098.61,0,2268512.619,3939274.747,0,167564031,5814259.47,4243518.865,2010982.7,,1089321.092,497656.0049,394711162.3,1162900.134,42599250.43,869006.8679,900797.413,1413599.86,828145.7035,4055343.087,1152258.346,4470973.792,5275402.659,0,6321925.688,2871717.585,6909125.213,34675500.85,3600257.496,542088947.8,5044779.539,0,2871182.817,84160021.96,0,11201020.56,2454070.312,45995323.45,810280.0572,4770482.382,7211068.728,1916731.698,,47166330.37,107014244.4,1239279.683,1.147749503e+10
2026-02-09 00:00:00+00:00,1105886.343,30103755.69,838033.7448,8093668.139,276876052.8,3021869.957,3723872.499,40831024.06,0,2455341.066,5847317.906,0,77613985.81,12820424.89,4501726.362,2185401.302,,578914.6245,602992.5599,422355518.2,1288247.338,39392264.91,1337273.111,787304.1951,2097493.408,483335.5004,4560851.692,1425443.054,5236085.473,2242668.946,0,11452145.1,2546268.63,8140417.483,38436637.72,3653019.638,473448294.9,7074460.269,0,4289613.527,78145688.61,0,9140303.042,1343919.242,43787971,830843.0989,5688587.312,5275274.744,1568943.041,,54165122.65,164000709.2,1671055.026,1.553623297e+10
2026-02-10 00:00:00+00:00,944390.8093,30594583.4,722561.0743,10611511.78,257220255.4,2595678.589,2600103.694,39928244,0,1727691.212,9200331.731,0,53985871.93,4081863.353,4065884.304,1365308.629,,591096.3406,448810.893,344979854.3,1002548.956,40993882.33,790081.6001,1109725.804,2768918.702,414602.4509,3871726.317,1109515.245,4131804.609,2513898.443,0,10437478.46,1935222.983,6571911.404,31489897.89,3422563.026,779846478.9,5805873.965,0,2917093.158,80198491.32,0,7428494.186,1483519.465,34306779.71,631656.0312,5105480.023,4292517.27,773724.1489,,52346144.17,73681143.19,1051045.81,1.270203009e+10
2026-02-11 00:00:00+00:00,1073239.33,49483486.63,1337260.056,10592338.48,345441548.2,2951778.971,3600009.618,52193579.84,0,2746235.786,4206888.185,0,35358239.71,5688349.911,5647405.711,2401883.098,,618921.5857,520236.9583,491708322.5,1381556.24,46998696.3,1635143.149,1413200.741,1590349.334,728253.9574,5758264.71,1745585.234,6703881.029,9488532.115,0,10994175.98,2962813.912,9653453.247,47574298.41,4420382.894,687328641.3,7928311.837,0,3859886.072,69572603,0,14405545.18,1368478.991,64720097.86,1083733.097,5793110.261,6427903.797,979462.7972,,66349370.21,82284650.49,1099451.246,1.72451635e+10
2026-02-12 00:00:00+00:00,2588481.039,39285407.57,1286795.405,9159969.084,281782916.8,1552221.115,3468469.038,41172798.07,0,1976556.914,3063602.717,0,56944774.4,4579838.015,5116924.722,2627323.44,,869580.0875,472686.2267,410583563.8,1812704.451,53940360.63,2768151.262,1215495.054,1423053.041,1143141.332,5624782.38,6937862.659,90104568.46,3403844.961,0,11453218.71,2882509.298,8046181.538,44363522.9,4156900.395,694872453.6,7444769.128,0,3205819.302,79894763.39,0,10176365.01,1526721.206,45753499.13,973982.5375,5716074.665,5641720.08,813816.3918,,65287539.62,64708091.53,1161061.09,1.335829084e+10
2026-02-13 00:00:00+00:00,1565111.971,26029538.52,1130044.872,7659640.861,274001217.9,2567993.337,2325065.401,36135330.62,0,2612316.932,2461859.646,0,180799699.9,5905720.572,5410872.51,3705134.662,,1684157.121,629327.4251,399203594.5,1045908.504,49938427.04,1810363.656,1189840.741,1071623.625,1221561.236,6616707.717,2876615.159,82836667.86,6054033.384,0,7735534.336,2824340.704,6062600.62,41544889.44,3750827.719,585661537.2,6391297.572,0,2721772.921,86548232.43,0,10279104.22,3284284.104,38128542.06,896222.7069,6035282.733,5489473.881,983996.7096,,51904736.76,83328812.95,844433.4426,1.24111024e+10
2026-02-14 00:00:00+00:00,2769116.604,77585610.34,1600101.603,22899285.48,790529233.5,1978624.575,2114589.714,67506105.67,0,4126240.454,8051899.488,0,48272934.84,4109000.423,7854255.553,3800458.591,,3028043.32,1176963.343,759199985.9,1150468.847,66065384.08,3538199.559,1573131.733,1183813.065,829582.8668,10240968.02,4957518.396,86063874.61,46031598.85,0,15237706.56,2875357.927,8192497.173,94164175,5900256.666,619198541.1,12862864.69,0,11537291.07,90342718.99,0,24067390.87,1820530.852,38085349.25,6096397.418,10382186.42,16483923.32,5967312.67,,83567016.64,69270561.64,1592176.948,7975934194
2026-02-15 00:00:00+00:00,2826082.49,67634460.51,1979853.811,21982437.31,992695376,1684919.948,3084981.645,91437320.05,0,4281011.24,6545093.334,0,28585795.88,5560051.401,8680682.6,3047030.125,,1554417.198,874833.7896,1258820219,1777325.327,68742300.56,2494978.42,1412440.163,1660277.503,833621.4652,8305679.729,3070081.292,51414595.13,13463896.91,0,16096681.6,3329374.394,11689646.31,97527586.12,9811170.863,610223222.7,10857525.84,0,12137569.67,94084577.9,0,16970376.36,1776305.287,49944722.07,2262644.265,10451273.24,97716171.67,3768071.647,,97566277.87,96534261.66,2054221.449,1.050398013e+10
2026-02-16 00:00:00+00:00,1462366.98,34438513.03,1305749.708,10563075.33,450979961.4,1683073.241,4010822.127,41096755.45,0,2455154.537,3919260.477,0,14897560.2,3979215.969,5022809.84,1894701.301,,1168110.069,353801.9766,694773775.8,1299886.277,57703708.83,1469521.132,904487.7169,1077858.527,1032623.615,5470637.877,1697359.461,55428693.98,39387408.07,0,12049867.14,2257573.659,6562104.575,59924514.96,4031359.507,426180766.5,7024132.315,0,7321615.035,65866225.46,0,10784742.98,1027274.453,118959631.8,1435290.598,6664832.141,41101517.75,1347427.181,,58522953.09,75991261.95,1142469.344,1.024635224e+10
2026-02-17 00:00:00+00:00,1262311.323,23107064.35,1170380.733,7414681.629,318672290.5,1780782.14,2665687.641,33191617.13,0,1850608.681,2582855.538,0,15230594.21,3840714.773,4238161.249,2398580.861,,943414.0187,401304.67,567072515,1084383.624,46907744.57,2110589.031,812993.9975,868352.8526,1468246.758,4844244.205,1207744.003,23997344.49,13092059.43,0,10680579.1,2173621.928,5128949.066,42174433.69,2794421.711,654925593.4,5231249.559,0,3822617.711,96605273.09,0,12605656.78,851895.7813,49288942.34,1319625.235,5262720.543,37794289.97,1211405.716,,44611062.38,110929663.6,858364.8904,1.011061378e+10
2026-02-18 00:00:00+00:00,1111546.319,22991806.51,1054374.82,7964201.582,250265902.3,2112302.542,2744492.592,37023171.02,0,1697435.818,2553816.297,0,31603180.5,13962333.47,4153920.201,1972816.265,,958515.5797,471031.5831,462962757.8,1247601.063,37655206.96,1325567.194,974162.1719,938799.7421,910514.7522,3800809.232,1126762.298,15022398.92,20151200.3,0,10770136.18,1826052.221,7403442.488,38420656.88,3994822.54,690515117.2,5244910.135,0,3104184.465,100098141.8,0,28132161.34,2117419.965,84895451.53,877225.1204,5326823.536,19795681.97,1273436.413,,49501806.27,621593763.1,1114466.55,1.101590226e+10
2026-02-19 00:00:00+00:00,979972.7137,21326306.14,870768.0076,7999278.776,211906508.1,2273048.953,2313517.033,39508434.71,0,1749550.356,2382766.243,0,15333906.72,10842580.82,3391107.017,1602429.923,,608858.7218,427854.6349,460242895.5,1300625.511,35934716.06,1061033.973,677896.1447,1046377.388,651698.7133,3086674.158,962183.5906,19166134.3,14218902.9,0,9262119.344,2232507.985,7255883.146,42299452.51,3580835.304,272122070.2,5040512.051,0,3046825.64,55273705.02,0,15009460.59,3281995.695,37597635.04,675577.4563,4746736.863,20628733.05,1049767.564,,41262483.5,201442447.6,741488.1121,9812064348
2026-02-20 00:00:00+00:00,1564408.645,30259523.27,1143556.987,10757174.85,355225927.7,1975882.214,2821865.537,64054155.47,0,2810118.487,2489170.158,0,15712257.82,17880316.88,5473203.229,6347796.183,,3376215.335,519584.0734,624616256.7,1227480.707,45986256.02,1415727.549,1094503.738,1743967.011,507273.9274,3949871.097,1650677.41,14295654.68,7022501.208,0,12315921.59,2098903.702,11106761.43,52132575.65,4171683.593,150070039.3,6532073.679,0,4840704.135,64626188.39,0,14301566.27,1309181.545,116123645.6,1144626.286,7889005.186,17812423.95,1111431.78,,55756372.04,161161796,943344.6302,1.518811122e+10
2026-02-21 00:00:00+00:00,577520.7335,21504588.14,994596.2035,5431335.774,270670726,911505.5228,1130312.703,29637733.73,0,1474272.166,1307930.322,0,18375399.62,6014962.243,2951773.931,2320210.392,,1017461.559,280369.3979,284298893,761230.7974,22717064.21,914378.3278,817882.7913,9047923.032,287200.1863,2915273.871,852965.7126,10848678.86,4980845.406,0,7343452.572,1688447.296,9435752.779,25223837.59,1967499.381,109386771.6,4426499.467,0,2047689.13,31063306.78,0,7194579.813,779590.2551,32009520.93,774712.7118,3720540.403,9668574.638,564759.487,,25127736.45,141779557.5,601126.0176,5962675788
2026-02-22 00:00:00+00:00,542699.3445,21306974.15,719712.5736,6320672.677,206400599.5,1757216.067,1322056.624,33856618.49,0,1540729.905,1377875.405,0,116062713,8409003.244,3434217.718,1431728.031,,679158.1592,302965.6084,318134282.8,1105092.923,26821188.22,858078.195,1210397.059,2120672.414,259575.8803,2477388.593,726607.498,7657125.794,3464431.987,0,6945567.277,1674064.958,8151845.338,21019782.07,2445743.45,417886405.3,4045818.544,0,1796251.852,38170898.44,0,4684782.29,808977.2828,37814397.97,758097.4471,4387667.124,7755307.357,757782.1216,,31096972.57,201349940.3,609692.2816,5711913292
2026-02-23 00:00:00+00:00,1414014.014,42242552.92,1338018.074,11115657.18,381011701,4344889.125,3500785.786,49946940.51,0,3498797.096,2718070.904,0,60913342.72,11895882.92,5717115.078,3057089.234,,1476455.196,574666.1746,682880985.7,1401239.344,81752279.21,3946572.935,1472385.75,2803669.333,1302098.712,5680605.69,1298249.476,13462373.73,4999763.118,0,14055941.34,3424447.277,14780948.36,51260742.59,4280179.666,556647026.8,6723465.014,0,4134255.798,100320831.8,0,13021825.48,1341445.193,70737013.11,1249815.68,6853658.6,11313876.43,1344602.33,,65892521.1,165577362.7,1081916.958,1.810575252e+10
2026-02-24 00:00:00+00:00,1351503.371,22601176.86,909163.4338,7597790.63,274358485.8,3972025.449,3100782.138,39479722.91,0,2004733.75,1748801.751,0,35969153.24,7525798.561,3789242.941,1707613.21,,1313199.431,489338.2007,472307856.8,1101583.054,54238186.09,1457689.284,3501197.218,2006577.929,1324913.536,4257985.742,977570.2305,7601877.96,3779268.855,0,12594533.19,2141735.725,9581384.81,30435150.31,3009417.057,733029894.3,5766562.092,0,2716895.983,87864210.87,0,9645149.535,1214132.929,44455780.25,636263.1199,4883885.191,8190708.108,999591.2625,,53281344.82,75405454.58,732099.0334,1.419786276e+10
2026-02-25 00:00:00+00:00,1694047.083,48658114.42,1406510.255,16432650.53,519275580.4,3660137.461,4014245.481,60311236.48,0,5060045.161,2907140.46,0,371161254.9,5448807.664,6091798.314,2892823.16,,1060988.335,644777.9496,935710516.6,1855668.52,76763665.94,1905403.838,26908657.94,1828428.233,1117746.835,7009955.804,2589578.846,13046741.61,5825656.992,0,14428785.26,3703973.805,14665593.95,74081103.74,5673794.056,390825738.7,9658569.214,0,5654491.669,125934807.2,0,16541330.71,6776692.685,45267526.82,1193611.932,8566674.466,17125930.94,1132061.276,,114218722.7,79158490.62,1745107.728,2.00645465e+10
2026-02-26 00:00:00+00:00,1425324.865,35504467.02,947276.7686,10514799.81,395994226.2,6183099.515,3618989.44,55645041.7,0,2732856.208,2628161.65,0,210183246.2,5236586.218,4539300.221,2078979.927,,575202.7383,569117.1106,589801434.6,1143130.939,58119260.84,1512185.082,26043468.62,3139337.297,1550897.626,5861035.041,1567020.322,9259335.302,3885994.188,0,10737328.1,2300722.434,10919081.47,50483906.79,3914267.375,462255440.6,7826357.116,0,3058803.747,124387445.8,0,11202719.36,3290715.045,32890435.87,1015872.603,6210220.364,8716948.227,1143334.335,,57724220.58,58932096.45,1074407.945,1.203441801e+10
2026-02-27 00:00:00+00:00,1022674.715,35013093.54,1070387.502,8916102.635,350654284,4115325.898,3287830.128,49881754.07,0,2697277.706,2791656.123,0,119335048.9,2499832.792,5251187.919,1855620.084,,1157057.347,1376640.896,542592564.3,1173186.92,62138757.06,1491610.136,2821142.741,3084381.544,1219895.145,3791576.565,1189203.495,10174758.51,5145201.248,0,13464276.3,2907792.854,10936059.85,42596139.58,2915356.087,598897826.3,6805683.748,0,2531375.644,105748720.6,0,9100383.414,2844949.511,40167080.99,871357.3832,6001796.131,6315862.5,945246.241,,52940043.37,45227140.3,1277389.065,1.367665243e+10
2026-02-28 00:00:00+00:00,1149691.914,38381943.4,1432838.176,15797007.64,404530751,2602873.547,4147292.345,72355056.64,0,3786333.125,4163633.81,0,35770014.01,1881153.096,7691029.273,1953181.508,,1257749.133,666086.6178,761410793.9,2477684.34,65693543.49,1712340.753,2692231.95,3095092.758,1335486.691,5926173.321,2247244.346,9744018.083,4493153.037,0,19048849.29,5086354.215,15015580.07,54153020.15,4927149.869,348359861.2,9553867.778,0,3823901.15,108178289.2,0,12092780.98,3161731.602,56157011.06,1439914.38,7522839.239,9520132.908,1272214.275,,106660504.5,54716146.08,2118438.7,1.673994636e+10
2026-03-01 00:00:00+00:00,857078.4836,37219272.81,1221173.698,12763783.42,405837216.8,7097648.46,5116918.047,59441579.88,0,3028385.027,2546550.61,0,275605414.3,2089498.857,6198038.776,1854882.364,,695112.7192,461619.6061,664903855.5,1677509.33,52516482.51,2149436.471,1752859.309,1362425.867,1629632.699,4818197.685,2116599.111,10114990.64,3016341.882,0,18085986.81,3356136.93,11124359.19,52396578.35,4022633.778,223894577.4,8136051.167,0,2722580.492,120710924.8,0,28944430.9,1841708.996,70364618.18,1121523.243,7797221.489,9445592.399,999482.0738,,70429639.48,60993223.6,1559491.644,1.459554004e+10
2026-03-02 00:00:00+00:00,1085544.283,38868999.18,1160538.363,12714370.24,444471662.9,10094655.14,5770112.751,75163094.46,0,2595606.633,2736209.901,0,392103515.1,2340026.923,5817720.517,1964931.864,,710773.2126,409001.1032,646049779.9,2185769.883,44808955.24,2850699.287,1890136.816,2204253.209,758143.3739,3961860.316,2258187.845,8511329.238,4396471.725,0,12529932.64,3629287.008,15582143.96,73887578.64,4220408.633,141496939.8,7955980.777,0,3138889.864,112961044,0,17333622.56,2269115.144,44190993.95,1184701.432,6289955.504,8555656.62,841798.4977,,69285545.63,64515633.01,1542167.669,1.879740267e+10
2026-03-03 00:00:00+00:00,1366122.934,31722976.84,1140349.642,9096872.658,385044467.8,27301314.53,3064145.77,81040634.36,0,2185266.466,2836799.01,0,166142438.6,1890681.417,4736009.584,2779962.554,,1383974.554,682858.2358,681431270.8,2143603.968,45712547.58,1891631.83,2199215.412,1159619.193,845304.4417,8978755.053,1379052.036,7501930.376,10766449.78,0,11323377.24,2941454.415,10131289.25,51135650.43,4243912.348,282349466.6,5801961.375,0,2575965.262,85677522.35,0,12672444.14,1882150.175,32406137.28,1465015.525,6444274.057,8039358.975,756811.6152,,77754927.74,46519579.79,1287005.155,1.74270714e+10
2026-03-04 00:00:00+00:00,1638814.513,44556490.54,1208442.14,14681580.42,475956923.5,102767496.4,4458556.772,85247370.07,0,2611710.122,2920104.143,0,52510645.42,3723728.573,7745479.808,4076861.405,,1464127.326,868520.5348,1183882348,1930975.26,81635077.31,3178261.037,2683414.059,1076015.852,749271.0371,36056632.38,2359386.349,15552936.22,9522494.875,0,11592122.54,4063300.07,13620376.29,68394671.21,22990800.28,348668254.3,8580841.555,0,4622655.574,107070670.9,0,28968332.8,3160058.147,50449390.2,1660034.099,8753216.844,16403445.52,1316812.127,,79099136.51,83277908.9,1458945.788,2.545151026e+10
2026-03-05 00:00:00+00:00,1175349.193,31193422.17,981543.3949,10246283.77,371203835.3,16563809.87,3017439.591,61296429.48,0,2094344.879,1845523.762,0,23491373.92,3004628.145,4423788.636,1976966.951,,1525656.923,601490.4398,749881736.2,1675918.425,63231938.58,1466880.751,1774673.795,1658233.42,523082.6284,8429141.098,1607252.75,9890645.629,4525466.412,0,8574382.27,2526057.834,7629267.949,61166982.76,8831549.77,210381187.6,7106510.075,0,3727357.416,85474152.82,0,14320013.88,2043475.383,44526729.91,1146563.051,5337811.958,8152068.659,1440184.334,,60614298.19,82653954.5,917273.5674,1.628196788e+10
2026-03-06 00:00:00+00:00,670247.2549,27536493.94,1328782.683,9119384.701,274477978.8,9703175.576,3107981.125,46483447.17,0,2041414.269,2634845.054,0,21927325.64,3928337.446,4825032.904,2235578.353,,1087333.574,503009.0637,555044586.6,1292890.745,39069978.58,1641054.466,1388974.343,830103.2319,538394.5567,3858487.99,1817738.064,9302186.943,2808219.938,0,7860582.789,2809110.521,7212971.363,41050132.98,4863045.162,127706126.3,5041625.773,0,2856936.099,90400632.07,0,14520830.46,2261115.033,36186593.48,1229890.191,4934734.092,7065172.813,752249.5731,,94953294.15,49701437.38,861269.6982,1.482877402e+10
2026-03-07 00:00:00+00:00,473108.604,17725278.73,725566.1116,4662200.227,210399831.9,9667616.156,1456888.141,27108750.93,0,1371944.37,1397537.537,0,13429806.86,2168486.4,2376253.532,1897342.242,,399734.6598,284229.9791,296330459,1026485.973,27330789.51,2609408.308,647428.5952,548085.8162,393467.4,3478014.621,950955.9909,6355642.525,7001980.076,0,5312117.092,2938881.011,4409875.971,24276453.53,2448355.024,93740912.49,2654641.201,0,2128852.781,44053458.08,0,7061095.293,1588175.392,28278556.52,2000396.138,4165831.261,3911865.866,394856.511,,54212142.65,47621472.66,647458.1115,6406934227
2026-03-08 00:00:00+00:00,840010.9959,23339743.14,1145533.687,6267678.822,274738527.3,3866408.274,2553245.725,36221548.11,0,1759283.014,2018816.557,0,15191671.86,2788324.838,3210936.686,2125964.989,,412597.0364,687400.2793,499528134.7,1008364.49,30624406.52,1043635.864,748530.6934,956865.4136,389062.2052,4934568.386,1115491.716,5323711.231,3136098.392,0,8161331.451,3040961.626,6643785.344,29426095.92,3034593.918,64065208.95,5008863.787,0,2907329.172,75249228.24,0,11141070.88,1503768.27,32837534.52,1288902.882,4139760.132,3817562.724,545372.2727,,51122507.33,73924370.5,948481.331,1.04268976e+10
2026-03-09 00:00:00+00:00,969668.4654,45298038.69,3147862.264,7772921.072,347718843.3,2474053.693,3175006.999,58005290.15,0,3850064.527,1888342.839,0,23100284.21,3323385.503,5452494.194,2232266.961,,1184710.854,724914.6344,596050844.2,66976395.28,48761555.67,959523.9203,2909578.642,2183742.129,2008647.807,6611220.701,1669979.055,7780846.533,3248165.979,0,9190427.706,6712612.024,8694484.547,48967193.95,14410968.59,122878590.7,6437983.026,0,3370917.31,86774424.97,0,11305271.45,1172923.696,44471338.19,1987747.479,6231723.762,4825914.724,551671.9621,,75240034.86,45471407.63,852648.0105,1.614334333e+10
2026-03-10 00:00:00+00:00,943969.3813,37472721.5,1787503.99,11733174.96,403156391.7,5729972.827,3660410.845,91029853.79,0,3474622.077,2031116.038,0,90144608.7,10920369.88,14055794.53,2254750.913,,994233.2274,614237.7076,1119229226,56368649.04,61839829.57,1631474.538,1084262.581,2143582.774,1308736.611,5050144.605,1912676.869,7865082.3,2774140.105,0,9645430.236,4314572.823,7735229.983,62953051.84,14343790.13,132423879.3,7438741.195,0,2674476.895,91518868.93,0,8801966.777,1690770.61,50434092.41,1219634.462,6850729.509,5517639.933,656095.0743,,93920572.44,39846916.35,870160.7683,1.8671992e+10
2026-03-11 00:00:00+00:00,703806.0139,24443027.5,1319167.47,8676602.682,257784258.4,3855311.414,2724634.75,54995126.14,0,2873157.02,2254727.075,0,23819788.11,9671904.973,7481019.233,2359610.648,,907797.4249,732785.0946,707735172.2,9877586.165,34309052.78,1723413.882,2787753.995,5509746.301,1280036.37,3810467.188,2030035.123,5300419.299,3837475.072,0,8069535.302,3949855.173,10079167.03,39309728.41,5700385.678,214201795.5,5896572.939,0,1925923.395,94923082.23,0,9176246.872,2218139.976,34722762.37,1113203.471,4270548.826,4403112.526,919545.9736,,57789279.05,25124514.27,17491058.87,1.371786193e+10
2026-03-12 00:00:00+00:00,639208.5988,29225731.84,1152909.764,8421297.517,252866080.7,2190448.282,21427007.79,60339243.48,0,5323714.849,3472964.906,0,12675764.19,18016719.19,6723618.582,2314074.435,,469584.4624,468257.3525,604719873.2,4731706.143,35445326.05,1477336.921,1603170.738,1539721.053,602316.4966,14707956.67,2114634.604,9985776.343,2777206.228,0,18481655.34,4370302.564,12310613.24,34838623.98,4912611.796,90954338.91,8418604.506,0,2153073.618,91557661.18,0,6680135.185,1508877.163,174980648,1272471.329,201029174.8,4307234.598,7564045.809,,45954058.8,30667416.69,13513247.89,1.305398797e+10
2026-03-13 00:00:00+00:00,1006776.888,55360327.41,1107023.083,12698023.62,445710348.6,3524729.187,6716779.682,62792210.1,0,3448281.368,2764152.539,0,11215511.07,6292401.347,10905954.26,2890951.94,,1429573.45,901930.9899,959042027.4,3235548.506,61537310.23,4021661.834,4937042.373,1186998.826,652211.7548,7940872.615,8797668.614,47748195.17,4548738.107,0,18658630.46,3228207.176,13707146.18,70473170.41,6947133.885,66161134.06,13523366.14,0,4571827.16,102016872.6,0,12740712.36,2000807.507,1527248315,1549996.163,151680595.9,8108469.841,2557947.241,,69903319.44,96952037.87,2965803.898,2.159350787e+10
2026-03-14 00:00:00+00:00,781005.3628,22530311.16,690451.3279,4860550.097,172847427.4,1146934.738,2676700.034,28985404.55,0,2128832.824,1545268.533,0,13146655.6,3739151.472,3578760.133,1260825.932,,802718.3533,351090.1493,367674973.3,2227810.448,25516580.53,990793.2868,2293198.259,988862.7404,443415.7822,2811989.012,3661868.517,21276765.52,3270373.802,0,5981520.293,2365819.657,5708868.447,29680602.78,3236025.94,58399631.56,4983016.815,0,1813813.682,51058430.45,0,4100284.869,894050.2626,1064290367,1118049.347,44383449.66,4108493.798,729330.2709,,33933062.02,37967204.92,1882686.944,5607440555
2026-03-15 00:00:00+00:00,455963.7861,24805491.66,1106872.042,4897470.335,207361124.8,1245402.433,1856020.959,29270075.02,0,7772231.464,1466861.29,0,8648545.804,29345646.79,5462206.252,1315393.01,,513460.3417,1694678.067,436913239,1197980.663,32193098.16,935816.5954,1733161.486,781272.0091,408042.8969,2695384.685,1467622.566,7121111.884,2135582.982,0,6903612.174,4003757.038,7787090.905,32834875.26,2996278.418,77726691.43,5929984.032,0,4441447.527,51001183.25,0,5438311.605,688522.9686,433770785.3,2081543.651,14437400.24,8505189.285,700113.7883,,34769448.96,22889963.96,1848679.06,9080449373
2026-03-16 00:00:00+00:00,1288573.17,83906213.63,1126893.253,19610465.69,1123111479,2536372.526,2844166.1,79256681.36,0,4045082.297,2515437.648,0,10016544.58,15031013.02,18749092.79,5741491.623,,2228496.579,37816307.32,1051183685,2038837.661,122516124.2,2068602.702,1338271.628,1031649.939,554627.9171,6383283.45,2922857.497,21100250.42,4352140.061,0,18962710.58,4315826.161,12810921.37,79735630.57,6866743.248,366933312.5,12468451.4,0,4583734.275,111518484.9,0,15640157.22,1130924.997,389512042.4,1782544.546,18351415.04,25264406.42,1218604.734,,145525427,40271240.21,1335292.492,1.984015785e+10
2026-03-17 00:00:00+00:00,1605729.546,48494449.76,1044055.332,11170034.79,631459724.4,1904794.88,2388107.877,45733119.71,0,2846730.238,1619643.843,0,10313168.86,47837617.33,6044172.945,2683180.031,,1093340.278,1890013.676,674636856.3,1773284.325,156131581.2,1863559.496,2834452.985,903356.675,589882.9769,4283181.6,1783055.8,9128686.448,4065888.883,0,10746799.69,2711360.486,6797295.419,52721087.47,4261534.436,558265577,6906661.251,0,3267383.063,69301198.47,0,11504013.72,1454595.842,182064478,1244853.968,11319390.17,11265327.98,1326877.025,,67514074.95,34231948.95,2421871.825,1.623790857e+10
2026-03-18 00:00:00+00:00,1691938.414,79042061.79,2003148.722,11610506.78,409623464,4869608.45,3777360.13,51551189.53,0,2820744.661,1702637.203,0,18411585.44,238678834.8,6586338.09,2644178.258,,1546193.27,1216571.355,671868993.7,2912575.551,152229760.6,1761361.845,1691623.514,1392184.394,548676.2075,4651415.107,2399108.835,17180386.87,5625444.387,0,11885951.47,2773377.142,8535772.582,77940810.74,4677391.83,369719223.6,7979637.475,0,3317149.33,81037646.41,0,10059107.39,2650391.533,174378314.2,1731521.917,12230127.5,11492399.01,1517030.182,,64625403.38,39607730.5,2265260.365,1.638363914e+10
2026-03-19 00:00:00+00:00,903063.0254,35210377.82,780394.6725,6395387.518,314095811.8,2160108.352,1669903.646,38700947.46,0,2080233.54,1119540.667,0,20417574.98,111337826.9,4899439.047,2679992.451,,2026585.237,430141.5263,465361113.5,1496076.388,106431740.9,1110471.945,811876.0245,846935.0912,434185.8263,4108973.194,1306470.137,6616369.662,3191146.864,0,7539311.133,2243684.36,6535445.675,42389906.65,3191079.525,317662197,5784001.552,0,2147794.668,75487548.43,0,7378937.964,1222929.14,101989356.8,1038157.968,5760997.659,4949938.992,733520.7625,,46909259.99,45843952.56,969016.1894,1.52944504e+10
2026-03-20 00:00:00+00:00,692935.0314,22506641.77,583242.6293,7026882.367,215062629.4,1312710.976,1984145.811,66735364.11,0,4020938.979,907196.5825,0,25629920.05,94809048.84,4973620.345,1779881.675,,1330002.814,360730.7045,410991635,1483901.672,81146368,557209.9508,699660.0548,645038.5792,368316.5893,3827881.943,1479952.003,4707256.668,2903364.763,0,8169676.453,2113322.173,5707522.235,48877536.72,3156570.718,289182338.8,4546042.68,0,2072280.647,52486636.17,0,5665817.344,1676416.571,86074705.5,999006.516,6466939.976,5444679.459,897837.9328,,38704774.7,75036879.31,735069.2268,1.308113883e+10
2026-03-21 00:00:00+00:00,520410.4965,16868373.68,755304.7687,4808264.229,147626780,3752790.43,1800856.028,26384567.32,0,2802501.913,951275.1386,0,11966624.33,17119769.25,4086216.371,1744534.6,,1305182.575,414425.7013,294210825.1,1652501.083,36471434.73,895357.1708,1915236.687,808047.948,359954.2866,6764668.449,972271.2209,3928926.691,5370886.61,0,9835414.296,2340239.026,4646993.182,28248918.74,6381567.752,263161905.1,4187627.328,0,1884728.594,29097021.15,0,3711021.317,4067442.316,56173066.43,1153369.156,50321436.42,3642335.723,5611358.626,,28063127.11,37464501.07,652396.7724,5205605276
2026-03-22 00:00:00+00:00,877323.8165,22382546.67,1610877.361,6286607.72,209744098,3607650.31,2992750.423,35644970.23,0,2330369.787,1538838.901,0,7160374.239,9855847.785,3931880.623,1912770.151,,1133053.705,535469.1579,429341924.1,2271435.424,41785439.7,1047825.424,1597726.212,1098209.427,1032566.843,4557058.886,1394006.959,5213604.136,6010805.006,0,9226764.235,2729461.208,6557094.285,29059481.67,3709805.67,149991551.6,5022810.674,0,2095867.558,45047314.49,0,5332689.033,1319658.293,81387096.18,3944319.007,86212821.64,5809862.453,1565264.374,,41762820.68,54170411.52,908870.4101,9248443589
2026-03-23 00:00:00+00:00,1194944.573,39850592.83,2798665.214,12249513.8,409820273.4,2710054.409,2965841.062,73567841.05,0,3413795.324,2364294.905,0,6215287.575,11317896.8,6918538.265,2310836.78,,1088084.833,513456.8176,751338848.2,1714606.181,77838235.13,878890.9161,3036121.751,1142849.382,1042650.369,4862728.492,2565031.56,7568457.458,4435259.037,0,11474710.59,2869669.663,7515720.865,53733593.05,4876320.54,122037613.2,7546938.592,0,2897138.291,89017629.59,0,9609305.113,966980.692,92809328.4,3342445.598,36256817.42,6572810.968,1252433.031,,72534767.11,73784310.22,1054435.12,2.037026033e+10
2026-03-24 00:00:00+00:00,814412.5939,26382412.73,1104617.974,7469859.942,241763457.2,1568826.159,7878256.332,49169722.6,0,1987936.282,1511543.187,0,4231275.531,11463254.78,3688420.556,1828432.212,,833233.0871,381094.3536,455174717.4,1133613.533,52260684.45,640904.5277,2810463.815,840769.0944,577213.4458,3207460.065,1375498.535,4280497.821,2160807.449,0,7248289.502,1759000.351,4767913.914,31657201.47,2233634.084,110085263.1,4671705.937,0,1625837.992,48371808.93,0,4843433.017,1042600.228,54575224.81,1355759.61,14451402.51,3422672.919,640244.2869,,51422615.98,68348230.54,1448516.461,1.377264526e+10
2026-03-25 00:00:00+00:00,747576.5667,40633821.21,837186.6116,10120999.42,233345776.4,1343033.805,3201183.465,35709758.6,0,1931492.286,1310151.851,0,9593656.368,5202773.606,4247619.121,2105418.45,,1160480.205,403919.9367,505145243.3,3231258.282,51815934.44,661305.3264,4134006.875,654675.1047,458853.2215,2562997.017,2673842.429,6442653.355,1608102.531,0,7795352.873,1487714.424,4695273.656,44720727.1,3052045.575,286799820.7,5218996.938,0,2229292.909,72518641.21,0,5559316.403,1549736.187,84072958.59,982563.6761,8553813.468,4066855.775,842534.0267,,48840446.65,34345286,1037189.966,1.184921884e+10
2026-03-26 00:00:00+00:00,906268.9438,27006372.08,1102112.099,6826333.451,202830557.7,13345900.84,2196296.722,39073408.22,0,2332695.298,2018553.371,0,5112352.628,10216421.3,4256267.489,2561668.05,,1058763.014,493123.651,521763258.1,1246701.833,49011452.01,878079.9725,8339748.147,944437.2485,384747.5371,19441058.08,951592.4274,4786144.879,2503988.9,0,9116897.197,2147239.245,5617256.106,38599786.37,3416051.871,246090713.8,6385395.512,0,1811557.386,63647601.92,0,4844355.997,3797247.459,61258957.03,1413742.199,7703348.73,4104702.649,1138708.299,,32178076.33,31026048.86,1762012.457,1.295104251e+10
2026-03-27 00:00:00+00:00,779559.6493,22571530.07,908462.2686,6447675.94,202061022.4,15951132.79,2966517.407,33945285.19,0,1796266.476,1404163.086,0,7643704.167,2591985.679,3785962.809,1766011.79,,821338.3529,315528.7769,387538316.4,1333892.171,46406037.55,866004.5819,2512990.932,827324.8406,326720.9986,4034766.277,801486.6682,3583842.996,1737217.895,0,7123011.73,1778707.086,7164664.085,36727212.22,8920250.683,228473178.9,5609566.539,0,2064140.721,52490067.95,0,5119711.962,12927503.63,49139176.55,1429888.39,5088318,3059711.795,670774.0122,,67137804.47,34101628.88,1260060.52,1.421058777e+10
2026-03-28 00:00:00+00:00,374678.002,17318323.37,828492.1485,4320348.884,157795612.5,12665450.8,1422631.191,28485789.17,0,1443308.631,1616273.897,0,42520202.13,1833864.694,3876453.692,1529231.447,,587667.2931,240627.0393,460805063.9,760414.8248,25550249.42,1637529.605,1711224.271,727196.5215,278713.2925,3934471.455,683164.4784,2996078.02,1482682.898,0,5429810.971,1422188.045,5105234.846,21183320.91,4241681.238,184503741.5,3875008.781,0,1523956.803,27243207.3,0,2944528.029,4292959.354,35379915.55,1466329.268,17130898.77,2477430.257,904016.0263,,35695377.37,22946412.94,1290144.686,5950578007
2026-03-29 00:00:00+00:00,547556.3333,17172797.57,1787599.68,4657117.301,174063108.1,6612123.154,1024267.374,25498419.86,0,1585326.966,1604823.895,0,15135821.22,1447414.677,3252016.21,1516973.845,,784451.8845,332736.8544,360053703.7,1288101.271,25392145.56,7204089.874,3335022.504,884333.3786,343837.3893,3026099.764,763414.9673,3311949.827,2470212.316,0,5926579.226,1514593.23,7418289.426,23298350.34,3036988.911,103681412.9,5358896.181,0,1719700.537,42343766.49,0,4288592.212,2207076.109,47199089.45,1236977.234,5515757.123,4053429.334,796766.6571,,31076698.73,19318257.95,1865463.484,7312091385
2026-03-30 00:00:00+00:00,573495.0657,40503813.28,1576380.386,7102559.586,218079708.8,4673679.401,2226955.877,48631837.31,0,2211160.083,1683620.666,0,6455041.098,7084698.953,3577023.063,1248820.835,,834659.5273,318260.1631,535748205.6,1643390.644,31728190.53,21162391.62,1576351.061,1335715.71,660604.4323,2686426.966,1644904.441,11860682.27,1185029.47,0,6753069.228,2280422.091,7447254.872,32394457.86,3128623.773,82116337.83,5059468.861,0,1868948.885,60365275.05,0,4103007.042,1410539.848,54078541.04,775182.748,6323041.131,3601278.373,1784080.586,,37849978.44,18830454.04,1686721.763,1.256373142e+10
2026-03-31 00:00:00+00:00,431267.3404,26842706.72,965977.3303,5756686.658,235722212.5,2787441.383,2938036.189,38097564.77,0,2240251.861,1113470.455,0,9687023.938,14520055.75,3339642.248,1321988.989,,708144.4462,314879.2922,553995337.6,1634967.014,40152742.52,7410367.017,1968896.681,769545.9373,807944.8051,3200974.43,1136512.388,5916749.686,1133503.468,0,6066045.939,1744073.985,10850526.02,29582646.52,3596600.731,196697704.3,5786131.882,0,2131367.789,61263765.9,0,5197643.877,3418478.221,74973423.25,847826.7034,6417154.28,2899010.675,2180650.899,,35950863.97,16777824.76,1403689.885,1.638824199e+10
2026-04-01 00:00:00+00:00,532145.5651,22671871.55,1099369.076,5364958.749,239558637.2,2554700.759,2741364.118,34045817.58,0,1595230.092,1188874.651,0,13587907.42,26027764.58,3551482.261,1490416.527,,594447.4131,398286.0848,453368020.1,1177279.804,134360466,3111329.216,3050760.884,901169.9809,763812.6926,2195435.418,1461262.755,5134963.955,1759973.187,0,6472718.68,1986181.208,6695460.621,29998516.09,3383703.17,297297488.5,4672187.942,0,2000341.318,65829841.55,0,5074887.268,2420893.341,43182349.19,915965.2756,5182791.331,3345788.826,980660.2235,,36904396.02,18504719.41,2690546.469,1.076221684e+10
2026-04-02 00:00:00+00:00,667492.1001,23937613.39,1300095.408,8505913.28,228005469.4,3303974.403,3298656.807,36094140.88,0,2226780.454,2208306.435,0,10381236.36,10917740.61,3677235.218,1288205.081,,1036959.869,499979.8684,503561041.6,1272554.629,53294502.44,2160291.239,3049108.683,2327567.921,491211.9455,2706868.558,837434.5006,4771068.009,2291045.048,0,5643493.864,2456911.072,8200053.228,39184238.17,3578989.455,169658038.4,4032024.078,0,1648265.62,59283036.01,0,4684128.569,3605208.565,55115993.18,1810189.573,7235290.425,5025369.455,1685510.891,,40947698.15,20905925.03,1526956.072,1.257951717e+10
2026-04-03 00:00:00+00:00,927743.7732,17326684.86,825318.4428,5992054.431,231208539.7,1958078.375,1273162.735,34642671,0,2289327.804,2081882.692,0,5259015.678,5191148.424,3507623.074,978592.4132,,3084633.811,3687456.374,345608279.3,1093729.777,29174385.77,1271919.24,3144988.659,1743916.515,637138.4739,2253444.934,783736.5644,3669758.268,1306219.376,0,5182321.871,1910483.27,11345282.33,21294814.38,5104403.483,388764383.1,4253758.619,0,1797708.709,35591503.92,0,2938104.515,3329837.54,35878384.85,1507121.792,12231817.89,5553234.533,1560101.288,,29948014.65,22154668.16,1961642.515,5293680077
2026-04-04 00:00:00+00:00,552339.6602,13828131,1511384.003,4716029.45,144058605.4,1379615.173,1128811.67,24970375.06,0,1096351.735,866675.3199,0,5571119.556,2860060.281,2503229.132,1299720.097,,917913.9328,301577.4261,256126838.5,730580.2752,25576418.6,600805.3318,1305963.744,1099143.728,380121.651,2211926.111,703083.4715,2551200.757,1074973.641,0,3561858.932,1163724.6,6179603.567,17982779.28,2712936.552,246000551.6,2598783.674,0,1437645.728,27176332.88,0,1461887.406,8452647.533,59330584.75,833199.9738,4533990.221,3591079.842,845860.1792,,21332824.45,12830762.25,883102.4839,3410098603
2026-04-05 00:00:00+00:00,554980.9159,26893929.17,2418607.564,6100664.041,179802439.5,2245029.046,2184862.86,34709202.9,0,1407530.582,1012021.171,0,3980549.006,1643823.13,2732759.792,1058003.227,,1214812.478,307979.7727,423795390.7,864607.1918,26821754.36,1676451.836,1155316.872,1004203.528,244557740.6,2216719.663,719631.7929,2990387.079,3410213.34,0,4869298.502,2161009.819,9603266.72,21369245.6,2870220.758,153780818.8,2998829.723,0,1726827.167,31730708.36,0,2910046.152,4209201.708,41811696.41,2225765.734,5488778.536,3544052.057,753955.6875,,31897310.86,13246296.27,860524.5409,7083232337
2026-04-06 00:00:00+00:00,938022.3744,41323781.52,2393118.152,9207891.954,380519659.4,1705305.94,4631491.65,47902024.55,0,3359801.366,1829304.017,0,5905455.35,1498783.751,4750568.869,3672627.736,,1771851.723,357832.7663,535106265.3,1807823.896,53156128.03,1046765.391,2567087.701,1111212.963,79299817.97,3519346.309,1937071.602,19188909.47,4672750.264,0,9266221.717,2945564.526,7766730.624,40607101.97,3032072.438,116179945,10967736.61,0,2045784.852,52602029.73,0,10466241.56,1199484.608,46349594.15,2872879.887,7609634.539,4165385.986,950235.6753,,43514119.01,21696750.62,1342359.509,1.156930317e+10
2026-04-07 00:00:00+00:00,900745.9933,39353990.09,1541610.664,8203097.747,395382393.9,1539036.261,4552243.843,54500281.65,0,2098121.78,2149503.059,0,6033808.529,1336665.047,5638367.356,2030710.468,,1490620.848,1408879.044,567435582.1,1820003.764,76519616.95,2043750.695,14048674.58,914835.9392,13713583.26,3208714.325,1941190.325,7849755.362,3398478.458,0,6643328.736,2867983.014,8098259.864,38968285.11,3675794.057,73474907.14,6646161.431,0,3218506.245,73208491.19,0,8751783.609,143170148.1,71226637.29,1654372.897,6307938.653,5414818.481,1012339.572,,49257430.28,33691149.28,3288279.256,1.618227954e+10
2026-04-08 00:00:00+00:00,973539.8842,33626309.6,3926132.529,6568455.336,377866461.4,2761001.081,2059459.958,42801658.13,0,1925764.489,2338877.557,0,8866330.992,4018166.942,4400582.123,1814107.794,,5115169.189,1370781.372,540487266.9,1591842.781,371912113.3,985052.1454,13370037.11,1343313.488,6199999.285,3012155.53,1103987.345,5558628.818,3834709.072,0,8873455.314,3137152.356,6865267.791,34321755.96,3739671.125,44640568.98,5572171.279,0,2869137.189,69163871.17,0,6222960.176,169094152.5,79609638.88,1267299.409,7022253.82,16293580.87,691066.702,,42261415.73,46091846.42,3375603.737,1.313348373e+10
2026-04-09 00:00:00+00:00,1495428.807,37408403.66,1361253.975,7514522.405,325019722.3,1424384.191,1422399.582,46915507.83,0,1494466.265,2164086.543,0,14892761.21,1298130.286,5028478.25,1944358.995,,7442673.572,703420.9753,525916508.8,1635037.207,172130079.1,2876019.671,25926312.62,1053707.253,5709847.927,2555905.814,1102371.583,5095559.469,2013801.525,0,6771599.195,3111693.125,5829229.793,37525039.84,7412494.397,46735277.43,4431518.002,0,2221196.884,42806623.64,0,6172543.324,34905977.13,94906946.26,1284950.376,20789591.77,6394779.626,575991.1918,,41820693.64,104584104.2,3503111.979,1.259001513e+10
2026-04-10 00:00:00+00:00,966637.6133,22991603.28,1573659.765,12994903.98,309159513.1,965553.4815,2150095.719,36998273.75,0,1203566.249,1689590.786,0,15894471.21,1626713.343,4182204.322,1148146.433,,39836168.43,562772.5409,474001672.7,1587044.234,55248160.07,1625325.145,3646915.391,4337618.857,2559817.773,2843318.646,1034299.042,5341055.402,2473787.536,0,5529242.52,2301618.971,5273116.567,43043510.3,8198138.433,33759474.19,4049396.567,0,2336081.901,63603267.06,0,6298459.211,15120390.96,79658624.49,1132957.354,9949565.599,14244998.87,682568.8887,,29039149.24,169768184.2,11892181.35,1.133976885e+10
2026-04-11 00:00:00+00:00,941217.2224,25132313.07,987258.9744,8822314.479,304262200.9,1293904.475,1543978.191,34746393.04,0,1325242.257,1022156.543,0,9141748.323,1123160.546,3806518.137,1840516.085,,7962777.246,401665.4141,378962474.5,4066838.557,64047886.23,1101317.15,4173411.158,1747181.784,2479056.576,2282381.814,947178.7952,4560433.634,2563521.012,0,5580216.288,9890218.339,4876022.691,46742033.22,2681307.833,25144178.1,4593343.462,0,1979129.534,43810007.41,0,6501280.572,22744801.45,69593603.25,1281185.224,5179787.489,10281904.14,549704.6924,,23111568.83,75029307.54,3500685.773,5853687219
2026-04-12 00:00:00+00:00,988156.1067,31512218.37,1293613.716,10181845.19,259538376.9,1424367.664,1011209.253,39982033.21,0,2115819.124,1476476.157,0,10450708.34,15240661.67,4137601.833,2323009.418,,5121599.634,354092.3162,432477227.1,2675514.058,51523585.08,2601991.61,1816035.503,1616527.706,2565057.864,2949877.651,987573.7675,5190247.172,1758898.689,0,5259819.053,4860740.389,5784992.173,34982027.39,2562119.058,55240187.79,3951952.876,0,1395682.012,40545900.59,0,5753739.689,7918425.846,75464416.32,1452558.06,4537000.672,8937310.202,989168.4939,,21630053.77,53184906.5,1947569.488,9619397053
2026-04-13 00:00:00+00:00,973437.663,35030119.11,2794831.643,7456232.908,358239146.7,1143892.658,4801118.061,44152466.11,0,2777657.921,7142608.025,0,8348423.102,35035306.87,9398149.184,4552033.739,,20028954.37,436497.5007,530734109.9,1507023.199,56547461.88,6172663.577,1333601.187,1652512.033,4599852.674,3927514.941,1428230.382,5439273.022,15149040.44,0,12641832.15,3635017.836,17610050.25,44110859.05,3892625.784,43441654.47,7337045.109,0,1945171.662,65619470.73,0,5721410.353,12744043.48,64684115.61,32733347.67,8273643.761,11192517.13,997412.9886,,31941946.29,44998253.53,3397129.085,1.542979879e+10
2026-04-14 00:00:00+00:00,957947.4482,41937215.19,2308192.309,9322693.67,385778694.8,1933624.97,4141421.043,54200060.59,0,1752513.267,3706691.366,0,7357381.907,12753323.84,8953056.985,2924846.108,,3967003.614,607196.072,820093719.7,3166616.626,85295570.01,2615019.947,6008637.448,2352656.741,20684623.66,3187761.846,1050258.63,6263717.045,11124704.07,0,34967453,2960649.082,13548845.04,48817945.95,10984871.47,38330021.59,10860328.04,0,2281278.803,73439876.06,0,6919526.715,10557427.04,97148218.75,19816333.45,5938764.437,19245643.89,1271950.683,,35053641.28,42955013.91,3184194.622,1.36943748e+10
2026-04-15 00:00:00+00:00,1224811.841,27918358.39,1656051.2,6100192.925,277508678,5530374.691,14397947.35,33644776.24,0,1699635.252,1715437.371,0,18708576.56,3208711.561,7630308.959,1555371.053,,4948303.222,287685.2723,463453214.8,1605116.024,69568154.33,2524679.534,3337910.787,1280224.445,2947058.876,4073140.288,1465966.616,4530512.852,5344501.071,0,34771639.77,3880258.651,96151766.9,43964274.15,4865625.973,33027777.34,13185082.98,0,2665932.112,52898007.77,0,5110953.887,8756743.833,79580840.45,5692569.076,18755543.64,8656060.557,871792.1745,,29940651.54,120007579.1,1444646.293,9730355811
2026-04-16 00:00:00+00:00,2042755.439,82730727.39,6042092.747,26565989.21,760695250.3,23299794.36,161101829.4,84390700.18,0,7463888.134,19920897.72,0,7988585.794,2321923.516,57471082.35,4107908.931,,3999129.423,859259.1833,963873070.4,8478987.031,109117303.7,8622362.09,7562963.625,10075375.81,17016599.14,25584427.27,4096154.481,59239692.65,11163904.85,0,281210757.7,10531855.81,2006075801,87070368.39,32378686.91,226412417.8,192094191.6,0,11648354.93,82341742.57,0,9601596.965,16402271.63,153305472.8,38137724.39,43624520.02,13548055.35,13018324.97,,90300626.19,45969909.67,13349982.7,1.180139401e+10
2026-04-17 00:00:00+00:00,2743871.039,55475624.11,3224082.612,21294429.11,551131030,8781096.191,108659734.1,73378586.46,0,3277919.492,8098143.347,0,5407122.544,3117927.207,27877801.59,3276290.518,,3336214.761,1005945.247,921077536.1,7043450.093,73078011.44,9895427.17,60376100.56,14980707.67,4325145.699,10828290.4,6659114.36,23030936.27,9016202.025,0,106539273.4,8651078.123,1201606598,77249634.01,11869887.85,92753144.23,144228285.8,0,10032884.52,76208519.99,0,10074597.59,7403521.405,106734737,79709881.05,13773791.09,12822174.03,6190603.121,,57271047.62,56474522.91,20135799.9,1.832462515e+10
2026-04-18 00:00:00+00:00,1363733.999,29120778.15,2713224.006,13023073.74,282307373.2,3089755.885,21497199.48,45389294.08,0,2934853.048,10301646.64,0,3829878.66,1576165.4,16877620,1797544.897,,3963630.076,921995.7989,554270728.5,2846225.242,49845788.44,3359294.024,5531963.111,5037458.384,3615307.286,5414298.186,1810571.158,16381160.2,6050434.067,0,40725641.95,2882049.4,327710727.4,45171306.31,5677237.568,35154831.96,42178595.33,0,7585018.062,48099807.79,0,6886562.617,4727465.199,90178474.93,21493196.87,7354513.368,6637795.203,2350300.073,,39099468.94,40261296.74,5063639.493,8076569349
2026-04-19 00:00:00+00:00,1114087.115,40617365.85,2078304.129,26614774.01,331665592.7,2085337.516,15481551.56,47776197.73,0,4218678.12,7751269.918,0,3230924.752,1034941.259,232872218.9,1970368.068,,3462791.997,850579.4413,615231111.8,34477463.43,50700176.89,2410431.644,76773960.54,3984224.2,2398653.945,14865855.62,1976443.646,11144418.48,2912739.165,0,49666375.68,4550143.062,294853678.3,42404724.31,5696321.732,24665282.19,40086324.98,0,6214264.557,37126786.67,0,6512487.231,6192132.217,70338960.21,5283173.743,10940086.4,4977390.952,2211835.01,,41088129.62,28951787.1,2260545.299,9683836063
2026-04-20 00:00:00+00:00,7535986.481,27361312.64,1504362.854,13064154.95,262895404.3,2067231.385,14722958.62,30653146.08,0,3161837.187,2167259.501,0,3818132.596,941027.3103,68682054,3038693.342,,3786977.535,772663.0712,398919415.8,7853542.07,44779299.33,1900867.333,78660751.3,1394280.21,1427225.814,21118618.18,1581215.22,17814415.53,1774248.741,0,29899961.33,2875681.374,315422030.2,59740223.44,3307257.116,30732635.41,46773573.64,0,4799634.525,29806507.7,0,8448063.173,14942297.33,62376647.26,3779424.172,5691068.529,3636254.503,1358138.064,,27704046.96,21633946.91,4718828.252,1.251006275e+10
2026-04-21 00:00:00+00:00,5712041.891,24903550.66,1127916.713,8366020.136,231990757.9,987015.5167,10822850.16,33354374.24,0,2129744.686,1615838.978,0,4917682.874,2722117.112,22943483.49,1640725.118,,2411284.916,990709.8932,345642057.3,3623058.412,53637698,1337500.769,23014478.18,1149530.504,1292570.285,6769373.994,1622832.221,10369601.89,1995154.459,0,18665815.7,2500207.889,150080220.9,70128422.29,2290634.566,21433282.24,17936782.79,0,3368463.891,37323215.08,0,13961928.78,4188684.706,63997588.23,3299004.817,4695821.238,4487519.567,1219766.406,,27943110.75,22944661.77,9693432.525,1.250041681e+10
2026-04-22 00:00:00+00:00,20464291.35,45993146.76,2325406.989,20227981.12,308166443.8,1975999.885,8871481.853,43109613.01,0,3054654.846,2368216.472,0,2732494.612,5565883.277,39091180.4,2438231.949,,1987885.527,981872.3345,577352924.5,2212872.952,48109169.28,4171931.227,5472077.271,1028883.624,751522.2624,5157849.079,3397521.601,13657486.82,1633931.595,0,88868302.02,4944723.576,69434015.69,144867374.6,11424971.47,17131409.15,26654355.54,0,3629453.566,61789478.07,0,22331001.4,4466499.806,133196204,1965192.092,8428714.56,5698165.714,812891.4413,,38861227.69,24747882.71,41342553.54,1.493837314e+10
2026-04-23 00:00:00+00:00,5568811.743,35248140.94,1428436.423,20699065.15,247364937,60700727.79,8715446.808,34074737.49,0,2293537.262,2001199.032,0,2436478.827,5398570.951,17186928.5,3359759.603,,1346957.285,4862507.885,570941805.8,1703481.061,47080491.84,1897863.713,3287428.56,1085439.812,701135.508,4101781.159,1624756.077,9669640.437,1918156.37,0,34810926.4,2665657.673,74350138.77,132290507.4,3637096.241,40227821.28,11513070.43,0,3112569.768,35279702.49,0,17842818.39,2750147.463,89591232.53,2271308.332,4632472.132,4512847.718,992478.5045,,52338866.43,24685585.71,6610417.203,1.341739591e+10
2026-04-24 00:00:00+00:00,2846271.803,23653736.8,1581490.794,8497004.236,215237939.9,4612266.563,7837997.15,39526441.54,0,2257727.914,1899673.801,0,5271994.578,2047452.278,13520352.7,2324762.249,,1769212.381,1960792.252,475318999.1,1893656.746,37500394.96,1313798.912,29872303.9,1270627.483,770431.4118,4438260.809,1045100.192,8225304.494,2401755.957,0,23053322.18,4838252.566,89710320.39,102131951.6,6612859.193,32680058.87,9321910.405,0,2640775.504,27691504.78,0,9806417.261,2969105.53,220633396.1,3887493.507,4791499.266,3341310.265,10514405.97,,28341541.15,35961107.17,21034911.75,9945529701
2026-04-25 00:00:00+00:00,1344791.128,18943633.85,785210.4678,6097772.533,131326293.3,1368010.453,3942228.832,20673702.37,0,1478368.854,2419904.994,0,4393963.107,17876961,7453183.428,1015320.542,,1897250.113,684210.5409,263596112.2,1103969.532,23077064.16,1332502.261,7285507.931,1757146.176,1901116.907,2874252.779,1114673.024,5258683.585,1445120.812,0,7881187.764,2924335.278,61772000.41,53233909.58,3054687.662,87136110.34,5883943.504,0,1834762.032,22364305.15,0,4767941.157,1402645.917,406611846.1,1763983.773,3606217.734,2169664.184,2651495.458,,20580731.13,19919704.15,5782651.203,3610097135
2026-04-26 00:00:00+00:00,1722190.486,20470767.96,1097799.545,6393535.797,179025641.6,1288237.163,2393438.998,21248354.45,0,1590643.87,8904904.321,0,2602995.108,28546383.46,6072058.597,1429221.28,,1483570.174,669578.3827,327567044.1,817707.3832,32473169.86,913511.0158,3419327.509,779750.3192,678457.1192,2633567.175,1048742.74,4991118.337,1200534.73,0,10553407.9,8539049.252,48184473.35,96602894.7,2942352.48,36712532.42,7033237.982,0,3806898.013,22509242.29,0,7631046.103,1777607.887,171027874.1,1209786.074,4184842.333,2425922.396,1175917.289,,22752975.67,14039156.95,4583059.239,6242573930
2026-04-27 00:00:00+00:00,2408985.619,35804117.4,1648262.666,9529932.225,322262306.7,1937283.994,5804836.231,35856563.64,0,2865504.95,3054842.813,0,20674766.39,5084296.66,8172373.818,2789402.981,,2472740.102,1316469.347,554528815.2,4155546.504,49880172.18,1449683.871,3703876.339,1798214.481,1161756.593,3479713.487,2082503.39,12523500.08,1432501.779,0,11301776.13,45577933.41,50746531.59,337801273.6,3948174.815,35147189.23,9940206.239,0,6273596.029,71088510.6,0,15300326.58,182963651.1,125863680,1358553.93,6350050.655,4754623.929,4260518.183,,36044648.95,36171625.12,4051453.586,1.314598836e+10
2026-04-28 00:00:00+00:00,1270382.713,29323804.14,2081934.264,6010825.7,236513506.6,3435204.945,2976960.137,26571305.41,0,1741826.57,2046545.436,0,13269034.79,4340171.798,5174564.322,1969034.497,,1759429.061,912234.7316,578549512.3,1321368.083,47053855.5,4152312.348,5203081.262,1176947.712,844515.8856,2688211.638,948620.1076,5458042.557,5319526.833,0,9364436.17,5295459.035,31964902.8,229520308.3,2168470.677,21612460.56,12621954.75,0,4252613.56,175949939.7,0,5806315.681,100035844.7,78321817.43,4323473.512,3396784.871,2665713.582,4248069.055,,21433041.52,22784309.79,14555061.27,7940395434
2026-04-29 00:00:00+00:00,2471012.163,56875850.36,3248626.776,19027957.83,570347424.7,2338124.583,6222200.036,99734221.04,0,6000790.112,2179879.841,0,11239140.77,2330403.207,12527417.17,1799662.964,,1906754.603,0,1817633773,2892161.985,68763676.81,2775266.457,11413382.24,2824667.059,1350563.129,5598036.435,2040171.689,29964302.23,4659706.159,0,22472107.77,5508949.15,31805851.06,242794456.4,3981822.559,16551245.94,15978038.04,0,5452398.753,177213463.9,0,11746058.67,58066975.93,119196113.9,3521803.44,9032239.415,5133064.231,0,,39642873.61,102260536.3,68623343.2,1.424956e+10
2026-04-30 00:00:00+00:00,1420664.271,25154602.45,1270067.065,7594352.234,273502623.6,1710010.642,2599422.053,50909037.34,0,3204172.161,2014317.614,0,21461652.34,1513021.396,8905489.408,1289842.251,,1431223.991,0,1018397118,1505073.146,36439116.33,1244049,11926693.34,2422804.952,1318782.539,2926466.059,1101129.147,14718135.82,1566532.851,0,9332785.216,2534173.656,21071938.97,138298270.5,2173061.714,9526066.453,6494814.513,0,3039140.165,54973145.99,0,6346080.907,69873419.92,40670613.07,1097494.673,4240250.748,2005941.76,0,,68847750.24,84075992.74,112755623.2,7592288630
2026-05-01 00:00:00+00:00,1571716.902,23530674.38,1026012.274,8113518.333,248838352,1173131.139,3137580.385,45001432.28,0,2878678.322,1777408.519,0,5662167.07,1109081.349,7141697.436,4045917.221,,8188623.348,0,862614705.1,1609680.377,31366001.4,2868147.027,4321892.779,1220617.049,1044962.052,2802132.696,973509.681,8210467.06,1497347.298,0,13209638.59,2006997.232,26270746.69,95714725.8,3138222.578,15497532.71,14810975.79,0,3501949.307,42909672.51,0,7709593.973,15619411.91,72546143.76,919651.3295,4894304.122,3014163.999,0,,47179587.01,90616411.72,307388424.3,1.191092699e+10
2026-05-02 00:00:00+00:00,1448085.066,15029913.22,1280392.733,5520013.445,165748413,4669400.516,19350431.24,25795226.08,0,1818525.321,3009018.912,0,4440103.27,2511949.967,9603812.686,3387998.944,,18169634.3,0,410672503.1,1536118.901,20686217.74,4976033.926,1728761.357,1179425.645,1104044.295,3304353.282,730918.4373,6234292.423,1828381.96,0,18981524.02,3111083.844,294875109,75616406.99,4641350.027,14867404.97,23058805.27,0,2865615.06,21110149.57,0,4508635.823,10518731.21,77017850.18,2016587.248,7589202.372,3450739.775,0,,42111105.53,112529763.3,41330347.64,4033520632
2026-05-03 00:00:00+00:00,2496144.449,19499601.26,2303070.984,5312327.302,176611958.5,1074433.154,6037074.511,28622590.27,0,2044672.576,2748655.494,0,4693567.368,2361464.809,6916033.655,2371573.431,,12299775.84,0,385255348.9,1473671.208,24560645.49,4854463.237,3296512.816,1250882.035,2874763.535,2780492.077,733967.1721,6532147.293,10160821.85,0,13774040.05,2595446.484,152909806.7,88421848.7,2874247.039,10498798.74,14780284.12,0,4046374.11,25278322.93,0,6798126.554,7885861.728,33616558.04,174297522.8,5164805.612,3711027.426,0,,21341272.07,88041385.04,26613868.17,5665696048
2026-05-04 00:00:00+00:00,2434567.487,47820095.48,6988703.589,14061179.58,414323675.3,1250026.201,4827905.816,56239507.56,0,3808712.661,6590190.642,0,4872222.836,1717234.303,9961264.489,2468216.798,,11948993.45,0,1069776928,7159871.375,60756029.53,4663008.238,3014280.723,4922391.687,3014067.798,4338854.451,1538509.108,15097547.97,32043171.73,0,16273852.28,9495537.689,86706942.22,121431189.9,6010219.083,14674640.29,15944118.02,0,3728207.252,55315791.72,0,12564050.92,55636133.52,51910753.07,653785556,8009985.863,5812220.225,0,,36752498.92,146404282.3,45723967,2.235247104e+10
2026-05-05 00:00:00+00:00,2472309.247,46189881.87,5009045.571,12469404.04,352125172.4,1196343.731,4213086.617,46998397.52,0,5668464.047,7902118.12,0,3533453.419,2213334.815,20474265.25,2341224.024,,9813606.204,0,642146985.7,995214518.5,76490126.45,2885635.303,1768827.056,42743010.08,1396566.164,14426706.94,1425409.498,9015401.937,8852564.928,0,41578813.3,96572730.37,52465239.05,241013841.2,12009839.15,10693022.89,14876243.17,0,4043826.531,54012295.16,0,13721927.2,80091819.86,105973248.7,217083192.2,18688058.71,4035104.348,0,,27401023.47,59621806.31,114429084.4,1.385949734e+10
2026-05-06 00:00:00+00:00,2754801.846,68680147.38,3464027.898,12724511.35,336039505.7,1038188.09,6441544.208,60531199.21,0,3928401.214,3635024.618,0,3423926.864,1964295.428,15417975.36,3091805.275,,7171467.109,0,929388724.1,248307702.7,104295310.8,2565353.917,8998800.92,22826326.15,1492582.447,6022574.579,2302650.781,14290467.11,5341225.139,0,17994922.15,73123931.28,68740788.94,105395792.6,4855119.642,32496281.85,19456826.93,0,15662366.34,108483677,0,15814111.52,20684356.54,68912049.76,46873080.12,10085385.41,9281971.783,0,,335680439.7,46578867.66,49976591.54,1.292789446e+10
2026-05-07 00:00:00+00:00,2750375.194,46419048.73,5610151.759,23338546.33,314290246.9,920502.4503,8095709.033,44651785.12,0,3274741.319,3869156.31,0,3093198.47,1963037.33,11917024.65,3942925.548,,5295470.468,0,698671359.2,651430445.4,69877317.46,3090787.305,3098006.918,53362771.54,1800970.515,5485382.287,1697430.387,9956018.481,5075898.19,0,11798984.82,139849683.9,48471996.35,83818804.17,4279698.993,17493421.62,13720423.13,0,8849866.943,142425380,0,13087723.54,27062833.52,58831223.29,109119698.6,9845839.229,12062814.14,0,,68172137.83,110307354.5,67817388.95,1.0847675e+10
2026-05-08 00:00:00+00:00,1747557.638,77851085.43,1892164.04,18249792.04,296967974.4,693616.4949,3583792.021,47276475.66,0,3104759.072,1702132.065,0,2381818.035,1195936.947,9794861.688,3724825.259,,3341693.429,0,486130427.7,137388205.1,37936380.93,8188729.686,1883925.834,21269813.38,1480184.441,5636830.802,2485281.13,8740689.557,3118648.762,0,12683718.55,80555114.51,47498152.78,64043075.87,6967885.246,12254745.04,8449942.919,0,4410176.315,112485439.5,0,10615080.46,14275990.39,75963167.93,49885852.9,8477518.403,7284721.852,0,,38977082.36,61564685.86,13001002.35,8526573357
2026-05-09 00:00:00+00:00,1587552.416,32326541.35,1531422.234,10320582.03,188668194.2,1261515.465,4910550.24,36721286.71,0,3637678.459,2406993.286,0,1939483.015,1463442.505,7270530.415,5024098.771,,1974377.94,0,390769646.2,59414490.23,46093994.97,5026837.942,2329686.486,7212328.6,1564414.205,3849710.431,2297382.614,13240210.78,3468205.245,0,7747708.349,34321898.59,67870862.33,61104872.73,3472863.913,11132831.63,7691736.265,0,3339236.735,59175086.82,0,9132426.63,31183387.76,43708137.01,42740691.76,6221984.703,3758122.735,0,,33544418.26,67597804.46,64000512.02,4503617575
2026-05-10 00:00:00+00:00,4537470.152,87140452.93,2161335.288,13276758.64,405943895.6,1263351.331,3218774.073,83857931.33,0,3415881.814,2361347.624,0,3099085.544,1480436.972,12157676.26,11454676.01,,5379434.68,0,789418201.5,58148620.33,61172398.43,8273173.412,2013272.243,5309254.104,1784366.257,5070142.183,4594348.998,10224944.49,2701541.321,0,11534079.83,22531490.94,47734836.52,69399557.48,4785706.436,15118027.67,11488224.48,0,10417718.35,68420700.38,0,12780636.01,12665176.31,66632292.06,16304817.34,8288602.34,12187859.39,0,,49510920.42,63398292.87,40580432.66,7710867902
2026-05-11 00:00:00+00:00,1933759.976,49032285.89,1044300.217,8302232.635,287133264.8,1150399.713,3105655.256,52035096.8,0,2609307.337,1734344.506,0,10271002.07,2305595.246,9213210.514,9903680.984,,7336963.847,0,820355194.6,52296165.17,60320775.73,9006113.825,1573932.721,3250275.727,913250.258,3655054.374,2274043.151,7765285.465,5269036.442,0,8676744.5,14053144.63,44768443.54,48718456.53,3197492.582,15055012.59,8460912.178,0,5932275.667,72465991.37,0,12715115.73,19385279.87,53297789.38,11429454.35,7878595.339,30826010.04,0,,32210034.82,41641861.15,28151783.36,9914471001
2026-05-12 00:00:00+00:00,2008064.684,43516289.86,1415016.028,9782858.591,288781148.9,1180806.274,4557703.941,54313840.05,0,3653349.066,2530887.908,0,5069364.161,2199506.291,8017909.996,6333515.971,,10683015.24,0,617411826.4,52758166.6,61056013.94,3911516.571,13054240.23,4774780.634,1239515.474,3798841.706,2284748.363,7950930.84,8729291.555,0,11069455.94,13738156.78,42140443.23,63692889.32,3900902.175,15907005.58,8285637.131,0,5391885.392,46452064.18,0,14122837.63,17610330.03,194412900.5,10002229.47,6978854.952,149896842,0,,28326988.83,42967272.95,23061833.01,9789139740
2026-05-13 00:00:00+00:00,4291810.012,40958981.28,1418040.257,11655983.02,270809584.5,1218298.075,3597624.854,47300862.01,0,4610544.343,4281302.96,0,4105536.069,5224647.668,13241021.63,4747441.38,,2840746.746,0,796307045.5,28333829.84,49547019.89,9619126.128,8801563.969,3928252.186,1135395.63,6759166.59,2533158.226,7731877.504,4698136.567,0,12757793.37,7635911.398,41070789.3,66161028.91,5769332.073,13048467.02,11474240.54,0,3594549.6,52655173.87,0,13986472.79,23661569.61,181154528.5,5798843.364,46222205.81,42099473.93,0,,30505804.12,43070765.19,11326751.28,1.116779001e+10
2026-05-14 00:00:00+00:00,1977741.649,31312705.73,886448.3949,9207491.574,266500325.6,789945.181,3531950.569,48332242.89,0,3312448.862,2262663.833,0,4002546.575,4832434.954,9030739.906,2732163.964,,4373985.974,0,1301868083,47372689.91,43861848.72,7414874.087,2752775.879,2895332.052,756929.1203,3541978.958,1459236.548,5897291.25,2805050.911,0,11039698.67,11902420.38,23709855.61,50653925.79,3445853.436,9079303.169,19486259.1,0,3337200.864,56493226.25,0,12407111.38,42640667.75,70527482.19,4011315.946,11822138.2,21357878.61,0,,26548021.88,47862754.78,10988353.63,1.416620282e+10
2026-05-15 00:00:00+00:00,2234217.419,28791756.71,1046868.638,10787873.85,262612655.8,1159982.178,3614563.383,44936881.22,0,3309156.463,2525735.937,0,29715504.04,2418488.777,9125916.818,2643347.357,,2872157.35,0,803517156.3,18874007.27,52720445.97,22922345.97,5536131.266,2396969.509,622803.3461,4746813.371,1935231.276,5643376.768,3475500.015,0,10818500.38,6917482.262,31299697.43,59661435.83,3343750.004,10458634.77,17796536.88,0,3351084.09,45586895.76,0,11312148.62,37578120.18,84044787.66,4681710.487,8296804.572,11657189.08,0,,26685001.12,44245283.28,25736477.1,1.229217267e+10
2026-05-16 00:00:00+00:00,1340939.977,17163104.89,902753.8696,6878813.378,192156999.5,2718202.765,2588575.377,36928040.88,0,2617022.899,1705534.709,0,200310406.6,3767651.271,7820973.567,2490956.196,,1804444.013,0,473010322.8,14498927.27,25065724.97,3475870.894,2803630.093,1598732.377,508612.4049,3208129.708,1188984.278,4445743.336,1935694.559,0,7628617.396,3947220.253,24526537.38,33509117.91,2516674.436,13654972.35,11283608.57,0,2924097.627,33041305.82,0,6089286.796,10777651.79,54461909.07,3261762.855,4608712.237,6272773.246,0,,16377780.22,43986948.42,11349379.26,6745204001
2026-05-17 00:00:00+00:00,1324116.892,21037730.09,711503.533,6021237.041,231379169.5,958356.6974,2247843.194,42879503.91,0,1977156.612,1861129.996,0,39907845.98,1432151.606,10925865.08,3030203.079,,1999211.863,0,526566146.3,18389135.44,29602464.51,2874294.233,1696658.407,1714229.118,504315.6907,2947289.902,1202234.741,4456420.836,1862976.219,0,6374999.7,4069116.72,27608896.48,42781447.75,2712026.497,8793932.705,8930072.039,0,2540485.383,31462297.33,0,6660198.534,10347541.15,41561331.37,6026780.878,5492656.049,7628795.534,0,,17841459.83,28075882.7,20295447.15,6712948170
2026-05-18 00:00:00+00:00,1282771.463,27058797.42,715413.5104,7520231.752,244365349.8,886827.9466,2849936.474,42365766.13,0,2780762.916,1318800.245,0,8824976.352,2615638.821,13555498.65,1837240.262,,2558412.126,0,789427150.6,18171756.41,39920187.88,2615219.804,1981263.036,1620033.839,484246.7093,3075697.96,1271491.38,4397585.76,1812819.55,0,7302369.855,4755310.799,23062067.97,55064133.14,2919332.711,7831796.258,8902340.574,0,2662325.735,36679204.81,0,6951646.07,7767520.198,55534925.85,13687024.35,5509783.329,7346267.181,0,,23072990.11,31046127.37,6298875.215,1.369966412e+10
2026-05-19 00:00:00+00:00,1345953.88,12394249.24,479896.9836,5296351.894,141099458.3,860915.5273,1339119.188,25861693.31,0,2118121.341,1592816.331,0,4498489.698,1437367.142,21345816.25,2229507.685,,3372314.74,0,376148622.8,13567055.38,21325905.95,44996611.86,1157782.25,1327118.462,561284.6645,2416835.581,907712.2924,2981065.724,1591666.362,0,5044802.088,4087049.125,14497446.62,45307681.27,1587375.534,6214883.624,5316301.633,0,1495225.78,29922197.01,0,3933866.926,5957649.377,37741519.91,17069365.16,3286419.257,6769293.18,0,,11755564.49,23823104.06,4908705.099,7603377918
2026-05-20 00:00:00+00:00,961938.4283,16708970.55,705146.8444,6649447.248,161749830.6,739812.4615,1264979.676,23611521.74,0,1815744.935,1371095.461,0,3825127.581,1524964.437,9508473.404,1779375.565,,1146321.588,0,367508303.3,18187638.12,30856435.16,2949465.259,1750369.714,1145466.445,2260464.662,2183220.252,951825.0926,2977811.94,1808456.771,0,12743812.43,4262586.582,22145880.5,75753825.1,2129174.322,5953087.804,4544158.947,0,1791751.057,49634094.28,0,4714082.933,19097471.92,49532866.78,4222694.728,3995066.481,10701786.47,0,,16278020.04,25583747.23,4215580.622,8314023124
2026-05-21 00:00:00+00:00,1195266.118,20489658.91,1200316.724,6674602.294,190345084.6,1056656.111,1652810.124,27129732.43,0,2397734.133,1418480.612,0,2906979.907,1649805.862,10005534.7,3209564.894,,10199696.46,0,467555965.4,14781322.71,45708961.94,2080919.258,1734323.588,1149565.067,1440476.395,2229393.277,1150544.439,4168518.232,2782991.534,0,13045774.43,4378968.093,22813161.29,75960991.89,2529218.783,11698966.42,5976196.219,0,1948621.012,53803585.87,0,10480422.55,52176064.37,48265773.98,35309884.86,6287956.083,71888473.25,0,,17693112.92,24761262.31,4714673.086,9079126568
2026-05-22 00:00:00+00:00,1244989.832,22869460.07,1117426.793,9917766.929,203444284.5,2096348.245,2450153.275,37601408.17,0,2686535.854,1471013.618,0,2073299.883,4093925.715,9018309.961,4218459.142,,3624477.094,0,426163114.5,10938220.77,54755063.42,2241037.29,1890216.162,1210745.247,810621.569,3186332.556,1603265.312,4263553.782,3383074.488,0,10372274.44,6183790.772,23451233.83,95168340.73,3557953.446,10364233.26,7144078.903,0,2591820.449,57211254.55,0,7153210.96,17082442.41,62428600.72,15677337.24,11414011.59,20106225.97,0,,27356880.59,30391016.04,4437419.669,8909928951
2026-05-23 00:00:00+00:00,1415319.97,25256255.4,793561.9094,7458086.603,242583712.8,1351496.722,2432504.095,42699848.98,0,2697475.833,1582055.267,0,2341250.973,34497544.29,8931499.351,2385122.552,,2313205.547,0,568062130.3,9225053.651,49854672.33,1961577.456,3399399.111,1640013.169,548295.9409,3391387.786,1934271.97,4069572.489,2633619.704,0,8463386.299,3736861.479,25600453.46,78065911.41,3580864.713,16055970.89,8965580.617,0,2291570.877,61202138.39,0,8575974.902,6628833.017,67262732.73,3700327.479,5998158.407,16961962.65,0,,25316698.92,35924896.39,5576519.858,1.161984614e+10
2026-05-24 00:00:00+00:00,751868.0153,12828412.73,513091.0611,4540756.65,172807114.2,877692.6727,1455293.605,25760862.46,0,1533271.761,1087244.268,0,1509125.29,14380456.13,6208920.334,1526330.683,,1011011.273,0,291226420,9316715.79,25311762.62,926286.1521,1055117.189,1261177.24,479430.0058,2129661.637,952571.4004,2673441.94,1774095.602,0,5425174.52,2892311.487,15454040.96,48540788.09,1861507.368,8814552.271,4203345.86,0,2457759.683,32640102.29,0,4905756.31,4594390.646,39558165.16,4479131.177,4297926.006,9748607.497,0,,15163177.51,15911650.22,6552468.835,6995184441
2026-05-25 00:00:00+00:00,792473.7566,14200861.58,1396598.915,4626191.092,146291576.2,714970.6688,1877145.055,25861367.76,0,1632920.486,1111418.769,0,1223544.158,5250141.287,5530064.837,1373754.116,,1524119.259,0,266170229.4,32567121.9,23089452.29,1784805.834,892680.2732,31735108.81,547460.3237,2564307.321,642102.8023,2488034.882,2241107.685,0,6015678.804,10718677.15,23523566.2,41461999.09,1582866.99,6315143.244,8289041.907,0,2837932.597,40112398.55,0,5175899.16,5409812.913,36919796.62,4488603.259,3630121.893,20764578.45,0,,17878594.54,18517111.81,34081976.96,5935318058
2026-05-26 00:00:00+00:00,1035720.83,22421065.64,716518.3644,5791655.967,178727378.4,891058.0389,2162584.835,30195588.46,0,2698017.038,3272557.16,0,2292008.006,6759207.792,5925377.666,2312313.246,,1198472.24,0,360851551.5,12697931.45,31281441.78,2061483.932,1087103.167,23981395.82,479278.7959,3325015.876,921693.9873,3736730.552,7756062.854,0,10101823.81,6848394.691,19110591.31,63003990,2064982.305,12022235.08,9166798.052,0,2496169.327,79770042.85,0,6665104.853,5426092.259,48407896.14,4136132.573,5934279.137,14045340.6,0,,23029287.68,71874501.1,10775490.03,1.265405629e+10
2026-05-27 00:00:00+00:00,1208288.739,22497131.6,726194.2991,6182577.647,215548002.2,1173065.329,2661201.973,32522671.94,0,1868441.453,1533409.172,0,2042029.353,2395509.494,4751108.888,1325875.492,,1209742.25,0,395593564.8,7567390.71,24420363.16,1822027.695,1203922.896,8353546.269,424209.0722,3096332.594,1002484.959,2899204.238,5130325.526,0,6958578.372,4181961.152,22652389.75,40273803.81,2144242.513,8970141.104,4582127.042,0,2245135.207,73166960.53,0,6744439.574,6715610.441,52749471.42,3402723.712,5269415.737,6945367.382,0,,23878373.02,44569007.88,5913259.521,1.088478193e+10
2026-05-28 00:00:00+00:00,1625798.618,35399239.96,856877.0816,7737413.759,269667190.7,1118668.603,5806011.005,38112905.68,0,2094498.698,1546875.65,0,5351506.281,5389940.038,5511169.213,2245126.393,,1364942.926,0,461304318.8,6730545.088,34262840.32,1445527.531,1951640.163,4899263.679,3569127.121,4401931.981,1660890.904,3658796.104,2809701.209,0,8376696.215,3993451.438,36633838.72,49201094.82,2742500.008,18337404.8,7219627.925,0,3367894.307,76642835.22,0,8176357.791,90303715.54,79353129.28,3289118.131,5969285.253,9154391.545,0,,31283230.65,35069071.6,4831501.82,1.315831371e+10
2026-05-29 00:00:00+00:00,838819.8774,21118189.2,823335.7379,5240705.326,191226591,754982.6899,3462730.931,25942870.8,0,1565932.956,1386111.662,0,10121325.29,3844520.379,4303699.63,2395242.451,,1181600.269,0,339865687.5,5126448.283,30327975.65,1986297.126,1221680.499,11032328.41,16823166.54,10883302.54,1022332.864,6457431.92,1863792.925,0,6677981.025,2943567.032,20276868.4,52753633.94,1907034.098,10843322.73,3851436.571,0,2256974.665,63531146.7,0,5841462.755,23649872.04,59129945.68,3199685.179,8024639.44,8795900.456,0,,26406735.48,28907113.52,7472358.121,1.074423926e+10
2026-05-30 00:00:00+00:00,701432.0577,11027295.76,5719028.452,4380907.518,102790808.6,623491.2553,2617907.745,18928289.25,0,8744794.977,1334969.444,0,6286268.892,1894140.868,2912637.181,1263313.207,,745292.8887,0,244811856.6,4692422.054,19606274.59,2703977.041,807584.575,1771159.727,2066190.713,21017946.92,637511.5452,2898463.406,2532433.567,0,4612840.363,2217988.888,17252642.93,42218827.72,1482058.615,6142125.21,3326458.408,0,1649047.168,35512616.08,0,3994982.79,7855547.564,38791297.32,3395237.58,3511455.95,7249390.95,0,,16387020.18,18530196.5,4147261.335,3872898603
2026-05-31 00:00:00+00:00,700583.1171,14900583.59,2126652.274,7627206.939,135429147,1544664.846,1764295.48,15906755,0,5094468.306,1119339.88,0,3961500.796,2635361.001,4225385.929,792052.71,,820455.131,0,252338143.2,7998260.632,25184020.87,1138447.779,1019174.777,1564023.964,1527446.435,41848164.29,719867.2515,2878586.818,2418044.648,0,4376541.626,4762744.672,12774367.09,33800277.93,1686940.884,7673006.692,2963372.536,0,1327442.724,40311193.61,0,3551802.576,2690559.101,28487329.87,3241903.63,3173195.524,5604725.471,0,,15426305.69,16004763.82,5238031.125,4298158211
2026-06-01 00:00:00+00:00,987559.4982,21216465.36,1556875.188,8352381.685,222071589.7,1114278.283,4543088.913,34001364.9,0,3927329.795,1455037.366,0,8248831.241,2304262.226,6308185.948,1442885.331,,1356102.654,0,501656481.2,16221483.04,42428877.52,1634313.182,1083064.553,2873592.226,1029192.327,24017373.79,1711009.425,4082469.92,2221758.998,0,7018501.072,10793439.48,45650592.67,43396659.99,2166783.39,15173344.86,8380549.203,0,2376459.327,90247413.18,0,6914723.057,3076218.836,70448381.26,2946649.691,5008120.274,15067765.63,0,,25649201.85,36496801.8,3400053.626,1.537887273e+10
2026-06-02 00:00:00+00:00,1368446.466,44063432.39,1363437.265,10460141.65,360921986.7,873101.1715,4534793.081,50180467.74,0,3961461.631,2066200.391,0,4629444.723,1792655.98,7982170.268,2361644.807,,1178694.917,0,751406613.1,11307719.45,54368263.21,8164483.014,1964775.271,2660678.815,1713576.473,13756913.66,2529930.447,5519799.545,2641727.729,0,9888943.784,13557693.43,52076845.53,60222924.22,3343576.447,16960324.42,8993333.206,0,3832240.646,111869193,0,9489920.772,5103692.329,84844737.73,2311159.352,7728477.844,60504141.97,0,,35160500.03,45727347.9,5045589.614,2.371250517e+10
2026-06-03 00:00:00+00:00,1279594.638,27300246.39,966144.4664,7904354.708,289090873.2,837480.4341,3266111.499,34224082.92,0,3053685.819,2156233.948,0,6231065.257,3946662.639,6154713.29,1664399.684,,1216459.654,0,512052226,7649515.644,42671837,15532021.35,1478882.343,5929846.619,1220160.717,14552599.57,2345143.963,4606839.387,1834836.626,0,6752481.29,11631766.49,24958028.21,50907492.67,2318051.605,10654396.43,6804307.666,0,3040053.085,110557462.2,0,12107303.17,2863507.744,54180765.98,2298010.881,6259349.652,37462990.61,0,,41199143.86,40235063.96,3588549.462,2.05857814e+10
2026-06-04 00:00:00+00:00,1639770.659,40672042.31,1674512.364,11951596.77,372091735.4,1175970.035,4763478.807,59612489.47,0,3832871.258,2250581.453,0,3371644.819,6282025.184,8381416.713,4286789.696,,2149252.002,0,716869398.3,10822711.78,57443607.27,2329501.011,1869780.906,10249637.59,1199489.899,39983368.51,2400879.357,5951190.082,3054952.665,0,10030705.54,8890834.889,31830864.79,68778181.81,5508055.402,23689789.11,8110180.286,0,5522860.616,145701887,0,14495407.85,4021444.124,92780579.54,5037170.046,9297118.614,24261772.7,0,,71633491.95,72890982.11,3132372.445,2.73106504e+10
2026-06-05 00:00:00+00:00,1681851.7,48312173.75,1844211.503,14442647.84,495269394.7,1405980.338,6399343.478,65916987.14,0,5679485.041,2802430.406,0,5487999.977,7345679.875,8742897.877,3694505.966,,1535343.54,0,867496475,9594321.254,87922560.12,2100622.263,2341661.46,12994807.64,1527835.274,36602619.21,2403105.471,7325507.311,2858920.787,0,11546126.81,10157058.56,34121103.15,90557997.32,6101212.147,17489145.75,9757087.325,0,4442864.687,173466895.1,0,16603386.51,3779934.167,120201102.9,4734986.464,10235819.41,21285131.53,0,,65177821.23,68664644.23,4460116.124,2.936137881e+10
2026-06-06 00:00:00+00:00,1129361.887,21720201.15,817117.7751,6317534.601,280937540,943541.8266,3460474.73,37971005.67,0,2428358.981,1593739.359,0,6358630.084,6603207.66,4457670.949,1584193.828,,863125.5604,0,508566059.4,6086267.26,32957357.4,1365970.033,1361662.564,18065832.29,1074841.714,11729907.03,1213040.784,3187086.315,1378462.375,0,6140725.407,4433629.155,15139482.27,60202458.96,2542130.815,10143630.79,4867961.196,0,2885618.841,56804503.83,0,7136572.074,2233159.78,51763901.37,2106998.488,4385591.155,8665947.272,0,,29062028.73,22265056.13,1899486.027,1.060547409e+10
2026-06-07 00:00:00+00:00,1336559.924,19671302.79,967414.765,8085831.455,235735290.4,721021.2904,2771585.463,27029232.69,0,1765032.202,1552614.518,0,2985062.258,3528650.881,3637120.516,1624941.745,,1108985.154,0,409609298.2,5759708.34,30870228.23,908402.8804,831705.5394,9446122.072,724902.2349,15948897.65,1057348.495,3773900.749,1526999.054,0,4598659.884,4188643.465,13359632.09,56789263.39,2291848.272,32203147.98,3879786.707,0,2793897.769,56415836.22,0,8885245.402,7329754.312,48168215.58,2403174.975,3551772.513,8953076.964,0,,26863107.33,28685702.16,2558679.984,1.351771352e+10
2026-06-08 00:00:00+00:00,1189988.731,16426022.77,1028289.726,5887283.49,173649267.3,1729865.15,1922268.784,21418890.95,0,1523320.713,1309393.28,0,3008888.215,3812989.736,3312661.857,1235985.078,,1197088.899,0,319189141.7,4359136.186,23532790.6,2857863.356,1036202.529,6992462.179,647978.4021,8644180.043,920524.2569,2927982.709,1796444.429,0,6713186.287,5675207.093,17427885.8,37184863.39,2171248.941,308549769.3,3307103.054,0,2293957.684,69578426.74,0,5691151.892,2591877.152,43530880.1,2571856.496,3753451.249,12711476.72,0,,21981869.02,21813308.71,4071503.208,1.168614926e+10
2026-06-09 00:00:00+00:00,1138647.366,17736949.17,1660235.608,6148149.853,189161695.3,16269187.59,2114244.419,22092846.28,0,1729060.933,1256757.531,0,2086175.253,3533245.722,4650410.215,1465252.123,,1072171.819,0,405333362.4,4044211.816,31580992.85,1542244.514,990092.0363,5266796.146,595977.4676,13210927.18,1079053.438,2819239.338,2178645.893,0,10836620.42,3315613.944,17635474.03,38124900.56,2412118.445,128632465.8,4612236.743,0,2530507.327,60390427.45,0,5378062.493,4885170.425,41150927.29,3672899.654,4062154.329,8305946.696,0,,23136924.84,27657077.93,24609342.14,1.37472277e+10
2026-06-10 00:00:00+00:00,977687.62,18876263.91,826384.1303,7935928.861,201772389.8,3329622.851,2705119.309,27502823.88,0,1689912.399,986176.6462,0,2667338.039,2612310.396,4514644.638,1300065.677,,1247954.58,0,385450907.7,6710120.164,31211712.97,1416274.009,896034.7449,98211530.45,1884946.303,8482042.133,1151300.353,2960618.627,1141505.109,0,6512582.955,5821281.846,29433951.8,37279386.68,1908050.714,55136039.33,4652633.571,0,2188444.896,50229611.4,0,7781781.23,2686372.749,52037129.74,1759475.148,3856015.811,9771616.98,0,,23259174.44,77824290.91,4747688.16,1.190461987e+10
2026-06-11 00:00:00+00:00,1138009.714,16666974.7,756938.2807,8117144.6,199709549.4,1936220.791,1822791.848,22222640.81,0,1733201.885,996288.6184,0,2306941.114,2453434.424,5373133.376,21633579.23,,1516736.542,0,314123811.2,10147749.8,25343719.13,1052088.307,718918.04,139575600.5,1439096.67,8502858.72,956144.9445,3174630.455,1373173.237,0,6446492.621,7308356.333,20495475.06,37652984.9,2483769.631,32402073.8,4145376.312,0,2374007.353,43335813.18,0,9380567.844,2472552.951,50704071.52,1372935.159,3457855.517,7418650.507,0,,19713705.44,31896876.64,2871395.552,1.220364552e+10
2026-06-12 00:00:00+00:00,1145159.202,13640470.32,531632.9519,7215459.434,175320363.9,1167411.124,2155916.085,23821042.44,0,1417708.426,1636309.789,0,22130406.05,3993255.378,3981548.791,2585150.139,,775233.2874,0,786798304.6,5845519.629,31417878.46,1192038.75,2406552.752,135985187.4,1127909.835,5910270.341,1384308.729,6666897.139,1129855.67,0,5506555.492,8578027.162,24866734.11,21355375.58,3425661.951,22197085.92,4043462.32,0,2010658.87,50037273.93,0,4967754.006,6991005.894,439476632.5,3893859.151,3000188.771,6900914.737,0,,16176858.96,60054458.23,2892043.532,9269070493
2026-06-13 00:00:00+00:00,815291.2191,9569851.975,445661.4232,3809040.762,136700625.3,735237.9879,1697783.636,27450804.5,0,1285112.897,1350070.22,0,4553759.966,869940.8757,2635692.283,3903788.47,,987954.2774,0,299785492.9,5704358.713,20123183.42,1306115.212,776813.9252,27341114.26,1007720.99,4247856.244,744981.0039,4761106.88,877316.18,0,6553880.385,48053595.05,16954342.8,26873473.35,2431581.005,15122610.63,6896030.709,0,3725086.821,28702796.53,0,4953305.125,4628173.191,480665895.3,2190045.454,6444457.879,7734040.809,0,,12276761.03,18340121.04,1343775.567,4875081331
2026-06-14 00:00:00+00:00,787817.0496,12561774.89,506180.2236,4345699.591,138983074.8,791468.8079,1888853.317,22367958.54,0,1559033.346,995575.3603,0,3749545.141,2121072.413,2172330.852,6502368.147,,994912.0531,0,281315161.7,4092413.958,18920866.86,781500.001,971165.9374,17715315.43,728650.6619,22856901.35,824638.3801,4201931.394,1663081.745,0,5410256.465,11447442.65,16971711.74,23860190.62,2694882.136,15338826.76,5647595.995,0,2378840.903,50596273.07,0,5233774.05,2282172.275,200056098.2,33604915.03,5719552.925,6709002.999,0,,11333894.33,29160610.45,1320211.419,7543356645
2026-06-15 00:00:00+00:00,1348218.602,36150907.31,919423.3925,9423441.315,248837400,1058794.389,2836814.358,36535854.3,0,2185022.304,980028.5881,0,4807868.655,1537097.075,5339736.075,1881807.8,,1319932.095,0,431783418.8,7229194.881,122881975.5,1864182.937,2832498.404,13261524.45,4450036.137,9056357.942,5916330.325,5302355.6,1258113.435,0,6020867.731,6288125.551,20602853.35,46497355.58,4458627.744,17562539.94,4663993.779,0,4304182.654,54513488.68,0,6302913.327,3027956.038,133591704.8,9133438.55,3852033.302,17770310.4,0,,22733394.82,28319324.26,1278605.539,1.112836913e+10
2026-06-16 00:00:00+00:00,815914.3475,19120447.31,744594.1621,8177412.406,147887442.9,1204646.139,1775555.936,20212649.65,0,1642023.168,771388.1984,0,1831578.36,2937465.715,3527524.411,1782912.861,,1022025.594,0,360312807.9,3654842.694,39328685.4,1149951.187,2597117.427,21263246.23,997162.0649,10120847.05,1190423.526,2565942.333,1056995.915,0,4241666.949,8063709.935,16877133.65,36250952.74,4076704.87,11941404.45,3823698.111,0,3219781.182,45072866.96,0,91614671.3,2461029.937,93708738.12,10199720.62,2501802.393,10318611.57,0,,15462733.34,30680739.6,1665863.764,8530166441
2026-06-17 00:00:00+00:00,1369742.172,20802773.12,878338.2927,9199313.541,176094060.6,1640123.105,2217125.64,26831601.49,0,1535636.221,1556501.603,0,4704894.464,9549946.436,4141328.379,4599096.759,,1360243.744,0,348706103.5,3070508.95,33416179.45,1538699.554,1729777.108,7833877.517,9407879.632,6954564.265,1170052.334,3202716.499,1784190.745,0,5259665.667,4837658.089,14580697.28,37813887.89,3676355.105,11382415.41,3343540.525,0,3071678.214,48670211.69,0,112641112.2,5047477.767,80779261.66,11360351.77,7620754.937,8694099.812,0,,36290823.9,24088251.59,9512553.36,1.299371572e+10
2026-06-18 00:00:00+00:00,999859.8723,20207060.88,1315503.136,21928562.08,147843859,1422757.111,2629540.317,26201464.51,0,1727945.032,6090078.018,0,3163522.729,2822836.959,3336389.9,3730579.786,,1428213.001,0,276927603.7,2648976.327,23329344.48,1172312.422,1311559.844,5218565.4,3046282.231,5884376.07,1011839.521,2737247.808,1359314.742,0,5545099.062,3414833.514,14770766.77,32367186.85,2401844.196,11243641.76,4068441.918,0,2888277.145,43663715.62,0,31105979.96,4565970.935,58819886.62,4691667.201,3339620.83,10397424.61,0,,21680097.51,25937446.46,73683506.08,1.191334541e+10
2026-06-19 00:00:00+00:00,659617.0076,10693537.21,793656.8789,10742958.13,127957197.1,954160.8429,4431237.164,14489640.98,0,1318261.655,20239972.11,0,2044048.5,944010.3959,3165503.374,2368474.146,,1072559.986,0,184405109.9,1880990.801,13400706.58,545522.0321,3684039.662,3860784.087,925129.7965,3999792.636,608257.355,1750155.153,1042583.525,0,3504701.192,3090875.133,40564801.65,32040074.5,1833651.071,6978507.832,4346092.649,0,2765782.083,41019705.53,0,13954156.45,8936209.956,40369485.23,2316616.226,3035356.353,6962455.665,0,,14070300.05,21868562.14,86951236.8,7054926730
2026-06-20 00:00:00+00:00,330440.7379,9973799.138,516338.1359,5719039.491,103908908.7,654393.1366,3334713.647,13794903.05,0,1259987.334,5595363.342,0,2255330.665,678291.5509,1894354.863,1098112.402,,3342988.885,0,182946682.9,2289636.715,15411644.86,639703.4344,1847284.241,3631393.584,853395.0344,4542471.75,854239.0153,1852919.654,764678.135,0,2810050.846,1812377.162,26644443.1,24856416.92,1805260.869,12856828.14,2380458.215,0,2353586.67,34236330.02,0,7947779.749,4479902.542,38368984,2010249.926,2073460.598,5708863.105,0,,14299484.14,10518921.87,33913534.39,6097926300
2026-06-21 00:00:00+00:00,362172.7307,9106927.43,602683.9476,3436901.346,97076263.67,476906.6495,1710926.538,13920832.32,0,1033193.188,1999137.09,0,1286106.083,5423115.841,4383711.987,1248273.85,,2143952.582,0,163670691.9,3062302.16,16923220.24,1782378.187,1370865.965,13161305.18,1780811.598,3448919.211,898017.1569,2379257.696,1546075.53,0,7380313.083,2456571.782,14778895.91,19167240.72,2762205.991,9340929.059,4522761.674,0,7580830.896,61183645.29,0,6982545.615,1856791.704,107004052.4,1999467.121,2630470.421,4028401.418,0,,12385432.31,14656285.44,13085831.32,5440812227
2026-06-22 00:00:00+00:00,507284.6603,16272776.52,523743.2579,5643476.444,139801525.1,771848.2772,1807602.75,23996340.53,0,1497840.581,2893717.818,0,3039133.654,3777071.135,3336569.258,1762745.916,,1089809.323,0,239088944,3899302.128,30342597.42,1446516.299,1069760.152,37272018,1923072.397,3710622.656,993174.3958,2359479.626,1142934.593,0,4100498.583,3096013.758,11732265.43,25494708.36,5799641.489,6562770.614,3758816.226,0,5395425.839,47392092.2,0,8431855.888,1825988.702,78099229.55,1569396.966,3047799.6,4374402.494,0,,19643325.54,15243370.56,9616288.718,1.044253346e+10
2026-06-23 00:00:00+00:00,707771.1357,16908988.79,677356.4775,7653210.194,143944831.2,879426.4153,1994037.659,30850785.88,0,1345698.994,1625735.453,0,4887831.99,6700454.872,3391474.751,1325570.453,,828316.2957,0,328486927.2,3522770.069,26794284.99,952482.0378,1958008.715,5518443.265,1209047.087,5312140.546,721489.2135,2514380.481,1203138.578,0,4722040.879,3401836.77,11540430.35,29177312.69,2410421.983,10318541.84,3173583.786,0,23773413.38,33896746.79,0,10272491.62,2014727.045,59309842.55,9114267.291,2689854.654,3683228.931,0,,21077333.84,19369617.02,4507534.769,1.084665871e+10
2026-06-24 00:00:00+00:00,851288.711,20751323.21,628814.2335,7422406.442,233382667.1,6169816.664,2338675.265,37841528.98,0,1580392.652,2538843.605,0,4125300.835,5251727.037,3247730.653,1173732.129,,887003.0726,0,445143597.1,3564299.419,41657255.23,2092819.359,1392476.01,4617628.051,994023.7343,5405953.082,855041.5158,4207708.199,1335976.024,0,5092192.81,4152136.885,17634495.95,32900328.61,3342018.495,17963388.73,6995627.583,0,31589457.59,69416998.14,0,10332247.76,2747693.5,52538882.36,3142935.278,3153279.574,5098481.339,0,,24037073.58,24404134.29,5046654.992,1.695213381e+10
2026-06-25 00:00:00+00:00,902456.1182,24642240.56,860555.9363,7726674.858,231986796.4,31986337.42,2594471.305,39402451.16,0,1458497.152,1592810.511,0,3050962.645,5048736.731,5344391.676,1743250.599,,695274.1823,0,393017394.2,4051232.998,46868582.71,821176.5508,1038708.138,4932239.866,797326.6839,4592390.671,993808.5761,3841222.476,1276557.188,0,4898625.317,3128688.998,18652605.49,35029939.25,2599923.2,12748837.18,4872585.924,0,18603597.36,80576801.84,0,8924516.439,2391617.925,53728647.52,2499566.195,3179588.982,6027134.57,0,,25051686.96,32946091.58,4085945.148,1.811874055e+10
2026-06-26 00:00:00+00:00,1263192.929,19007970.71,679301.4094,5462310.667,190740016.9,5800069.731,1824217.518,28044729.93,0,1292189.584,1474335.578,0,2791410.747,2817422.098,5125264.38,1610803.572,,830473.7575,0,336404066.4,2703969.514,41634824.12,4009173.413,2050316.049,14946669.17,964212.7531,9092914.216,2039302.82,5771599.011,1177120.477,0,4682616.748,3288098.443,18000024.17,43987373.8,2459168.569,11940189.97,5807267.509,0,8461191.023,65107778.51,0,6179672.989,1722377.134,81500008.02,2291568.678,3249673.09,7226155.975,0,,33497086.64,25247140.17,3490113.167,1.682275842e+10
2026-06-27 00:00:00+00:00,607084.3473,15247592.3,363616.1209,3229542.813,112754330.4,1614591.921,936671.4724,17770727.64,0,759727.1575,922955.1041,0,2307160.809,2734347.69,2227440.318,1245999.936,,638926.2955,0,173911012.9,1060197.514,18471485.85,2100951.59,1978453.9,4882210.777,629379.9069,3003167.905,1580969.384,4086199.283,589083.5268,0,2399977.396,1789547.899,6871883.343,26866488.93,1562622.548,7187830.297,3069787.241,0,3037737.979,56542644.47,0,4758113.339,1026192.116,26416946.07,978971.0352,2323248.842,5698020.443,0,,91205182.5,15845788.39,2810226.792,4907885655
2026-06-28 00:00:00+00:00,566137.8282,10043093.62,533621.0266,2824232.422,106440928.6,1084023.715,2916493.076,16347898.49,0,787406.7636,336055637.9,0,1820530.295,3142296.218,3625781.555,2384494.886,,1760483.884,0,193613592.6,1218591.888,16432499.85,2198717.468,3505750.213,2803695.031,599547.9611,15983148.98,1169608.262,2963637.179,848034.6856,0,3787194.375,1729697.854,10519208.93,19619209.16,1489314.662,11161313.86,7577173.976,0,3116798.456,120384539.1,0,4773509.083,3227503.347,25444275.12,815627.6298,14117558.18,4621723.63,0,,42429229.88,9204903.956,27238660.09,6193593270
2026-06-29 00:00:00+00:00,876315.4152,16132063.05,795360.4549,4296985.356,163328756.9,1614908.475,5295494.947,25981548.17,0,1125578.861,121879090.9,0,1979294.491,2290605.045,5767006.168,1403253.63,,1342056.973,0,345247905.1,3593776.976,50965978.21,1301722.866,3589154.262,4574542.543,680986.3413,5478481.694,1057673.357,3572504.452,977394.0304,0,6174570.863,1956514.582,129306306.6,24872799.35,2346326.631,8273486.51,6776846.31,0,2548960.443,88733234.76,0,7598355.122,4889193.201,34020575.59,1288662.369,14395479.63,7563842.276,0,,44153481.11,21948977.34,7585797.918,1.364092327e+10
2026-06-30 00:00:00+00:00,584577.0301,15245491.09,539537.2732,3303563.56,133193771.8,1050356.813,2711934.865,20350852.2,0,950169.1017,31182869.31,0,2021203.556,2071528.938,2706450.285,792300.0964,,799759.7416,0,371656912.7,1788759.835,27334651.07,1576859.08,1139947.838,3105481.533,2011805.171,8399875.48,786232.6348,3432090.394,953050.1375,0,2758019.926,2163345.766,62769050.96,22617321.57,1982864.404,8139052.32,3063460.263,0,1857886.688,60605587,0,6007529.405,1538038.208,24255790.4,1627056.142,4538993.428,19957728.87,0,,19710947.36,27703613.53,4651911.417,1.129487369e+10
2026-07-01 00:00:00+00:00,839759.3178,20977545.84,981231.613,4119405.724,221567585.3,757230.0406,2089509.889,27809598.52,0,1098604.111,13056141.53,0,2609395.131,2595168.661,3164075.802,828347.2111,,1339284.712,0,297461452.2,1859727.417,38063174.84,3154280.485,1104828.499,3214708.201,1215033.755,5880204.233,1009056.048,3099233.966,2187895.513,0,4012244.372,2830726.872,28684499.79,34674906.16,2637247.34,9768821.812,4168765.809,0,3123170.69,61472327.57,0,7836677.33,1247198.107,48172801.25,1211729.149,8679320.796,9516767.805,0,,30912973.56,16950633.48,3449744.344,1.569543264e+10
2026-07-02 00:00:00+00:00,682715.8282,18028983.68,1400537.441,4899161.867,152390975.4,785981.7713,1307403.794,24722711.86,0,1189709.029,8636439.122,0,1975778.676,780218.5355,3307094.693,1523440.14,24313530.19,920136.0126,0,302998129.6,1834521.117,44590446.8,1405118.802,1847106.606,2720176.799,894908.8446,3460898.365,994383.1059,5642529.37,3261933.111,0,3114983.012,2019678.264,15985069.75,33757691.68,2495139.43,24282652.41,3653296.51,0,4639291.861,79685635.15,0,8306293.432,1076170.741,35248568.16,1783618.167,3791745.809,8500028.745,0,,26287337.01,19257132.68,3786576.674,1.441332418e+10
2026-07-03 00:00:00+00:00,1805303.482,31034554.04,673303.0402,6995389.277,203645275,1238384.804,1158869.309,35688570.23,0,863758.202,6739309.737,0,1518898.342,2969828.996,3251520.731,951238.7847,1121131.189,3288768.142,0,282275009.5,1938024.42,64368121.71,2988412.571,1611192.991,32630398.6,669516.2125,3494742.357,851961.0419,4895682.891,927772.5338,0,3765539.178,2030885.869,12373437.52,40525927.95,2847953.508,72007099.08,5385902.101,0,11122412.95,54578043.66,0,16794945.76,786417.6486,45742078.46,1228554.895,3693689.164,8707598.065,0,,23849051.54,25918973.04,5304174.787,8221425343
2026-07-04 00:00:00+00:00,846666.2281,52177570.2,1153513.768,7179619.666,229546068.4,842859.4069,1310539.401,33768008.8,0,1110189.632,17908478.89,0,1059383.487,1622333.578,4484103.972,1171104.204,1204504.198,4773105.702,0,286842209.4,51364908.44,33290688.13,1053973.835,1089808.981,426729681.6,874745.7138,5497608.209,834603.7144,3562268.362,2984676.783,0,5718551.508,8912884.376,10433912.01,36938017.96,3623949.847,20936629.92,4386202.726,0,7868928.253,43197105.34,0,16158117.97,917478.5842,47057073.46,2068821.508,3651494.776,5894635.292,0,,21010597.94,22206809.19,3476871.762,5005363318
2026-07-05 00:00:00+00:00,398533.6479,36236515.79,736234.9219,6006582.937,130513720.3,428735.612,1790246.165,26774453.34,0,2900967.904,13616463.63,0,1373568.656,585295.016,3352467.261,777682.4428,330034.403,1430684.722,0,278312409.9,8943616.885,21739959.19,2292803.832,952634.1266,120468146.9,1187305.365,2934349.392,739190.7759,2468580.482,1317927.926,0,7641927.606,3177058.638,14221989.51,21038230.14,2059294.479,9726253.252,3446578.928,0,2925595.951,48836154.21,0,5920364.609,914058.1823,57144492.76,1907005.793,4194923.475,51867386.77,0,,13607639.47,37108630.44,3759380.528,5838939677
2026-07-06 00:00:00+00:00,883713.9678,116465559.1,932947.4987,5777121.591,178289029.8,988741.9556,1792321.372,27335127.55,0,2035094.644,4831138.284,0,1539530.275,865502.9266,4311308.604,1119482.457,768484.1509,5937664.458,0,351974015.3,4928907.818,41062556.37,6300178.796,1361052.903,102950132.4,756018.6643,2889336.472,944409.1136,3613421.056,2672073.747,0,8098957.039,2800831.479,19314685.79,30698998.84,2718765.906,8912707.628,4521412.006,0,2960009.312,71832537.07,0,9287618.722,1021783.107,51209034.36,5854389.364,3223119.051,16309631.4,0,,19816171.5,20296999.24,8059231.402,1.527450629e+10
2026-07-07 00:00:00+00:00,540953.8021,43249924.53,610520.9746,4431983.978,140710119.2,1228763.254,1480387.766,26505739.81,0,1046901.749,4099001.285,0,2070845.586,1550499.766,2539720.937,1029843.369,892301.6576,2636859.761,0,281540206.5,3098535.311,28442579.06,1230760.158,787684.6599,61509217.94,842109.0088,3560302.835,655656.7429,2854329.455,2697886.452,0,3886877.651,3155678.549,24307957.25,23733152.22,1869435.736,9555516.107,2440307.979,0,1936005.493,57248293.45,0,7158856.753,1004193.803,40623368.79,14144535.78,3936297.031,9447360.483,0,,13978216.48,36015186.83,4645849.914,1.124458126e+10
2026-07-08 00:00:00+00:00,721951.8563,28280826.22,743332.3252,4699280.887,139243726.6,465929.4225,1156574.24,32389706.28,0,1336745.539,5535572.922,0,2605267.835,2301855.903,2576085.737,1887387.216,354146.9391,1073916.968,0,275405717,2707252.867,35479580.49,1163664.489,1067068.112,42860946.94,627343.7694,2204676.707,682919.1635,3196583.705,2243035.824,0,4633237.853,3165871.578,18798714.25,27696789.32,5706856.824,9270475.015,3321627.103,0,2065304.744,49739270.47,0,6534409.87,2032703.005,51593694.62,2186398.102,2925884.265,10063160.46,0,,20212037.57,24331692.09,2038953.126,1.015644044e+10
2026-07-09 00:00:00+00:00,487238.8451,14403752.74,520022.9231,3282226.901,95250388.27,501714.5879,947972.5898,19605749.17,0,903189.6803,2910816.393,0,2486782.717,590101.2571,2127803.83,684414.2494,538288.7802,934050.6177,0,178786551.1,1414346.935,16822169.86,501240.3991,560052.6039,12854488.49,377450.5444,1608394.074,507576.9228,1806031.129,2692910.864,0,2115468.159,1719489.002,12440354.1,20098308.25,6546869.826,4472907.355,2582184.768,0,1468112.737,22783857.61,0,5386199.663,1734745.407,28563594.87,2011113.192,2375286.973,4534982.77,0,569092.5257,10240008.44,11742290.76,1692919.547,9464862499
2026-07-10 00:00:00+00:00,576356.4692,24897934.3,864900.9246,6328190.155,196256740.2,552838.7132,1734961.252,18128293.77,0,1132279.71,5780346.725,0,2226073.791,1909400.662,2140508.701,861018.6147,397721.5154,707847.4233,0,199225629.4,1637622.198,18777976.65,704860.5984,681426.8221,14265063.65,366777.2655,1830567.089,515135.5559,1550968.354,2086209.831,0,2459688.811,1573028.201,16854784.56,20031633.31,1991873.147,4085947.11,3503502.29,0,2105973.231,32145590.67,0,6240428.457,1814377.468,27928136.4,2892785.227,2189952.15,7034959.837,0,554034.7039,18918804.26,20610490.55,1446892.44,8884001490
2026-07-11 00:00:00+00:00,475236.317,18947423.69,455797.1088,3147127.453,130244591.9,2081387.562,847680.2438,16003271.43,0,27031651.55,2622571.775,0,897078.0018,898992.2306,2616833.474,1335182.957,38474.7657,574849.5238,0,199150860.1,2654035.546,17125015.43,581642.0526,1170107.21,55364275.93,684995.3495,3203207.078,522316.0687,19913169.28,1742820.307,0,3213662.241,1888397.336,8454087.154,16827135.78,1832598.277,5080494.532,2560870.815,0,2356815.117,22658248.02,0,3130871.087,789323.9254,20899240.55,1811969.206,6041366.006,7630988.052,0,57234.4723,10840361.81,10193898.41,1334251.619,3443175595
2026-07-12 00:00:00+00:00,473543.4842,10326759.96,554152.7848,2840834.681,118442350.9,1757093.783,1186175.115,17523435.77,0,9708642.826,1748011.929,0,1399273.232,1143688.436,1319966.028,1314507.096,214696.1493,3641057.963,0,177251147,1057172.223,17493239.07,469922.1014,577360.1291,13046503.96,925404.0311,1831318.52,351351.521,4080816.456,1449356.263,0,2027654.005,1603864.01,10218528.35,14684946.09,1501516.651,18701232.02,1894910.194,0,1536497.352,29787361.5,0,2464189.88,1045659.197,27909931.99,4596211.173,2757952.729,4363393.565,0,97453.73,9221994.225,12809316.82,1539990.778,3842437075
2026-07-13 00:00:00+00:00,468693.0154,30510679.4,622259.7344,4291378.234,143330270.8,13761052.61,1875431.191,24109358.45,0,2843423.482,2398273.831,0,2241943.606,7418441.493,2828539.561,1003904.434,278651.3101,669358.3173,0,251743787.1,1582077.177,20494280.18,705808.7257,771042.6288,7993313.17,668638.1214,2265695.113,630295.687,2709642.661,4433996.154,0,3004586.018,1762239.419,17270950.57,20857612.41,6179535.904,10027308.02,2985636.293,0,1525329.138,73829507.67,0,6276753.933,1124233.15,28438200.35,2830487.008,3710723.341,5880513.632,0,234967.6562,14654663.18,13884738.99,1928377.773,1.22922373e+10
2026-07-14 00:00:00+00:00,810804.3371,23374817.61,573811.3153,3463635.399,165973846,9903172.394,1024935.461,27243631.8,0,1401368.943,2211931.281,0,5532471.733,2916330.627,2673999.517,1738097.721,271551.9385,553343.9616,0,285513719.3,1674050.487,19014327.68,670580.3156,507719.2508,5237474.959,439851.9181,1554813.139,606931.9805,2012501.259,3773344.625,0,2327820.039,1631465.296,11823737.39,26881492.66,2625424.872,4788577.333,2538009.432,0,1076502.14,93948883.97,0,7766850.783,2017375.719,28330577.12,2215449.11,2509837.903,7769254.485,0,207336.1199,15423686.33,12216747.87,1669814.982,1.218124196e+10
2026-07-15 00:00:00+00:00,527710.774,21594121.79,517575.8111,3656265.916,252989124.9,2439978.256,1067506.698,29140393.21,0,1457565.418,2754126.979,0,6297452.283,2805437.996,2702069.349,903368.7859,305834.9643,1416247.228,0,268045952.2,1167329.321,28200920.82,600566.4154,570031.5853,5507500.325,1767099.7,2061677.633,647571.2516,3181003.829,2249606.91,0,2437255.822,2605753.792,18313398.14,38771810.12,2736550.24,4148907.164,2439859.371,0,1828505.575,136857159.2,0,8118140.213,1291300.192,38737348.09,1086374.582,2446589.273,6334156.265,0,331818.4003,18877438.44,21455906.61,1476894.774,8592277953
2026-07-16 00:00:00+00:00,447463.7941,62455109.32,477177.3507,3900684.079,131154609.9,1757143.15,1368036.48,22693607.76,0,1308427.272,2328559.013,0,2895679.138,1305718.712,2243474.721,1006882.176,291622.1493,674195.963,0,224134906.4,1050575.802,24452788.06,544802.6521,413217.2785,8610878.851,461674.812,1745431.295,493351.3049,1670635.865,2952137.352,0,2279890.069,1953753.738,21774728.99,41005630.36,2522543.448,6845026.497,2328105.621,0,1063990.709,92959643.31,0,4754011.576,1074406.432,33371970.46,911796.6901,1937670.724,14823746.16,0,520998.2822,16162062.9,16320729.93,1642959.763,8392177738
2026-07-17 00:00:00+00:00,575834.7068,42717540.84,641257.8839,3451673.619,145986000.1,1299181.749,1194018.356,25609757.93,0,1976575.614,3192932.398,0,1308471.311,4345368.769,2689025.425,984712.1956,843884.4199,877243.6799,0,218509045.7,1299516.228,24591352.53,760946.1449,488178.0184,6279951.328,502848.1448,2309864.828,502093.8353,2379127.136,5253848.597,0,3184992.668,1776267.45,15924974.4,50147667.91,1521839.725,5525597.365,3383816.597,0,1270958.28,58012321.33,0,4176500.899,1221037.526,34191616.11,796079.045,1885897.802,12593201.63,0,793910.4972,14818345.85,14698531.56,2112024.467,1.050344685e+10
2026-07-18 00:00:00+00:00,367401.7529,62879817.39,321593.4336,4167710.924,86715894.67,682874.9133,588407.6466,14013318.7,0,1208820.86,1568393.998,0,862327.4174,900669.1229,1530870.93,1482256.082,34282.8056,513298.7889,0,92481691.54,723347.4792,19271639.3,937222.5158,863109.6249,5415730.138,496627.3058,2896382.94,6590278.555,4906853.794,1566165.975,0,1757761.698,902896.6831,9240616.252,46031771.73,1345272.717,3508030.631,2161384.594,0,1223351.569,22158290.22,0,2865337.735,2634421.037,116625429.4,633480.5177,2086212.463,12014949.55,0,74786.6627,9562240.239,13744221.03,2220629.977,3163687038
2026-07-19 00:00:00+00:00,278142.0797,41839556.41,384871.2454,5899336.174,123743622.1,590013.059,939762.7228,13861942.38,0,779312.8203,1510886.872,0,854694.0521,1094335.29,2220630.408,524665.5874,13764.9594,659955.4653,0,126090669.7,934878.7929,11558106.48,648314.4107,716650.5039,3823010.957,341839.6234,1279644.761,1004071.709,2143907.091,1087339.659,0,2107994.063,1965172.604,12590283.07,21054343.65,1698292.188,2804955.162,2191794.982,0,1236008.198,84606507.75,0,2492577.615,2007084.637,58136132.21,1603202.354,2333389.283,20839598.87,0,41631.1857,7884406.934,11933816.59,16805127.66,4055891561
2026-07-20 00:00:00+00:00,535624.2211,83820393.23,539633.1201,5168053.656,208043356.3,645835.8733,922279.7645,24161434.65,0,1513548.25,7248101.201,0,1683907.5,1340235.137,2963613.075,893731.9039,342792.635,680731.3206,0,334495159.4,1849014.851,24390031.91,2056938.853,842193.261,3660027.766,2068093.7,2374402.671,945724.3863,3845912.553,1651178.557,0,2536028.32,1486285.351,12238166.54,41248752.9,2386542.443,3840577.049,3704644.113,0,1934152.525,206283160.1,0,6330555.053,2572366.07,43428293.53,978084.356,2467001.267,10545898.6,0,608728.4639,14367295.33,14205106.82,21747685.49,1.163218171e+10
2026-07-21 00:00:00+00:00,421347.4969,56012266.44,594126.8615,3552420.506,133113987.2,1540444.949,904137.0818,15946177.19,0,1163976.968,2225300.566,0,1418338.108,1240218.425,1707122.422,752415.5757,254955.413,3359907.761,0,228710417.2,1376505.116,15279879.14,734697.4246,586806.6033,9282983.792,1602082.221,1401742.937,514702.29,1817685.249,1842145.862,0,2148430.34,2029852.541,8365347.725,19672997.01,1539268.876,4508223.433,2781301.743,0,1587054.815,90326490.22,0,4981686.815,1121291.07,23440723.94,3151804.218,2057608.359,8597650.911,0,455167.1874,11451357.54,18157211.24,4035393.551,9194862593
2026-07-22 00:00:00+00:00,317457.8987,41137819.12,756812.0052,3168499.966,111282867.1,2204031.983,650287.0117,15146327.03,0,839360.47,2887410.51,0,1115303.08,2445470.972,3308571.25,3556563.363,410686.3427,1541906.487,0,245797271,1038901.342,15361923.47,552137.6253,1093826.245,6877377.178,1084398.21,1457379.359,1000884.657,1579339.964,1244783.533,0,2159068.86,1443320.083,9019214.786,23399346.01,1761736.069,4473809.392,2213570.531,0,964784.5472,78601308.96,0,6077125.114,1143037.348,35778738.67,1181028.518,2105681.149,3998641.306,0,493639.5697,12579391.38,28855273.04,2281304.979,7707124517
2026-07-23 00:00:00+00:00,294412.8172,30873648.52,307753.8899,3803695.12,102685568.7,1610684.646,604403.3539,25974809.82,0,787654.8488,1371027.292,0,1238381.904,5149022.345,5488440.899,2727953.157,558536.1777,916357.7173,0,386848076.4,1002290.071,13387141.6,472190.7417,735759.6779,3095859.928,644839.9466,1632442.882,487474.5379,2851227.53,1184013.386,0,2047181.545,1517204.96,9402698.092,23420650.44,1852494.161,4113831.488,2386490.343,0,1777283.217,48287756.23,0,2960741.504,954954.4019,47595123.03,1340300.202,2261245.431,3495971.218,0,421404.9868,15594983.24,227303677.1,1415628.605,8138975806
2026-07-24 00:00:00+00:00,556758.0212,15968780.61,372399.7567,3361004.545,91150802.55,1194487.264,1075776.916,20853138.36,0,1228053.218,2053485.465,0,1209027.533,1811075.099,2674019.045,1136346.428,146408.3687,5318090.143,0,317257313.7,1055351.597,15950922.4,809516.0222,692786.1045,2684471.688,990575.6146,2957712.541,995144.7458,1411800.389,977904.102,0,2683683.905,1140250.071,9348304.61,19381594.95,2518157.282,4491177.037,2334647.941,0,1664676.871,40207865.12,0,4096394.553,2076169.661,23589286.42,899702.4554,2371195.769,4928895.293,0,213840.6091,10306095.32,51311356.95,1339049.664,9530027825
2026-07-25 00:00:00+00:00,393455.8359,22251165.84,3155970.615,7657872.899,114883002.8,1129204.122,1179223.933,292026617.9,0,2289008.645,3433592.615,0,603537.6181,960570.1435,4740392.065,1016615.977,36875.2026,19181158.14,0,323337250.2,5460500.481,8881302.069,722472.2238,1059053.896,3346220.867,632067.2721,1504302.257,1299749.461,2366971.265,992778.8467,0,5061724.47,1104227.878,7055573.162,23846842.54,4405970.658,2848024.162,4093463.335,0,1102108.047,25616125.14,0,2077894.035,807944.3443,18802196.12,957810.7279,2469561.785,7567033.754,0,131456.2856,21600678.93,18153423.31,1404048.168,2965064790
2026-07-26 00:00:00+00:00,2299246.335,28023055.29,4741857.624,12682581.68,324189537.6,1937668.15,3326338.714,638987845.9,0,1836105.726,2096562.152,0,1445075.34,1885176.414,37190054.74,1742968.362,37368.929,7085310.746,0,330738708.6,3276131.287,16399449.33,826368.5203,424939.1395,2522918.78,1411192.444,2652165.271,1668576.504,4195123.911,1300109.858,0,11674417.12,1051404.373,35746729.45,31235129.58,16339377.7,2670470.043,9104665.637,0,1835154.031,66222239.88,0,2527643.114,1147645.989,23443713.13,1788322.758,5148903.379,7587046.175,0,186089.288,17304950.76,15193103.57,1122110.535,4260757162
2026-07-27 00:00:00+00:00,1064939.642,24086358.56,1044685.851,7014661.709,255392804.8,1307593.588,1564375.678,189369064.1,0,2082403.275,2652016.449,0,2702007.197,551003.9161,23115158.89,1505098.39,795096.7491,5325943.747,0,309822994.8,1695001.576,19336176.25,957035.1942,800238.6528,2756714.057,830738.9085,2374962.79,1401034.436,2385183.581,1367641.771,0,6078442.889,1683983.397,15777189.19,42709773.41,27792025.38,7240281.573,4782091.66,0,1662128.79,149747717.9,0,3960936.536,1783857.286,30148061.69,1530070.294,3240023.704,6761521.288,0,694876.0292,16135319.74,20089008.01,2386720.529,9585011783
2026-07-28 00:00:00+00:00,747328.077,20359040.05,585501.3198,4212522.166,145199323.7,1497143.122,1212336.212,82706911.24,0,1103601.214,1602274.23,0,1157700.253,576796.8575,20902231.02,1153036.181,486405.3791,2178013.264,0,295584739.6,1295281.86,15022739.06,897861.1608,1335363.342,2792738.179,1114107.049,1952547.106,988735.547,1740307.704,1556390.661,0,4314068.787,1669973.086,12695614.5,26087826.62,19860777.98,7042289.951,3431055.15,0,1305052.632,113454608.8,0,3436364.955,835615.3874,39966880.1,1480193.132,2695551.504,5210840.099,0,839786.8391,13507840.43,13668480.75,3513394.34,9155492233
2026-07-29 00:00:00+00:00,688804.8854,20115177.34,622059.3844,5496116.596,146712283.6,1972508.455,1412719.749,86473497.32,0,1109516.042,1535473.859,0,2022525.557,813937.299,13874242.69,1911778.561,947594.2504,1361162.226,0,260019254.8,1614798.726,17540361.83,817660.8794,824004.8181,2487810.67,859739.9972,2021189.829,676546.2646,2440223.061,1722057.919,0,3830213.012,2192788.132,13253866.42,27786451.6,10348144.3,3504078.502,4053555.766,0,1444907.6,74819874.68,0,4202420.543,1326977.832,38797696.42,1108238.898,2735558.12,4151914.6,0,685923.0402,14573452.34,16326357.67,2528234.003,1.153233888e+10
2026-07-30 00:00:00+00:00,555907.7002,16577199.84,995800.955,3955876.282,87480908.06,977443.9042,1203700.185,39116837.27,0,1552713.042,1241547.191,0,1620450.516,1870114.976,20502720.34,1858945.911,668283.4321,1128963.65,0,189476447,970902.1487,10336341.86,525679.5588,763224.5181,1558258.548,216113836.4,1322276.859,458703.9673,1204715.991,2034648.303,0,2483980.534,1929022.784,12107871.7,27630403.18,8298813.603,2338101.722,2744328.135,0,1552080.432,64438155.58,0,2742757.793,2067876.377,20670762.6,2702267.651,1899991.592,3988693.629,0,367482.5667,10159671.99,11626117.45,1278535.61,7285615069
2026-07-31 00:00:00+00:00,679170.7844,21036348.07,2303219.707,3201877.174,119990992.2,287927014.6,14675581.6,50326314.57,0,2615140.872,1964528.557,0,1695202.547,1332773.651,11200019.71,1302902.485,358416.8236,2643719.107,0,270369592.3,1094817.457,13649039.83,1380957.093,724326.7955,2094783.333,604585006,2314452.007,529070.01,2394482.299,12769383.87,0,6789725.118,1576142.608,31715595.98,23414397.75,8214184.07,4599392.697,3995637.141,0,2189836.133,87121980.74,0,2204882.313,1253051.57,26463482.65,7272357.766,4142798.568,3813354.613,0,327373.4315,14025991.39,12449283.72,1626733.874,1.111819541e+10
2026-08-01 00:00:00+00:00,574439.0753,14734719.33,1443359.358,4881333.17,104691742.8,557613853.2,75895494.08,123556957.2,0,2003518.948,1589414.059,0,2576426.66,520611.9148,7579065.624,1155444.375,160621.518,1112645.951,0,225169398,2055709.278,21020969.12,2022110.227,1092910.963,1806907.379,457693474.6,2171467.498,1010088.973,3374718.093,8450720.079,0,7093540.544,1290125.061,45814442.26,24623579.18,5860944.764,4237395.385,5228101.407,0,1041969.124,75294914.18,0,1506683.048,2820079.855,19643909.23,6192321.497,3503010.382,4282015.074,0,65191.5384,18777102.89,11128526.39,1032083.67,3435251324
2026-08-02 00:00:00+00:00,397803.9047,15710187.31,1115930.28,2680226.821,139995019.6,471642920.5,23552183.26,55510134.74,0,890861.1346,1147247.398,0,2749690.273,776346.5703,13012769.25,1060105.233,56561.5926,919612.1549,0,214530464.2,884477.7956,11996167.42,779232.0535,1622156.178,1444712.899,196911889.3,1657432.383,1083103.194,1804024.474,2856208.856,0,4352774.716,1601915.965,20094756.93,31030705.61,14525535.06,2083856.269,3034123.832,0,1349857.543,76330791.62,0,2050636.285,967300.6782,20247028,1857350.63,1590215.412,3745741.715,0,187647.45,17482212,13188825.29,1449509.718,5321527670
2026-08-03 00:00:00+00:00,669134.0462,12697436.19,873416.0628,2734946.664,109695950.1,343370595.5,8663545.019,35295035.04,0,1154088.108,899787.5041,0,2597280.863,1037482.095,9024842.042,1129656.179,343118.6956,816834.3398,0,231105273.9,1060327.981,16019996.33,946652.4079,594562.1318,4362222.652,68217425.61,1379195.977,506770.1466,1230466.187,6499782.424,0,2698648.403,1176990.553,11298782.65,19006198.17,8102048.058,22592942.94,2783430.986,0,1131130.318,81820555.61,0,3538379.996,1256518.634,30426896.43,2028235.444,1541513.728,3217069.651,0,320239.7486,16724179.59,10391085.77,11456458.82,9601999380
2026-08-04 00:00:00+00:00,588681.3198,14029974.91,483586.7269,1776149.874,105421986.8,152885998.1,3461128.214,30313970.97,0,2103184.832,2918595.035,0,1707511.2,1890360.078,5835311.389,1549327.367,3441207.316,736824.8263,0,166931398.6,848134.8616,20606322.49,783486.4812,2176828.923,2022890.925,31986498.94,1515801.108,439273.5039,1312787.95,3393925.997,0,2851610.919,1618094.38,8842737.222,19489256.23,6044687.686,29146780.02,2092578.33,0,1454753.28,137787522.8,0,2564152.699,1022906.24,25552079.93,3700837.568,5519231.659,4510181.969,0,192524.5439,12461117.09,9971459.736,12458611.17,8312596119
2026-08-05 00:00:00+00:00,378813.8445,14005807.9,795814.3251,1842972.01,105492211.1,83920903.77,2727433.014,26112258.1,0,1110790.728,7580929.673,0,2533266.398,1995477.665,3672627.442,1277527.619,780983.3497,610281.2102,0,203872324,856229.6637,15370714.88,731671.1933,885731.0081,10676965.62,29099500.86,1746171.924,379308.9515,3542542.816,3799898.192,0,3068154.881,907860.4163,9252366.907,23625829.84,3074458.356,6312520.827,2309912.197,0,1045261.694,128078860.8,0,3086369.844,796460.4003,19886146.74,4722730.446,3215634.349,5315196.977,0,226209.6651,9943677.224,17477807.43,4374417.776,9345411514
2026-08-06 00:00:00+00:00,380036.0825,14689207.21,839858.9121,3901762.496,104860682,31387376.9,4272915.835,37476825.87,0,869475.3994,15877631.9,0,2208917.658,2465666.071,5561751.916,982404.5262,649456.2727,1044442.533,0,226511543,1138830.449,15686572.15,717329.7893,2913016.395,12840857.65,19417294.47,1659020.212,708045.5745,2242831.381,2286669.517,0,3434814.387,1223381.094,9250989.912,38577392.11,6191878.192,4269287.297,2733369.761,0,2146806.831,102178272.8,0,3433210.89,1440466.981,23117415.24,5588589.275,3084582.957,3911580.093,0,485453.119,11325929.85,18592601.71,2747673.962,6412456134
2026-08-07 00:00:00+00:00,588484.8993,62166691.82,1546715.204,3846819.813,84140167.15,14845936.25,2424921.227,29368305.14,0,2614132.568,6038450.811,0,1206447.497,2333041.82,4992580.363,916710.1493,552155.4833,820481.3952,0,196634861,700884.5801,11891297.98,630284.2658,957064.3401,7904620.895,14133519.3,1569198.371,520954.9244,1688700.213,4386268.283,0,2525498.91,828855.7538,7283879.178,16948536.62,5553580.242,2918017.163,2087911.084,0,931159.4861,71519848.97,0,2201056.936,1438895.972,27454600.86,52484798.02,2486178.291,4217610.716,0,1812526.432,11491587.4,17424534.96,2173259.883,8062923720
2026-08-08 00:00:00+00:00,486846.4535,21979803.11,88082509.16,2133721.225,67021901.42,6515791.007,2610086.533,17042426.78,0,1959096.036,3944099.625,0,67470492.98,2243180.667,7872407.778,772517.0906,147176.2161,4593571.022,0,183195808.8,1254598.389,13905796.28,851986.9405,2610567.603,10796879.25,13706571.03,1840393.364,1132147.52,3994016.716,12724043.51,0,4790967.533,1636328.507,13848908.06,29657863.36,4689502.364,2809180.323,2522789.648,0,935278.943,50077805.26,0,1892418.397,3434953.635,15745927.41,38171305.44,3662884.194,3440742.33,0,33651.7627,11392289.86,10502860.97,781121.2305,1718341936
2026-08-09 00:00:00+00:00,849656.2441,19876553.87,27710093.07,3217811.999,89443834.83,7663426.508,3671444.981,17661552.71,0,2729030.727,4707466.824,0,17053017.11,1216786.256,37398434.48,1201603.116,171145.5814,2669389.159,0,180415195.3,3695756.557,15965267.85,2638242.182,1908979.084,14551458.14,6585259.019,3816574.982,713942.0502,8125898.708,149143278.5,0,13161573.12,2452386.95,12169743.81,41638850.19,26271651.17,2976277.665,9792373.115,0,1510441.213,133541758,0,2020988.045,3795372.43,22173059.14,96099268.24,5189421.808,5268348.206,0,53473.2542,14166945.87,16901607.56,7989241.457,3111939061
2026-08-10 00:00:00+00:00,523383.5939,18364294.1,6308992.039,4029099.921,93154845.3,6817085.128,2368124.181,32781273.03,0,2284797.382,44857029.39,0,4990422.704,2586610.745,53269445.42,804995.4633,363253.1334,3504697.893,0,193135006.9,2421028.362,18625073.67,1099448.967,2275232.22,4868330.212,3936152.513,2688691.548,679532.5777,3908832.891,141671976.6,0,10295924.48,1141600.062,9190873.891,39297480.77,21290121.91,4446073.42,5659689.408,0,1421175.92,171185371.9,0,3716603.411,1687201.637,21083532.24,137131484,3271068.345,5849690.636,0,457309.1752,13608274.11,16460917.4,1821834.164,8314792239
2026-08-11 00:00:00+00:00,705178.8468,28646360.07,3236783.255,3582864.374,105063431,6029427.93,1923014.835,26522026.49,0,3393305.784,7004372.035,0,3304802.922,959043.2347,19008154.12,715014.2482,296689.8295,1157784.69,0,329641520.8,1787226.721,17968126.34,604232.2266,1031193.648,3448155.736,7293033.062,1920218.756,560124.1777,2502050.001,29037056.94,0,6596062.003,1857178.7,7421428.618,28130333.43,9959247.37,2671898.417,4193242.554,0,1216248.004,138676336.2,0,2394045.051,1403136.97,36687057.28,44258662.66,2790077.55,4257201.894,0,410174.9735,10447131.96,28643297.19,2268554.723,6767717137
2026-08-12 00:00:00+00:00,589654.7533,20448487.37,1548777.376,3042675.936,115072149.3,4957056.092,1352448.076,26162657.67,0,3340207.183,3405525.149,0,6548401.587,1120570.956,15078474.11,884346.3288,343077.9655,1321485.194,0,357515779.2,1060382.374,15926886.63,1399269.994,1344278.801,3244648.614,5089533.761,2209073.968,572137.9694,1783547.492,15304217.68,0,4256307.653,2324461.811,6542590.473,23386270.74,5821461.132,2693779.191,2732251.496,0,1172316.926,85813199.9,0,1789029.881,1073000.134,35006125.43,15421881.5,2852989.403,4572703.874,0,6302653.89,13916349.84,11610693.3,1685851.616,7296912640
2026-08-13 00:00:00+00:00,331909.0148,25869542.21,2498421.706,1817595.041,112789282.6,2574656.135,1056219.053,22374589.63,0,1319459.229,2566642.215,0,3027098.353,454965.6959,18710607.32,556836.2889,1183058.772,2665513.295,0,221877936.9,1946362.581,18464481.99,1843333.843,814667.9446,1659352.044,5623196.975,2066132.839,757377.6184,1576856.625,12459220.18,0,3197051.625,10943579.11,6800215.805,19483063.9,5902627.423,1635165.131,5570244.593,0,938970.6745,100132344.8,0,2294356.134,2066968.063,28042331.2,39419936.78,1601035.238,6206398.268,0,1154638.32,9485432.938,7064624.416,1215361.748,7789208113
2026-08-14 00:00:00+00:00,364713.3623,21050869.96,1458716.712,1915493.524,89062826.63,4954439.388,1284948.181,36712175.79,0,927814.8832,3830722.787,0,2888369.365,573174.2466,12122748.79,670923.0086,255958.4543,859509.5848,0,148310514.9,1317987.31,21210231.26,586986.0066,1205276.362,2450770.974,3706717.576,1915749,342580.9321,1060637.733,8069379.376,0,2705553.237,3678840.378,5898581.306,15987695.96,4341014.127,2349020.02,3441120.04,0,1002503.515,109966009.3,0,1573374.832,6417209.142,29321815.85,9178543.817,1890118.304,3889004.475,0,418964.7235,9200452.684,55983911.23,1011090.116,6629197390
2026-08-15 00:00:00+00:00,225414.2506,9841822.614,1111719.227,2534559.334,46775512.53,2737272.937,1945762.814,14046834.72,0,637166.6674,2221743.651,0,5900731.705,874015.8506,42063231.79,637402.0127,163987.7588,787308.2509,0,97545520.18,860778.1137,12696903.85,447862.8927,3223736.764,1709619.297,2517987.935,1609996.643,329053.9546,1088472.35,5367787.684,0,4113151.788,4193948.477,4572818.562,12646320.66,3855422.076,2936007.676,3117633.372,0,724292.3577,74987438.74,0,1792296.893,2148476.379,13571015.47,8190956.964,1382477.193,3552436.082,0,464050.869,5743559.558,21036022.94,15005716.97,1584147766
2026-08-16 00:00:00+00:00,348813.4235,10197592.43,1242337.456,1505016.411,76672156.96,4107245.159,1163581.632,15885165.33,0,645871.0206,2268888.142,0,2373714.182,807435.1731,23535001.92,531982.8376,105363.1494,1188556.18,0,103847450.6,591086.3072,15273233.52,470850.5393,1594852.962,1398401.949,7223409.201,1701053.561,304990.9844,1211458.269,6378556.56,0,2334078.348,2850908.875,4303250.839,12774837.1,3040062.353,2542652.697,1872219.31,0,645024.1519,54821933.56,0,2060091.742,1421256.792,20017840.15,5132358.694,1061697.579,4035498.793,0,300999.8002,5794119.759,56027613.72,7364261.175,2516783710
2026-08-17 00:00:00+00:00,1728235.894,8181831.806,1409213.265,1575329.924,95809761.41,3081815.376,1254820.938,18798445.02,0,818487.3414,1371363.248,0,3691882.94,890817.0031,12302924.8,595170.1614,355250.5022,593682.1964,0,159526153.8,1077114.257,15003660.54,615497.377,1126413.225,1782380.001,5514542.132,1982775.348,344951.2948,1578794.162,15801255.22,0,2336484.648,1774425.173,5829235.814,20409431.96,3049713.41,1837167.445,3004656.2,0,1017068.992,144236401.7,0,2022487.795,1886657.757,16610671.08,14120224.63,1402190.188,3929124.357,0,888355.2367,8507748.407,23470114.35,3863431.071,8818500412
2026-08-18 00:00:00+00:00,534137.6377,11130871.61,1179359.719,2619453.056,90946915.9,87220766.89,2815100.281,19528391.74,0,981828.0397,1783527.096,0,2390596.756,789897.5983,8096843.015,667230.1431,394172.1565,599578.2439,0,176412074.6,828101.5571,13740726.81,486740.8322,917794.7475,1231930.919,2930349.885,3251830.872,1217888.302,1017597.493,4905384.36,0,2572942.367,1309764.635,6678423.516,24723455.13,10750866.51,6110465.682,4146055.087,0,1155200.942,111904349.7,0,1678961.629,1539757.409,23618472.32,6139469.434,1592578.866,4563615.498,0,809950.7759,7823558.893,14807201.7,1337077.226,6285075891
2026-08-19 00:00:00+00:00,1135746.867,19303885.24,1092410.082,9360157.661,224577823.2,22537464.35,2185419.699,40911294.85,0,1724474.096,2354481.692,0,5610536.255,1207509.918,23584852.76,1903792.473,753176.4677,1119088.211,0,532160486.1,1411270.877,40005553.34,1218775.568,1623865.887,2208279.85,2623110.845,2831683.571,928591.0469,2768178.834,118581268,0,5184116.766,2017297.765,10507402.9,40268115.44,8078283.554,4663497.565,6271806.377,0,1872041.937,222383374.2,0,8100920.398,1862830.826,154510120.2,7154813.004,3203107.096,6065917.493,0,1457252.892,19105881.54,32358394.71,2053690.176,2.195501954e+10
2026-08-20 00:00:00+00:00,1472502.866,28231494.99,1623366.804,10642210.88,470417283.2,8417063.476,7255659.53,58085632.28,0,3522895.944,3164770.623,0,2319225.797,792934.8934,503325373.1,5920860.274,614857.1017,2392224.582,0,753127718,2879104.93,51321809.05,4904728.075,720510.743,2620902.718,4257172.306,4931089.181,1684448.749,12506903.59,21965944.14,0,81205048.71,2121179.576,67609407.64,78823058.52,70877489.97,7385351.02,32582803.76,0,4062593.317,323982472.3,0,10456799.82,3222549.135,276317362,4457977.24,10106050.48,26756417.7,0,581006.7166,38195770.37,51038601.66,2751686.255,2.068303486e+10
2026-08-21 00:00:00+00:00,2087305.687,74463528.56,1928906.719,34780805.43,848907667.7,9897504.874,5985982.271,155026834.4,0,5434231.805,7059535.498,0,1789792.731,1370982.483,286426059.8,4252993.609,369611.0174,4434408.183,0,1091490677,4955381.567,90256010.78,4689182.509,1428826.622,3967588.649,4429366.891,7693973.186,3416957.467,15588085.4,21617457.61,0,177195609.6,3774626.227,42054846.73,158979359.6,139230763.9,8374350.474,25615650.24,0,5948814.719,350686549.4,0,15308109.85,4580742.987,245766352,9240638.045,21836591.42,27795557.44,0,956073.084,67084889.07,76652591.46,2986905.49,3.455771202e+10
2026-08-22 00:00:00+00:00,2222888.627,81417068.32,3621225.119,27293934.61,867457793.4,9024603.351,5439192.779,144282183.3,0,4716659.388,6260698.56,0,3060217.34,2228301.03,81152158,5645404.515,189112.6642,4610464.157,0,1399413460,4103322.231,145126345,4774153.454,2043513.99,12578201.52,9835428.91,7613123.696,4118926.756,14725224.26,63894379.59,0,55838086.9,6790226.942,55011788.11,149102765.8,37698407.45,13345301.36,21127173.87,0,18247997.86,684314162.4,0,13365912.54,5641234.935,2429788451,19004891.99,10078105.97,27800206.66,0,290915.2175,75237810.48,247028909.4,3090433.645,9984280978
2026-08-23 00:00:00+00:00,752706.7413,42841664.8,1504729.082,12976742.31,392005767.2,11758163.59,2278102.924,54805983.81,0,2437831.723,2886538.429,0,2253381.679,1110033.88,52745281.75,4005361.526,174683.7658,1339112.066,0,722659894.5,1669321.336,70813666.55,1339768.565,839288.7471,3346050.58,4270001.455,3647960.572,1974402.466,7052079.197,14991534.56,0,18056063.62,2871167.92,21563706.56,206521080.3,12508188.2,4336069.502,7256548.449,0,5909970.877,710860659.3,0,11080026.17,1886070.046,1234820980,11511689.84,7463260.575,16214709.19,0,152721.2227,28726764.04,71301906.16,1490661.296,1.007918936e+10
2026-08-24 00:00:00+00:00,946067.5446,29317038.88,926836.6167,12076381.17,356879373.9,15545294.24,2118095.465,66172588.15,0,2447060.895,2041643.819,0,2096158.788,947182.8842,22244958.08,2868730.389,610389.1771,1595814.08,0,721914749.8,1663043.171,51413162.75,1826825.917,1219609.2,2818197.518,2557490.381,3955168.845,1512883.251,4408760.495,13205423.89,0,11454348.05,2679770.934,21979163.49,186423404.9,13894955.44,5817563.16,6677339.471,0,4617622.235,355657949.1,0,8408905.062,2141214.873,592353732.4,7737237.387,8598277.486,11236331.79,0,578647.2305,26139840.57,49181941.16,2003934.977,1.823997775e+10
2026-08-25 00:00:00+00:00,1190494.423,35313560.97,1186295.396,9586469.319,390455347.9,4652267.827,1807969.496,69608729.74,0,2221931.837,2607307.894,0,4396204.457,704482.4466,20258655.57,2712905.274,401721.0807,1776046.24,0,597179330.4,1883595.251,57570103.42,8003678.056,709620.4498,1820151.831,7054833.878,2765788.685,10041520.56,7365440.533,17010471.55,0,8810636.013,2129252.092,17631588.05,152207987.1,32924377.29,4588990.011,8077034.671,0,23280333.32,332687271.9,0,32379771.88,4071302.559,373009627.2,6208225.898,5160488.434,7011901.888,0,481754.4991,85915416.51,37656630.36,4400951.774,1.905980909e+10
2026-08-26 00:00:00+00:00,971071.4367,19126744.24,950562.42,8610639.159,224730745,2638914.689,1622873.092,36793636.98,0,1107368.976,1955358.074,0,1948484.634,1186593.155,12793943.03,1372805.552,296585.8761,2771202.775,0,412096662.1,1898186.959,116651654,1270345.312,727626.7713,1818598.829,8312066.759,2478277.351,1533434.537,3053117.817,9482537.63,0,7059081.572,1921087.631,11778092.41,79065544.07,21407352.99,4418129.114,3647428.398,0,4420691.367,312350847.4,0,25499213.2,1244157.596,285915918.8,5065466.072,2938019.126,6300091.183,0,2872950.387,32593528.37,26333378.29,3720019.096,1.054524025e+10
2026-08-27 00:00:00+00:00,869751.1452,20871948.04,590652.3805,7013613.471,277097824,2399709.09,2126555.911,38429434.74,0,1177541.724,1840061.709,0,1019861.304,1498733.217,13933005.71,1647506.59,343519.0911,3687412.187,0,445644644,1005871.896,83801397.36,1300022.075,681691.051,1344108.251,2593149.553,3120329.529,1590323.939,5241225.253,11232601.15,0,7470011.714,1708313.938,9552396.009,76283954.98,19605984.88,2953019.307,5771991.703,0,3292963.495,323645456.6,0,37770641.8,1109970.397,531899076.5,3682159.194,2899911.257,8576756.727,0,2618905.235,49803993.2,28008777.08,1293546.602,1.319836793e+10
2026-08-28 00:00:00+00:00,716796.1539,19691672.76,1690365.738,6246171.487,253879596.7,3612943.743,1826310.307,39786613.12,0,1612165.67,1750227.412,0,3289404.73,792262.9503,14663757.18,1539919.577,353382.4624,21577252.46,0,487978808,1344978.316,54691741.13,1153587.87,785867.5425,2915955.574,2139091.813,2139555.069,1462723.114,3815487.661,9802743.041,0,8418495.992,1935669.057,12057956.98,63746420.81,14578762.15,4157249.269,5859119.934,0,4058389.951,265451711.3,0,20017239.29,1246544.68,1114026380,18092484.07,25266955.81,8370741.428,0,1129739.456,36856429.93,40657192.31,2473973.093,1.755659369e+10
2026-08-29 00:00:00+00:00,421951.4465,10255845.47,882708.9313,1910563.758,91510712.59,2299568.986,788012.4034,16308781.11,0,612853.3395,1168413.818,0,2146042.649,355890.4962,9182350.236,632685.2824,137488.2334,2532657.937,0,184293169.3,607180.9585,17661758.62,581595.6014,1007312.294,1625193.575,13260142.55,950234.0329,1116843.492,1437255.922,9306803.203,0,3857499.31,810003.1345,5382966.889,36988495.07,6664931.859,1968645.439,3467390.508,0,3343281.622,157791140.8,0,9482067.919,921338.6518,818214309.2,16065000.61,18820939.64,5632876.175,0,120135.9933,13593572.3,18659579.97,1379781.126,3750001659
2026-08-30 00:00:00+00:00,638873.6862,13694164.9,629758.1305,5214373.572,196317759.7,1750969.086,1379010.78,29901840.77,0,1127529.981,1613240.293,0,1418796.572,1117417.599,11260163.73,1137672.545,390267.1752,7516989.41,0,386029014.4,1130635.806,35530741.12,1394702.897,1394468.096,1399335.145,6358662.147,2074035.369,995049.4683,2486860.61,5155380.268,0,5170313.204,2480867.973,8571234.581,47006372.3,6893113.341,3083730.056,3114143.236,0,2090443.88,224252400.4,0,10698358.52,1197383.783,420480958.2,6631354.093,6450208.974,10877515.08,0,71454.98839,20495082.03,20129694.33,1043780.404,7049239578
2026-08-31 00:00:00+00:00,456173.3994,27602168.9,639845.2789,3664502.251,216610852.1,1822702.994,1197609.679,23925868.43,0,1038799.753,1012045.447,0,1608323.823,564966.4613,11919721.79,1426661.27,530331.4689,2220437.051,0,312140138,30451909.72,26867436.13,791400.4154,461359.4671,2170788.26,2023222.795,1807394.503,1150460.852,2190747.888,5332743.05,0,4962115.621,33743153.79,6498810.592,33662563.82,5758695.752,2102546.004,3226445.996,0,1523470.273,203284044.4,0,9722256.36,2276964.136,238422582.6,3976786.263,3796214.905,127596532.9,0,738054.4615,19037167.15,21864356.76,1118288.054,1.013555825e+10
2026-09-01 00:00:00+00:00,844818.8014,56192146.16,505101.9391,4504344.305,181110118.4,1461726.92,1367428.749,30558286.85,0,3387064.341,5081544.113,0,1540736.373,10305614.25,10278467.11,1563881.846,785658.2438,1779079.791,0,337798584.9,9009769.747,28225580.09,849098.1502,765364.5188,1377147.484,1667528.174,1846856.243,765077.0081,2691647.004,4878749.324,0,4936160.841,21298698.62,6892414.935,44657744.35,6299560.591,4545416.884,3926798.171,0,1923277.62,170402547.4,0,17467062.01,1387145.082,197237466,2593078.343,3405310.182,398558820.7,0,690919.3407,22551206.85,19104595.62,947649.5126,1.177671784e+10
2026-09-02 00:00:00+00:00,619088.8185,18767010.22,567802.0166,4944333.954,134322749.5,1208084.233,971844.7992,33756099.72,0,1768912.722,1201278.331,0,3489762.274,1178200.32,17642763.63,1025097.833,466403.2024,1076163.133,0,340829215.4,2401896.64,33668640.14,1057481.259,593994.1771,1220915.386,1567189.606,1353050.336,844927.9177,2206112.158,77036948.23,0,3851342.128,5350213.313,5985279.68,43769579.27,5320660.867,2915594.737,3292019.442,0,1655645.018,163642036.9,0,9262551.258,602383.7538,171192973.4,6094087.977,2488758.809,228165000.1,0,358422.4569,18269623.37,16366717.39,1161882.541,1.095386507e+10
2026-09-03 00:00:00+00:00,744194.8178,27639764.97,917864.8696,8429339.931,300065376.1,1683671.369,1827464.518,36835617.27,0,2152824.492,1035279.52,0,3566404.948,1496607.932,18177239.08,1686772.469,636412.4874,1752735.218,0,632766747.1,2396607.404,39978355.72,807227.6269,2812615.655,2466397.298,2118606.071,2613874.718,1164757.878,4562720.187,108768169,0,6979728.415,3577304.628,16570031.46,62510487.49,9211983.928,5540002.784,4573257.745,0,2419097.932,190560492.7,0,13798391.98,1492425.762,338764606.1,6200985.195,3639807.536,410627271,0,600563.3432,25209236.57,22882719.04,1212769.512,1.91120478e+10
2026-09-04 00:00:00+00:00,879049.5097,41885995.24,1586553.272,16392569.53,227753134.8,1405111.044,1418672.192,34772751.26,0,1644580.87,2624463.568,0,2447076.958,975297.9359,14771718.36,1088810.732,907296.6819,2404915.912,0,491547603.3,1975007.638,44090643.44,855934.0294,4075548.28,1499926.105,2227800.425,3944828.279,981990.8285,3670578.825,31350428.28,0,5758502.916,2505864.027,13296064.77,92379719.94,9005053.145,6142880.82,3774042.513,0,2278723.092,197757949.3,0,36816795.52,1043337.423,248345407.5,8891355.549,2915938.019,911766589.4,0,515936.2536,22014211.19,24483702.43,2254717.812,1.561066466e+10
2026-09-05 00:00:00+00:00,756005.3058,35370492.67,45204539.26,11704767.94,191239722.9,4191505.48,1887104.154,39010866.8,0,3311162.612,2641206.551,0,1607239.376,829841.46,15342681.29,1701824.402,477219.7404,3584833.468,0,703865181.2,3013968.029,28324665.01,6122554.36,683796.9743,1495500.879,13275114.98,3038539.861,1175236.233,17990475.19,36043656.25,0,6135700.771,1815739.547,9638786.598,51779544.51,6505823.345,3614501.739,5513310.689,0,1909138.519,161203157.5,0,10245513.77,1038876.846,167488617.6,20989665.5,4043314.123,416487982.5,0,163617.9376,17532709.49,18066371.07,1186440.361,3804025090
2026-09-06 00:00:00+00:00,1338324.701,51037009.81,10332473.13,6108356.439,162334014.8,1815877.373,1380193.296,28460460.2,0,1375227.741,1325775.568,0,1894860.941,584872.516,55999771.68,3339951.493,67083.3388,10376632.81,0,656034664.6,2302566.131,45661473.28,2661044.157,772296.2924,1275306.667,3695663.326,2095868.652,1946182.529,8713224,11826850.94,0,6186723.996,1985210.057,12568261.73,61098043.13,8575336.452,2534288.85,6958435.437,0,2691113.009,257009234,0,12057545.25,761055.5547,119446569.4,6096384.893,2791562.431,213844045.9,0,165613.5042,16986240.37,17964983.37,1009964.479,4895529508
2026-09-07 00:00:00+00:00,1907957.778,42550408.61,4660902.556,6348375.796,188379753.6,2181087.2,1635657.273,39031736.35,0,1227503.244,1403098.763,0,3902586.629,973737.2041,14810764.01,1510612.493,392790.1474,10154223.22,0,550026047,3385756.024,36866091.2,2165177.848,700645.2592,1316654.889,22237986.14,2917319.372,2549894.858,5005221.343,9895112.759,0,5097450.672,3987457.383,12825220.74,67010894.84,6831071.771,2830981.555,4063253.036,0,2581928.053,348484679.2,0,7667722.804,957921.767,120181649.8,4956283.742,2772306.405,213187186.4,0,125856.2154,25295598.72,19277579.73,815588.9622,7515827537
2026-09-08 00:00:00+00:00,681334.9959,24192543.05,8132293.404,7668422.258,198371039.9,1529633.285,1486355.81,36712585.74,0,1935773.958,1674116.936,0,2889799.645,891813.3619,14614952.61,1399945.03,519924.8167,3279755.076,0,569560121.9,40779841.52,38003675.6,1441275.616,567609.8967,1937563.825,4464591.949,2769936.974,1219888.364,3821837.377,5686700.673,0,5503992.619,4452310.45,17638342.79,64827336.01,7415427.082,2709289.799,4911361.708,0,2332303.198,235112004.6,0,8523008.325,1075962.796,112726860.6,3940501.681,2638051.35,418275257.1,0,552422.9068,20521385.44,14646230.93,1081270.126,1.019261505e+10
2026-09-09 00:00:00+00:00,1046654.816,27656192.35,2103026.294,7941749.144,285695016.1,1681643.604,1539924.977,44088399.88,0,1965094.241,1586881.759,0,2818946.618,907761.3269,11420261.15,1910335.477,277592.4064,1891193.918,0,588362016.8,13910531.95,52659447.25,1276528.649,1228087.663,2445315.487,4305376.329,2663406.078,962414.9071,5499083.166,7256201.215,0,5544207.181,2293239.4,13544393.66,71405437.95,7135413.089,3461208.517,4849838.308,0,2800035.315,397870052.7,0,13383648.71,1840091.024,171595394.3,3806388.205,3387306.782,442478991.4,0,416688.6464,18973971.43,22027979.65,1029976.355,1.203199315e+10
2026-09-10 00:00:00+00:00,699017.5493,22623299.45,1694670.814,5049183.392,256767246.6,3009753.675,1612769.407,35261773.6,0,1296008.875,1914212.547,0,1645367.15,1203109.746,8887996.094,1758160.211,300795.8954,1442808.442,0,489708221.9,3107502.595,37923057.47,1000757.922,1421975.992,1627216.688,4510313.642,2124780.612,1087547.852,3637506.769,6469680.798,0,4676866.864,1932499.083,10973159.93,54690785.66,7784704.554,3714469.091,4927819.019,0,2644788.664,247625885.8,0,9199832.759,3026194.283,121161356.6,3167586.092,2446947.315,219683864.5,0,312472.1303,16296910.85,35393272.1,1664447.987,1.105498509e+10
2026-09-11 00:00:00+00:00,808516.0291,21499615.25,2116564.15,6952942.303,322053373.6,6797255.705,1673719.752,42087899.08,0,1867653.951,1639058.721,0,2071586.62,3406345.029,9813746.954,1567937.439,223555.4071,2783211.733,0,485824891.4,21364274.06,45540516.5,943797.5788,707065.7243,1470316.291,6974408.754,2276014.055,1737031.493,3459570.045,6577871.948,0,6911687.81,2562043.601,12709217.49,61040478.79,7037402.92,3069192.06,4571116.123,0,2353597.483,212726109.9,0,12586121.17,1857458.876,126508280.1,3767686.614,3073781.25,182941647.8,0,324451.1668,17619403.68,91580905.03,1173367.931,1.609419945e+10
2026-09-12 00:00:00+00:00,1995338.654,9301093.894,1101194.603,3425111.993,125874119.4,1685391.023,993708.042,22082033.49,0,838097.9541,717445.889,0,875389.9256,499958.4091,5595847.186,575576.812,38996.7013,988214.0143,0,185578993.3,6185070.576,10346834.88,1908323.063,80458739.12,801252.1528,16014188.44,1801343.376,615658.3144,1214058.135,17188072.99,0,6335939.412,1040328.802,9340013.052,21102957.29,3355749.236,1228525.395,1901129.379,0,703189.3838,136050964.3,0,3347279.901,2345352.758,49413185.69,3639737.871,1148339.045,83333474.2,0,94623.95604,7723051.851,75911385.69,562186.9748,3145981956
2026-09-13 00:00:00+00:00,938425.4042,10283804.77,1434470.178,3015448.741,154560600.1,1587749.12,1035994.61,21951374,0,839552.0351,837103.9217,0,2362276.585,552976.6631,4749521.514,638015.5853,231179.8241,1440278.854,0,285807556.4,5165324.54,13616296.73,2968197.425,28055398.83,1030211.358,15894770.96,1690343.928,829369.8921,1869144.887,6367643.698,0,3489808.083,1838549.952,8875907.558,31418026.77,3553565.098,1859365.954,2692323.82,0,1658461.111,118084250.8,0,3505014.604,1188240.94,56848112.55,2624200.342,1608502.526,66859225.25,0,92504.04569,10307270.98,28268260.59,1499675.747,5229233617
2026-09-14 00:00:00+00:00,847524.1736,13196877.65,1358777.981,5026806.332,197465988.1,1066403.485,909715.9491,29101017.04,0,1344326.956,980510.805,0,2151895.248,1464991.971,8512515.542,806410.6956,1174723.895,891585.0212,0,367368605.3,2472677.601,22387490.61,1232631.36,6161828.166,1312440.424,43255905.66,1622914.715,793407.8778,2318904.939,5947901.047,0,5179308.404,5852079.207,8641602.691,37182883.95,6660101.197,1848471.812,4454150.152,0,1517301.402,111368247.6,0,5841685.325,2138718.109,113146289.8,2661996.825,2363819.343,83819306.77,0,384093.2939,14010186.55,23571222.68,1380337.164,1.293814566e+10
2026-09-15 00:00:00+00:00,850559.9637,18444662.45,907392.6464,5589887.724,232146040.7,1841920.469,1279862.182,39321026.74,0,1534241.51,1154708.324,0,11422238.26,1149511.067,10923244.13,1403776.009,299429.7595,1392263.758,0,517139671.2,3335843.257,29566947.85,1097300.66,3633389.257,1509612.031,11978709.56,2784255.572,959554.8469,2559979.188,6053033.592,0,5033112.449,4708924.451,11523410.58,47110852.47,6104681.58,2451834.566,4720082.157,0,1740737.582,111098505.5,0,8706930.349,1227019.317,121165071.4,2163352.351,2901549.577,70149598.57,0,419219.1809,20761546.84,23324320.87,1637815.544,1.822549303e+10
2026-09-16 00:00:00+00:00,734063.7786,20976361.63,871348.3023,5025628.31,179289647,1257167.13,1434948.057,39684785.87,0,1073047.459,1010682.267,0,5480302.636,752172.1643,15617710.84,3939688.038,232501.4148,822499.7738,0,435227577.3,2256083.358,26140840.95,1148052.544,8116945.169,1149627.638,4644447.276,1905903.783,554756.4471,2300424.092,5889433.539,0,5125245.317,3649568.463,11863337.61,37570098.57,5952503.043,2101049.345,4282547.119,0,1170840.443,149671838.4,0,10209223.96,902348.2355,99018869.03,3393698.468,2477461.367,119695655.1,0,748619.0879,18545996.98,16214066.15,1499412.733,1.184769008e+10
2026-09-17 00:00:00+00:00,661491.5228,15442743.29,638093.3403,4313278.321,195002096.8,1092512.738,977290.0255,43457433.82,0,945967.4471,850818.9587,0,2547816.875,448357.2359,20378221.75,1759871.388,187994.9434,1721576.8,0,328949059.1,1676314.099,27032738.22,843140.0149,6150887.081,927021.5804,3944017.282,1367885.723,648091.467,19527136.62,7490664.712,0,4341554.17,1880334.185,9867482.639,43216680.79,12383962.82,2127178.945,4230905.662,0,1720665.865,138281907.9,0,7096958.737,1062558.075,69084453.64,2906567.021,2099217.433,134976313,0,444785.2603,15073747.22,25059333.99,891810.8132,9114233835
2026-09-18 00:00:00+00:00,952157.7851,26682666.36,804663.5709,7281928.538,257537618.2,1594039.056,2163544.794,45029180,0,1346983.489,1381188.055,0,1749069.908,629114.2834,13942855.44,1510430.131,361165.6237,1440371.003,0,559672457.8,2217926.196,38710282.99,1713924.902,3882608.845,1216332.173,3362413.078,2255594.482,970101.9889,6939969.833,11858575.87,0,10044318.31,2133910.941,14930565.39,74950412.15,8959973.25,2699330.549,6771017.177,0,2366706.656,168975442.2,0,10312910.18,1691527.179,132547772,3156434.234,3602424.287,107246270.8,0,1474241.713,29720041.37,22387273.63,4421663.607,1.75320947e+10
2026-09-19 00:00:00+00:00,714959.8466,24613278.8,748009.3262,8158443.294,446539411.7,1486401.535,1564203.658,52833449.98,0,1258407.728,1205596.247,0,3203476.238,501942.6419,19086307.96,1497094.556,113753.2075,8774401.227,0,557251246.8,1699008.854,31645035.41,2116536.293,1909433.426,1728209.931,2155925.623,2663105.959,879156.187,6439250.272,4796227.618,0,9626899.489,2454337.697,19381846.02,68880329.52,8570266.865,2178492.772,5959879.813,0,3026445.019,112229185.2,0,7929417.219,4038561.69,149957095.6,2517331.024,3451923.815,72170211.28,0,327735.7647,25104306.67,20307159.29,1426870.285,6110413787
2026-09-20 00:00:00+00:00,515425.6208,24140851.89,852534.7645,5451604.482,311294452.7,1622058.802,1554633.32,39497288.91,0,1167298.344,1194834.994,0,4384883.449,622075.5914,14182925.4,1654223.662,82657.1419,1969930.931,0,468749832.5,1901873.549,33223488.04,1982113.878,1310096.196,2579926.845,3142134.181,1911386.59,862600.4734,4771169.201,5895721.642,0,7503716.502,2962594.868,11819938.36,53778598.52,6738306.7,2861701.974,3848095.854,0,2218062.771,138679482.7,0,8824301.155,3396717.872,120580550.5,1723964.79,3424907.857,46627781.53,0,95337.27393,24009585.42,18880093.54,1806981.419,7808352641
2026-09-21 00:00:00+00:00,3776420.668,53047672.32,2005524.719,22502920.59,1074793650,2031588.807,5147166.288,96478291.49,0,2681007.106,2282455.766,0,7420825.978,738742.8124,30050193.84,2477686.494,477296.8749,4969846.596,0,1388257773,2327729.165,74184799.18,2787497.99,1709578.979,2108229.6,7628796.452,4519932.371,2729401.189,11258918.82,86742907.06,0,14980575.39,3142964.605,31522488.3,155217262.2,15281296.2,4640170.296,9679680.478,0,6637142.829,164461204.7,0,21142373.93,3688031.646,226953146.6,4301675.938,5458944.361,116192865.3,0,565202.2373,104608806.7,40197249.85,1347903.335,2.454836225e+10
2026-09-22 00:00:00+00:00,1468991.359,97231312.74,3285359.872,23149587.82,959389907.9,1383897.489,3347537.352,95399990.25,0,3826938.411,1813825.156,0,3411742.104,863608.757,25436684.41,2688023.769,331998.8772,5519768.697,0,1141768004,2822870.559,85815512.61,5781199.125,2050296.364,2458112.049,3999399.493,4073711.869,3148308.915,8283588.062,798330294.6,0,15925688.2,2847833.013,22144693.34,240843844.5,16160118.93,4060143.915,9457542.477,0,5663505.391,192711068.6,0,18424188.13,3155007.158,228543237.9,20288673.96,6327054.044,163465566.2,0,336016.5448,175154456.3,32565492.36,1552064.84,1.456249563e+10
2026-09-23 00:00:00+00:00,2160227.369,127460668.5,1972732.439,20725246.35,607407713.8,2433877.904,3403654.814,89594869.43,0,2681496.02,1934032.964,0,4002088.831,988393.0638,26743184.42,3041120.341,325527.7157,3619593.274,0,1048568515,2390200.717,67877464.84,3118485.223,1776550.405,2612680.546,4824173.144,4843762.135,5097873.84,10215569.36,444467008.9,0,15204617.83,3205493.047,20760837.45,294810811,14649769.93,5555845.693,9080762.424,0,5855882.696,188793196.9,0,28355552.4,2095641.176,254511316.2,7889614.117,7019459.078,133194071.7,0,325726.8484,70426907.04,46485967.7,1509742.312,1.77889254e+10
2026-09-24 00:00:00+00:00,2029400.767,47560077.38,3008639.389,10104572.55,392019598.3,1315625.147,1836991.343,49123708.09,0,1877138.23,1259041.991,0,2950213.102,963994.5019,40536341.12,1842223.518,221139.2352,1633460.221,0,652129142.9,1657774.402,30387062.44,1917787.055,1153520.121,1590404.213,2205933.475,2898942.657,2093918.638,7421990.17,100810059.6,0,7839150.206,2121123.339,14903151.28,159935088.1,12030806.5,3536708.266,4932396.015,0,3547031.704,147157391.2,0,17770296.2,1641914.75,170468213.3,20523929.9,3127177.055,78340818.9,0,456101.3601,47228119.31,30450705.49,995978.8701,1.335997285e+10
2026-09-25 00:00:00+00:00,1136553.9,32816086.63,1128009.843,7700785.136,338208827.5,2019345.94,1533132.682,50205345.95,0,1245911.638,1227582.174,0,2525942.632,934135.6278,14063241.15,3197249.172,242173.5972,2844635.408,0,640085588.2,1534750.396,45471869.47,1451311.572,1734694.049,1569427.186,1967764.908,2675808.434,1747435.009,11967612.84,111991944.7,0,6935531.159,1849670.845,10943318.83,113982595.5,6722852.499,2268517.922,4583742.571,0,3153967.727,155300570.6,0,11803949.75,1289436.197,119164348.5,6442698.824,2846014.926,72983100.78,0,686779.7567,32641414.54,21837894.47,914349.8627,1.127651798e+10
2026-09-26 00:00:00+00:00,793572.2084,20180172.06,1388997.002,6205408.293,205571355.9,2423109.551,5623420.643,42601162.83,0,1163263.366,1334158.341,0,1377831.453,549381.8274,7486087.72,3517459.024,64941.0108,1342988.21,0,364886934.9,3357317.128,24278914.76,1314852.291,5140773.473,1250945.671,1220120.864,2144010.479,1142226.835,5688508.845,186764444.3,0,6422213.983,3072652.65,33827804,68938708.76,5381906.582,2709246.437,3969065.892,0,2222948.625,171286274.7,0,7344533.221,1677989.751,112351109.4,4913844.177,2455635.563,39028119.61,0,114732.5963,25438804.82,23968250.62,1243173.256,3054196833
2026-09-27 00:00:00+00:00,432593.9539,30045210.85,945708.1076,6041351.468,202697418.6,2714715.955,3184416.831,34761779.76,0,1407908.986,845780.6672,0,1902274.303,484366.0093,6139469.635,2743956.747,90088.9859,1217186.435,0,476133665,6839926.556,24744307,1586871.965,1762217.741,1493687.031,950061.103,2166567.07,928029.0193,3489120.516,41854690.69,0,5573697.77,5300248.627,13417248.8,122875924.2,4117560.259,2479319.344,3285713.299,0,2515315.835,276286671.2,0,7697699.939,1223291.388,92638130.66,3746113.534,2212445.73,46086479.85,0,145739.637,21777891.43,17053143.96,1101777.728,5633157503
2026-09-28 00:00:00+00:00,1186864.492,40750941.03,1817730.898,8762090.631,275403062.8,2077471.092,2902440.263,50262463.68,0,1988887.487,1498868.184,0,1905555.795,726293.8253,14119454.14,3004487.079,456194.9761,1686975.185,0,710440046.9,2831705.39,59742800.39,1788235.819,1856792.998,1819542.351,1839655.199,3425452.452,1746446.299,7677271.997,98261906,0,8686019.019,3764216.569,15452764.97,149168917,9266541.958,4013378.337,4758281.383,0,2849754.118,612076302.9,0,11864938.72,1828846.947,156949298.5,4502436.648,5612630.99,63851890.65,0,510855.6435,25595577.27,25077490.6,1425703.642,1.313017337e+10
2026-09-29 00:00:00+00:00,1175584.885,61319347.01,731621.8398,6928234.517,252410759.5,1513393.736,2566388,48415760.38,0,1525166.258,1050353.299,0,2330624.458,652686.4606,12316373.73,1474587.668,110513.235,1557762.48,0,490676378.1,1616030.653,47220610.29,1675087.757,1405429.752,1275840.199,1667468.264,3317874.277,1266719.803,3415572.981,56302602.71,0,10753823.68,2063497.897,11150735.94,97110965.53,10204466.48,2714964.209,3904817.493,0,3161618.014,522574098.2,0,10452156.9,1463980.892,110814828.2,2356146.952,2877631.055,67609114.19,0,304823.1726,25287975.09,18049253.03,1273241.112,1.028442748e+10
2026-09-30 00:00:00+00:00,1383137.553,52128189.7,925680.0881,9696271.845,284849710.9,1140236.491,1911281.946,42647419.24,0,1357671.056,1161519.478,0,1678773.109,714264.7513,9590798.417,2331558.713,190154.8141,1545508.799,0,567466891.8,1479170.262,31894982.22,1452271.206,1026170.232,1527858.798,1793465.987,2586091.922,53508112.79,5036324.152,24147467.88,0,9037288.058,2285018.868,10260572.24,122309188.4,7412982.97,7127639.621,4069621.558,0,3135883.789,383340391.1,0,11536328.99,1101623.158,114320280.6,2649538.079,3691918.104,55450746.81,0,827659.9983,39908240.64,27134761.68,913095.1675,1.48750116e+10
2026-10-01 00:00:00+00:00,536927.9469,29745490.68,777438.1003,6055423.602,255166423.5,2973090.412,1537104.932,33781997.12,0,1088149.719,973651.6869,0,1780106.962,1347598.155,8930535.201,1607637.135,447811.0493,2847732.605,0,429209329.4,1376261.422,27788543.01,1045644.592,831072.3259,955058.3668,1648259.098,2123513.208,5835582.869,3506920.107,18163926.45,0,6440928.013,1419481.219,9412947.89,83763592.54,5745762.227,3209636.979,3265761.632,0,1828491.049,326614033.1,0,9234548.976,871426.6097,201844766.2,1481608.026,2382589.895,46101751.76,0,511255.581,,17739942.16,1037575.496,1.203430532e+10
2026-10-02 00:00:00+00:00,763534.6128,36045525.56,732147.1104,8498987.175,388172322,1339672.327,1845480.003,56038411.43,0,1224264.242,5788287.276,0,2034067.3,888728.9167,17732405.95,3277246.052,317859.3609,1740756.364,0,654303150.8,1699415.328,41761956.81,1236735.681,1473308.729,2809082.262,3547574.09,3455533.065,4252050.127,3926461.344,36351429.72,0,10890427,3633281.689,15301003.85,118950368.1,11105884.56,4141103.643,3709659.332,0,3477319.468,427305257.6,0,8513581.525,1334879.324,187590339.1,2527382.392,5063602.693,50967266.58,0,533135.6609,37275864.31,24617021.68,1504800.62,1.988222561e+10
2026-10-03 00:00:00+00:00,559154.8559,20081507.61,780852.3349,2670366.55,104918896,868656.2133,1308562.838,18040515.65,0,724859.6582,1117608.312,0,2200510.535,686920.9386,8781277.671,1505742.197,320911.0811,1220359.128,0,194810076.1,778829.2693,15457149.8,931838.3793,1502917.411,1150395.176,1210622.599,2080246.296,3332194.972,1506777.053,16563229.88,0,3836787.319,2061080.622,6725978.809,52027617.65,4052843.747,2184714.838,1980686.58,0,1395382.741,344204636,0,4315486.385,1588372.363,63758230.48,1323738.823,1711173.256,30974651.36,0,147823.8653,15671736.37,10652070.57,552524.5423,3655672542
2026-10-04 00:00:00+00:00,674646.9617,14898683.71,563427.64,11467194.95,114205537.8,827019.0297,820120.215,36236099.23,0,859741.1811,987637.619,0,1080278.122,1021250.822,8042646.411,948463.9883,327758.1122,909852.3841,0,367709400.6,830432.9308,21770876.98,1073468.919,4032023.398,823506.807,1071974.942,2843199.906,1187564.116,1450626.346,135540492.6,0,4403799.259,1176606.723,6823623.557,48011165.4,3356969.737,2271171.098,1734885.689,0,1336295.293,391266136.4,0,6928757.582,,,12277471.78,,,0,,,,,5736194885
2026-10-05 00:00:00+00:00,1834806.869,34421834.21,613958.6701,21191807.95,228835559.2,975105.5684,1157080.013,45973568.13,0,1095166.445,3199274.001,0,1244054.784,794527.084,10363637.3,1457526.43,326938.1472,1281442.451,0,425627296.3,1202352.041,27904457.64,970323.221,4958820.374,1162157.27,1462736.037,2658074.251,2686636.907,2927906.553,122903429.6,0,7998475.259,2030771.969,11168164.83,90993508.65,5314475.572,1950681.595,3448245.926,0,2025376.13,296810622.6,0,8350144.109,1569096.463,75978215.5,12322183.63,2237741.848,28460008.71,0,885342.2089,25770622.49,11889428.38,800549.2025,1.307035854e+10
2026-10-06 00:00:00+00:00,768422.1383,18604798.75,631406.0102,8425522.227,169619238.8,992837.6102,1021145.386,36234402.38,0,894855.0469,1201524.998,0,2689161.445,628056.1641,20472336.82,1430192.585,175693.7572,1502484.097,0,369279971.2,927481.5699,30008634.61,1253917.61,43030268.78,975163.8289,3731890.413,2296804.855,1267730.513,3025596.003,52109225.24,0,4705013.677,1473822.609,14227119.97,,5584862.107,1789817.817,2950991.225,0,1394260.815,213342336.4,0,11547101.27,1698905.41,76064940.1,3171452.195,1876182.321,25350718.9,,472625.1262,17782694.53,20772380.19,,9358784917
